{
    "train_loss": [
        2.302743434906006,
        2.3014936447143555,
        2.2564687728881836,
        2.054595947265625,
        1.9398101568222046,
        1.8082414865493774,
        1.6736352443695068,
        1.5767751932144165,
        1.4682832956314087,
        1.3985247611999512,
        1.2995002269744873,
        1.2093592882156372,
        1.1145048141479492,
        1.038737416267395,
        0.9542427062988281,
        0.8716814517974854,
        0.803697943687439,
        0.7387219667434692,
        0.6748088598251343,
        0.6184903383255005,
        0.5557975172996521,
        0.5194849371910095,
        0.5067799687385559,
        0.45027902722358704,
        0.4204147160053253,
        0.385079026222229,
        0.34296679496765137,
        0.33713898062705994,
        0.30461376905441284,
        0.2767969071865082,
        0.2811638116836548,
        0.2793582081794739,
        0.26742127537727356,
        0.25281524658203125,
        0.24574123322963715,
        0.21017241477966309,
        0.2217419147491455,
        0.19873370230197906,
        0.21037766337394714,
        0.19600166380405426,
        0.18501166999340057,
        0.17697851359844208,
        0.18081176280975342,
        0.17847217619419098,
        0.1726803183555603,
        0.17927956581115723,
        0.16627942025661469,
        0.15983738005161285,
        0.15435180068016052,
        0.15711700916290283,
        0.16253377497196198,
        0.15730537474155426,
        0.1432858556509018,
        0.15369673073291779,
        0.14455078542232513,
        0.13422685861587524,
        0.1468033641576767,
        0.14472061395645142,
        0.14167830348014832,
        0.13629065454006195,
        0.12970499694347382,
        0.13773663341999054,
        0.14357024431228638,
        0.1460823267698288,
        0.14268608391284943,
        0.14302878081798553,
        0.13979420065879822,
        0.12321172654628754,
        0.13172343373298645,
        0.14403018355369568
    ],
    "train_error": [
        0.8969199999999999,
        0.89872,
        0.86624,
        0.76312,
        0.7319599999999999,
        0.67364,
        0.6229199999999999,
        0.58968,
        0.5422,
        0.51252,
        0.47272000000000003,
        0.43892,
        0.40008,
        0.37004000000000004,
        0.33792,
        0.30644000000000005,
        0.2824,
        0.26227999999999996,
        0.23792000000000002,
        0.22119999999999995,
        0.19543999999999995,
        0.18276000000000003,
        0.18003999999999998,
        0.15991999999999995,
        0.14564,
        0.136,
        0.12087999999999999,
        0.11663999999999997,
        0.10643999999999998,
        0.09540000000000004,
        0.09640000000000004,
        0.09616000000000002,
        0.09348000000000001,
        0.08640000000000003,
        0.08191999999999999,
        0.0726,
        0.07623999999999997,
        0.06655999999999995,
        0.07052000000000003,
        0.06820000000000004,
        0.06220000000000003,
        0.05900000000000005,
        0.06055999999999995,
        0.05944000000000005,
        0.05696000000000001,
        0.05823999999999996,
        0.055520000000000014,
        0.05123999999999995,
        0.05052000000000001,
        0.052080000000000015,
        0.052080000000000015,
        0.05064000000000002,
        0.04859999999999998,
        0.050000000000000044,
        0.04700000000000004,
        0.04359999999999997,
        0.04603999999999997,
        0.047599999999999976,
        0.045640000000000014,
        0.04527999999999999,
        0.04152,
        0.043320000000000025,
        0.04515999999999998,
        0.04679999999999995,
        0.04591999999999996,
        0.04391999999999996,
        0.04420000000000002,
        0.04032000000000002,
        0.04144000000000003,
        0.04476000000000002
    ],
    "test_error": 0.2662
}