{
    "train_loss": [
        1.0645685195922852,
        0.3243162930011749,
        0.19339905679225922,
        0.13198772072792053,
        0.09697949141263962,
        0.0736284852027893,
        0.056583430618047714,
        0.04308531433343887,
        0.036957450211048126,
        0.031097156926989555,
        0.02883274480700493,
        0.024980951100587845,
        0.021282203495502472,
        0.01953739859163761,
        0.016905710101127625,
        0.01685706153512001,
        0.013819209299981594,
        0.012397258542478085,
        0.012704304419457912,
        0.011564063839614391
    ],
    "train_error": [
        0.31062500000000004,
        0.09616666666666662,
        0.05625000000000002,
        0.03849999999999998,
        0.03008333333333335,
        0.02154166666666668,
        0.017708333333333326,
        0.01375000000000004,
        0.011833333333333362,
        0.010083333333333333,
        0.009416666666666629,
        0.008208333333333373,
        0.00649999999999995,
        0.005916666666666681,
        0.0055833333333333846,
        0.005708333333333315,
        0.004750000000000032,
        0.0042083333333333695,
        0.0040000000000000036,
        0.004041666666666721
    ],
    "test_error": 0.023700000000000054
}