{
    "bound_ce_lhs": 0.08482637681095906,
    "bound_01_lhs": 0.2247370140146293,
    "bound_ce_rhs": 22.038159573299577,
    "bound_01_rhs": 22.17807021050325,
    "sigma_sub_G": 1.0,
    "n_bound": 60000,
    "n_train": 60000,
    "k": 244.94897427831782,
    "kl_final": 5355.77490234375,
    "channel_term": 0.07137268781661987,
    "dimension": 600.0,
    "Lipschitz_constant": 0.07137268781661987,
    "risk_certificate_ce": 0.08482637681095906,
    "risk_certificate_01": 0.2247370140146293,
    "train_nll_loss": 0.07959003183981436,
    "train_01_error": 0.21685157599238142,
    "stochastic_loss": 0.04489132761955261,
    "stochastic_01_error": 0.16590000000000005,
    "stochastic_loss_mc": {},
    "stochastic_01_error_mc": 0.16389420000000002,
    "stochastic_loss_wired": 0.04126728773117065,
    "stochastic_01_error_wired": 0.1511
}