{
    "bound_ce_lhs": 0.24139779437201941,
    "bound_01_lhs": 0.41785048264437913,
    "bound_ce_rhs": {},
    "bound_01_rhs": {},
    "sigma_sub_G": 1.0,
    "n_bound": 60000,
    "n_train": 60000,
    "k": 244.94897427831782,
    "kl_final": 5355.77490234375,
    "channel_term": 0.0706901028752327,
    "dimension": 600.0,
    "Lipschitz_constant": 0.0706901028752327,
    "risk_certificate_ce": 0.24139779437201941,
    "risk_certificate_01": 0.41785048264437913,
    "train_nll_loss": 0.07974475827799987,
    "train_01_error": 0.21748425517785486,
    "stochastic_loss": 0.0728831946849823,
    "stochastic_01_error": 0.24680000000000002,
    "stochastic_loss_mc": {},
    "stochastic_01_error_mc": 0.24513420000000005,
    "stochastic_loss_wired": 0.04222074449062348,
    "stochastic_01_error_wired": 0.15669999999999995
}