{
    "bound_ce_lhs": 0.24138203645183984,
    "bound_01_lhs": 0.4180448754295409,
    "bound_ce_rhs": {},
    "bound_01_rhs": {},
    "sigma_sub_G": 1.0,
    "n_bound": 60000,
    "n_train": 60000,
    "k": 244.94897427831782,
    "kl_final": 5345.8359375,
    "channel_term": 0.17788613539751694,
    "dimension": 600.0,
    "Lipschitz_constant": 0.11387123912572861,
    "risk_certificate_ce": 0.24138203645183984,
    "risk_certificate_01": 0.4180448754295409,
    "train_nll_loss": 0.07986189896349491,
    "train_01_error": 0.21782576910142934,
    "stochastic_loss": 0.2681445121765137,
    "stochastic_01_error": 0.6916,
    "stochastic_loss_mc": {},
    "stochastic_01_error_mc": 0.6898337999999999,
    "stochastic_loss_wired": 0.042278611660003663,
    "stochastic_01_error_wired": 0.15100000000000002
}