{
    "bound_ce_lhs": 0.08513219504690966,
    "bound_01_lhs": 0.2255327057258077,
    "bound_ce_rhs": 22.003177854156984,
    "bound_01_rhs": 22.143578364835882,
    "sigma_sub_G": 1.0,
    "n_bound": 60000,
    "n_train": 60000,
    "k": 244.94897427831782,
    "kl_final": 5355.77490234375,
    "channel_term": 0.036085150438075475,
    "dimension": 600.0,
    "Lipschitz_constant": 0.01664331741631031,
    "risk_certificate_ce": 0.08513219504690966,
    "risk_certificate_01": 0.2255327057258077,
    "train_nll_loss": 0.07988700976848337,
    "train_01_error": 0.21763727193047622,
    "stochastic_loss": 0.29855921268463137,
    "stochastic_01_error": 0.7333000000000001,
    "stochastic_loss_mc": {},
    "stochastic_01_error_mc": 0.7315202,
    "stochastic_loss_wired": 0.04189818799495697,
    "stochastic_01_error_wired": 0.15690000000000004
}