{
    "bound_ce_lhs": 0.27693917759631026,
    "bound_01_lhs": 0.4116237283338115,
    "bound_ce_rhs": {},
    "bound_01_rhs": {},
    "sigma_sub_G": 1.0,
    "n_bound": 60000,
    "n_train": 60000,
    "k": 244.94897427831782,
    "kl_final": 9128.8525390625,
    "channel_term": 0.0706901028752327,
    "dimension": 600.0,
    "Lipschitz_constant": 0.0706901028752327,
    "risk_certificate_ce": 0.27693917759631026,
    "risk_certificate_01": 0.4116237283338115,
    "train_nll_loss": 0.0614324842615284,
    "train_01_error": 0.15661381252434642,
    "stochastic_loss": 0.053740739822387695,
    "stochastic_01_error": 0.1603,
    "stochastic_loss_mc": {},
    "stochastic_01_error_mc": 0.1641522,
    "stochastic_loss_wired": 0.028767916560173034,
    "stochastic_01_error_wired": 0.10089999999999999
}