{
    "bound_ce_lhs": 0.27706720588474937,
    "bound_01_lhs": 0.4120076331646696,
    "bound_ce_rhs": {},
    "bound_01_rhs": {},
    "sigma_sub_G": 1.0,
    "n_bound": 60000,
    "n_train": 60000,
    "k": 244.94897427831782,
    "kl_final": 9121.9130859375,
    "channel_term": 0.023222470289930578,
    "dimension": 600.0,
    "Lipschitz_constant": 0.014865528792142868,
    "risk_certificate_ce": 0.27706720588474937,
    "risk_certificate_01": 0.4120076331646696,
    "train_nll_loss": 0.061575437306584074,
    "train_01_error": 0.1570073832015228,
    "stochastic_loss": 0.2937712907791138,
    "stochastic_01_error": 0.6532,
    "stochastic_loss_mc": {},
    "stochastic_01_error_mc": 0.6600305999999999,
    "stochastic_loss_wired": 0.028654441237449646,
    "stochastic_01_error_wired": 0.10099999999999998
}