{
    "bound_ce_lhs": 0.0922657935062374,
    "bound_01_lhs": 0.247726942419442,
    "bound_ce_rhs": 10.679801358598532,
    "bound_01_rhs": 10.835262507511736,
    "sigma_sub_G": 1.0,
    "n_bound": 60000,
    "n_train": 60000,
    "k": 244.94897427831782,
    "kl_final": 2556.71875,
    "channel_term": 0.13267394748723166,
    "dimension": 9216.0,
    "Lipschitz_constant": 0.004370036069303751,
    "risk_certificate_ce": 0.0922657935062374,
    "risk_certificate_01": 0.247726942419442,
    "train_nll_loss": 0.08682370953858173,
    "train_01_error": 0.23956839641109334,
    "stochastic_loss": 0.04912889897823334,
    "stochastic_01_error": 0.17979999999999996,
    "posterior_mean_loss": 0.0007163363508880139,
    "posterior_mean_01_error": 0.10409999999999997,
    "ensemble_loss": 0.0012507673352956771,
    "ensemble_01_error": 0.10240000000000005
}