{
    "bound_ce_lhs": 0.0922657935062374,
    "bound_01_lhs": 0.247726942419442,
    "bound_ce_rhs": 10.801841654944052,
    "bound_01_rhs": 10.957302803857257,
    "sigma_sub_G": 1.0,
    "n_bound": 60000,
    "n_train": 60000,
    "k": 244.94897427831782,
    "kl_final": 2556.71875,
    "channel_term": 0.25471424383275226,
    "dimension": 9216.0,
    "Lipschitz_constant": 0.11748018115758896,
    "risk_certificate_ce": 0.0922657935062374,
    "risk_certificate_01": 0.247726942419442,
    "train_nll_loss": 0.08682370953858173,
    "train_01_error": 0.23956839641109334,
    "stochastic_loss": 0.30760314464569094,
    "stochastic_01_error": 0.7468,
    "posterior_mean_loss": 0.006403762102127075,
    "posterior_mean_01_error": 0.6554,
    "ensemble_loss": 0.007773821800947189,
    "ensemble_01_error": 0.5818
}