{
    "train_loss": [
        0.006000272120218142,
        0.005711567203252344,
        0.0053858213942779305,
        0.005513172801147448,
        0.005278936531491733,
        0.005352639882282044,
        0.005296600010357603,
        0.005177230480815827,
        0.005240318816504441,
        0.0050856688326651545
    ],
    "train_error": [
        0.016966666666666682,
        0.016400000000000015,
        0.01551666666666668,
        0.015900000000000015,
        0.015416666666666681,
        0.015400000000000014,
        0.01526666666666668,
        0.01536666666666668,
        0.015200000000000014,
        0.015083333333333346
    ],
    "train_kl": [
        4.044842237932495e-06,
        2.2350047512039358e-05,
        5.044508839091577e-05,
        8.59048256946456e-05,
        0.00012469421365797947,
        0.00016898240319278556,
        0.0002174110241564146,
        0.0002665521704936206,
        0.0003215557724615792,
        0.0003777156828922064
    ],
    "kl_final": 24.68744468688965
}