{
    "train_loss": [
        0.005960812166934678,
        0.0058908729830970214,
        0.005644966029528102,
        0.005461204388241944,
        0.005337285404433108,
        0.005301562357453804,
        0.005121733408304863,
        0.005183337432269278,
        0.005104841081871806,
        0.004909303122015748
    ],
    "train_error": [
        0.017083333333333346,
        0.016533333333333348,
        0.016383333333333347,
        0.015783333333333347,
        0.01556666666666668,
        0.015700000000000013,
        0.015333333333333346,
        0.01546666666666668,
        0.01521666666666668,
        0.014883333333333347
    ],
    "train_kl": [
        4.1935263652703725e-06,
        2.543923801567871e-05,
        5.6190761824836954e-05,
        9.514647535979748e-05,
        0.00013748629135079682,
        0.00018075809930451214,
        0.00022559738135896623,
        0.00027411142946220934,
        0.0003326389123685658,
        0.0003898858558386564
    ]
}