{
    "bound_ce_lhs": 0.029841940117044816,
    "bound_01_lhs": 0.0554868815750294,
    "bound_ce_rhs": 1.0233386837405514,
    "bound_01_rhs": 1.0489836251985358,
    "sigma_sub_G": 1.0,
    "n_bound": 60000,
    "n_train": 60000,
    "k": 244.94897427831782,
    "kl_final": 222.75425720214844,
    "channel_term": 0.06700526789924707,
    "dimension": 600.0,
    "Lipschitz_constant": 0.008666250854730606,
    "risk_certificate_ce": 0.029841940117044816,
    "risk_certificate_01": 0.0554868815750294,
    "train_nll_loss": 0.026670843572489285,
    "train_01_error": 0.0511974466617509,
    "stochastic_loss": 0.007454632967710495,
    "stochastic_01_error": 0.024599999999999955,
    "stochastic_loss_mc": {},
    "stochastic_01_error_mc": 0.025137600000000006,
    "stochastic_loss_wired": 0.008326570689678191,
    "stochastic_01_error_wired": 0.027200000000000002
}