{
    "bound_ce_lhs": 0.0434303171753978,
    "bound_01_lhs": 0.07301411808802194,
    "bound_ce_rhs": 1.04061189577489,
    "bound_01_rhs": 1.0701956966875141,
    "sigma_sub_G": 1.0,
    "n_bound": 60000,
    "n_train": 60000,
    "k": 244.94897427831782,
    "kl_final": 222.75425720214844,
    "channel_term": 0.0706901028752327,
    "dimension": 600.0,
    "Lipschitz_constant": 0.0706901028752327,
    "risk_certificate_ce": 0.0434303171753978,
    "risk_certificate_01": 0.07301411808802194,
    "train_nll_loss": 0.02668772839867852,
    "train_01_error": 0.051212590847833916,
    "stochastic_loss": 0.010766034573316574,
    "stochastic_01_error": 0.034599999999999964,
    "stochastic_loss_mc": {},
    "stochastic_01_error_mc": 0.03531820000000001,
    "stochastic_loss_wired": 0.0077526412904262544,
    "stochastic_01_error_wired": 0.023700000000000054
}