{
    "bound_ce_lhs": 0.04339796172178609,
    "bound_01_lhs": 0.0728955187160204,
    "bound_ce_rhs": 0.9931119077359762,
    "bound_01_rhs": 1.0226094647302104,
    "sigma_sub_G": 1.0,
    "n_bound": 60000,
    "n_train": 60000,
    "k": 244.94897427831782,
    "kl_final": 222.75425720214844,
    "channel_term": 0.023222470289930578,
    "dimension": 600.0,
    "Lipschitz_constant": 0.014865528792142868,
    "risk_certificate_ce": 0.04339796172178609,
    "risk_certificate_01": 0.0728955187160204,
    "train_nll_loss": 0.026603328592545435,
    "train_01_error": 0.05103284588826301,
    "stochastic_loss": 0.4387514591217041,
    "stochastic_01_error": 0.5952999999999999,
    "stochastic_loss_mc": {},
    "stochastic_01_error_mc": 0.592064,
    "stochastic_loss_wired": 0.007676360756158828,
    "stochastic_01_error_wired": 0.024599999999999955
}