{
    "bound_ce_lhs": 0.029815923017877097,
    "bound_01_lhs": 0.05540561607961689,
    "bound_ce_rhs": 1.243775479080662,
    "bound_01_rhs": 1.2693651721424017,
    "sigma_sub_G": 1.0,
    "n_bound": 60000,
    "n_train": 60000,
    "k": 244.94897427831782,
    "kl_final": 224.53182983398438,
    "channel_term": 0.2802111704573017,
    "dimension": 600.0,
    "Lipschitz_constant": 0.12923996150493622,
    "risk_certificate_ce": 0.029815923017877097,
    "risk_certificate_01": 0.05540561607961689,
    "train_nll_loss": 0.026646138377915338,
    "train_01_error": 0.05111853920580062,
    "stochastic_loss": 0.46692657470703125,
    "stochastic_01_error": 0.6346,
    "stochastic_loss_mc": {},
    "stochastic_01_error_mc": 0.6432122,
    "stochastic_loss_wired": 0.0076120331883430484,
    "stochastic_01_error_wired": 0.02429999999999999
}