{
    "train_loss": [
        0.2037587232266863,
        0.1882870025311907,
        0.17131602186709644,
        0.1486877947424849,
        0.12470012903213501,
        0.10388518429050843,
        0.08947609622652332,
        0.07939390333679815,
        0.07113322806544602,
        0.06656241444870829
    ],
    "train_error": [
        0.8657666666666677,
        0.7827,
        0.6681499999999996,
        0.5450333333333333,
        0.46313333333333334,
        0.39336666666666703,
        0.34440000000000015,
        0.3134333333333333,
        0.27553333333333335,
        0.25831666666666675
    ],
    "train_kl": [
        0.00027456483055738533,
        0.0015969959378708154,
        0.0042630933952750635,
        0.008810000045923517,
        0.015434730347866814,
        0.023222052290414772,
        0.030864053514475624,
        0.03784013415376345,
        0.044183621928095815,
        0.0498548519021521
    ],
    "kl_final": 3148.27978515625
}