{
    "train_loss": [
        0.0060418641405703966,
        0.005708628728825715,
        0.005694416274491232,
        0.005501333749998593,
        0.005333948864548196,
        0.00545340049599569,
        0.005204439647544253,
        0.005186530572003297,
        0.005107371931383871,
        0.005079651700483131,
        0.004946784266818819,
        0.004970114132447634,
        0.004824630510605251,
        0.004936562791772303,
        0.004841196219240373,
        0.004770974742435404,
        0.004799600338810705,
        0.004779605535319812,
        0.004654446988206473,
        0.004797446265123047
    ],
    "train_error": [
        0.01736666666666668,
        0.016683333333333345,
        0.016616666666666682,
        0.01608333333333335,
        0.015650000000000015,
        0.01596666666666668,
        0.01526666666666668,
        0.015300000000000013,
        0.01491666666666668,
        0.015500000000000014,
        0.01481666666666668,
        0.014750000000000013,
        0.01456666666666668,
        0.014800000000000013,
        0.014483333333333346,
        0.014500000000000013,
        0.014583333333333346,
        0.014533333333333346,
        0.014366666666666679,
        0.01451666666666668
    ],
    "train_kl": [
        4.233845917986564e-06,
        2.4382340457880978e-05,
        5.5820291390773494e-05,
        9.213378698404994e-05,
        0.00013362881139376744,
        0.00017642012189753587,
        0.0002276910980071989,
        0.0002766183049971005,
        0.00032873190563501947,
        0.0003863304253172828,
        0.00044508413229777944,
        0.0005064675375858011,
        0.0005662460542225744,
        0.000631491116170461,
        0.0007015571415346736,
        0.000770798002971181,
        0.0008376720812520944,
        0.0009006639886744475,
        0.0009787364642155202,
        0.0010566573172885304
    ],
    "kl_final": 65.90060424804688
}