{
    "bound_ce_lhs": 0.03226770610532238,
    "bound_01_lhs": 0.05888276754584011,
    "bound_ce_rhs": 0.3854120930135888,
    "bound_01_rhs": 0.41202715445410654,
    "sigma_sub_G": 1.0,
    "n_bound": 60000,
    "n_train": 60000,
    "k": 244.94897427831782,
    "kl_final": 65.90060424804688,
    "channel_term": 0.06700526789924707,
    "dimension": 600.0,
    "Lipschitz_constant": 0.008666250854730606,
    "risk_certificate_ce": 0.03226770610532238,
    "risk_certificate_01": 0.05888276754584011,
    "train_nll_loss": 0.028971681264870108,
    "train_01_error": 0.054470163926899406,
    "stochastic_loss": 0.008122899383306504,
    "stochastic_01_error": 0.02629999999999999,
    "stochastic_loss_mc": {},
    "stochastic_01_error_mc": 0.026340600000000002,
    "stochastic_loss_wired": 0.009177878499031067,
    "stochastic_01_error_wired": 0.028100000000000014
}