{
    "bound_ce_lhs": 0.038266488918361326,
    "bound_01_lhs": 0.06668498107244807,
    "bound_ce_rhs": 0.3950957108026134,
    "bound_01_rhs": 0.42351420295670017,
    "sigma_sub_G": 1.0,
    "n_bound": 60000,
    "n_train": 60000,
    "k": 244.94897427831782,
    "kl_final": 65.90060424804688,
    "channel_term": 0.0706901028752327,
    "dimension": 600.0,
    "Lipschitz_constant": 0.0706901028752327,
    "risk_certificate_ce": 0.038266488918361326,
    "risk_certificate_01": 0.06668498107244807,
    "train_nll_loss": 0.028975752223186588,
    "train_01_error": 0.05445510683134042,
    "stochastic_loss": 0.010564865171909332,
    "stochastic_01_error": 0.03749999999999998,
    "stochastic_loss_mc": {},
    "stochastic_01_error_mc": 0.03561079999999999,
    "stochastic_loss_wired": 0.008280042558908463,
    "stochastic_01_error_wired": 0.026100000000000012
}