{
    "bound_ce_lhs": 0.03828959106427169,
    "bound_01_lhs": 0.06679676598429177,
    "bound_ce_rhs": 0.3476511803632217,
    "bound_01_rhs": 0.37615835528324176,
    "sigma_sub_G": 1.0,
    "n_bound": 60000,
    "n_train": 60000,
    "k": 244.94897427831782,
    "kl_final": 65.90060424804688,
    "channel_term": 0.023222470289930578,
    "dimension": 600.0,
    "Lipschitz_constant": 0.014865528792142868,
    "risk_certificate_ce": 0.03828959106427169,
    "risk_certificate_01": 0.06679676598429177,
    "train_nll_loss": 0.028991130283135807,
    "train_01_error": 0.0545500872132076,
    "stochastic_loss": 0.44973268508911135,
    "stochastic_01_error": 0.5991,
    "stochastic_loss_mc": {},
    "stochastic_01_error_mc": 0.5905200000000002,
    "stochastic_loss_wired": 0.008764207363128662,
    "stochastic_01_error_wired": 0.025499999999999967
}