{
    "bound_ce_lhs": 0.032261933094675795,
    "bound_01_lhs": 0.058911366835466855,
    "bound_ce_rhs": 0.5986122225609969,
    "bound_01_rhs": 0.6252616563017879,
    "sigma_sub_G": 1.0,
    "n_bound": 60000,
    "n_train": 60000,
    "k": 244.94897427831782,
    "kl_final": 65.90060424804688,
    "channel_term": 0.2802111704573017,
    "dimension": 600.0,
    "Lipschitz_constant": 0.12923996150493622,
    "risk_certificate_ce": 0.032261933094675795,
    "risk_certificate_01": 0.058911366835466855,
    "train_nll_loss": 0.02896635319372828,
    "train_01_error": 0.05449708545034237,
    "stochastic_loss": 0.4697160243988037,
    "stochastic_01_error": 0.6295999999999999,
    "stochastic_loss_mc": {},
    "stochastic_01_error_mc": 0.6392624000000001,
    "stochastic_loss_wired": 0.008407424390316009,
    "stochastic_01_error_wired": 0.02629999999999999
}