{
    "train_loss": [
        0.0058661662722443,
        0.005729789667626998,
        0.00553889660659479,
        0.005418905979119397,
        0.005348317716379824,
        0.005310045556385982,
        0.005146350911430394,
        0.005308515411161352,
        0.005053850824697293,
        0.00493599625818509,
        0.005027746311801214,
        0.004976830278004248,
        0.0049647698126743,
        0.004807391781529683,
        0.005013548149569639,
        0.004746148064198982,
        0.004758829459812357,
        0.004671332153399514,
        0.004618166532479032,
        0.004606432135915384,
        0.004567864406756901,
        0.004725725392442352,
        0.004602893648067644,
        0.004452971512182558,
        0.0044328411376530616,
        0.004517648187356826,
        0.00434519807658944,
        0.004548180513059681,
        0.004403988321306921,
        0.004268703282468778,
        0.004268109317975662,
        0.004297640465665609,
        0.004295569789974252,
        0.004272859326617132,
        0.004175808848776797,
        0.0043565264331846265,
        0.0041162194810264435,
        0.00419743805990341,
        0.004186879328578167,
        0.0041045136077324665,
        0.004137111880724357,
        0.004215399916877989,
        0.004088199324905872,
        0.004023606454817734,
        0.004107650999261144,
        0.00413047043584811,
        0.00398305707834273,
        0.0039594142395799285,
        0.003954180497021298,
        0.003958920457565304
    ],
    "train_error": [
        0.017366666666666686,
        0.016616666666666682,
        0.015900000000000015,
        0.015500000000000014,
        0.015733333333333346,
        0.015650000000000015,
        0.01491666666666668,
        0.015333333333333346,
        0.015050000000000013,
        0.014750000000000013,
        0.014983333333333347,
        0.01516666666666668,
        0.015450000000000014,
        0.014933333333333347,
        0.015433333333333348,
        0.013983333333333346,
        0.014633333333333347,
        0.014083333333333345,
        0.014100000000000012,
        0.014233333333333346,
        0.013983333333333346,
        0.014200000000000013,
        0.013766666666666679,
        0.01396666666666668,
        0.013850000000000012,
        0.01341666666666668,
        0.013766666666666679,
        0.014066666666666679,
        0.013733333333333346,
        0.013533333333333345,
        0.013250000000000012,
        0.013716666666666679,
        0.013233333333333345,
        0.013650000000000013,
        0.013083333333333344,
        0.013633333333333346,
        0.013450000000000012,
        0.013683333333333346,
        0.013150000000000012,
        0.012733333333333345,
        0.013150000000000012,
        0.013150000000000012,
        0.013433333333333346,
        0.012916666666666679,
        0.013033333333333345,
        0.013466666666666679,
        0.012916666666666679,
        0.013250000000000012,
        0.012533333333333344,
        0.012450000000000011
    ],
    "train_kl": [
        4.140671317756793e-06,
        2.4392620495442922e-05,
        5.570490501061916e-05,
        9.262325068751428e-05,
        0.00013179420651188896,
        0.00017281085104817369,
        0.00022129340122774012,
        0.00027195484641803584,
        0.0003221943460327263,
        0.0003751873729925137,
        0.0004384976253883603,
        0.0004983342333919912,
        0.0005648866208503023,
        0.0006326383889245335,
        0.0007022693399145889,
        0.0007686043012654409,
        0.0008418001751124393,
        0.0009138726127275731,
        0.000986723801906919,
        0.0010578606204944662,
        0.001135299581316455,
        0.00121507036286251,
        0.001298560164286755,
        0.001379022840410471,
        0.0014584515757936364,
        0.0015376088277359182,
        0.0016186588919178272,
        0.0017073213632102125,
        0.0017937677703836622,
        0.001881877660828953,
        0.0019613700317374122,
        0.002042341572814621,
        0.002126438420964405,
        0.002215150194630648,
        0.002295521559426561,
        0.00238060838310048,
        0.0024639035497481623,
        0.0025547215026260044,
        0.0026461669796844943,
        0.002742192696314305,
        0.0028282154361174133,
        0.0029243453764744723,
        0.003015751731193935,
        0.0031108303364211073,
        0.0032059372034079084,
        0.0033033270738087595,
        0.003392728059164559,
        0.0034882120768694827,
        0.003578417270909995,
        0.0036669401733282333
    ],
    "kl_final": 222.75425720214844
}