{
    "train_loss": [
        0.20154790431261063,
        0.20118235677480698,
        0.20095695547759532,
        0.20068800896406175,
        0.20081878744065762,
        0.2005529896914959,
        0.20033795408904553,
        0.20037186428904533,
        0.20032501332461833,
        0.20032740764319898
    ],
    "train_error": [
        0.8989999999999998,
        0.9007399999999997,
        0.8993199999999996,
        0.8990399999999998,
        0.8995599999999999,
        0.8970399999999992,
        0.8976599999999988,
        0.8982199999999995,
        0.8981399999999999,
        0.89848
    ],
    "train_kl": [
        1.2644270056911683e-05,
        6.445121942306287e-05,
        0.00013071279510768364,
        0.00019521310532581991,
        0.00026328764113713987,
        0.00033720197796355934,
        0.0004030855336168315,
        0.0004658082823152654,
        0.0005262104724533856,
        0.0005908622793504036
    ],
    "kl_final": 31.337783813476562
}