{
    "risk_certificate_ce": 0.06876281165526338,
    "risk_certificate_01": 0.10047263869583609,
    "kl_divergence": 0.0003856374740600586,
    "train_nll_loss": 0.060416491898488425,
    "train_01_error": 0.09051455999139243,
    "stochastic_loss": {},
    "stochastic_01_error": 0.026599999999999957,
    "posterior_mean_loss": {},
    "posterior_mean_01_error": 0.01959999999999995,
    "ensemble_loss": {},
    "ensemble_01_error": 0.020100000000000007,
    "prior_01_error": 0.02200000000000002
}