{
    "bound_ce_lhs": 0.27276725477562674,
    "bound_01_lhs": 0.9446209342598763,
    "bound_ce_rhs": 0.4503867680707785,
    "bound_01_rhs": 1.1222404475550278,
    "sigma_sub_G": 1.0,
    "n_bound": 50000,
    "n_train": 50000,
    "k": 223.60679774997897,
    "kl_final": 31.337783813476562,
    "channel_term": 0.018739445134997368,
    "dimension": 8192.0,
    "Lipschitz_constant": 0.018739445134997368,
    "risk_certificate_ce": 0.27276725477562674,
    "risk_certificate_01": 0.9446209342598763,
    "train_nll_loss": 0.26358254380492807,
    "train_01_error": 0.9398242065953317,
    "stochastic_loss": 0.20012612342834474,
    "stochastic_01_error": 0.894,
    "posterior_mean_loss": 0.004998444393277168,
    "posterior_mean_01_error": 0.9,
    "ensemble_loss": 0.0050019267946481705,
    "ensemble_01_error": 0.903
}