{
    "bound_ce_lhs": 0.27276725477562674,
    "bound_01_lhs": 0.9446209342598763,
    "bound_ce_rhs": 0.5841495142091361,
    "bound_01_rhs": 1.2560031936933855,
    "sigma_sub_G": 1.0,
    "n_bound": 50000,
    "n_train": 50000,
    "k": 223.60679774997897,
    "kl_final": 31.337783813476562,
    "channel_term": 0.152502191273355,
    "dimension": 8192.0,
    "Lipschitz_constant": 0.07033758610486984,
    "risk_certificate_ce": 0.27276725477562674,
    "risk_certificate_01": 0.9446209342598763,
    "train_nll_loss": 0.26358254380492807,
    "train_01_error": 0.9398242065953317,
    "stochastic_loss": 0.2169097661972046,
    "stochastic_01_error": 0.8934,
    "posterior_mean_loss": 0.005000912770628929,
    "posterior_mean_01_error": 0.9006,
    "ensemble_loss": 0.0053844209760427475,
    "ensemble_01_error": 0.9028
}