{
    "train_loss": [
        0.20375871776292723,
        0.18828672040253877,
        0.17131558656692505,
        0.14868749137967824,
        0.12470046899591883,
        0.10388465486466884,
        0.08947639567777514,
        0.07939441609196365,
        0.0711333758973827,
        0.06656313918841382
    ],
    "train_error": [
        0.8657666666666677,
        0.7827,
        0.6681999999999995,
        0.5450666666666668,
        0.4632166666666668,
        0.39331666666666704,
        0.3444166666666668,
        0.31348333333333317,
        0.27558333333333335,
        0.25826666666666676
    ],
    "train_kl": [
        0.00027456611078048696,
        0.0015970363407783832,
        0.004263187911904728,
        0.008810105238808319,
        0.015434749389532954,
        0.02322215335443616,
        0.03086387797569235,
        0.03783986857160926,
        0.04418337334257861,
        0.049854443936298294
    ]
}