{
    "bound_ce_lhs": 0.03367361033030403,
    "bound_01_lhs": 0.06059784758860415,
    "bound_ce_rhs": 0.292503347221889,
    "bound_01_rhs": 0.31942758448018915,
    "sigma_sub_G": 1.0,
    "n_bound": 60000,
    "n_train": 60000,
    "k": 244.94897427831782,
    "kl_final": 24.68744468688965,
    "channel_term": 0.14094263723713407,
    "dimension": 600.0,
    "Lipschitz_constant": 0.008137560449540615,
    "risk_certificate_ce": 0.03367361033030403,
    "risk_certificate_01": 0.06059784758860415,
    "train_nll_loss": 0.03030767630663866,
    "train_01_error": 0.05612455330008498,
    "stochastic_loss": 0.010413500666618346,
    "stochastic_01_error": 0.03380000000000005,
    "stochastic_loss_mc": {},
    "stochastic_01_error_mc": 0.036226200000000014,
    "stochastic_loss_wired": 0.009729553759098054,
    "stochastic_01_error_wired": 0.028100000000000014
}