{
    "bound_ce_lhs": 0.03367361033030403,
    "bound_01_lhs": 0.06059784758860415,
    "bound_ce_rhs": 0.218565977884002,
    "bound_01_rhs": 0.24549021514230215,
    "sigma_sub_G": 1.0,
    "n_bound": 60000,
    "n_train": 60000,
    "k": 244.94897427831782,
    "kl_final": 24.68744468688965,
    "channel_term": 0.06700526789924707,
    "dimension": 600.0,
    "Lipschitz_constant": 0.008666250854730606,
    "risk_certificate_ce": 0.03367361033030403,
    "risk_certificate_01": 0.06059784758860415,
    "train_nll_loss": 0.03030767630663866,
    "train_01_error": 0.05612455330008498,
    "stochastic_loss": 0.008582884818315506,
    "stochastic_01_error": 0.02629999999999999,
    "stochastic_loss_mc": {},
    "stochastic_01_error_mc": 0.027061799999999993,
    "stochastic_loss_wired": 0.009729553759098054,
    "stochastic_01_error_wired": 0.028100000000000014
}