{
    "bound_ce_lhs": 0.03369217706474505,
    "bound_01_lhs": 0.060669969180325196,
    "bound_ce_rhs": 0.21858454461844304,
    "bound_01_rhs": 0.2455623367340232,
    "sigma_sub_G": 1.0,
    "n_bound": 60000,
    "n_train": 60000,
    "k": 244.94897427831782,
    "kl_final": 24.68744468688965,
    "channel_term": 0.06700526789924707,
    "dimension": 600.0,
    "Lipschitz_constant": 0.008666250854730606,
    "risk_certificate_ce": 0.03369217706474505,
    "risk_certificate_01": 0.060669969180325196,
    "train_nll_loss": 0.030325379738319846,
    "train_01_error": 0.05619340084344952,
    "stochastic_loss": 0.008919804543256759,
    "stochastic_01_error": 0.027699999999999947,
    "posterior_mean_loss": 0.0002192653249949217,
    "posterior_mean_01_error": 0.021199999999999997,
    "ensemble_loss": 0.00029665019828826187,
    "ensemble_01_error": 0.02080000000000004
}