{
    "bound_ce_lhs": 0.03369217706474505,
    "bound_01_lhs": 0.060669969180325196,
    "bound_ce_rhs": 0.18766442715727144,
    "bound_01_rhs": 0.2146422192728516,
    "sigma_sub_G": 1.0,
    "n_bound": 60000,
    "n_train": 60000,
    "k": 244.94897427831782,
    "kl_final": 24.68744468688965,
    "channel_term": 0.036085150438075475,
    "dimension": 600.0,
    "Lipschitz_constant": 0.01664331741631031,
    "risk_certificate_ce": 0.03369217706474505,
    "risk_certificate_01": 0.060669969180325196,
    "train_nll_loss": 0.030325379738319846,
    "train_01_error": 0.05619340084344952,
    "stochastic_loss": 0.4843623638153076,
    "stochastic_01_error": 0.6415,
    "posterior_mean_loss": 0.011643270403146744,
    "posterior_mean_01_error": 0.6162000000000001,
    "ensemble_loss": 0.012025909870862961,
    "ensemble_01_error": 0.4544
}