{
    "bound_ce_lhs": 0.0336731308288804,
    "bound_01_lhs": 0.0606646726395679,
    "bound_ce_rhs": 0.43177140094063304,
    "bound_01_rhs": 0.4587629427513205,
    "sigma_sub_G": 1.0,
    "n_bound": 60000,
    "n_train": 60000,
    "k": 244.94897427831782,
    "kl_final": 24.68744468688965,
    "channel_term": 0.2802111704573017,
    "dimension": 600.0,
    "Lipschitz_constant": 0.12923996150493622,
    "risk_certificate_ce": 0.0336731308288804,
    "risk_certificate_01": 0.0606646726395679,
    "train_nll_loss": 0.030307195135002792,
    "train_01_error": 0.056188983438829776,
    "stochastic_loss": 0.471478796005249,
    "stochastic_01_error": 0.6272,
    "stochastic_loss_mc": {},
    "stochastic_01_error_mc": 0.6366158000000002,
    "stochastic_loss_wired": 0.00891980603337288,
    "stochastic_01_error_wired": 0.026800000000000046
}