{
    "train_loss": [
        0.003184168451968124,
        0.0030234128446984697,
        0.0030249976585769406,
        0.0028795483467888515,
        0.003035556614067758,
        0.003095282028036195,
        0.002784599044720911,
        0.0027707014828981377,
        0.002696607234103491,
        0.002791730276314297
    ],
    "train_error": [
        0.00698333333333334,
        0.0067666666666666726,
        0.006600000000000006,
        0.006283333333333339,
        0.006450000000000006,
        0.0067666666666666726,
        0.006216666666666672,
        0.0064000000000000055,
        0.006166666666666672,
        0.006300000000000005
    ],
    "train_kl": [
        1.9420906482991995e-06,
        1.043271095113596e-05,
        2.392251553828828e-05,
        4.148205334786326e-05,
        6.61502344883047e-05,
        9.202680666930974e-05,
        0.0001217759563587606,
        0.00015178856847342104,
        0.00018201617058366537,
        0.00021358119556680322
    ]
}