{
    "risk_certificate_ce": 0.047851561031983264,
    "risk_certificate_01": 0.07788040570734989,
    "kl_divergence": 0.0,
    "train_nll_loss": 0.043856291582756876,
    "train_01_error": 0.07284708627143816,
    "stochastic_loss": {},
    "stochastic_01_error": 0.02749999999999997,
    "posterior_mean_loss": {},
    "posterior_mean_01_error": 0.020399999999999974,
    "ensemble_loss": {},
    "ensemble_01_error": 0.02090000000000003,
    "errornet0": 0.022499999999999964
}