{
    "bound_ce_lhs": 0.11158504785734692,
    "bound_01_lhs": 0.323056559017018,
    "bound_ce_rhs": 13.05285716635475,
    "bound_01_rhs": 13.26432867751442,
    "sigma_sub_G": 1.0,
    "n_bound": 60000,
    "n_train": 60000,
    "k": 244.94897427831782,
    "kl_final": 3148.27978515625,
    "channel_term": 0.07137268781661987,
    "dimension": 600.0,
    "Lipschitz_constant": 0.07137268781661987,
    "risk_certificate_ce": 0.11158504785734692,
    "risk_certificate_01": 0.323056559017018,
    "train_nll_loss": 0.10565817048018179,
    "train_01_error": 0.31420630855227594,
    "stochastic_loss": 0.0664433479309082,
    "stochastic_01_error": 0.2589,
    "stochastic_loss_mc": {},
    "stochastic_01_error_mc": 0.2562388000000001,
    "stochastic_loss_wired": 0.06152946352958679,
    "stochastic_01_error_wired": 0.237
}