{
    "bound_ce_lhs": 0.11114279090953891,
    "bound_01_lhs": 0.32002498858064493,
    "bound_ce_rhs": 13.04804748948957,
    "bound_01_rhs": 13.256929687160676,
    "sigma_sub_G": 1.0,
    "n_bound": 60000,
    "n_train": 60000,
    "k": 244.94897427831782,
    "kl_final": 3148.27978515625,
    "channel_term": 0.06700526789924707,
    "dimension": 600.0,
    "Lipschitz_constant": 0.008666250854730606,
    "risk_certificate_ce": 0.11114279090953891,
    "risk_certificate_01": 0.32002498858064493,
    "train_nll_loss": 0.10522670734738675,
    "train_01_error": 0.3111936665345895,
    "stochastic_loss": 0.0667830228805542,
    "stochastic_01_error": 0.25849999999999995,
    "posterior_mean_loss": 0.001088517066091299,
    "posterior_mean_01_error": 0.15149999999999997,
    "ensemble_loss": 0.0016401363536715508,
    "ensemble_01_error": 0.14049999999999996
}