{
    "bound_ce_lhs": 0.11114279090953891,
    "bound_01_lhs": 0.32002498858064493,
    "bound_ce_rhs": 13.261253392047623,
    "bound_01_rhs": 13.47013558971873,
    "sigma_sub_G": 1.0,
    "n_bound": 60000,
    "n_train": 60000,
    "k": 244.94897427831782,
    "kl_final": 3148.27978515625,
    "channel_term": 0.2802111704573017,
    "dimension": 600.0,
    "Lipschitz_constant": 0.12923996150493622,
    "risk_certificate_ce": 0.11114279090953891,
    "risk_certificate_01": 0.32002498858064493,
    "train_nll_loss": 0.10522670734738675,
    "train_01_error": 0.3111936665345895,
    "stochastic_loss": 0.2672497510910034,
    "stochastic_01_error": 0.763,
    "posterior_mean_loss": 0.005739284306764602,
    "posterior_mean_01_error": 0.6952,
    "ensemble_loss": 0.00677603930234909,
    "ensemble_01_error": 0.6483
}