{
    "bound_ce_lhs": 0.11192080377027991,
    "bound_01_lhs": 0.3239622034951851,
    "bound_ce_rhs": 13.15970636984858,
    "bound_01_rhs": 13.371747769573485,
    "sigma_sub_G": 1.0,
    "n_bound": 60000,
    "n_train": 60000,
    "k": 244.94897427831782,
    "kl_final": 3148.27978515625,
    "channel_term": 0.17788613539751694,
    "dimension": 600.0,
    "Lipschitz_constant": 0.11387123912572861,
    "risk_certificate_ce": 0.11192080377027991,
    "risk_certificate_01": 0.3239622034951851,
    "train_nll_loss": 0.10598586688452173,
    "train_01_error": 0.31510261861072486,
    "stochastic_loss": 0.24387218952178955,
    "stochastic_01_error": 0.7356,
    "stochastic_loss_mc": {},
    "stochastic_01_error_mc": 0.7310878000000001,
    "stochastic_loss_wired": 0.062022483348846434,
    "stochastic_01_error_wired": 0.24109999999999998
}