{
    "bound_ce_lhs": 0.026833744997302733,
    "bound_01_lhs": 0.039651704275640715,
    "bound_ce_rhs": 0.14481757899132963,
    "bound_01_rhs": 0.1576355382696676,
    "sigma_sub_G": 1.0,
    "n_bound": 60000,
    "n_train": 60000,
    "k": 244.94897427831782,
    "kl_final": 13.565025329589844,
    "channel_term": 0.04550382122397423,
    "dimension": 9216.0,
    "Lipschitz_constant": 0.04550382122397423,
    "risk_certificate_ce": 0.026833744997302733,
    "risk_certificate_01": 0.039651704275640715,
    "train_nll_loss": 0.023825137981688695,
    "train_01_error": 0.03600492285793076,
    "stochastic_loss": 0.004878146201372146,
    "stochastic_01_error": 0.01319999999999999,
    "posterior_mean_loss": 4.1454873280599716e-05,
    "posterior_mean_01_error": 0.011399999999999966,
    "ensemble_loss": 0.00012010532664135099,
    "ensemble_01_error": 0.010399999999999965
}