{
    "bound_ce_lhs": 0.026833744997302733,
    "bound_01_lhs": 0.039651704275640715,
    "bound_ce_rhs": 0.13132595820699897,
    "bound_01_rhs": 0.14414391748533692,
    "sigma_sub_G": 1.0,
    "n_bound": 60000,
    "n_train": 60000,
    "k": 244.94897427831782,
    "kl_final": 13.565025329589844,
    "channel_term": 0.03201220043964354,
    "dimension": 9216.0,
    "Lipschitz_constant": 0.014764777384698391,
    "risk_certificate_ce": 0.026833744997302733,
    "risk_certificate_01": 0.039651704275640715,
    "train_nll_loss": 0.023825137981688695,
    "train_01_error": 0.03600492285793076,
    "stochastic_loss": 0.5990152359008789,
    "stochastic_01_error": 0.721,
    "posterior_mean_loss": 0.014214269816875458,
    "posterior_mean_01_error": 0.7142,
    "ensemble_loss": 0.014840510487556458,
    "ensemble_01_error": 0.8279
}