{
    "train_loss": [
        0.9416891932487488,
        0.2600128948688507,
        0.15627434849739075,
        0.10482581704854965,
        0.07884276658296585,
        0.05722818151116371,
        0.046514905989170074,
        0.04102982580661774,
        0.029749643057584763,
        0.028052428737282753,
        0.02396455779671669,
        0.021464623510837555,
        0.018750349059700966,
        0.016780972480773926,
        0.017818862572312355,
        0.019529614597558975,
        0.019343147054314613,
        0.017426544800400734,
        0.01686045341193676,
        0.015336900018155575
    ],
    "train_error": [
        0.2764,
        0.07666666666666666,
        0.046466666666666656,
        0.032233333333333336,
        0.024800000000000044,
        0.01776666666666671,
        0.014399999999999968,
        0.013299999999999979,
        0.009800000000000031,
        0.009299999999999975,
        0.008133333333333326,
        0.006866666666666688,
        0.005666666666666709,
        0.005099999999999993,
        0.006099999999999994,
        0.006333333333333302,
        0.00660000000000005,
        0.006133333333333324,
        0.006033333333333335,
        0.005133333333333323
    ],
    "test_error": 0.022499999999999964
}