{
    "risk_certificate_ce": 0.13278445446223294,
    "risk_certificate_01": 0.3512986201408094,
    "kl_divergence": 0.0,
    "train_nll_loss": 0.1263901102246591,
    "train_01_error": 0.3422583864012,
    "stochastic_loss": {},
    "stochastic_01_error": 0.26039999999999996,
    "posterior_mean_loss": {},
    "posterior_mean_01_error": 0.15090000000000003,
    "ensemble_loss": {},
    "ensemble_01_error": 0.1411,
    "errornet0": 0.8792
}