Model,Dataset,Epochs,Channel Type,Channel Param,Norm Type,Objective,KL Penalty,Chan Penalty,Pop Loss CE (MC),Pop Err 01 (MC),Risk CE (LHS),Bound CE (RHS),Valid CE,Eff CE,Emp Loss CE,Risk 01 (LHS),Bound 01 (RHS),Valid 01,Eff 01,Emp Err 01,KL Term,Channel Term,Lipschitz,Dimension,Train Loss CE,Pop Loss CE,Pop Loss CE (Wired),Train Err 01,Pop Err 01,Pop Err 01 (Wired),Folder,File
cnn-4,mnist,10.0,bec,outage 0.1,frob,vanilla,1.0,0.0,0.049061812460422516,0.1788616,0.049273240566253665,10.827030455869128,✓,-,0.08680293317263732,0.17920000000000003,10.67433849826493,✓,-,0.23949489077683483,2556.71875,0.13267394748723166,0.004370036069303751,9216.0,0.04893307760357857,0.049273240566253665,0.046815219521522525,0.17934952301255228,0.17920000000000003,0.16959999999999997,cnn-4_mnist_rand_gaussian_sig0.03_bounded-pmin1e-05_epoch10_bs250_lr0.001_mon0.95_dp0.0_objective-vanilla_seed7,bec-outage0.1_chan-layer2_mcsamples500_norm-frob_seed7_bounds.json
cnn-4,mnist,10.0,bec,outage 0.1,frob,channel_grad,0.0001,0.0001,0.04880217835307121,0.17761800000000003,0.04860101938247681,19.82898712158203,✓,✓,0.0865709670189892,0.17510000000000003,19.676727294921875,✓,✓,0.2388334656146961,2557.012939453125,9.134092536713426,0.3008602261543274,9216.0,0.04875290393829346,0.04860101938247681,0.046212422847747806,0.1787507280334729,0.17510000000000003,0.1703,cnn-4_mnist_rand_gaussian_sig0.03_bounded-pmin1e-05_epoch10_bs250_lr0.001_mon0.95_dp0.0_objective-channel_gradient-chan0.0001-bec-outage0.1-frob-kl0.0001_seed7,bec-outage0.1_chan-layer2_mcsamples500_norm-frob_seed7_bounds.json
cnn-4,mnist,10.0,bec,outage 0.1,frob,channel_grad,0.0001,0.001,0.04867231473326683,0.1725562,0.0485127180814743,18.74626922607422,✓,✓,0.08607439186935176,0.17079999999999995,18.597537994384766,✓,✓,0.23480698268980774,2717.564208984375,7.399952116757378,0.24374082684516907,9216.0,0.04836619645357132,0.0485127180814743,0.04579465091228485,0.17511598326359837,0.17079999999999995,0.16469999999999996,cnn-4_mnist_rand_gaussian_sig0.03_bounded-pmin1e-05_epoch10_bs250_lr0.001_mon0.95_dp0.0_objective-channel_gradient-chan0.001-bec-outage0.1-frob-kl0.0001_seed7,bec-outage0.1_chan-layer2_mcsamples500_norm-frob_seed7_bounds.json
cnn-4,mnist,10.0,bec,outage 0.1,frob,channel_grad,0.0001,0.01,0.1979813277721405,0.8240744000000002,0.19789180755615235,4.1482930183410645,✓,✗,0.26071850936396634,0.8226,3.5344133377075195,✓,✗,0.8745980434690972,548.1947021484375,1.0185984548866023,0.03355076164007187,9216.0,0.1986362338066101,0.19789180755615235,0.19771336317062377,0.8238901422594127,0.8226,0.8167,cnn-4_mnist_rand_gaussian_sig0.03_bounded-pmin1e-05_epoch10_bs250_lr0.001_mon0.95_dp0.0_objective-channel_gradient-chan0.01-bec-outage0.1-frob-kl0.0001_seed7,bec-outage0.1_chan-layer2_mcsamples500_norm-frob_seed7_bounds.json
cnn-4,mnist,10.0,bec,outage 0.1,frob,channel_grad,0.001,0.0001,0.051587749272584915,0.18812740000000003,0.051355397701263426,19.453174591064453,✓,✗,0.08973856739148692,0.18700000000000006,19.29328155517578,✓,✗,0.24963266689138167,2290.300048828125,9.83633015318066,0.3239906430244446,9216.0,0.051225267350673676,0.051355397701263426,0.04868997931480408,0.18853539748953968,0.18700000000000006,0.18089999999999995,cnn-4_mnist_rand_gaussian_sig0.03_bounded-pmin1e-05_epoch10_bs250_lr0.001_mon0.95_dp0.0_objective-channel_gradient-chan0.0001-bec-outage0.1-frob-kl0.001_seed7,bec-outage0.1_chan-layer2_mcsamples500_norm-frob_seed7_bounds.json
cnn-4,mnist,10.0,bec,outage 0.1,frob,channel_grad,0.001,0.001,0.05140891671180725,0.18235639999999995,0.051225459575653075,18.171375274658203,✓,✗,0.08919928016655515,0.18000000000000005,18.015714645385742,✓,✗,0.244859359050961,2435.387939453125,7.966985141628489,0.26241785287857056,9216.0,0.0508028045296669,0.051225459575653075,0.04822822213172913,0.1842046861924686,0.18000000000000005,0.1745,cnn-4_mnist_rand_gaussian_sig0.03_bounded-pmin1e-05_epoch10_bs250_lr0.001_mon0.95_dp0.0_objective-channel_gradient-chan0.001-bec-outage0.1-frob-kl0.001_seed7,bec-outage0.1_chan-layer2_mcsamples500_norm-frob_seed7_bounds.json
cnn-4,mnist,10.0,bec,outage 0.1,frob,channel_grad,0.001,0.01,0.19771398603916168,0.8243360000000001,0.1976175308227539,3.962916135787964,✓,✗,0.26039937387610157,0.8228,3.3482837677001953,✓,✗,0.8750317614130838,469.5972595214844,1.1536607672901307,0.0379994660615921,9216.0,0.19834333658218384,0.1976175308227539,0.19740231037139894,0.8243938744769858,0.8228,0.8224,cnn-4_mnist_rand_gaussian_sig0.03_bounded-pmin1e-05_epoch10_bs250_lr0.001_mon0.95_dp0.0_objective-channel_gradient-chan0.01-bec-outage0.1-frob-kl0.001_seed7,bec-outage0.1_chan-layer2_mcsamples500_norm-frob_seed7_bounds.json
cnn-4,mnist,10.0,bec,outage 0.1,frob,channel_grad,0.01,0.0001,0.07968965172767639,0.2926428,0.07928853034973145,19.689037322998047,✓,✗,0.12200203396339553,0.2932,19.45508575439453,✓,✗,0.3559533343230895,1114.4464111328125,14.76627567547892,0.48637399077415466,9216.0,0.07719951122999191,0.07928853034973145,0.07458059191703796,0.2873990962343099,0.2932,0.2823,cnn-4_mnist_rand_gaussian_sig0.03_bounded-pmin1e-05_epoch10_bs250_lr0.001_mon0.95_dp0.0_objective-channel_gradient-chan0.0001-bec-outage0.1-frob-kl0.01_seed7,bec-outage0.1_chan-layer2_mcsamples500_norm-frob_seed7_bounds.json
cnn-4,mnist,10.0,bec,outage 0.1,frob,channel_grad,0.01,0.001,0.08008966594934464,0.2840202,0.0797788679599762,17.174854278564453,✓,✗,0.1221646884282931,0.28690000000000004,16.948379516601562,✓,✗,0.34863862310545857,1156.1756591796875,12.089047240873555,0.39819100499153137,9216.0,0.0773334726691246,0.0797788679599762,0.07471571564674377,0.280465907949791,0.28690000000000004,0.27559999999999996,cnn-4_mnist_rand_gaussian_sig0.03_bounded-pmin1e-05_epoch10_bs250_lr0.001_mon0.95_dp0.0_objective-channel_gradient-chan0.001-bec-outage0.1-frob-kl0.01_seed7,bec-outage0.1_chan-layer2_mcsamples500_norm-frob_seed7_bounds.json
cnn-4,mnist,10.0,bec,outage 0.1,frob,channel_grad,0.01,0.01,0.19695095717906952,0.8417724,0.19680846929550172,3.7186484336853027,✓,✗,0.25948037774660637,0.8394,3.0873775482177734,✓,✗,0.8907512539002322,181.00448608398438,2.071848339842283,0.0682428777217865,9216.0,0.19750650227069855,0.19680846929550172,0.19645487070083617,0.8427332552301238,0.8394,0.8402000000000001,cnn-4_mnist_rand_gaussian_sig0.03_bounded-pmin1e-05_epoch10_bs250_lr0.001_mon0.95_dp0.0_objective-channel_gradient-chan0.01-bec-outage0.1-frob-kl0.01_seed7,bec-outage0.1_chan-layer2_mcsamples500_norm-frob_seed7_bounds.json
cnn-4,mnist,20.0,bec,outage 0.1,frob,vanilla,1.0,0.0,0.03473434969782829,0.12323039999999999,0.034809866547584535,17.4271519831802,✓,-,0.06834580176972695,0.125,17.31732134811706,✓,-,0.17817643683286755,4188.431640625,0.13267394748723166,0.004370036069303751,9216.0,0.0348811075091362,0.034809866547584535,0.03305437564849854,0.12489620083682003,0.125,0.11639999999999995,cnn-4_mnist_rand_gaussian_sig0.03_bounded-pmin1e-05_epoch20_bs250_lr0.001_mon0.95_dp0.0_objective-vanilla_seed7,bec-outage0.1_chan-layer2_mcsamples500_norm-frob_seed7_bounds.json
cnn-4,mnist,20.0,bec,outage 0.1,frob,channel_grad,0.0001,0.0001,0.034871917217969894,0.12366460000000001,0.034758052229881285,22.752971649169922,✓,✗,0.06851015719388313,0.12219999999999998,22.642295837402344,✓,✗,0.179184737984202,4126.609375,5.709873006698554,0.18807272613048553,9216.0,0.03500274568796158,0.034758052229881285,0.03301049768924713,0.12577456066945603,0.12219999999999998,0.11539999999999995,cnn-4_mnist_rand_gaussian_sig0.03_bounded-pmin1e-05_epoch20_bs250_lr0.001_mon0.95_dp0.0_objective-channel_gradient-chan0.0001-bec-outage0.1-frob-kl0.0001_seed7,bec-outage0.1_chan-layer2_mcsamples500_norm-frob_seed7_bounds.json
cnn-4,mnist,20.0,bec,outage 0.1,frob,channel_grad,0.0001,0.001,0.0328698456287384,0.113571,0.032760226726531984,23.510700225830078,✓,✓,0.06568983784665194,0.11309999999999998,23.40755844116211,✓,✓,0.1688352579651333,4599.3212890625,4.5481156711735995,0.14980657398700714,9216.0,0.032917000353336334,0.032760226726531984,0.030934754014015197,0.11679702092050197,0.11309999999999998,0.1069,cnn-4_mnist_rand_gaussian_sig0.03_bounded-pmin1e-05_epoch20_bs250_lr0.001_mon0.95_dp0.0_objective-channel_gradient-chan0.001-bec-outage0.1-frob-kl0.0001_seed7,bec-outage0.1_chan-layer2_mcsamples500_norm-frob_seed7_bounds.json
cnn-4,mnist,20.0,bec,outage 0.1,frob,channel_grad,0.0001,0.01,0.19794213771820068,0.8020082,0.19788068532943726,5.174749851226807,✓,✗,0.26068514914667984,0.8022,4.58167028427124,✓,✗,0.8537647851804293,863.6243286132812,0.778152613677421,0.02563091740012169,9216.0,0.1986066997051239,0.19788068532943726,0.19768738746643066,0.7999651213389106,0.8022,0.7911,cnn-4_mnist_rand_gaussian_sig0.03_bounded-pmin1e-05_epoch20_bs250_lr0.001_mon0.95_dp0.0_objective-channel_gradient-chan0.01-bec-outage0.1-frob-kl0.0001_seed7,bec-outage0.1_chan-layer2_mcsamples500_norm-frob_seed7_bounds.json
cnn-4,mnist,20.0,bec,outage 0.1,frob,channel_grad,0.001,0.0001,0.03956913948059082,0.1410544,0.039439338445663455,20.506813049316406,✓,✗,0.07423999603893047,0.13929999999999998,20.383216857910156,✓,✗,0.1978375587013458,3251.825439453125,7.016353389184254,0.23110578954219818,9216.0,0.039294756948947906,0.039439338445663455,0.03722460269927978,0.14212776569037655,0.13929999999999998,0.13260000000000005,cnn-4_mnist_rand_gaussian_sig0.03_bounded-pmin1e-05_epoch20_bs250_lr0.001_mon0.95_dp0.0_objective-channel_gradient-chan0.0001-bec-outage0.1-frob-kl0.001_seed7,bec-outage0.1_chan-layer2_mcsamples500_norm-frob_seed7_bounds.json
cnn-4,mnist,20.0,bec,outage 0.1,frob,channel_grad,0.001,0.001,0.0372345931828022,0.1287828,0.03712104856967926,20.542112350463867,✓,✗,0.07102374941201203,0.12860000000000005,20.427764892578125,✓,✗,0.1853706515143673,3624.787353515625,5.541507184271522,0.1825270652770996,9216.0,0.036876920610666275,0.03712104856967926,0.03482645153999329,0.13117338912133886,0.12860000000000005,0.12,cnn-4_mnist_rand_gaussian_sig0.03_bounded-pmin1e-05_epoch20_bs250_lr0.001_mon0.95_dp0.0_objective-channel_gradient-chan0.001-bec-outage0.1-frob-kl0.001_seed7,bec-outage0.1_chan-layer2_mcsamples500_norm-frob_seed7_bounds.json
cnn-4,mnist,20.0,bec,outage 0.1,frob,channel_grad,0.001,0.01,0.19715185463428497,0.798059,0.1970809817314148,4.580297470092773,✓,✗,0.25974025919046806,0.7934,3.9882469177246094,✓,✗,0.8517907583721149,657.38427734375,1.0276457376627164,0.03384876251220703,9216.0,0.19774170219898224,0.1970809817314148,0.1968028426170349,0.7977208368200825,0.7934,0.7897000000000001,cnn-4_mnist_rand_gaussian_sig0.03_bounded-pmin1e-05_epoch20_bs250_lr0.001_mon0.95_dp0.0_objective-channel_gradient-chan0.01-bec-outage0.1-frob-kl0.001_seed7,bec-outage0.1_chan-layer2_mcsamples500_norm-frob_seed7_bounds.json
cnn-4,mnist,20.0,bec,outage 0.1,frob,channel_grad,0.01,0.0001,0.07648011296987534,0.28101680000000007,0.07602434754371643,19.28150749206543,✓,✗,0.11823867238857962,0.27990000000000004,19.055864334106445,✓,✗,0.343882239171947,1176.734130859375,14.116527092529994,0.46497246623039246,9216.0,0.07410535216331482,0.07602434754371643,0.07156867980957031,0.27596836820083676,0.27990000000000004,0.2599,cnn-4_mnist_rand_gaussian_sig0.03_bounded-pmin1e-05_epoch20_bs250_lr0.001_mon0.95_dp0.0_objective-channel_gradient-chan0.0001-bec-outage0.1-frob-kl0.01_seed7,bec-outage0.1_chan-layer2_mcsamples500_norm-frob_seed7_bounds.json
cnn-4,mnist,20.0,bec,outage 0.1,frob,channel_grad,0.01,0.001,0.07496073842048645,0.26539640000000003,0.07460224628448486,16.964637756347656,✓,✗,0.11605778789234793,0.2621,16.751548767089844,✓,✗,0.3291469527747274,1255.2938232421875,11.49367509618539,0.3785805404186249,9216.0,0.07231882214546204,0.07460224628448486,0.06978646516799927,0.2620810711297071,0.2621,0.24609999999999999,cnn-4_mnist_rand_gaussian_sig0.03_bounded-pmin1e-05_epoch20_bs250_lr0.001_mon0.95_dp0.0_objective-channel_gradient-chan0.001-bec-outage0.1-frob-kl0.01_seed7,bec-outage0.1_chan-layer2_mcsamples500_norm-frob_seed7_bounds.json
cnn-4,mnist,20.0,bec,outage 0.1,frob,channel_grad,0.01,0.01,0.1961837112903595,0.8316028000000002,0.19607573747634888,3.803257465362549,✓,✗,0.2585804619843343,0.8299,3.1796884536743164,✓,✗,0.8821495328967204,192.4039764404297,2.118520891391818,0.06978018581867218,9216.0,0.19668403267860413,0.19607573747634888,0.19565564393997192,0.8326591799163165,0.8299,0.8238,cnn-4_mnist_rand_gaussian_sig0.03_bounded-pmin1e-05_epoch20_bs250_lr0.001_mon0.95_dp0.0_objective-channel_gradient-chan0.01-bec-outage0.1-frob-kl0.01_seed7,bec-outage0.1_chan-layer2_mcsamples500_norm-frob_seed7_bounds.json
cnn-4,mnist,30.0,bec,outage 0.1,frob,vanilla,1.0,0.0,0.026705114170908928,0.09334579999999998,0.02635981738567352,23.040390014648438,✓,-,0.0572302894462068,0.09260000000000002,22.954105377197266,✓,-,0.14351485206672887,5571.87939453125,0.13267394748723166,0.004370036069303751,9216.0,0.026783393695950508,0.02635981738567352,0.02520299255847931,0.09515738912133875,0.09260000000000002,0.08879999999999999,cnn-4_mnist_rand_gaussian_sig0.03_bounded-pmin1e-05_epoch30_bs250_lr0.001_mon0.95_dp0.0_objective-vanilla_seed7,bec-outage0.1_chan-layer2_mcsamples500_norm-frob_seed7_bounds.json
cnn-4,mnist,30.0,bec,outage 0.1,frob,channel_grad,0.0001,0.0001,0.026957616209983826,0.09392440000000002,0.026915925741195678,26.550756454467773,✓,✗,0.05758771596850909,0.09450000000000003,26.463912963867188,✓,✗,0.1444321002220233,5399.24267578125,4.346908915748269,0.14317919313907623,9216.0,0.02703837864100933,0.026915925741195678,0.025539764761924745,0.09593332217573214,0.09450000000000003,0.09109999999999996,cnn-4_mnist_rand_gaussian_sig0.03_bounded-pmin1e-05_epoch30_bs250_lr0.001_mon0.95_dp0.0_objective-channel_gradient-chan0.0001-bec-outage0.1-frob-kl0.0001_seed7,bec-outage0.1_chan-layer2_mcsamples500_norm-frob_seed7_bounds.json
cnn-4,mnist,30.0,bec,outage 0.1,frob,channel_grad,0.0001,0.001,0.024583615362644196,0.0835536,0.024565498530864715,28.301355361938477,✓,✓,0.054235011286192666,0.08289999999999997,28.22237205505371,✓,✓,0.1332183481177746,6046.1630859375,3.4676777932865726,0.11421893537044525,9216.0,0.024660220369696617,0.024565498530864715,0.023099952936172487,0.08650865271966518,0.08289999999999997,0.08179999999999998,cnn-4_mnist_rand_gaussian_sig0.03_bounded-pmin1e-05_epoch30_bs250_lr0.001_mon0.95_dp0.0_objective-channel_gradient-chan0.001-bec-outage0.1-frob-kl0.0001_seed7,bec-outage0.1_chan-layer2_mcsamples500_norm-frob_seed7_bounds.json
cnn-4,mnist,30.0,bec,outage 0.1,frob,channel_grad,0.0001,0.01,0.19765779376029968,0.7768915999999998,0.19766077995300294,6.109734058380127,✓,✗,0.26036352127342366,0.7724,5.539221286773682,✓,✗,0.8308763629966553,1111.4464111328125,0.7242960938970686,0.023856982588768005,9216.0,0.19831110537052155,0.19766077995300294,0.19748892784118652,0.7741065774058575,0.7724,0.7658,cnn-4_mnist_rand_gaussian_sig0.03_bounded-pmin1e-05_epoch30_bs250_lr0.001_mon0.95_dp0.0_objective-channel_gradient-chan0.01-bec-outage0.1-frob-kl0.0001_seed7,bec-outage0.1_chan-layer2_mcsamples500_norm-frob_seed7_bounds.json
cnn-4,mnist,30.0,bec,outage 0.1,frob,channel_grad,0.001,0.0001,0.03316282853484154,0.11567639999999998,0.03326993882656097,21.679445266723633,✓,✗,0.06549646110389334,0.11670000000000003,21.57598876953125,✓,✗,0.16895258512161243,3808.76025390625,5.944192586361447,0.19579078257083893,9216.0,0.03277508169412613,0.03326993882656097,0.03116694986820221,0.11689663598326336,0.11670000000000003,0.11329999999999996,cnn-4_mnist_rand_gaussian_sig0.03_bounded-pmin1e-05_epoch30_bs250_lr0.001_mon0.95_dp0.0_objective-channel_gradient-chan0.0001-bec-outage0.1-frob-kl0.001_seed7,bec-outage0.1_chan-layer2_mcsamples500_norm-frob_seed7_bounds.json
cnn-4,mnist,30.0,bec,outage 0.1,frob,channel_grad,0.001,0.001,0.030097395181655884,0.101482,0.03018140494823456,22.256698608398438,✓,✗,0.061271431575101835,0.1028,22.164180755615234,✓,✗,0.1537877323214646,4273.56005859375,4.639073469664346,0.15280255675315857,9216.0,0.029689345508813858,0.03018140494823456,0.028004592657089232,0.10387772384937222,0.1028,0.09889999999999999,cnn-4_mnist_rand_gaussian_sig0.03_bounded-pmin1e-05_epoch30_bs250_lr0.001_mon0.95_dp0.0_objective-channel_gradient-chan0.001-bec-outage0.1-frob-kl0.001_seed7,bec-outage0.1_chan-layer2_mcsamples500_norm-frob_seed7_bounds.json
cnn-4,mnist,30.0,bec,outage 0.1,frob,channel_grad,0.001,0.01,0.19555161893367767,0.764158,0.19557780027389526,5.211984157562256,✓,✗,0.2578395985927502,0.767,4.647535800933838,✓,✗,0.8222880746661476,786.537841796875,1.161567780734185,0.03825990855693817,9216.0,0.1960075944662094,0.19557780027389526,0.19516589641571044,0.7644977405857736,0.767,0.7588,cnn-4_mnist_rand_gaussian_sig0.03_bounded-pmin1e-05_epoch30_bs250_lr0.001_mon0.95_dp0.0_objective-channel_gradient-chan0.01-bec-outage0.1-frob-kl0.001_seed7,bec-outage0.1_chan-layer2_mcsamples500_norm-frob_seed7_bounds.json
cnn-4,mnist,30.0,bec,outage 0.1,frob,channel_grad,0.01,0.0001,0.07564770430326462,0.2767902,0.0760400950908661,19.24125862121582,✓,✗,0.11738531361278612,0.27690000000000003,19.01852035522461,✓,✗,0.34012263306457347,1178.6392822265625,14.072259941511527,0.46351438760757446,9216.0,0.07340599596500397,0.0760400950908661,0.07111128568649291,0.27241991631799173,0.27690000000000003,0.25960000000000005,cnn-4_mnist_rand_gaussian_sig0.03_bounded-pmin1e-05_epoch30_bs250_lr0.001_mon0.95_dp0.0_objective-channel_gradient-chan0.0001-bec-outage0.1-frob-kl0.01_seed7,bec-outage0.1_chan-layer2_mcsamples500_norm-frob_seed7_bounds.json
cnn-4,mnist,30.0,bec,outage 0.1,frob,channel_grad,0.01,0.001,0.07381677627563477,0.26003860000000006,0.07416148781776429,16.945173263549805,✓,✗,0.11483040056380779,0.2632,16.735864639282227,✓,✗,0.32413904476706457,1263.7457275390625,11.444712958010363,0.37696781754493713,9216.0,0.07131512463092804,0.07416148781776429,0.06896433234214783,0.25737646861924696,0.2632,0.24570000000000003,cnn-4_mnist_rand_gaussian_sig0.03_bounded-pmin1e-05_epoch30_bs250_lr0.001_mon0.95_dp0.0_objective-channel_gradient-chan0.001-bec-outage0.1-frob-kl0.01_seed7,bec-outage0.1_chan-layer2_mcsamples500_norm-frob_seed7_bounds.json
cnn-4,mnist,30.0,bec,outage 0.1,frob,channel_grad,0.01,0.01,0.19546633958816528,0.8220502000000001,0.19553886651992797,3.9301507472991943,✓,✗,0.2577287733918606,0.8240000000000001,3.3144192695617676,✓,✗,0.873460177400259,200.33123779296875,2.221740713334583,0.07318005710840225,9216.0,0.19590747356414795,0.19553886651992797,0.19510152339935302,0.8225659246861907,0.8240000000000001,0.8184,cnn-4_mnist_rand_gaussian_sig0.03_bounded-pmin1e-05_epoch30_bs250_lr0.001_mon0.95_dp0.0_objective-channel_gradient-chan0.01-bec-outage0.1-frob-kl0.01_seed7,bec-outage0.1_chan-layer2_mcsamples500_norm-frob_seed7_bounds.json
cnn-4,mnist,40.0,bec,outage 0.1,frob,vanilla,1.0,0.0,0.021177206188440323,0.0737664,0.020886066555976867,28.17631927523261,✓,-,0.04933688625787205,0.07269999999999999,28.106002186485444,✓,-,0.11965397500503841,6835.76416015625,0.13267394748723166,0.004370036069303751,9216.0,0.02125207707285881,0.020886066555976867,0.019504842162132264,0.075267380753138,0.07269999999999999,0.06879999999999997,cnn-4_mnist_rand_gaussian_sig0.03_bounded-pmin1e-05_epoch40_bs250_lr0.001_mon0.95_dp0.0_objective-vanilla_seed7,bec-outage0.1_chan-layer2_mcsamples500_norm-frob_seed7_bounds.json
cnn-4,mnist,50.0,bec,outage 0.1,frob,vanilla,1.0,0.0,0.01754920557141304,0.06127399999999999,0.01727173775434494,32.6682494953773,✓,-,0.044049513398171626,0.06030000000000002,32.608310171508144,✓,-,0.1039888372673281,7939.89501953125,0.13267394748723166,0.004370036069303751,9216.0,0.01767311431467533,0.01727173775434494,0.016427749395370485,0.06253318828451879,0.06030000000000002,0.058599999999999985,cnn-4_mnist_rand_gaussian_sig0.03_bounded-pmin1e-05_epoch50_bs250_lr0.001_mon0.95_dp0.0_objective-vanilla_seed7,bec-outage0.1_chan-layer2_mcsamples500_norm-frob_seed7_bounds.json
cnn-4,mnist,50.0,bec,outage 0.1,frob,channel_grad,0.0001,0.0001,0.018060723319649696,0.06271400000000002,0.018046095967292786,33.61537551879883,✓,✗,0.0447299898367213,0.06310000000000004,33.5542106628418,✓,✗,0.10589618228146208,7426.29736328125,3.174647801865148,0.10456706583499908,9216.0,0.018127480521798134,0.018046095967292786,0.01693577617406845,0.06406744769874474,0.06310000000000004,0.05889999999999995,cnn-4_mnist_rand_gaussian_sig0.03_bounded-pmin1e-05_epoch50_bs250_lr0.001_mon0.95_dp0.0_objective-channel_gradient-chan0.0001-bec-outage0.1-frob-kl0.0001_seed7,bec-outage0.1_chan-layer2_mcsamples500_norm-frob_seed7_bounds.json
cnn-4,mnist,50.0,bec,outage 0.1,frob,channel_grad,0.0001,0.001,0.016552135348320007,0.056319200000000014,0.016538237035274506,35.90631866455078,✓,✓,0.042534151951866925,0.05740000000000001,35.8501091003418,✓,✓,0.09874401523990978,8127.646484375,2.609496526760631,0.0859520211815834,9216.0,0.016669077798724174,0.016538237035274506,0.015541438758373261,0.05833857740585774,0.05740000000000001,0.055499999999999994,cnn-4_mnist_rand_gaussian_sig0.03_bounded-pmin1e-05_epoch50_bs250_lr0.001_mon0.95_dp0.0_objective-channel_gradient-chan0.001-bec-outage0.1-frob-kl0.0001_seed7,bec-outage0.1_chan-layer2_mcsamples500_norm-frob_seed7_bounds.json
cnn-4,mnist,50.0,bec,outage 0.1,frob,channel_grad,0.0001,0.01,0.1957109272480011,0.7072422000000002,0.19572459459304808,7.804932594299316,✓,✗,0.25804217347252556,0.7055,7.292162895202637,✓,✗,0.7708116710689288,1510.3837890625,0.8509047263403244,0.028027238324284554,9216.0,0.19619382917881012,0.19572459459304808,0.19529577493667602,0.7078429456066955,0.7055,0.7013,cnn-4_mnist_rand_gaussian_sig0.03_bounded-pmin1e-05_epoch50_bs250_lr0.001_mon0.95_dp0.0_objective-channel_gradient-chan0.01-bec-outage0.1-frob-kl0.0001_seed7,bec-outage0.1_chan-layer2_mcsamples500_norm-frob_seed7_bounds.json
cnn-4,mnist,50.0,bec,outage 0.1,frob,channel_grad,0.001,0.0001,0.025589359924197197,0.08738500000000002,0.025654208660125733,23.41632652282715,✓,✗,0.05476556604221875,0.08740000000000003,23.335922241210938,✓,✗,0.13517046451388026,4487.64404296875,4.94332655237311,0.1628240942955017,9216.0,0.025034768506884575,0.025654208660125733,0.023387406766414643,0.08814071966527191,0.08740000000000003,0.08320000000000005,cnn-4_mnist_rand_gaussian_sig0.03_bounded-pmin1e-05_epoch50_bs250_lr0.001_mon0.95_dp0.0_objective-channel_gradient-chan0.0001-bec-outage0.1-frob-kl0.001_seed7,bec-outage0.1_chan-layer2_mcsamples500_norm-frob_seed7_bounds.json
cnn-4,mnist,50.0,bec,outage 0.1,frob,channel_grad,0.001,0.001,0.023064909502863884,0.07615480000000001,0.023064708709716795,24.170318603515625,✓,✗,0.05121941066462631,0.07650000000000001,24.098743438720703,✓,✗,0.12279340544563608,4922.5068359375,3.9343748077035974,0.12959107756614685,9216.0,0.022552011534571648,0.023064708709716795,0.021020498871803284,0.07785194979079492,0.07650000000000001,0.07240000000000002,cnn-4_mnist_rand_gaussian_sig0.03_bounded-pmin1e-05_epoch50_bs250_lr0.001_mon0.95_dp0.0_objective-channel_gradient-chan0.001-bec-outage0.1-frob-kl0.001_seed7,bec-outage0.1_chan-layer2_mcsamples500_norm-frob_seed7_bounds.json
cnn-4,mnist,50.0,bec,outage 0.1,frob,channel_grad,0.001,0.01,0.10723703354597092,0.2682314,0.10726542472839355,14.119173049926758,✓,✗,0.15264313303715688,0.26959999999999995,13.934814453125,✓,✗,0.33700249496161316,2161.309326171875,4.941561295109195,0.16276594996452332,9216.0,0.10290117561817169,0.10726542472839355,0.1011702299118042,0.2694774225941424,0.26959999999999995,0.2639,cnn-4_mnist_rand_gaussian_sig0.03_bounded-pmin1e-05_epoch50_bs250_lr0.001_mon0.95_dp0.0_objective-channel_gradient-chan0.01-bec-outage0.1-frob-kl0.001_seed7,bec-outage0.1_chan-layer2_mcsamples500_norm-frob_seed7_bounds.json
cnn-4,mnist,50.0,bec,outage 0.1,frob,channel_grad,0.01,0.0001,0.07601233571767807,0.27604639999999997,0.07550092339515686,18.902542114257812,✓,✗,0.11732074317163371,0.26970000000000005,18.68232536315918,✓,✗,0.3375384597864546,1178.98486328125,13.73471850411456,0.4523963928222656,9216.0,0.07335305213928223,0.07550092339515686,0.07055021524429321,0.269982058577406,0.26970000000000005,0.2592,cnn-4_mnist_rand_gaussian_sig0.03_bounded-pmin1e-05_epoch50_bs250_lr0.001_mon0.95_dp0.0_objective-channel_gradient-chan0.0001-bec-outage0.1-frob-kl0.01_seed7,bec-outage0.1_chan-layer2_mcsamples500_norm-frob_seed7_bounds.json
cnn-4,mnist,50.0,bec,outage 0.1,frob,channel_grad,0.01,0.001,0.07420508563518524,0.257904,0.07373294234275818,16.643314361572266,✓,✗,0.11478444237321887,0.25249999999999995,16.438030242919922,✓,✗,0.32006866263062794,1265.765625,11.138678331707213,0.3668875992298126,9216.0,0.07127805799245834,0.07373294234275818,0.06856480836868287,0.25356103765690363,0.25249999999999995,0.2409,cnn-4_mnist_rand_gaussian_sig0.03_bounded-pmin1e-05_epoch50_bs250_lr0.001_mon0.95_dp0.0_objective-channel_gradient-chan0.001-bec-outage0.1-frob-kl0.01_seed7,bec-outage0.1_chan-layer2_mcsamples500_norm-frob_seed7_bounds.json
cnn-4,mnist,50.0,bec,outage 0.1,frob,channel_grad,0.01,0.01,0.1943082958459854,0.8054131999999998,0.19419246912002563,4.106346130371094,✓,✗,0.25629698723066896,0.8056,3.504633903503418,✓,✗,0.8580095996781414,213.3355712890625,2.3602968960223794,0.07774384319782257,9216.0,0.19460272789001465,0.19419246912002563,0.193667995929718,0.8048101087866105,0.8056,0.7951,cnn-4_mnist_rand_gaussian_sig0.03_bounded-pmin1e-05_epoch50_bs250_lr0.001_mon0.95_dp0.0_objective-channel_gradient-chan0.01-bec-outage0.1-frob-kl0.01_seed7,bec-outage0.1_chan-layer2_mcsamples500_norm-frob_seed7_bounds.json
cnn-4,mnist,10.0,bec,outage 0.1,spec,vanilla,1.0,0.0,0.049061812460422516,0.1788616,0.049273240566253665,10.73986032960587,✓,-,0.08680293317263732,0.17920000000000003,10.587168372001672,✓,-,0.23949489077683483,2556.71875,0.04550382122397423,0.04550382122397423,9216.0,0.04893307760357857,0.049273240566253665,0.046815219521522525,0.17934952301255228,0.17920000000000003,0.16959999999999997,cnn-4_mnist_rand_gaussian_sig0.03_bounded-pmin1e-05_epoch10_bs250_lr0.001_mon0.95_dp0.0_objective-vanilla_seed7,bec-outage0.1_chan-layer2_mcsamples500_norm-spec_seed7_bounds.json
cnn-4,mnist,10.0,bec,outage 0.1,spec,channel_grad,0.0001,0.0001,0.04895199462771416,0.1787048,0.04874882102012634,10.889385169730476,✓,✓,0.08679884982479444,0.17589999999999995,10.736404606442575,✓,✓,0.23977941311269568,2534.028564453125,0.28737643361091614,0.28737643361091614,9216.0,0.04892976954579353,0.04874882102012634,0.04639119505882263,0.17960589121338916,0.17589999999999995,0.17100000000000004,cnn-4_mnist_rand_gaussian_sig0.03_bounded-pmin1e-05_epoch10_bs250_lr0.001_mon0.95_dp0.0_objective-channel_gradient-chan0.0001-bec-outage0.1-spec-kl0.0001_seed7,bec-outage0.1_chan-layer2_mcsamples500_norm-spec_seed7_bounds.json
cnn-4,mnist,10.0,bec,outage 0.1,spec,channel_grad,0.0001,0.001,0.04889995977282524,0.17833980000000002,0.04869785606861114,10.914828176331289,✓,✓,0.08672121227322312,0.17579999999999996,10.762078132391489,✓,✓,0.2394712562130222,2541.0615234375,0.28441566228866577,0.28441566228866577,9216.0,0.048869695514440536,0.04869785606861114,0.04632985591888428,0.17932739748953982,0.17579999999999996,0.17100000000000004,cnn-4_mnist_rand_gaussian_sig0.03_bounded-pmin1e-05_epoch10_bs250_lr0.001_mon0.95_dp0.0_objective-channel_gradient-chan0.001-bec-outage0.1-spec-kl0.0001_seed7,bec-outage0.1_chan-layer2_mcsamples500_norm-spec_seed7_bounds.json
cnn-4,mnist,10.0,bec,outage 0.1,spec,channel_grad,0.0001,0.01,0.048551324754953384,0.17549599999999999,0.048366031050682066,11.156643381534469,✓,✓,0.08616901392009688,0.17310000000000003,11.005843163764538,✓,✓,0.23696923169002698,2607.090576171875,0.25917041301727295,0.25917041301727295,9216.0,0.048440154641866684,0.048366031050682066,0.04588657021522522,0.1770678828451883,0.17310000000000003,0.16800000000000004,cnn-4_mnist_rand_gaussian_sig0.03_bounded-pmin1e-05_epoch10_bs250_lr0.001_mon0.95_dp0.0_objective-channel_gradient-chan0.01-bec-outage0.1-spec-kl0.0001_seed7,bec-outage0.1_chan-layer2_mcsamples500_norm-spec_seed7_bounds.json
cnn-4,mnist,10.0,bec,outage 0.1,spec,channel_grad,0.001,0.0001,0.051747292280197144,0.18932680000000002,0.05150569677352905,9.846338880427599,✓,✗,0.08997691313756791,0.18820000000000003,9.685619508220082,✓,✗,0.25069628534508487,2270.12158203125,0.31080901622772217,0.31080901622772217,9216.0,0.0514114648103714,0.05150569677352905,0.048879748582839964,0.18950172384937244,0.18820000000000003,0.18189999999999995,cnn-4_mnist_rand_gaussian_sig0.03_bounded-pmin1e-05_epoch10_bs250_lr0.001_mon0.95_dp0.0_objective-channel_gradient-chan0.0001-bec-outage0.1-spec-kl0.001_seed7,bec-outage0.1_chan-layer2_mcsamples500_norm-spec_seed7_bounds.json
cnn-4,mnist,10.0,bec,outage 0.1,spec,channel_grad,0.001,0.001,0.05169205740094185,0.18894520000000004,0.05145152807235718,9.868098221022924,✓,✗,0.08989633661164026,0.18789999999999996,9.707657706902433,✓,✗,0.25033685073213174,2276.3359375,0.3075577914714813,0.3075577914714813,9216.0,0.05134822055697441,0.05145152807235718,0.04881513714790344,0.1891765020920503,0.18789999999999996,0.18169999999999997,cnn-4_mnist_rand_gaussian_sig0.03_bounded-pmin1e-05_epoch10_bs250_lr0.001_mon0.95_dp0.0_objective-channel_gradient-chan0.001-bec-outage0.1-spec-kl0.001_seed7,bec-outage0.1_chan-layer2_mcsamples500_norm-spec_seed7_bounds.json
cnn-4,mnist,10.0,bec,outage 0.1,spec,channel_grad,0.001,0.01,0.05132340267300606,0.18578099999999997,0.0511119544506073,10.075510921388913,✓,✗,0.0893226975060876,0.1834,9.91729864945135,✓,✗,0.2475349694436504,2334.489990234375,0.2803594470024109,0.2803594470024109,9216.0,0.05089935287833214,0.0511119544506073,0.04835258722305298,0.1866326359832635,0.1834,0.17779999999999996,cnn-4_mnist_rand_gaussian_sig0.03_bounded-pmin1e-05_epoch10_bs250_lr0.001_mon0.95_dp0.0_objective-channel_gradient-chan0.01-bec-outage0.1-spec-kl0.001_seed7,bec-outage0.1_chan-layer2_mcsamples500_norm-spec_seed7_bounds.json
cnn-4,mnist,10.0,bec,outage 0.1,spec,channel_grad,0.01,0.0001,0.07979694753885269,0.2943138,0.07938397526741028,5.372892628282189,✓,✗,0.1221731398680898,0.2945,5.137672635942456,✓,✗,0.3573931322078228,1109.048095703125,0.4707285761833191,0.4707285761833191,9216.0,0.0773405060172081,0.07938397526741028,0.0747203767299652,0.288770008368201,0.2945,0.2845,cnn-4_mnist_rand_gaussian_sig0.03_bounded-pmin1e-05_epoch10_bs250_lr0.001_mon0.95_dp0.0_objective-channel_gradient-chan0.0001-bec-outage0.1-spec-kl0.01_seed7,bec-outage0.1_chan-layer2_mcsamples500_norm-spec_seed7_bounds.json
cnn-4,mnist,10.0,bec,outage 0.1,spec,channel_grad,0.01,0.001,0.07976268976926804,0.293768,0.07935407757759094,5.3748234699234105,✓,✗,0.12211820406234135,0.29410000000000003,5.139991386705209,✓,✗,0.3569502872805419,1110.6571044921875,0.46653351187705994,0.46653351187705994,9216.0,0.0772957131266594,0.07935407757759094,0.07467836737632752,0.2883459748953975,0.29410000000000003,0.28380000000000005,cnn-4_mnist_rand_gaussian_sig0.03_bounded-pmin1e-05_epoch10_bs250_lr0.001_mon0.95_dp0.0_objective-channel_gradient-chan0.001-bec-outage0.1-spec-kl0.01_seed7,bec-outage0.1_chan-layer2_mcsamples500_norm-spec_seed7_bounds.json
cnn-4,mnist,10.0,bec,outage 0.1,spec,channel_grad,0.01,0.01,0.07961290329694748,0.2896078,0.07923842072486878,5.395805186323889,✓,✗,0.1218146284132283,0.2901,5.16434019213229,✓,✗,0.3532796226048269,1125.73095703125,0.42964714765548706,0.42964714765548706,9216.0,0.07704509794712067,0.07923842072486878,0.07442883849143982,0.28486336401673656,0.2901,0.28049999999999997,cnn-4_mnist_rand_gaussian_sig0.03_bounded-pmin1e-05_epoch10_bs250_lr0.001_mon0.95_dp0.0_objective-channel_gradient-chan0.01-bec-outage0.1-spec-kl0.01_seed7,bec-outage0.1_chan-layer2_mcsamples500_norm-spec_seed7_bounds.json
cnn-4,mnist,20.0,bec,outage 0.1,spec,vanilla,1.0,0.0,0.03473434969782829,0.12323039999999999,0.034809866547584535,17.339981856916943,✓,-,0.06834580176972695,0.125,17.230151221853802,✓,-,0.17817643683286755,4188.431640625,0.04550382122397423,0.04550382122397423,9216.0,0.0348811075091362,0.034809866547584535,0.03305437564849854,0.12489620083682003,0.125,0.11639999999999995,cnn-4_mnist_rand_gaussian_sig0.03_bounded-pmin1e-05_epoch20_bs250_lr0.001_mon0.95_dp0.0_objective-vanilla_seed7,bec-outage0.1_chan-layer2_mcsamples500_norm-spec_seed7_bounds.json
cnn-4,mnist,20.0,bec,outage 0.1,spec,channel_grad,0.0001,0.0001,0.03517548367381096,0.125174,0.03506252467632294,16.97288968064313,✓,✗,0.06893451547590121,0.12409999999999999,16.861121210003777,✓,✗,0.18070298611525598,4066.37451171875,0.1741812378168106,0.1741812378168106,9216.0,0.035318467766046524,0.03506252467632294,0.03332421779632568,0.12709723849372379,0.12409999999999999,0.11719999999999997,cnn-4_mnist_rand_gaussian_sig0.03_bounded-pmin1e-05_epoch20_bs250_lr0.001_mon0.95_dp0.0_objective-channel_gradient-chan0.0001-bec-outage0.1-spec-kl0.0001_seed7,bec-outage0.1_chan-layer2_mcsamples500_norm-spec_seed7_bounds.json
cnn-4,mnist,20.0,bec,outage 0.1,spec,channel_grad,0.0001,0.001,0.035080812871456146,0.12468739999999998,0.03496557772159577,17.04409093048833,✓,✗,0.06880275911943634,0.12360000000000004,16.93266632882615,✓,✗,0.18022736078161555,4084.410400390625,0.1722269058227539,0.1722269058227539,9216.0,0.03522008657455444,0.03496557772159577,0.033228784799575806,0.12668277824267773,0.12360000000000004,0.1169,cnn-4_mnist_rand_gaussian_sig0.03_bounded-pmin1e-05_epoch20_bs250_lr0.001_mon0.95_dp0.0_objective-channel_gradient-chan0.001-bec-outage0.1-spec-kl0.0001_seed7,bec-outage0.1_chan-layer2_mcsamples500_norm-spec_seed7_bounds.json
cnn-4,mnist,20.0,bec,outage 0.1,spec,channel_grad,0.0001,0.01,0.03422309085726738,0.12054580000000001,0.03411128222942352,17.73487830060401,✓,✓,0.06760979703393169,0.11960000000000004,17.62653044005421,✓,✓,0.17595765758373078,4258.77001953125,0.1554638147354126,0.1554638147354126,9216.0,0.03433522582054138,0.03411128222942352,0.03234473168849945,0.12296820083682003,0.11960000000000004,0.11270000000000002,cnn-4_mnist_rand_gaussian_sig0.03_bounded-pmin1e-05_epoch20_bs250_lr0.001_mon0.95_dp0.0_objective-channel_gradient-chan0.01-bec-outage0.1-spec-kl0.0001_seed7,bec-outage0.1_chan-layer2_mcsamples500_norm-spec_seed7_bounds.json
cnn-4,mnist,20.0,bec,outage 0.1,spec,channel_grad,0.001,0.0001,0.03992398828268051,0.14285800000000004,0.03978798985481262,13.521057439488388,✓,✗,0.07472575934721448,0.14149999999999996,13.396115323987315,✓,✗,0.19966787484828666,3205.48583984375,0.21794739365577698,0.21794739365577698,9216.0,0.03966199606657028,0.03978798985481262,0.03758825063705444,0.14374286192468616,0.14149999999999996,0.13390000000000002,cnn-4_mnist_rand_gaussian_sig0.03_bounded-pmin1e-05_epoch20_bs250_lr0.001_mon0.95_dp0.0_objective-channel_gradient-chan0.0001-bec-outage0.1-spec-kl0.001_seed7,bec-outage0.1_chan-layer2_mcsamples500_norm-spec_seed7_bounds.json
cnn-4,mnist,20.0,bec,outage 0.1,spec,channel_grad,0.001,0.001,0.039811547845602036,0.14229580000000003,0.03967695236206055,13.575675880998707,✓,✗,0.0745714424298321,0.14100000000000001,13.451159138168844,✓,✗,0.19908818525969596,3219.607666015625,0.21549341082572937,0.21549341082572937,9216.0,0.039545562118291855,0.03967695236206055,0.037471631169319154,0.14323106276150635,0.14100000000000001,0.13360000000000005,cnn-4_mnist_rand_gaussian_sig0.03_bounded-pmin1e-05_epoch20_bs250_lr0.001_mon0.95_dp0.0_objective-channel_gradient-chan0.001-bec-outage0.1-spec-kl0.001_seed7,bec-outage0.1_chan-layer2_mcsamples500_norm-spec_seed7_bounds.json
cnn-4,mnist,20.0,bec,outage 0.1,spec,channel_grad,0.001,0.01,0.03883463889360428,0.13734200000000002,0.038711756467819214,14.09763223765432,✓,✗,0.07323730428341038,0.13749999999999996,13.976823983031494,✓,✗,0.19404555890623576,3353.845703125,0.19446790218353271,0.19446790218353271,9216.0,0.038538724184036255,0.038711756467819214,0.036473211646080014,0.13878564016736403,0.13749999999999996,0.12839999999999996,cnn-4_mnist_rand_gaussian_sig0.03_bounded-pmin1e-05_epoch20_bs250_lr0.001_mon0.95_dp0.0_objective-channel_gradient-chan0.01-bec-outage0.1-spec-kl0.001_seed7,bec-outage0.1_chan-layer2_mcsamples500_norm-spec_seed7_bounds.json
cnn-4,mnist,20.0,bec,outage 0.1,spec,channel_grad,0.01,0.0001,0.07675879448652267,0.28320159999999994,0.07628998160362244,5.581540838559452,✓,✗,0.11862293886308263,0.2823,5.354161218902051,✓,✗,0.34600255852048406,1168.1766357421875,0.44937610626220703,0.44937610626220703,9216.0,0.07441987097263336,0.07628998160362244,0.07188149690628051,0.2779738242677826,0.2823,0.2622,cnn-4_mnist_rand_gaussian_sig0.03_bounded-pmin1e-05_epoch20_bs250_lr0.001_mon0.95_dp0.0_objective-channel_gradient-chan0.0001-bec-outage0.1-spec-kl0.01_seed7,bec-outage0.1_chan-layer2_mcsamples500_norm-spec_seed7_bounds.json
cnn-4,mnist,20.0,bec,outage 0.1,spec,channel_grad,0.01,0.001,0.076677106320858,0.28254460000000003,0.0762098491191864,5.58716003683144,✓,✗,0.11850963552334016,0.28159999999999996,5.360293335353212,✓,✗,0.3453763370015686,1170.686279296875,0.4453759491443634,0.4453759491443634,9216.0,0.07432684302330017,0.0762098491191864,0.07178958654403686,0.277379849372385,0.28159999999999996,0.26149999999999995,cnn-4_mnist_rand_gaussian_sig0.03_bounded-pmin1e-05_epoch20_bs250_lr0.001_mon0.95_dp0.0_objective-channel_gradient-chan0.001-bec-outage0.1-spec-kl0.01_seed7,bec-outage0.1_chan-layer2_mcsamples500_norm-spec_seed7_bounds.json
cnn-4,mnist,20.0,bec,outage 0.1,spec,channel_grad,0.01,0.01,0.07600478082895279,0.2764818000000001,0.0755811870098114,5.646583376488482,✓,✗,0.11755342480884996,0.2754,5.424531459879027,✓,✗,0.3396053414183045,1195.499755859375,0.40926969051361084,0.40926969051361084,9216.0,0.07354352623224258,0.0755811870098114,0.07100797295570374,0.27192917154811735,0.2754,0.25560000000000005,cnn-4_mnist_rand_gaussian_sig0.03_bounded-pmin1e-05_epoch20_bs250_lr0.001_mon0.95_dp0.0_objective-channel_gradient-chan0.01-bec-outage0.1-spec-kl0.01_seed7,bec-outage0.1_chan-layer2_mcsamples500_norm-spec_seed7_bounds.json
cnn-4,mnist,30.0,bec,outage 0.1,spec,vanilla,1.0,0.0,0.026705114170908928,0.09334579999999998,0.02635981738567352,22.95322036743164,✓,-,0.0572302894462068,0.09260000000000002,22.86693572998047,✓,-,0.14351485206672887,5571.87939453125,0.04550382122397423,0.04550382122397423,9216.0,0.026783393695950508,0.02635981738567352,0.02520299255847931,0.09515738912133875,0.09260000000000002,0.08879999999999999,cnn-4_mnist_rand_gaussian_sig0.03_bounded-pmin1e-05_epoch30_bs250_lr0.001_mon0.95_dp0.0_objective-vanilla_seed7,bec-outage0.1_chan-layer2_mcsamples500_norm-spec_seed7_bounds.json
cnn-4,mnist,30.0,bec,outage 0.1,spec,channel_grad,0.0001,0.0001,0.027319585904479027,0.0954842,0.02727482616901398,21.99056172893034,✓,✗,0.058092971230357664,0.09609999999999996,21.90253289166949,✓,✗,0.14612180849120882,5315.04736328125,0.12874889373779297,0.12874889373779297,9216.0,0.027400091290473938,0.02727482616901398,0.02590908408164978,0.09736224267782408,0.09609999999999996,0.09289999999999998,cnn-4_mnist_rand_gaussian_sig0.03_bounded-pmin1e-05_epoch30_bs250_lr0.001_mon0.95_dp0.0_objective-channel_gradient-chan0.0001-bec-outage0.1-spec-kl0.0001_seed7,bec-outage0.1_chan-layer2_mcsamples500_norm-spec_seed7_bounds.json
cnn-4,mnist,30.0,bec,outage 0.1,spec,channel_grad,0.0001,0.001,0.02720634639263153,0.09500380000000001,0.027161452174186706,22.092018940534402,✓,✗,0.05793627064008124,0.0958,22.00434293210783,✓,✗,0.14561227906665652,5340.39990234375,0.12721432745456696,0.12721432745456696,9216.0,0.02728809416294098,0.027161452174186706,0.025793856382369994,0.09693104602510447,0.0958,0.09240000000000004,cnn-4_mnist_rand_gaussian_sig0.03_bounded-pmin1e-05_epoch30_bs250_lr0.001_mon0.95_dp0.0_objective-channel_gradient-chan0.001-bec-outage0.1-spec-kl0.0001_seed7,bec-outage0.1_chan-layer2_mcsamples500_norm-spec_seed7_bounds.json
cnn-4,mnist,30.0,bec,outage 0.1,spec,channel_grad,0.0001,0.01,0.026194293051958084,0.09065639999999998,0.026147598028182985,23.063354379015212,✓,✓,0.0565195501153762,0.09079999999999999,22.978958731929563,✓,✓,0.14091519720102702,5582.630859375,0.11434310674667358,0.11434310674667358,9216.0,0.02627689018845558,0.026147598028182985,0.02475288063287735,0.0929647531380752,0.09079999999999999,0.08779999999999999,cnn-4_mnist_rand_gaussian_sig0.03_bounded-pmin1e-05_epoch30_bs250_lr0.001_mon0.95_dp0.0_objective-channel_gradient-chan0.01-bec-outage0.1-spec-kl0.0001_seed7,bec-outage0.1_chan-layer2_mcsamples500_norm-spec_seed7_bounds.json
cnn-4,mnist,30.0,bec,outage 0.1,spec,channel_grad,0.001,0.0001,0.033624179661273956,0.11782839999999999,0.033733409643173215,15.678253849705056,✓,✗,0.0661263568220586,0.11839999999999995,15.573183546346161,✓,✗,0.17119666018095323,3749.549560546875,0.18248417973518372,0.18248417973518372,9216.0,0.03323904424905777,0.033733409643173215,0.03164110779762268,0.11883835983263592,0.11839999999999995,0.11509999999999998,cnn-4_mnist_rand_gaussian_sig0.03_bounded-pmin1e-05_epoch30_bs250_lr0.001_mon0.95_dp0.0_objective-channel_gradient-chan0.0001-bec-outage0.1-spec-kl0.001_seed7,bec-outage0.1_chan-layer2_mcsamples500_norm-spec_seed7_bounds.json
cnn-4,mnist,30.0,bec,outage 0.1,spec,channel_grad,0.001,0.001,0.03347949683666229,0.11714939999999999,0.03358826339244843,15.749303462939446,✓,✗,0.06592971354074746,0.11819999999999997,15.644730415240586,✓,✗,0.17050276123960834,3767.6875,0.18017986416816711,0.18017986416816711,9216.0,0.03309370577335358,0.03358826339244843,0.03149289190769196,0.11823651882845165,0.11819999999999997,0.11439999999999995,cnn-4_mnist_rand_gaussian_sig0.03_bounded-pmin1e-05_epoch30_bs250_lr0.001_mon0.95_dp0.0_objective-channel_gradient-chan0.001-bec-outage0.1-spec-kl0.001_seed7,bec-outage0.1_chan-layer2_mcsamples500_norm-spec_seed7_bounds.json
cnn-4,mnist,30.0,bec,outage 0.1,spec,channel_grad,0.001,0.01,0.032208673655986786,0.11131280000000002,0.032297107577323916,16.417149513737982,✓,✗,0.06419242249651019,0.11250000000000004,16.317011766597542,✓,✗,0.16433016963695124,3937.37939453125,0.16143424808979034,0.16143424808979034,9216.0,0.03181815892457962,0.032297107577323916,0.030178046226501463,0.11291153138075302,0.11250000000000004,0.10729999999999995,cnn-4_mnist_rand_gaussian_sig0.03_bounded-pmin1e-05_epoch30_bs250_lr0.001_mon0.95_dp0.0_objective-channel_gradient-chan0.01-bec-outage0.1-spec-kl0.001_seed7,bec-outage0.1_chan-layer2_mcsamples500_norm-spec_seed7_bounds.json
cnn-4,mnist,30.0,bec,outage 0.1,spec,channel_grad,0.01,0.0001,0.07595982402563095,0.27919399999999994,0.0763615608215332,5.582004547119141,✓,✗,0.11781056653279327,0.27949999999999997,5.357424736022949,✓,✗,0.3423900322525821,1169.4287109375,0.4483409523963928,0.4483409523963928,9216.0,0.07375413924455643,0.0763615608215332,0.07147217988967895,0.27455989958159005,0.27949999999999997,0.26270000000000004,cnn-4_mnist_rand_gaussian_sig0.03_bounded-pmin1e-05_epoch30_bs250_lr0.001_mon0.95_dp0.0_objective-channel_gradient-chan0.0001-bec-outage0.1-spec-kl0.01_seed7,bec-outage0.1_chan-layer2_mcsamples500_norm-spec_seed7_bounds.json
cnn-4,mnist,30.0,bec,outage 0.1,spec,channel_grad,0.01,0.001,0.07586821913719177,0.27847320000000003,0.07626646161079406,5.5880279541015625,✓,✗,0.11768391491921205,0.279,5.364009857177734,✓,✗,0.34170184638420076,1172.0841064453125,0.44421178102493286,0.44421178102493286,9216.0,0.07365084439516068,0.07626646161079406,0.07136549353599549,0.2739107280334728,0.279,0.2619,cnn-4_mnist_rand_gaussian_sig0.03_bounded-pmin1e-05_epoch30_bs250_lr0.001_mon0.95_dp0.0_objective-channel_gradient-chan0.001-bec-outage0.1-spec-kl0.01_seed7,bec-outage0.1_chan-layer2_mcsamples500_norm-spec_seed7_bounds.json
cnn-4,mnist,30.0,bec,outage 0.1,spec,channel_grad,0.01,0.01,0.07509627938270569,0.2720344,0.07546419501304627,5.654721260070801,✓,✗,0.11661376887272887,0.27290000000000003,5.435763835906982,✓,✗,0.33557114563522417,1198.7764892578125,0.4080648720264435,0.4080648720264435,9216.0,0.0727742463350296,0.07546419501304627,0.07045085430145263,0.26812793305439325,0.27290000000000003,0.256,cnn-4_mnist_rand_gaussian_sig0.03_bounded-pmin1e-05_epoch30_bs250_lr0.001_mon0.95_dp0.0_objective-channel_gradient-chan0.01-bec-outage0.1-spec-kl0.01_seed7,bec-outage0.1_chan-layer2_mcsamples500_norm-spec_seed7_bounds.json
cnn-4,mnist,40.0,bec,outage 0.1,spec,vanilla,1.0,0.0,0.021177206188440323,0.0737664,0.020886066555976867,28.089149148969355,✓,-,0.04933688625787205,0.07269999999999999,28.018832060222188,✓,-,0.11965397500503841,6835.76416015625,0.04550382122397423,0.04550382122397423,9216.0,0.02125207707285881,0.020886066555976867,0.019504842162132264,0.075267380753138,0.07269999999999999,0.06879999999999997,cnn-4_mnist_rand_gaussian_sig0.03_bounded-pmin1e-05_epoch40_bs250_lr0.001_mon0.95_dp0.0_objective-vanilla_seed7,bec-outage0.1_chan-layer2_mcsamples500_norm-spec_seed7_bounds.json
cnn-4,mnist,50.0,bec,outage 0.1,spec,vanilla,1.0,0.0,0.01754920557141304,0.06127399999999999,0.01727173775434494,32.58107936911404,✓,-,0.044049513398171626,0.06030000000000002,32.521140045244884,✓,-,0.1039888372673281,7939.89501953125,0.04550382122397423,0.04550382122397423,9216.0,0.01767311431467533,0.01727173775434494,0.016427749395370485,0.06253318828451879,0.06030000000000002,0.058599999999999985,cnn-4_mnist_rand_gaussian_sig0.03_bounded-pmin1e-05_epoch50_bs250_lr0.001_mon0.95_dp0.0_objective-vanilla_seed7,bec-outage0.1_chan-layer2_mcsamples500_norm-spec_seed7_bounds.json
cnn-4,mnist,50.0,bec,outage 0.1,spec,channel_grad,0.0001,0.0001,0.01831856742501259,0.0637814,0.018303750455379485,30.14716666819974,✓,✗,0.04509813888045616,0.06389999999999996,30.085192797219506,✓,✗,0.10707200986069217,7332.2138671875,0.08935586363077164,0.08935586363077164,9216.0,0.018374057486653328,0.018303750455379485,0.01717277616262436,0.06501640167364015,0.06389999999999996,0.06040000000000001,cnn-4_mnist_rand_gaussian_sig0.03_bounded-pmin1e-05_epoch50_bs250_lr0.001_mon0.95_dp0.0_objective-channel_gradient-chan0.0001-bec-outage0.1-spec-kl0.0001_seed7,bec-outage0.1_chan-layer2_mcsamples500_norm-spec_seed7_bounds.json
cnn-4,mnist,50.0,bec,outage 0.1,spec,channel_grad,0.0001,0.001,0.01823713444173336,0.0634606,0.018221667408943175,30.2621723100844,✓,✗,0.04498371569305515,0.0635,30.20044776391555,✓,✗,0.10670826186190094,7360.70263671875,0.0884203389286995,0.0884203389286995,9216.0,0.018297335132956505,0.018221667408943175,0.017098259925842286,0.06472331380753138,0.0635,0.06010000000000004,cnn-4_mnist_rand_gaussian_sig0.03_bounded-pmin1e-05_epoch50_bs250_lr0.001_mon0.95_dp0.0_objective-channel_gradient-chan0.001-bec-outage0.1-spec-kl0.0001_seed7,bec-outage0.1_chan-layer2_mcsamples500_norm-spec_seed7_bounds.json
cnn-4,mnist,50.0,bec,outage 0.1,spec,channel_grad,0.0001,0.01,0.0175364688038826,0.06058959999999999,0.017519469559192657,31.33892067044123,✓,✓,0.043985909210128175,0.061000000000000054,31.279363011382454,✓,✓,0.10354356826890182,7627.13818359375,0.08061482757329941,0.08061482757329941,9216.0,0.017630860209465027,0.017519469559192657,0.016458222270011903,0.062175866108786594,0.061000000000000054,0.05700000000000005,cnn-4_mnist_rand_gaussian_sig0.03_bounded-pmin1e-05_epoch50_bs250_lr0.001_mon0.95_dp0.0_objective-channel_gradient-chan0.01-bec-outage0.1-spec-kl0.0001_seed7,bec-outage0.1_chan-layer2_mcsamples500_norm-spec_seed7_bounds.json
cnn-4,mnist,50.0,bec,outage 0.1,spec,channel_grad,0.001,0.0001,0.026021096855401993,0.089328,0.026094204187393187,18.38190888504339,✓,✗,0.05536668936983147,0.08919999999999995,18.30002291412124,✓,✗,0.1372526602919817,4428.4912109375,0.14831553399562836,0.14831553399562836,9216.0,0.02545923925936222,0.026094204187393187,0.023795539140701295,0.08988589121338897,0.08919999999999995,0.08440000000000003,cnn-4_mnist_rand_gaussian_sig0.03_bounded-pmin1e-05_epoch50_bs250_lr0.001_mon0.95_dp0.0_objective-channel_gradient-chan0.0001-bec-outage0.1-spec-kl0.001_seed7,bec-outage0.1_chan-layer2_mcsamples500_norm-spec_seed7_bounds.json
cnn-4,mnist,50.0,bec,outage 0.1,spec,channel_grad,0.001,0.001,0.025885263457894325,0.08871639999999997,0.025954106450080873,18.453981120166652,✓,✗,0.05517776851595768,0.08889999999999998,18.372556422209733,✓,✗,0.1366024664728786,4446.73974609375,0.1465386301279068,0.1465386301279068,9216.0,0.025325709953904152,0.025954106450080873,0.02366611212491989,0.08934108786610868,0.08889999999999998,0.08399999999999996,cnn-4_mnist_rand_gaussian_sig0.03_bounded-pmin1e-05_epoch50_bs250_lr0.001_mon0.95_dp0.0_objective-channel_gradient-chan0.001-bec-outage0.1-spec-kl0.001_seed7,bec-outage0.1_chan-layer2_mcsamples500_norm-spec_seed7_bounds.json
cnn-4,mnist,50.0,bec,outage 0.1,spec,channel_grad,0.001,0.01,0.02475094608962536,0.08369859999999998,0.02479284256696701,19.10854210074699,✓,✗,0.05360051655542388,0.08320000000000005,19.031003916685144,✓,✗,0.13113870061726896,4612.00732421875,0.13186131417751312,0.13186131417751312,9216.0,0.024214135482907295,0.02479284256696701,0.022602126002311707,0.08477318828451869,0.08320000000000005,0.08050000000000002,cnn-4_mnist_rand_gaussian_sig0.03_bounded-pmin1e-05_epoch50_bs250_lr0.001_mon0.95_dp0.0_objective-channel_gradient-chan0.01-bec-outage0.1-spec-kl0.001_seed7,bec-outage0.1_chan-layer2_mcsamples500_norm-spec_seed7_bounds.json
cnn-4,mnist,50.0,bec,outage 0.1,spec,channel_grad,0.01,0.0001,0.07630401849746704,0.27847639999999996,0.07578821778297425,5.568726731843603,✓,✗,0.11772203592501913,0.2721,5.346505143523116,✓,✗,0.33994362424550695,1169.8807373046875,0.43566396832466125,0.43566396832466125,9216.0,0.07368159294128418,0.07578821778297425,0.07086935639381409,0.2722470292887028,0.2721,0.26060000000000005,cnn-4_mnist_rand_gaussian_sig0.03_bounded-pmin1e-05_epoch50_bs250_lr0.001_mon0.95_dp0.0_objective-channel_gradient-chan0.0001-bec-outage0.1-spec-kl0.01_seed7,bec-outage0.1_chan-layer2_mcsamples500_norm-spec_seed7_bounds.json
cnn-4,mnist,50.0,bec,outage 0.1,spec,channel_grad,0.01,0.001,0.07622037082910538,0.27775559999999994,0.07570603489875793,5.574629813722383,✓,✗,0.1176057337357453,0.2712,5.35301037462543,✓,✗,0.33922517283269826,1172.482421875,0.4316641688346863,0.4316641688346863,9216.0,0.07358545809984207,0.07570603489875793,0.07077686786651612,0.2715713138075314,0.2712,0.25970000000000004,cnn-4_mnist_rand_gaussian_sig0.03_bounded-pmin1e-05_epoch50_bs250_lr0.001_mon0.95_dp0.0_objective-channel_gradient-chan0.001-bec-outage0.1-spec-kl0.01_seed7,bec-outage0.1_chan-layer2_mcsamples500_norm-spec_seed7_bounds.json
cnn-4,mnist,50.0,bec,outage 0.1,spec,channel_grad,0.01,0.01,0.07549437135457993,0.2711234,0.07499278783798217,5.641621599582813,✓,✗,0.11658851685995351,0.2642,5.425473386750968,✓,✗,0.3327367296917988,1199.113037109375,0.39642536640167236,0.39642536640167236,9216.0,0.07275331020355225,0.07499278783798217,0.06997720599174499,0.2654564351464434,0.2642,0.25539999999999996,cnn-4_mnist_rand_gaussian_sig0.03_bounded-pmin1e-05_epoch50_bs250_lr0.001_mon0.95_dp0.0_objective-channel_gradient-chan0.01-bec-outage0.1-spec-kl0.01_seed7,bec-outage0.1_chan-layer2_mcsamples500_norm-spec_seed7_bounds.json
cnn-4,mnist,10.0,bec,outage 0.5,frob,vanilla,1.0,0.0,0.0736025720834732,0.2393294,0.07431278228759766,10.885698503149069,✓,-,0.08680293317263732,0.2419,10.733006545544871,✓,-,0.23949489077683483,2556.71875,0.19134199476717295,0.0028321784920990467,9216.0,0.04893307760357857,0.07431278228759766,0.046815219521522525,0.17934952301255228,0.2419,0.16959999999999997,cnn-4_mnist_rand_gaussian_sig0.03_bounded-pmin1e-05_epoch10_bs250_lr0.001_mon0.95_dp0.0_objective-vanilla_seed7,bec-outage0.5_chan-layer2_mcsamples500_norm-frob_seed7_bounds.json
cnn-4,mnist,10.0,bec,outage 0.5,frob,channel_grad,0.0001,0.0001,0.07408454269170761,0.2343678,0.07362165451049804,30.400188446044922,✓,✗,0.0863488160452399,0.22999999999999998,30.248722076416016,✓,✓,0.2378151372314022,2584.346435546875,19.59472256042798,0.29003435373306274,9216.0,0.04858013987541199,0.07362165451049804,0.046035322546958926,0.1778313640167364,0.22999999999999998,0.1694,cnn-4_mnist_rand_gaussian_sig0.03_bounded-pmin1e-05_epoch10_bs250_lr0.001_mon0.95_dp0.0_objective-channel_gradient-chan0.0001-bec-outage0.5-frob-kl0.0001_seed7,bec-outage0.5_chan-layer2_mcsamples500_norm-frob_seed7_bounds.json
cnn-4,mnist,10.0,bec,outage 0.5,frob,channel_grad,0.0001,0.001,0.07968409359455109,0.22184000000000006,0.07924323678016662,25.84949493408203,✓,✗,0.08799695976411853,0.21909999999999996,25.6998291015625,✓,✓,0.23766322001122972,2796.801513671875,14.176836854286345,0.20984067022800446,9216.0,0.049863312393426895,0.07924323678016662,0.04723415076732636,0.17769456066945608,0.21909999999999996,0.16849999999999998,cnn-4_mnist_rand_gaussian_sig0.03_bounded-pmin1e-05_epoch10_bs250_lr0.001_mon0.95_dp0.0_objective-channel_gradient-chan0.001-bec-outage0.5-frob-kl0.0001_seed7,bec-outage0.5_chan-layer2_mcsamples500_norm-frob_seed7_bounds.json
cnn-4,mnist,10.0,bec,outage 0.5,frob,channel_grad,0.0001,0.01,0.19990752637386322,0.8885028,0.19983795881271363,5.415781497955322,✓,✗,0.2629761842497904,0.8872,4.748869895935059,✓,✗,0.92988809692119,904.0930786132812,0.7778478778766428,0.011513437144458294,9216.0,0.20070010423660278,0.19983795881271363,0.19985535144805908,0.8898539246861904,0.8872,0.8855,cnn-4_mnist_rand_gaussian_sig0.03_bounded-pmin1e-05_epoch10_bs250_lr0.001_mon0.95_dp0.0_objective-channel_gradient-chan0.01-bec-outage0.5-frob-kl0.0001_seed7,bec-outage0.5_chan-layer2_mcsamples500_norm-frob_seed7_bounds.json
cnn-4,mnist,10.0,bec,outage 0.5,frob,channel_grad,0.001,0.0001,0.07852597534656525,0.24996900000000005,0.07803332805633545,30.820816040039062,✓,✗,0.08950598639915566,0.24570000000000003,30.66185760498047,✓,✗,0.24846425678508122,2314.308349609375,21.10712584954784,0.31242042779922485,9216.0,0.05104321613907814,0.07803332805633545,0.048506179451942445,0.18747631799163175,0.24570000000000003,0.17920000000000003,cnn-4_mnist_rand_gaussian_sig0.03_bounded-pmin1e-05_epoch10_bs250_lr0.001_mon0.95_dp0.0_objective-channel_gradient-chan0.0001-bec-outage0.5-frob-kl0.001_seed7,bec-outage0.5_chan-layer2_mcsamples500_norm-frob_seed7_bounds.json
cnn-4,mnist,10.0,bec,outage 0.5,frob,channel_grad,0.001,0.001,0.08377670496702194,0.23533079999999995,0.08331971764564514,25.72119140625,✓,✗,0.09115369505395063,0.23309999999999997,25.565034866333008,✓,✓,0.24731078936025624,2516.8583984375,15.181748294050026,0.22471502423286438,9216.0,0.05233430117368698,0.08331971764564514,0.04970089793205261,0.1864272133891214,0.23309999999999997,0.17769999999999997,cnn-4_mnist_rand_gaussian_sig0.03_bounded-pmin1e-05_epoch10_bs250_lr0.001_mon0.95_dp0.0_objective-channel_gradient-chan0.001-bec-outage0.5-frob-kl0.001_seed7,bec-outage0.5_chan-layer2_mcsamples500_norm-frob_seed7_bounds.json
cnn-4,mnist,10.0,bec,outage 0.5,frob,channel_grad,0.001,0.01,0.19989405572414398,0.8878936,0.1998217821121216,5.048816680908203,✓,✗,0.2629470012649301,0.8848,4.382983207702637,✓,✗,0.9287809006670666,775.8538208007812,0.9355251025802563,0.013847321271896362,9216.0,0.20067176222801208,0.1998217821121216,0.19981734752655028,0.8884780920502077,0.8848,0.8831,cnn-4_mnist_rand_gaussian_sig0.03_bounded-pmin1e-05_epoch10_bs250_lr0.001_mon0.95_dp0.0_objective-channel_gradient-chan0.01-bec-outage0.5-frob-kl0.001_seed7,bec-outage0.5_chan-layer2_mcsamples500_norm-frob_seed7_bounds.json
cnn-4,mnist,10.0,bec,outage 0.5,frob,channel_grad,0.01,0.0001,0.1135130301117897,0.38641859999999995,0.11280112266540528,36.75103759765625,✓,✗,0.12185827335400881,0.381,36.518531799316406,✓,✗,0.3543634442377336,1121.0428466796875,31.802934641429538,0.4707361161708832,9216.0,0.07708171755075455,0.11280112266540528,0.07446241974830628,0.2858931548117158,0.381,0.2812,cnn-4_mnist_rand_gaussian_sig0.03_bounded-pmin1e-05_epoch10_bs250_lr0.001_mon0.95_dp0.0_objective-channel_gradient-chan0.0001-bec-outage0.5-frob-kl0.01_seed7,bec-outage0.5_chan-layer2_mcsamples500_norm-frob_seed7_bounds.json
cnn-4,mnist,10.0,bec,outage 0.5,frob,channel_grad,0.01,0.001,0.1188422366976738,0.3690294,0.11827601194381714,27.884815216064453,✓,✗,0.12562668911318192,0.3628,27.65941619873047,✓,✗,0.3510256472866974,1176.6607666015625,22.712991245242215,0.3361898958683014,9216.0,0.08019411563873291,0.11827601194381714,0.0775639295578003,0.28272796652719673,0.3628,0.2774,cnn-4_mnist_rand_gaussian_sig0.03_bounded-pmin1e-05_epoch10_bs250_lr0.001_mon0.95_dp0.0_objective-channel_gradient-chan0.001-bec-outage0.5-frob-kl0.01_seed7,bec-outage0.5_chan-layer2_mcsamples500_norm-frob_seed7_bounds.json
cnn-4,mnist,10.0,bec,outage 0.5,frob,channel_grad,0.01,0.01,0.19975385069847107,0.8875279999999999,0.19966752529144288,4.741555213928223,✓,✗,0.2626697400094452,0.8846,4.076133728027344,✓,✗,0.9280909776092936,321.39990234375,2.484253709199435,0.03677107021212578,9216.0,0.20042069256305695,0.19966752529144288,0.19947322607040405,0.8876340083681991,0.8846,0.8844,cnn-4_mnist_rand_gaussian_sig0.03_bounded-pmin1e-05_epoch10_bs250_lr0.001_mon0.95_dp0.0_objective-channel_gradient-chan0.01-bec-outage0.5-frob-kl0.01_seed7,bec-outage0.5_chan-layer2_mcsamples500_norm-frob_seed7_bounds.json
cnn-4,mnist,20.0,bec,outage 0.5,frob,vanilla,1.0,0.0,0.05700938031077385,0.16799600000000003,0.05736095905303955,17.48582003046014,✓,-,0.06834580176972695,0.16920000000000002,17.375989395397,✓,-,0.17817643683286755,4188.431640625,0.19134199476717295,0.0028321784920990467,9216.0,0.0348811075091362,0.05736095905303955,0.03305437564849854,0.12489620083682003,0.16920000000000002,0.11639999999999995,cnn-4_mnist_rand_gaussian_sig0.03_bounded-pmin1e-05_epoch20_bs250_lr0.001_mon0.95_dp0.0_objective-vanilla_seed7,bec-outage0.5_chan-layer2_mcsamples500_norm-frob_seed7_bounds.json
cnn-4,mnist,20.0,bec,outage 0.5,frob,channel_grad,0.0001,0.0001,0.05700507387518883,0.16357679999999997,0.056410080194473265,29.562421798706055,✓,✓,0.06801326473310618,0.1582,29.453031539916992,✓,✓,0.17740340188961812,4200.03125,12.221360884012933,0.18089638650417328,9216.0,0.034633904695510864,0.056410080194473265,0.0326396495103836,0.12422246025104589,0.1582,0.11399999999999999,cnn-4_mnist_rand_gaussian_sig0.03_bounded-pmin1e-05_epoch20_bs250_lr0.001_mon0.95_dp0.0_objective-channel_gradient-chan0.0001-bec-outage0.5-frob-kl0.0001_seed7,bec-outage0.5_chan-layer2_mcsamples500_norm-frob_seed7_bounds.json
cnn-4,mnist,20.0,bec,outage 0.5,frob,channel_grad,0.0001,0.001,0.05554444342851639,0.1363058,0.055117183923721315,29.24642562866211,✓,✓,0.06353600448595521,0.13590000000000002,29.149391174316406,✓,✓,0.16057030142409626,5045.27001953125,8.471526831188779,0.1253926306962967,9216.0,0.03133782744407654,0.055117183923721315,0.029350468516349794,0.10967923012552286,0.13590000000000002,0.10019999999999996,cnn-4_mnist_rand_gaussian_sig0.03_bounded-pmin1e-05_epoch20_bs250_lr0.001_mon0.95_dp0.0_objective-channel_gradient-chan0.001-bec-outage0.5-frob-kl0.0001_seed7,bec-outage0.5_chan-layer2_mcsamples500_norm-frob_seed7_bounds.json
cnn-4,mnist,20.0,bec,outage 0.5,frob,channel_grad,0.0001,0.01,0.19990485906600952,0.8879567999999999,0.19986723661422728,6.320738315582275,✓,✗,0.2630103670844005,0.8861,5.652497291564941,✓,✗,0.9312515681429729,1186.7530517578125,0.5274869004173909,0.007807679940015078,9216.0,0.200730562210083,0.19986723661422728,0.19987379312515258,0.8915383430962317,0.8861,0.8889,cnn-4_mnist_rand_gaussian_sig0.03_bounded-pmin1e-05_epoch20_bs250_lr0.001_mon0.95_dp0.0_objective-channel_gradient-chan0.01-bec-outage0.5-frob-kl0.0001_seed7,bec-outage0.5_chan-layer2_mcsamples500_norm-frob_seed7_bounds.json
cnn-4,mnist,20.0,bec,outage 0.5,frob,channel_grad,0.001,0.0001,0.0646311566233635,0.1905712,0.06395313739776612,28.723052978515625,✓,✗,0.07367685356072384,0.1865,28.601016998291016,✓,✗,0.19571289929945973,3308.60205078125,15.002929204019036,0.2220682054758072,9216.0,0.03887015953660011,0.06395313739776612,0.03680101037025452,0.14025539748953977,0.1865,0.13080000000000003,cnn-4_mnist_rand_gaussian_sig0.03_bounded-pmin1e-05_epoch20_bs250_lr0.001_mon0.95_dp0.0_objective-channel_gradient-chan0.0001-bec-outage0.5-frob-kl0.001_seed7,bec-outage0.5_chan-layer2_mcsamples500_norm-frob_seed7_bounds.json
cnn-4,mnist,20.0,bec,outage 0.5,frob,channel_grad,0.001,0.001,0.06260976195335388,0.1569084,0.062134623527526855,26.69161605834961,✓,✗,0.0684750167588761,0.15400000000000003,26.585010528564453,✓,✓,0.1750780976707203,4002.230224609375,10.160399519946207,0.15039074420928955,9216.0,0.03497682884335518,0.062134623527526855,0.03290393352508545,0.12220314644351454,0.15400000000000003,0.11199999999999999,cnn-4_mnist_rand_gaussian_sig0.03_bounded-pmin1e-05_epoch20_bs250_lr0.001_mon0.95_dp0.0_objective-channel_gradient-chan0.001-bec-outage0.5-frob-kl0.001_seed7,bec-outage0.5_chan-layer2_mcsamples500_norm-frob_seed7_bounds.json
cnn-4,mnist,20.0,bec,outage 0.5,frob,channel_grad,0.001,0.01,0.19989995658397675,0.8878578000000001,0.19986743927001954,5.363083839416504,✓,✗,0.26298905751266527,0.8868,4.696270942687988,✓,✗,0.9298020244267599,907.3338012695312,0.7120062736541872,0.010538872331380844,9216.0,0.20071075856685638,0.19986743927001954,0.19985138177871703,0.8897398493723834,0.8868,0.8847,cnn-4_mnist_rand_gaussian_sig0.03_bounded-pmin1e-05_epoch20_bs250_lr0.001_mon0.95_dp0.0_objective-channel_gradient-chan0.01-bec-outage0.5-frob-kl0.001_seed7,bec-outage0.5_chan-layer2_mcsamples500_norm-frob_seed7_bounds.json
cnn-4,mnist,20.0,bec,outage 0.5,frob,channel_grad,0.01,0.0001,0.11012905091047287,0.3729562,0.109405779838562,35.58248519897461,✓,✗,0.11780476211460648,0.3671,35.35890579223633,✓,✗,0.34138380575994764,1187.607177734375,30.375613500514483,0.4496093988418579,9216.0,0.07374989986419678,0.109405779838562,0.07120998501777649,0.2736088368200838,0.3671,0.257,cnn-4_mnist_rand_gaussian_sig0.03_bounded-pmin1e-05_epoch20_bs250_lr0.001_mon0.95_dp0.0_objective-channel_gradient-chan0.0001-bec-outage0.5-frob-kl0.01_seed7,bec-outage0.5_chan-layer2_mcsamples500_norm-frob_seed7_bounds.json
cnn-4,mnist,20.0,bec,outage 0.5,frob,channel_grad,0.01,0.001,0.11055177450180054,0.3342386,0.11001654863357543,27.231672286987305,✓,✗,0.11475429075217261,0.3294,27.02973747253418,✓,✗,0.3166899203289131,1355.5565185546875,21.36384613595146,0.31622031331062317,9216.0,0.07125385850667953,0.11001654863357543,0.06872008442878723,0.2503980251046024,0.3294,0.237,cnn-4_mnist_rand_gaussian_sig0.03_bounded-pmin1e-05_epoch20_bs250_lr0.001_mon0.95_dp0.0_objective-channel_gradient-chan0.001-bec-outage0.5-frob-kl0.01_seed7,bec-outage0.5_chan-layer2_mcsamples500_norm-frob_seed7_bounds.json
cnn-4,mnist,20.0,bec,outage 0.5,frob,channel_grad,0.01,0.01,0.19977055490016937,0.8882601999999999,0.19976117610931396,4.678638458251953,✓,✗,0.26271419084503245,0.8838,4.012218475341797,✓,✗,0.9291341517865794,324.82855224609375,2.406296388045559,0.035617172718048096,9216.0,0.20045897364616394,0.19976117610931396,0.19952068328857422,0.8889250878661067,0.8838,0.8783,cnn-4_mnist_rand_gaussian_sig0.03_bounded-pmin1e-05_epoch20_bs250_lr0.001_mon0.95_dp0.0_objective-channel_gradient-chan0.01-bec-outage0.5-frob-kl0.01_seed7,bec-outage0.5_chan-layer2_mcsamples500_norm-frob_seed7_bounds.json
cnn-4,mnist,30.0,bec,outage 0.5,frob,vanilla,1.0,0.0,0.0474160872399807,0.128853,0.04721946120262146,23.099058151245117,✓,-,0.0572302894462068,0.12860000000000005,23.012773513793945,✓,-,0.14351485206672887,5571.87939453125,0.19134199476717295,0.0028321784920990467,9216.0,0.026783393695950508,0.04721946120262146,0.02520299255847931,0.09515738912133875,0.12860000000000005,0.08879999999999999,cnn-4_mnist_rand_gaussian_sig0.03_bounded-pmin1e-05_epoch30_bs250_lr0.001_mon0.95_dp0.0_objective-vanilla_seed7,bec-outage0.5_chan-layer2_mcsamples500_norm-frob_seed7_bounds.json
cnn-4,mnist,30.0,bec,outage 0.5,frob,channel_grad,0.0001,0.0001,0.04795284941792488,0.1265326,0.04781069159507752,31.915855407714844,✓,✗,0.0569912668644401,0.12470000000000003,31.83039093017578,✓,✓,0.14245315343779624,5501.78466796875,9.295358082111003,0.13758669793605804,9216.0,0.02661331370472908,0.04781069159507752,0.02510277330875397,0.0942620585774057,0.12470000000000003,0.08919999999999995,cnn-4_mnist_rand_gaussian_sig0.03_bounded-pmin1e-05_epoch30_bs250_lr0.001_mon0.95_dp0.0_objective-channel_gradient-chan0.0001-bec-outage0.5-frob-kl0.0001_seed7,bec-outage0.5_chan-layer2_mcsamples500_norm-frob_seed7_bounds.json
cnn-4,mnist,30.0,bec,outage 0.5,frob,channel_grad,0.0001,0.001,0.04479845613241196,0.100785,0.0446185827255249,33.742286682128906,✓,✓,0.05182957397848132,0.09750000000000003,33.669036865234375,✓,✓,0.12508219612682334,6644.71533203125,6.473168004512805,0.09581360965967178,9216.0,0.02297614887356758,0.0446185827255249,0.021369609236717223,0.07974319665271964,0.09750000000000003,0.07569999999999999,cnn-4_mnist_rand_gaussian_sig0.03_bounded-pmin1e-05_epoch30_bs250_lr0.001_mon0.95_dp0.0_objective-channel_gradient-chan0.001-bec-outage0.5-frob-kl0.0001_seed7,bec-outage0.5_chan-layer2_mcsamples500_norm-frob_seed7_bounds.json
cnn-4,mnist,30.0,bec,outage 0.5,frob,channel_grad,0.0001,0.01,0.19989749789237976,0.8873126,0.1998923897743225,6.846357345581055,✓,✗,0.2630148600804557,0.8859,6.178037643432617,✓,✗,0.9313346401470795,1330.2662353515625,0.4671331609461521,0.0069143446162343025,9216.0,0.2007354348897934,0.1998923897743225,0.1999165415763855,0.8916485355648511,0.8859,0.8876,cnn-4_mnist_rand_gaussian_sig0.03_bounded-pmin1e-05_epoch30_bs250_lr0.001_mon0.95_dp0.0_objective-channel_gradient-chan0.01-bec-outage0.5-frob-kl0.0001_seed7,bec-outage0.5_chan-layer2_mcsamples500_norm-frob_seed7_bounds.json
cnn-4,mnist,30.0,bec,outage 0.5,frob,channel_grad,0.001,0.0001,0.05834415182471275,0.16092620000000002,0.05828558206558228,28.706907272338867,✓,✗,0.06476471268447506,0.1624,28.605327606201172,✓,✗,0.16634357467124886,3880.64306640625,12.680802873562843,0.1876968890428543,9216.0,0.03223741799592972,0.05828558206558228,0.030613055825233458,0.1146454895397488,0.1624,0.11009999999999998,cnn-4_mnist_rand_gaussian_sig0.03_bounded-pmin1e-05_epoch30_bs250_lr0.001_mon0.95_dp0.0_objective-channel_gradient-chan0.0001-bec-outage0.5-frob-kl0.001_seed7,bec-outage0.5_chan-layer2_mcsamples500_norm-frob_seed7_bounds.json
cnn-4,mnist,30.0,bec,outage 0.5,frob,channel_grad,0.001,0.001,0.054209209978580475,0.1245652,0.05405911207199097,27.927101135253906,✓,✗,0.057964584114289903,0.12290000000000001,27.84308624267578,✓,✓,0.1419793149716253,4734.2080078125,8.44069897376483,0.12493632733821869,9216.0,0.027307750657200813,0.05405911207199097,0.02557700276374817,0.09386199163179901,0.12290000000000001,0.08909999999999996,cnn-4_mnist_rand_gaussian_sig0.03_bounded-pmin1e-05_epoch30_bs250_lr0.001_mon0.95_dp0.0_objective-channel_gradient-chan0.001-bec-outage0.5-frob-kl0.001_seed7,bec-outage0.5_chan-layer2_mcsamples500_norm-frob_seed7_bounds.json
cnn-4,mnist,30.0,bec,outage 0.5,frob,channel_grad,0.001,0.01,0.19989550113677979,0.8872163999999999,0.19990237951278686,5.450617790222168,✓,✗,0.26299598252606,0.8846,4.7836012840271,✓,✗,0.9300125137029224,937.7947998046875,0.6749731672935927,0.009990721009671688,9216.0,0.20071826875209808,0.19990237951278686,0.19990283250808716,0.8900071966527174,0.8846,0.884,cnn-4_mnist_rand_gaussian_sig0.03_bounded-pmin1e-05_epoch30_bs250_lr0.001_mon0.95_dp0.0_objective-channel_gradient-chan0.01-bec-outage0.5-frob-kl0.001_seed7,bec-outage0.5_chan-layer2_mcsamples500_norm-frob_seed7_bounds.json
cnn-4,mnist,30.0,bec,outage 0.5,frob,channel_grad,0.01,0.0001,0.1095031276345253,0.3685913999999999,0.10977210998535156,35.48566818237305,✓,✗,0.116918039176849,0.37260000000000004,35.26506805419922,✓,✗,0.3375164073873898,1190.15966796875,30.272243230764268,0.44807934761047363,9216.0,0.07302309572696686,0.10977210998535156,0.07071266770362854,0.2699577573221759,0.37260000000000004,0.25849999999999995,cnn-4_mnist_rand_gaussian_sig0.03_bounded-pmin1e-05_epoch30_bs250_lr0.001_mon0.95_dp0.0_objective-channel_gradient-chan0.0001-bec-outage0.5-frob-kl0.01_seed7,bec-outage0.5_chan-layer2_mcsamples500_norm-frob_seed7_bounds.json
cnn-4,mnist,30.0,bec,outage 0.5,frob,channel_grad,0.01,0.001,0.10918630659580231,0.32604160000000004,0.10939605236053467,27.120685577392578,✓,✗,0.11280555953744477,0.3317,26.92453384399414,✓,✗,0.3089566797075381,1377.7044677734375,21.170172854937178,0.31335362792015076,9216.0,0.06966547667980194,0.10939605236053467,0.0672912836074829,0.24317506276150627,0.3317,0.23160000000000003,cnn-4_mnist_rand_gaussian_sig0.03_bounded-pmin1e-05_epoch30_bs250_lr0.001_mon0.95_dp0.0_objective-channel_gradient-chan0.001-bec-outage0.5-frob-kl0.01_seed7,bec-outage0.5_chan-layer2_mcsamples500_norm-frob_seed7_bounds.json
cnn-4,mnist,30.0,bec,outage 0.5,frob,channel_grad,0.01,0.01,0.19977186620235443,0.8878737999999997,0.1997971773147583,4.709351539611816,✓,✗,0.2627177634794874,0.8845,4.043021202087402,✓,✗,0.9290477988062368,326.271728515625,2.4312039619300303,0.03598584607243538,9216.0,0.20046284794807434,0.1997971773147583,0.19969733953475952,0.8888110125522987,0.8845,0.8866,cnn-4_mnist_rand_gaussian_sig0.03_bounded-pmin1e-05_epoch30_bs250_lr0.001_mon0.95_dp0.0_objective-channel_gradient-chan0.01-bec-outage0.5-frob-kl0.01_seed7,bec-outage0.5_chan-layer2_mcsamples500_norm-frob_seed7_bounds.json
cnn-4,mnist,40.0,bec,outage 0.5,frob,vanilla,1.0,0.0,0.04028647765517235,0.10358059999999998,0.040669316053390504,28.234987322512552,✓,-,0.04933688625787205,0.10399999999999998,28.164670233765385,✓,-,0.11965397500503841,6835.76416015625,0.19134199476717295,0.0028321784920990467,9216.0,0.02125207707285881,0.040669316053390504,0.019504842162132264,0.075267380753138,0.10399999999999998,0.06879999999999997,cnn-4_mnist_rand_gaussian_sig0.03_bounded-pmin1e-05_epoch40_bs250_lr0.001_mon0.95_dp0.0_objective-vanilla_seed7,bec-outage0.5_chan-layer2_mcsamples500_norm-frob_seed7_bounds.json
cnn-4,mnist,50.0,bec,outage 0.5,frob,vanilla,1.0,0.0,0.03524133563041687,0.08764580000000001,0.035199794173240664,32.72691754265724,✓,-,0.044049513398171626,0.0877,32.66697821878808,✓,-,0.1039888372673281,7939.89501953125,0.19134199476717295,0.0028321784920990467,9216.0,0.01767311431467533,0.035199794173240664,0.016427749395370485,0.06253318828451879,0.0877,0.058599999999999985,cnn-4_mnist_rand_gaussian_sig0.03_bounded-pmin1e-05_epoch50_bs250_lr0.001_mon0.95_dp0.0_objective-vanilla_seed7,bec-outage0.5_chan-layer2_mcsamples500_norm-frob_seed7_bounds.json
cnn-4,mnist,50.0,bec,outage 0.5,frob,channel_grad,0.0001,0.0001,0.03640468418598175,0.0879296,0.03636804223060608,37.7272834777832,✓,✗,0.04430444114500051,0.08699999999999997,37.667049407958984,✓,✗,0.10453726550420808,7539.5703125,6.825478608926964,0.10102839022874832,9216.0,0.017843157052993774,0.03636804223060608,0.01666393280029297,0.06297422594142256,0.08699999999999997,0.05789999999999995,cnn-4_mnist_rand_gaussian_sig0.03_bounded-pmin1e-05_epoch50_bs250_lr0.001_mon0.95_dp0.0_objective-channel_gradient-chan0.0001-bec-outage0.5-frob-kl0.0001_seed7,bec-outage0.5_chan-layer2_mcsamples500_norm-frob_seed7_bounds.json
cnn-4,mnist,50.0,bec,outage 0.5,frob,channel_grad,0.0001,0.001,0.03441925346851349,0.0715036,0.034359636902809146,40.91409683227539,✓,✓,0.04118400880804686,0.0706,40.86117172241211,✓,✓,0.09411006903508026,8776.9111328125,4.971301073429615,0.07358349114656448,9216.0,0.015783248469233513,0.034359636902809146,0.014698466658592224,0.054663029288702994,0.0706,0.05249999999999999,cnn-4_mnist_rand_gaussian_sig0.03_bounded-pmin1e-05_epoch50_bs250_lr0.001_mon0.95_dp0.0_objective-channel_gradient-chan0.001-bec-outage0.5-frob-kl0.0001_seed7,bec-outage0.5_chan-layer2_mcsamples500_norm-frob_seed7_bounds.json
cnn-4,mnist,50.0,bec,outage 0.5,frob,channel_grad,0.0001,0.01,0.19989894330501556,0.8872326,0.1999159574508667,7.362154483795166,✓,✗,0.2630204660204879,0.887,6.693789958953857,✓,✗,0.9313850876803278,1464.8798828125,0.4333212835523702,0.006413872819393873,9216.0,0.20074151456356049,0.1999159574508667,0.19988415241241456,0.8917072803347261,0.887,0.888,cnn-4_mnist_rand_gaussian_sig0.03_bounded-pmin1e-05_epoch50_bs250_lr0.001_mon0.95_dp0.0_objective-channel_gradient-chan0.01-bec-outage0.5-frob-kl0.0001_seed7,bec-outage0.5_chan-layer2_mcsamples500_norm-frob_seed7_bounds.json
cnn-4,mnist,50.0,bec,outage 0.5,frob,channel_grad,0.001,0.0001,0.050788797438144684,0.1285616,0.0508246123790741,29.323680877685547,✓,✗,0.05409282803387704,0.12729999999999997,29.244935989379883,✓,✗,0.13283653178342192,4557.953125,10.565976820335763,0.15639396011829376,9216.0,0.02456059865653515,0.0508246123790741,0.022933121025562286,0.08618892050209197,0.12729999999999997,0.08150000000000002,cnn-4_mnist_rand_gaussian_sig0.03_bounded-pmin1e-05_epoch50_bs250_lr0.001_mon0.95_dp0.0_objective-channel_gradient-chan0.0001-bec-outage0.5-frob-kl0.001_seed7,bec-outage0.5_chan-layer2_mcsamples500_norm-frob_seed7_bounds.json
cnn-4,mnist,50.0,bec,outage 0.5,frob,channel_grad,0.001,0.001,0.047285180538892746,0.10025260000000003,0.04724524319171906,29.238910675048828,✓,✗,0.048854755463542565,0.10009999999999997,29.17340087890625,✓,✗,0.11436439391782005,5339.20068359375,7.3102492340610254,0.10820379853248596,9216.0,0.020921047776937485,0.04724524319171906,0.01947900801897049,0.07093589958158991,0.10009999999999997,0.0655,cnn-4_mnist_rand_gaussian_sig0.03_bounded-pmin1e-05_epoch50_bs250_lr0.001_mon0.95_dp0.0_objective-channel_gradient-chan0.001-bec-outage0.5-frob-kl0.001_seed7,bec-outage0.5_chan-layer2_mcsamples500_norm-frob_seed7_bounds.json
cnn-4,mnist,50.0,bec,outage 0.5,frob,channel_grad,0.001,0.01,0.19989854097366333,0.8874266,0.19992454051971437,5.454648494720459,✓,✗,0.26300711069276417,0.8873,4.787288665771484,✓,✗,0.9303669981432259,941.2022705078125,0.66473800805494,0.009839223697781563,9216.0,0.20072703063488007,0.19992454051971437,0.19987194538116454,0.8904381924686174,0.8873,0.8841,cnn-4_mnist_rand_gaussian_sig0.03_bounded-pmin1e-05_epoch50_bs250_lr0.001_mon0.95_dp0.0_objective-channel_gradient-chan0.01-bec-outage0.5-frob-kl0.001_seed7,bec-outage0.5_chan-layer2_mcsamples500_norm-frob_seed7_bounds.json
cnn-4,mnist,50.0,bec,outage 0.5,frob,channel_grad,0.01,0.0001,0.11024542897939682,0.37028880000000003,0.11019468307495117,34.75373458862305,✓,✗,0.1168685841798601,0.36929999999999996,34.53585433959961,✓,✗,0.3347480566813521,1190.4581298828125,29.54185999230108,0.43726846575737,9216.0,0.0729823186993599,0.11019468307495117,0.07019400596618652,0.2673505941422593,0.36929999999999996,0.2569,cnn-4_mnist_rand_gaussian_sig0.03_bounded-pmin1e-05_epoch50_bs250_lr0.001_mon0.95_dp0.0_objective-channel_gradient-chan0.0001-bec-outage0.5-frob-kl0.01_seed7,bec-outage0.5_chan-layer2_mcsamples500_norm-frob_seed7_bounds.json
cnn-4,mnist,50.0,bec,outage 0.5,frob,channel_grad,0.01,0.001,0.10980889946222305,0.32214839999999995,0.10976220369338989,26.443323135375977,✓,✗,0.11220017147676795,0.32089999999999996,26.254440307617188,✓,✗,0.3010837241446058,1395.606689453125,20.427598206592076,0.3023622930049896,9216.0,0.06917214393615723,0.10976220369338989,0.06653492450714112,0.23584244351464428,0.32089999999999996,0.22350000000000003,cnn-4_mnist_rand_gaussian_sig0.03_bounded-pmin1e-05_epoch50_bs250_lr0.001_mon0.95_dp0.0_objective-channel_gradient-chan0.001-bec-outage0.5-frob-kl0.01_seed7,bec-outage0.5_chan-layer2_mcsamples500_norm-frob_seed7_bounds.json
cnn-4,mnist,50.0,bec,outage 0.5,frob,channel_grad,0.01,0.01,0.1997797042131424,0.8881271999999999,0.199782395362854,4.723798751831055,✓,✗,0.262725856870618,0.8833,4.05732536315918,✓,✗,0.9291988904702912,325.6326599121094,2.448108846714269,0.03623606637120247,9216.0,0.20047162473201752,0.199782395362854,0.19962673187255858,0.8890053221757298,0.8833,0.8828,cnn-4_mnist_rand_gaussian_sig0.03_bounded-pmin1e-05_epoch50_bs250_lr0.001_mon0.95_dp0.0_objective-channel_gradient-chan0.01-bec-outage0.5-frob-kl0.01_seed7,bec-outage0.5_chan-layer2_mcsamples500_norm-frob_seed7_bounds.json
cnn-4,mnist,10.0,bec,outage 0.5,spec,vanilla,1.0,0.0,0.0736025720834732,0.2393294,0.07431278228759766,10.737261339850955,✓,-,0.08680293317263732,0.2419,10.584569382246757,✓,-,0.23949489077683483,2556.71875,0.04290483146905899,0.04290483146905899,9216.0,0.04893307760357857,0.07431278228759766,0.046815219521522525,0.17934952301255228,0.2419,0.16959999999999997,cnn-4_mnist_rand_gaussian_sig0.03_bounded-pmin1e-05_epoch10_bs250_lr0.001_mon0.95_dp0.0_objective-vanilla_seed7,bec-outage0.5_chan-layer2_mcsamples500_norm-spec_seed7_bounds.json
cnn-4,mnist,10.0,bec,outage 0.5,spec,channel_grad,0.0001,0.0001,0.0738227590918541,0.23901560000000005,0.07336109280586242,10.889385169730476,✓,✗,0.08679884982479444,0.23540000000000005,10.736404606442575,✓,✓,0.23977941311269568,2534.028564453125,0.28737643361091614,0.28737643361091614,9216.0,0.04892976954579353,0.07336109280586242,0.04639119505882263,0.17960589121338916,0.23540000000000005,0.17100000000000004,cnn-4_mnist_rand_gaussian_sig0.03_bounded-pmin1e-05_epoch10_bs250_lr0.001_mon0.95_dp0.0_objective-channel_gradient-chan0.0001-bec-outage0.5-spec-kl0.0001_seed7,bec-outage0.5_chan-layer2_mcsamples500_norm-spec_seed7_bounds.json
cnn-4,mnist,10.0,bec,outage 0.5,spec,channel_grad,0.0001,0.001,0.07384534180164337,0.23831459999999993,0.07338197827339173,10.914828176331289,✓,✗,0.08672121227322312,0.23450000000000004,10.762078132391489,✓,✓,0.2394712562130222,2541.0615234375,0.28441566228866577,0.28441566228866577,9216.0,0.048869695514440536,0.07338197827339173,0.04632985591888428,0.17932739748953982,0.23450000000000004,0.17100000000000004,cnn-4_mnist_rand_gaussian_sig0.03_bounded-pmin1e-05_epoch10_bs250_lr0.001_mon0.95_dp0.0_objective-channel_gradient-chan0.001-bec-outage0.5-spec-kl0.0001_seed7,bec-outage0.5_chan-layer2_mcsamples500_norm-spec_seed7_bounds.json
cnn-4,mnist,10.0,bec,outage 0.5,spec,channel_grad,0.0001,0.01,0.07418308407068253,0.23249099999999998,0.0737171709537506,11.156643381534469,✓,✗,0.08616901392009688,0.22819999999999996,11.005843163764538,✓,✓,0.23696923169002698,2607.090576171875,0.25917041301727295,0.25917041301727295,9216.0,0.048440154641866684,0.0737171709537506,0.04588657021522522,0.1770678828451883,0.22819999999999996,0.16800000000000004,cnn-4_mnist_rand_gaussian_sig0.03_bounded-pmin1e-05_epoch10_bs250_lr0.001_mon0.95_dp0.0_objective-channel_gradient-chan0.01-bec-outage0.5-spec-kl0.0001_seed7,bec-outage0.5_chan-layer2_mcsamples500_norm-spec_seed7_bounds.json
cnn-4,mnist,10.0,bec,outage 0.5,spec,channel_grad,0.001,0.0001,0.07829269766807556,0.2549398,0.0777911126613617,9.846338880427599,✓,✗,0.08997691313756791,0.25,9.685619508220082,✓,✗,0.25069628534508487,2270.12158203125,0.31080901622772217,0.31080901622772217,9216.0,0.0514114648103714,0.0777911126613617,0.048879748582839964,0.18950172384937244,0.25,0.18189999999999995,cnn-4_mnist_rand_gaussian_sig0.03_bounded-pmin1e-05_epoch10_bs250_lr0.001_mon0.95_dp0.0_objective-channel_gradient-chan0.0001-bec-outage0.5-spec-kl0.001_seed7,bec-outage0.5_chan-layer2_mcsamples500_norm-spec_seed7_bounds.json
cnn-4,mnist,10.0,bec,outage 0.5,spec,channel_grad,0.001,0.001,0.07831154763698578,0.25418339999999995,0.07781109809875489,9.868098221022924,✓,✗,0.08989633661164026,0.24939999999999996,9.707657706902433,✓,✗,0.25033685073213174,2276.3359375,0.3075577914714813,0.3075577914714813,9216.0,0.05134822055697441,0.07781109809875489,0.04881513714790344,0.1891765020920503,0.24939999999999996,0.18169999999999997,cnn-4_mnist_rand_gaussian_sig0.03_bounded-pmin1e-05_epoch10_bs250_lr0.001_mon0.95_dp0.0_objective-channel_gradient-chan0.001-bec-outage0.5-spec-kl0.001_seed7,bec-outage0.5_chan-layer2_mcsamples500_norm-spec_seed7_bounds.json
cnn-4,mnist,10.0,bec,outage 0.5,spec,channel_grad,0.001,0.01,0.07861395180225372,0.2479646,0.07812341451644897,10.075510921388913,✓,✗,0.0893226975060876,0.24480000000000002,9.91729864945135,✓,✗,0.2475349694436504,2334.489990234375,0.2803594470024109,0.2803594470024109,9216.0,0.05089935287833214,0.07812341451644897,0.04835258722305298,0.1866326359832635,0.24480000000000002,0.17779999999999996,cnn-4_mnist_rand_gaussian_sig0.03_bounded-pmin1e-05_epoch10_bs250_lr0.001_mon0.95_dp0.0_objective-channel_gradient-chan0.01-bec-outage0.5-spec-kl0.001_seed7,bec-outage0.5_chan-layer2_mcsamples500_norm-spec_seed7_bounds.json
cnn-4,mnist,10.0,bec,outage 0.5,spec,channel_grad,0.01,0.0001,0.11328569799661636,0.39153600000000005,0.11254762411117554,5.372892628282189,✓,✗,0.1221731398680898,0.38649999999999995,5.137672635942456,✓,✗,0.3573931322078228,1109.048095703125,0.4707285761833191,0.4707285761833191,9216.0,0.0773405060172081,0.11254762411117554,0.0747203767299652,0.288770008368201,0.38649999999999995,0.2845,cnn-4_mnist_rand_gaussian_sig0.03_bounded-pmin1e-05_epoch10_bs250_lr0.001_mon0.95_dp0.0_objective-channel_gradient-chan0.0001-bec-outage0.5-spec-kl0.01_seed7,bec-outage0.5_chan-layer2_mcsamples500_norm-spec_seed7_bounds.json
cnn-4,mnist,10.0,bec,outage 0.5,spec,channel_grad,0.01,0.001,0.11331094801425934,0.3908088000000002,0.11257588863372803,5.3748234699234105,✓,✗,0.12211820406234135,0.38570000000000004,5.139991386705209,✓,✗,0.3569502872805419,1110.6571044921875,0.46653351187705994,0.46653351187705994,9216.0,0.0772957131266594,0.11257588863372803,0.07467836737632752,0.2883459748953975,0.38570000000000004,0.28380000000000005,cnn-4_mnist_rand_gaussian_sig0.03_bounded-pmin1e-05_epoch10_bs250_lr0.001_mon0.95_dp0.0_objective-channel_gradient-chan0.001-bec-outage0.5-spec-kl0.01_seed7,bec-outage0.5_chan-layer2_mcsamples500_norm-spec_seed7_bounds.json
cnn-4,mnist,10.0,bec,outage 0.5,spec,channel_grad,0.01,0.01,0.11369334906339645,0.3844677999999999,0.11298965215682984,5.395805186323889,✓,✗,0.1218146284132283,0.3788,5.16434019213229,✓,✗,0.3532796226048269,1125.73095703125,0.42964714765548706,0.42964714765548706,9216.0,0.07704509794712067,0.11298965215682984,0.07442883849143982,0.28486336401673656,0.3788,0.28049999999999997,cnn-4_mnist_rand_gaussian_sig0.03_bounded-pmin1e-05_epoch10_bs250_lr0.001_mon0.95_dp0.0_objective-channel_gradient-chan0.01-bec-outage0.5-spec-kl0.01_seed7,bec-outage0.5_chan-layer2_mcsamples500_norm-spec_seed7_bounds.json
cnn-4,mnist,20.0,bec,outage 0.5,spec,vanilla,1.0,0.0,0.05700938031077385,0.16799600000000003,0.05736095905303955,17.337382867162027,✓,-,0.06834580176972695,0.16920000000000002,17.227552232098887,✓,-,0.17817643683286755,4188.431640625,0.04290483146905899,0.04290483146905899,9216.0,0.0348811075091362,0.05736095905303955,0.03305437564849854,0.12489620083682003,0.16920000000000002,0.11639999999999995,cnn-4_mnist_rand_gaussian_sig0.03_bounded-pmin1e-05_epoch20_bs250_lr0.001_mon0.95_dp0.0_objective-vanilla_seed7,bec-outage0.5_chan-layer2_mcsamples500_norm-spec_seed7_bounds.json
cnn-4,mnist,20.0,bec,outage 0.5,spec,channel_grad,0.0001,0.0001,0.05737311393022537,0.1694304,0.056745386123657225,16.97288968064313,✓,✗,0.06893451547590121,0.1644,16.861121210003777,✓,✗,0.18070298611525598,4066.37451171875,0.1741812378168106,0.1741812378168106,9216.0,0.035318467766046524,0.056745386123657225,0.03332421779632568,0.12709723849372379,0.1644,0.11719999999999997,cnn-4_mnist_rand_gaussian_sig0.03_bounded-pmin1e-05_epoch20_bs250_lr0.001_mon0.95_dp0.0_objective-channel_gradient-chan0.0001-bec-outage0.5-spec-kl0.0001_seed7,bec-outage0.5_chan-layer2_mcsamples500_norm-spec_seed7_bounds.json
cnn-4,mnist,20.0,bec,outage 0.5,spec,channel_grad,0.0001,0.001,0.05731641873717308,0.16858620000000002,0.056691819429397584,17.04409093048833,✓,✗,0.06880275911943634,0.16349999999999998,16.93266632882615,✓,✗,0.18022736078161555,4084.410400390625,0.1722269058227539,0.1722269058227539,9216.0,0.03522008657455444,0.056691819429397584,0.033228784799575806,0.12668277824267773,0.16349999999999998,0.1169,cnn-4_mnist_rand_gaussian_sig0.03_bounded-pmin1e-05_epoch20_bs250_lr0.001_mon0.95_dp0.0_objective-channel_gradient-chan0.001-bec-outage0.5-spec-kl0.0001_seed7,bec-outage0.5_chan-layer2_mcsamples500_norm-spec_seed7_bounds.json
cnn-4,mnist,20.0,bec,outage 0.5,spec,channel_grad,0.0001,0.01,0.056803543120622635,0.161202,0.0562255859375,17.73487830060401,✓,✓,0.06760979703393169,0.15639999999999998,17.62653044005421,✓,✓,0.17595765758373078,4258.77001953125,0.1554638147354126,0.1554638147354126,9216.0,0.03433522582054138,0.0562255859375,0.03234473168849945,0.12296820083682003,0.15639999999999998,0.11270000000000002,cnn-4_mnist_rand_gaussian_sig0.03_bounded-pmin1e-05_epoch20_bs250_lr0.001_mon0.95_dp0.0_objective-channel_gradient-chan0.01-bec-outage0.5-spec-kl0.0001_seed7,bec-outage0.5_chan-layer2_mcsamples500_norm-spec_seed7_bounds.json
cnn-4,mnist,20.0,bec,outage 0.5,spec,channel_grad,0.001,0.0001,0.06508507579565048,0.19740539999999995,0.06437246799468994,13.521057439488388,✓,✗,0.07472575934721448,0.1945,13.396115323987315,✓,✗,0.19966787484828666,3205.48583984375,0.21794739365577698,0.21794739365577698,9216.0,0.03966199606657028,0.06437246799468994,0.03758825063705444,0.14374286192468616,0.1945,0.13390000000000002,cnn-4_mnist_rand_gaussian_sig0.03_bounded-pmin1e-05_epoch20_bs250_lr0.001_mon0.95_dp0.0_objective-channel_gradient-chan0.0001-bec-outage0.5-spec-kl0.001_seed7,bec-outage0.5_chan-layer2_mcsamples500_norm-spec_seed7_bounds.json
cnn-4,mnist,20.0,bec,outage 0.5,spec,channel_grad,0.001,0.001,0.06501363962888718,0.196435,0.06430750489234924,13.575675880998707,✓,✗,0.0745714424298321,0.1926,13.451159138168844,✓,✗,0.19908818525969596,3219.607666015625,0.21549341082572937,0.21549341082572937,9216.0,0.039545562118291855,0.06430750489234924,0.037471631169319154,0.14323106276150635,0.1926,0.13360000000000005,cnn-4_mnist_rand_gaussian_sig0.03_bounded-pmin1e-05_epoch20_bs250_lr0.001_mon0.95_dp0.0_objective-channel_gradient-chan0.001-bec-outage0.5-spec-kl0.001_seed7,bec-outage0.5_chan-layer2_mcsamples500_norm-spec_seed7_bounds.json
cnn-4,mnist,20.0,bec,outage 0.5,spec,channel_grad,0.001,0.01,0.0644233375787735,0.18776619999999997,0.06375993490219116,14.09763223765432,✓,✗,0.07323730428341038,0.18369999999999997,13.976823983031494,✓,✗,0.19404555890623576,3353.845703125,0.19446790218353271,0.19446790218353271,9216.0,0.038538724184036255,0.06375993490219116,0.036473211646080014,0.13878564016736403,0.18369999999999997,0.12839999999999996,cnn-4_mnist_rand_gaussian_sig0.03_bounded-pmin1e-05_epoch20_bs250_lr0.001_mon0.95_dp0.0_objective-channel_gradient-chan0.01-bec-outage0.5-spec-kl0.001_seed7,bec-outage0.5_chan-layer2_mcsamples500_norm-spec_seed7_bounds.json
cnn-4,mnist,20.0,bec,outage 0.5,spec,channel_grad,0.01,0.0001,0.11024884134531021,0.37977180000000005,0.10947998762130737,5.581540838559452,✓,✗,0.11862293886308263,0.3738,5.354161218902051,✓,✗,0.34600255852048406,1168.1766357421875,0.44937610626220703,0.44937610626220703,9216.0,0.07441987097263336,0.10947998762130737,0.07188149690628051,0.2779738242677826,0.3738,0.2622,cnn-4_mnist_rand_gaussian_sig0.03_bounded-pmin1e-05_epoch20_bs250_lr0.001_mon0.95_dp0.0_objective-channel_gradient-chan0.0001-bec-outage0.5-spec-kl0.01_seed7,bec-outage0.5_chan-layer2_mcsamples500_norm-spec_seed7_bounds.json
cnn-4,mnist,20.0,bec,outage 0.5,spec,channel_grad,0.01,0.001,0.11023204773664474,0.37885439999999987,0.10946893692016602,5.58716003683144,✓,✗,0.11850963552334016,0.37250000000000005,5.360293335353212,✓,✗,0.3453763370015686,1170.686279296875,0.4453759491443634,0.4453759491443634,9216.0,0.07432684302330017,0.10946893692016602,0.07178958654403686,0.277379849372385,0.37250000000000005,0.26149999999999995,cnn-4_mnist_rand_gaussian_sig0.03_bounded-pmin1e-05_epoch20_bs250_lr0.001_mon0.95_dp0.0_objective-channel_gradient-chan0.001-bec-outage0.5-spec-kl0.01_seed7,bec-outage0.5_chan-layer2_mcsamples500_norm-spec_seed7_bounds.json
cnn-4,mnist,20.0,bec,outage 0.5,spec,channel_grad,0.01,0.01,0.11017893999814987,0.3703498,0.10947538614273071,5.646583376488482,✓,✗,0.11755342480884996,0.3641,5.424531459879027,✓,✗,0.3396053414183045,1195.499755859375,0.40926969051361084,0.40926969051361084,9216.0,0.07354352623224258,0.10947538614273071,0.07100797295570374,0.27192917154811735,0.3641,0.25560000000000005,cnn-4_mnist_rand_gaussian_sig0.03_bounded-pmin1e-05_epoch20_bs250_lr0.001_mon0.95_dp0.0_objective-channel_gradient-chan0.01-bec-outage0.5-spec-kl0.01_seed7,bec-outage0.5_chan-layer2_mcsamples500_norm-spec_seed7_bounds.json
cnn-4,mnist,30.0,bec,outage 0.5,spec,vanilla,1.0,0.0,0.0474160872399807,0.128853,0.04721946120262146,22.950620651245117,✓,-,0.0572302894462068,0.12860000000000005,22.864336013793945,✓,-,0.14351485206672887,5571.87939453125,0.04290483146905899,0.04290483146905899,9216.0,0.026783393695950508,0.04721946120262146,0.02520299255847931,0.09515738912133875,0.12860000000000005,0.08879999999999999,cnn-4_mnist_rand_gaussian_sig0.03_bounded-pmin1e-05_epoch30_bs250_lr0.001_mon0.95_dp0.0_objective-vanilla_seed7,bec-outage0.5_chan-layer2_mcsamples500_norm-spec_seed7_bounds.json
cnn-4,mnist,30.0,bec,outage 0.5,spec,channel_grad,0.0001,0.0001,0.04860539361834526,0.13247059999999994,0.04848434925079346,21.990562438964844,✓,✗,0.058092971230357664,0.12970000000000004,21.90253448486328,✓,✗,0.14612180849120882,5315.04736328125,0.12874889373779297,0.12874889373779297,9216.0,0.027400091290473938,0.04848434925079346,0.02590908408164978,0.09736224267782408,0.12970000000000004,0.09289999999999998,cnn-4_mnist_rand_gaussian_sig0.03_bounded-pmin1e-05_epoch30_bs250_lr0.001_mon0.95_dp0.0_objective-channel_gradient-chan0.0001-bec-outage0.5-spec-kl0.0001_seed7,bec-outage0.5_chan-layer2_mcsamples500_norm-spec_seed7_bounds.json
cnn-4,mnist,30.0,bec,outage 0.5,spec,channel_grad,0.0001,0.001,0.048504538834095,0.1316182,0.04838178157806396,22.092018127441406,✓,✗,0.05793627064008124,0.12929999999999997,22.00434112548828,✓,✗,0.14561227906665652,5340.39990234375,0.12721432745456696,0.12721432745456696,9216.0,0.02728809416294098,0.04838178157806396,0.025793856382369994,0.09693104602510447,0.12929999999999997,0.09240000000000004,cnn-4_mnist_rand_gaussian_sig0.03_bounded-pmin1e-05_epoch30_bs250_lr0.001_mon0.95_dp0.0_objective-channel_gradient-chan0.001-bec-outage0.5-spec-kl0.0001_seed7,bec-outage0.5_chan-layer2_mcsamples500_norm-spec_seed7_bounds.json
cnn-4,mnist,30.0,bec,outage 0.5,spec,channel_grad,0.0001,0.01,0.047615792602300644,0.12422619999999997,0.04746510088443756,23.0633544921875,✓,✗,0.0565195501153762,0.12170000000000003,22.978960037231445,✓,✓,0.14091519720102702,5582.630859375,0.11434310674667358,0.11434310674667358,9216.0,0.02627689018845558,0.04746510088443756,0.02475288063287735,0.0929647531380752,0.12170000000000003,0.08779999999999999,cnn-4_mnist_rand_gaussian_sig0.03_bounded-pmin1e-05_epoch30_bs250_lr0.001_mon0.95_dp0.0_objective-channel_gradient-chan0.01-bec-outage0.5-spec-kl0.0001_seed7,bec-outage0.5_chan-layer2_mcsamples500_norm-spec_seed7_bounds.json
cnn-4,mnist,30.0,bec,outage 0.5,spec,channel_grad,0.001,0.0001,0.05913888290524483,0.16871039999999998,0.059103471040725705,15.678254127502441,✓,✗,0.0661263568220586,0.16859999999999997,15.5731840133667,✓,✗,0.17119666018095323,3749.549560546875,0.18248417973518372,0.18248417973518372,9216.0,0.03323904424905777,0.059103471040725705,0.03164110779762268,0.11883835983263592,0.16859999999999997,0.11509999999999998,cnn-4_mnist_rand_gaussian_sig0.03_bounded-pmin1e-05_epoch30_bs250_lr0.001_mon0.95_dp0.0_objective-channel_gradient-chan0.0001-bec-outage0.5-spec-kl0.001_seed7,bec-outage0.5_chan-layer2_mcsamples500_norm-spec_seed7_bounds.json
cnn-4,mnist,30.0,bec,outage 0.5,spec,channel_grad,0.001,0.001,0.05902087315917015,0.16758939999999997,0.05898398756980896,15.749303817749023,✓,✗,0.06592971354074746,0.16790000000000005,15.644730567932129,✓,✗,0.17050276123960834,3767.6875,0.18017986416816711,0.18017986416816711,9216.0,0.03309370577335358,0.05898398756980896,0.03149289190769196,0.11823651882845165,0.16790000000000005,0.11439999999999995,cnn-4_mnist_rand_gaussian_sig0.03_bounded-pmin1e-05_epoch30_bs250_lr0.001_mon0.95_dp0.0_objective-channel_gradient-chan0.001-bec-outage0.5-spec-kl0.001_seed7,bec-outage0.5_chan-layer2_mcsamples500_norm-spec_seed7_bounds.json
cnn-4,mnist,30.0,bec,outage 0.5,spec,channel_grad,0.001,0.01,0.057971324771642685,0.1578528,0.05790036916732788,16.417150497436523,✓,✗,0.06419242249651019,0.15969999999999995,16.317012786865234,✓,✗,0.16433016963695124,3937.37939453125,0.16143424808979034,0.16143424808979034,9216.0,0.03181815892457962,0.05790036916732788,0.030178046226501463,0.11291153138075302,0.15969999999999995,0.10729999999999995,cnn-4_mnist_rand_gaussian_sig0.03_bounded-pmin1e-05_epoch30_bs250_lr0.001_mon0.95_dp0.0_objective-channel_gradient-chan0.01-bec-outage0.5-spec-kl0.001_seed7,bec-outage0.5_chan-layer2_mcsamples500_norm-spec_seed7_bounds.json
cnn-4,mnist,30.0,bec,outage 0.5,spec,channel_grad,0.01,0.0001,0.1096956878900528,0.37579780000000007,0.10997514724731446,5.582004547119141,✓,✗,0.11781056653279327,0.3809,5.357424736022949,✓,✗,0.3423900322525821,1169.4287109375,0.4483409523963928,0.4483409523963928,9216.0,0.07375413924455643,0.10997514724731446,0.07147217988967895,0.27455989958159005,0.3809,0.26270000000000004,cnn-4_mnist_rand_gaussian_sig0.03_bounded-pmin1e-05_epoch30_bs250_lr0.001_mon0.95_dp0.0_objective-channel_gradient-chan0.0001-bec-outage0.5-spec-kl0.01_seed7,bec-outage0.5_chan-layer2_mcsamples500_norm-spec_seed7_bounds.json
cnn-4,mnist,30.0,bec,outage 0.5,spec,channel_grad,0.01,0.001,0.10967133194208145,0.37479420000000013,0.10994952917098999,5.5880279541015625,✓,✗,0.11768391491921205,0.37970000000000004,5.364009857177734,✓,✗,0.34170184638420076,1172.0841064453125,0.44421178102493286,0.44421178102493286,9216.0,0.07365084439516068,0.10994952917098999,0.07136549353599549,0.2739107280334728,0.37970000000000004,0.2619,cnn-4_mnist_rand_gaussian_sig0.03_bounded-pmin1e-05_epoch30_bs250_lr0.001_mon0.95_dp0.0_objective-channel_gradient-chan0.001-bec-outage0.5-spec-kl0.01_seed7,bec-outage0.5_chan-layer2_mcsamples500_norm-spec_seed7_bounds.json
cnn-4,mnist,30.0,bec,outage 0.5,spec,channel_grad,0.01,0.01,0.10950659960508347,0.3658335999999999,0.10976634025573731,5.654721260070801,✓,✗,0.11661376887272887,0.37029999999999996,5.435763835906982,✓,✗,0.33557114563522417,1198.7764892578125,0.4080648720264435,0.4080648720264435,9216.0,0.0727742463350296,0.10976634025573731,0.07045085430145263,0.26812793305439325,0.37029999999999996,0.256,cnn-4_mnist_rand_gaussian_sig0.03_bounded-pmin1e-05_epoch30_bs250_lr0.001_mon0.95_dp0.0_objective-channel_gradient-chan0.01-bec-outage0.5-spec-kl0.01_seed7,bec-outage0.5_chan-layer2_mcsamples500_norm-spec_seed7_bounds.json
cnn-4,mnist,40.0,bec,outage 0.5,spec,vanilla,1.0,0.0,0.04028647765517235,0.10358059999999998,0.040669316053390504,28.08655015921444,✓,-,0.04933688625787205,0.10399999999999998,28.016233070467273,✓,-,0.11965397500503841,6835.76416015625,0.04290483146905899,0.04290483146905899,9216.0,0.02125207707285881,0.040669316053390504,0.019504842162132264,0.075267380753138,0.10399999999999998,0.06879999999999997,cnn-4_mnist_rand_gaussian_sig0.03_bounded-pmin1e-05_epoch40_bs250_lr0.001_mon0.95_dp0.0_objective-vanilla_seed7,bec-outage0.5_chan-layer2_mcsamples500_norm-spec_seed7_bounds.json
cnn-4,mnist,50.0,bec,outage 0.5,spec,vanilla,1.0,0.0,0.03524133563041687,0.08764580000000001,0.035199794173240664,32.57848037935913,✓,-,0.044049513398171626,0.0877,32.51854105548997,✓,-,0.1039888372673281,7939.89501953125,0.04290483146905899,0.04290483146905899,9216.0,0.01767311431467533,0.035199794173240664,0.016427749395370485,0.06253318828451879,0.0877,0.058599999999999985,cnn-4_mnist_rand_gaussian_sig0.03_bounded-pmin1e-05_epoch50_bs250_lr0.001_mon0.95_dp0.0_objective-vanilla_seed7,bec-outage0.5_chan-layer2_mcsamples500_norm-spec_seed7_bounds.json
cnn-4,mnist,50.0,bec,outage 0.5,spec,channel_grad,0.0001,0.0001,0.03701772540807724,0.09205999999999999,0.03698982298374176,30.14716666819974,✓,✗,0.04509813888045616,0.09240000000000004,30.085192797219506,✓,✗,0.10707200986069217,7332.2138671875,0.08935586363077164,0.08935586363077164,9216.0,0.018374057486653328,0.03698982298374176,0.01717277616262436,0.06501640167364015,0.09240000000000004,0.06040000000000001,cnn-4_mnist_rand_gaussian_sig0.03_bounded-pmin1e-05_epoch50_bs250_lr0.001_mon0.95_dp0.0_objective-channel_gradient-chan0.0001-bec-outage0.5-spec-kl0.0001_seed7,bec-outage0.5_chan-layer2_mcsamples500_norm-spec_seed7_bounds.json
cnn-4,mnist,50.0,bec,outage 0.5,spec,channel_grad,0.0001,0.001,0.03692162036895752,0.091479,0.03689093887805939,30.2621723100844,✓,✗,0.04498371569305515,0.09199999999999997,30.20044776391555,✓,✗,0.10670826186190094,7360.70263671875,0.0884203389286995,0.0884203389286995,9216.0,0.018297335132956505,0.03689093887805939,0.017098259925842286,0.06472331380753138,0.09199999999999997,0.06010000000000004,cnn-4_mnist_rand_gaussian_sig0.03_bounded-pmin1e-05_epoch50_bs250_lr0.001_mon0.95_dp0.0_objective-channel_gradient-chan0.001-bec-outage0.5-spec-kl0.0001_seed7,bec-outage0.5_chan-layer2_mcsamples500_norm-spec_seed7_bounds.json
cnn-4,mnist,50.0,bec,outage 0.5,spec,channel_grad,0.0001,0.01,0.03610125556588173,0.08643980000000001,0.03605853915214539,31.33892067044123,✓,✗,0.043985909210128175,0.08540000000000003,31.279363011382454,✓,✓,0.10354356826890182,7627.13818359375,0.08061482757329941,0.08061482757329941,9216.0,0.017630860209465027,0.03605853915214539,0.016458222270011903,0.062175866108786594,0.08540000000000003,0.05700000000000005,cnn-4_mnist_rand_gaussian_sig0.03_bounded-pmin1e-05_epoch50_bs250_lr0.001_mon0.95_dp0.0_objective-channel_gradient-chan0.01-bec-outage0.5-spec-kl0.0001_seed7,bec-outage0.5_chan-layer2_mcsamples500_norm-spec_seed7_bounds.json
cnn-4,mnist,50.0,bec,outage 0.5,spec,channel_grad,0.001,0.0001,0.05165418982505798,0.1353648,0.05170126557350159,18.38190888504339,✓,✗,0.05536668936983147,0.13460000000000005,18.30002291412124,✓,✗,0.1372526602919817,4428.4912109375,0.14831553399562836,0.14831553399562836,9216.0,0.02545923925936222,0.05170126557350159,0.023795539140701295,0.08988589121338897,0.13460000000000005,0.08440000000000003,cnn-4_mnist_rand_gaussian_sig0.03_bounded-pmin1e-05_epoch50_bs250_lr0.001_mon0.95_dp0.0_objective-channel_gradient-chan0.0001-bec-outage0.5-spec-kl0.001_seed7,bec-outage0.5_chan-layer2_mcsamples500_norm-spec_seed7_bounds.json
cnn-4,mnist,50.0,bec,outage 0.5,spec,channel_grad,0.001,0.001,0.05152558907866478,0.13436460000000003,0.051570934057235715,18.453981120166652,✓,✗,0.05517776851595768,0.13339999999999996,18.372556422209733,✓,✗,0.1366024664728786,4446.73974609375,0.1465386301279068,0.1465386301279068,9216.0,0.025325709953904152,0.051570934057235715,0.02366611212491989,0.08934108786610868,0.13339999999999996,0.08399999999999996,cnn-4_mnist_rand_gaussian_sig0.03_bounded-pmin1e-05_epoch50_bs250_lr0.001_mon0.95_dp0.0_objective-channel_gradient-chan0.001-bec-outage0.5-spec-kl0.001_seed7,bec-outage0.5_chan-layer2_mcsamples500_norm-spec_seed7_bounds.json
cnn-4,mnist,50.0,bec,outage 0.5,spec,channel_grad,0.001,0.01,0.05044015124440193,0.12599580000000002,0.05047022104263306,19.10854210074699,✓,✗,0.05360051655542388,0.12460000000000004,19.031003916685144,✓,✗,0.13113870061726896,4612.00732421875,0.13186131417751312,0.13186131417751312,9216.0,0.024214135482907295,0.05047022104263306,0.022602126002311707,0.08477318828451869,0.12460000000000004,0.08050000000000002,cnn-4_mnist_rand_gaussian_sig0.03_bounded-pmin1e-05_epoch50_bs250_lr0.001_mon0.95_dp0.0_objective-channel_gradient-chan0.01-bec-outage0.5-spec-kl0.001_seed7,bec-outage0.5_chan-layer2_mcsamples500_norm-spec_seed7_bounds.json
cnn-4,mnist,50.0,bec,outage 0.5,spec,channel_grad,0.01,0.0001,0.11039115488529205,0.3777992,0.11033929586410522,5.568726731843603,✓,✗,0.11772203592501913,0.37649999999999995,5.346505143523116,✓,✗,0.33994362424550695,1169.8807373046875,0.43566396832466125,0.43566396832466125,9216.0,0.07368159294128418,0.11033929586410522,0.07086935639381409,0.2722470292887028,0.37649999999999995,0.26060000000000005,cnn-4_mnist_rand_gaussian_sig0.03_bounded-pmin1e-05_epoch50_bs250_lr0.001_mon0.95_dp0.0_objective-channel_gradient-chan0.0001-bec-outage0.5-spec-kl0.01_seed7,bec-outage0.5_chan-layer2_mcsamples500_norm-spec_seed7_bounds.json
cnn-4,mnist,50.0,bec,outage 0.5,spec,channel_grad,0.01,0.001,0.11037426441907883,0.3767838,0.11032336950302124,5.574629813722383,✓,✗,0.1176057337357453,0.37529999999999997,5.35301037462543,✓,✗,0.33922517283269826,1172.482421875,0.4316641688346863,0.4316641688346863,9216.0,0.07358545809984207,0.11032336950302124,0.07077686786651612,0.2715713138075314,0.37529999999999997,0.25970000000000004,cnn-4_mnist_rand_gaussian_sig0.03_bounded-pmin1e-05_epoch50_bs250_lr0.001_mon0.95_dp0.0_objective-channel_gradient-chan0.001-bec-outage0.5-spec-kl0.01_seed7,bec-outage0.5_chan-layer2_mcsamples500_norm-spec_seed7_bounds.json
cnn-4,mnist,50.0,bec,outage 0.5,spec,channel_grad,0.01,0.01,0.11026286333799362,0.3674192,0.11021063327789307,5.641621599582813,✓,✗,0.11658851685995351,0.36560000000000004,5.425473386750968,✓,✗,0.3327367296917988,1199.113037109375,0.39642536640167236,0.39642536640167236,9216.0,0.07275331020355225,0.11021063327789307,0.06997720599174499,0.2654564351464434,0.36560000000000004,0.25539999999999996,cnn-4_mnist_rand_gaussian_sig0.03_bounded-pmin1e-05_epoch50_bs250_lr0.001_mon0.95_dp0.0_objective-channel_gradient-chan0.01-bec-outage0.5-spec-kl0.01_seed7,bec-outage0.5_chan-layer2_mcsamples500_norm-spec_seed7_bounds.json
