Model,Dataset,Epochs,Channel Type,Channel Param,Norm Type,Objective,KL Penalty,Chan Penalty,Pop Loss CE (MC),Pop Err 01 (MC),Risk CE (LHS),Bound CE (RHS),Valid CE,Eff CE,Emp Loss CE,Risk 01 (LHS),Bound 01 (RHS),Valid 01,Eff 01,Emp Err 01,KL Term,Channel Term,Lipschitz,Dimension,Train Loss CE,Pop Loss CE,Pop Loss CE (Wired),Train Err 01,Pop Err 01,Pop Err 01 (Wired),Folder,File
cnn-4,mnist,10.0,rayleigh_zf,0.0 dB,frob,vanilla,1.0,0.0,0.12497718632221222,0.3373104,0.12507401704788207,10.718699470194093,✓,-,0.0868166589106249,0.3367,10.566019656329003,✓,-,0.2394964727757157,2556.71875,0.024341379813316084,0.015496203675866127,9216.0,0.048943594098091125,0.12507401704788207,0.04606810510158539,0.17935123012552295,0.3367,0.1674,cnn-4_mnist_rand_gaussian_sig0.03_bounded-pmin1e-05_epoch10_bs250_lr0.001_mon0.95_dp0.0_objective-vanilla_seed7,rayleigh-zf-tx1.0-noise1.0_chan-layer2_mcsamples500_norm-frob_seed7_bounds.json
cnn-4,mnist,10.0,rayleigh_zf,0.0 dB,frob,channel_grad,0.0001,0.0001,0.1228146106004715,0.33581439999999996,0.12449373006820678,11.084877014160156,✓,✓,0.08731769355947838,0.34130000000000005,10.929399490356445,✓,✓,0.2427969162208323,2527.888916015625,0.504916648536528,0.3214399218559265,9216.0,0.04933416098356247,0.12449373006820678,0.04727832078933716,0.1823371380753138,0.34130000000000005,0.17300000000000004,cnn-4_mnist_rand_gaussian_sig0.03_bounded-pmin1e-05_epoch10_bs250_lr0.001_mon0.95_dp0.0_objective-channel_gradient-chan0.0001-rayleigh-zf-tx1.0-noise1.0-frob-kl0.0001_seed7,rayleigh-zf-tx1.0-noise1.0_chan-layer2_mcsamples500_norm-frob_seed7_bounds.json
cnn-4,mnist,10.0,rayleigh_zf,0.0 dB,frob,channel_grad,0.0001,0.001,0.12319321930408478,0.3368734,0.12488230466842651,11.121681213378906,✓,✓,0.08719092141785656,0.3435,10.966529846191406,✓,✓,0.24234157357317682,2538.993896484375,0.49683904688342495,0.3162975609302521,9216.0,0.04923516884446144,0.12488230466842651,0.04718105792999268,0.18192294560669448,0.3435,0.1725,cnn-4_mnist_rand_gaussian_sig0.03_bounded-pmin1e-05_epoch10_bs250_lr0.001_mon0.95_dp0.0_objective-channel_gradient-chan0.001-rayleigh-zf-tx1.0-noise1.0-frob-kl0.0001_seed7,rayleigh-zf-tx1.0-noise1.0_chan-layer2_mcsamples500_norm-frob_seed7_bounds.json
cnn-4,mnist,10.0,rayleigh_zf,0.0 dB,frob,channel_grad,0.0001,0.01,0.1267143338918686,0.34648340000000005,0.128410267829895,11.456588745117188,✓,✗,0.08649179459797213,0.35529999999999995,11.303804397583008,✓,✗,0.23927637635492108,2636.67919921875,0.43601325381642325,0.27757465839385986,9216.0,0.04869123920798302,0.128410267829895,0.04664259850978851,0.1791508953974895,0.35529999999999995,0.16769999999999996,cnn-4_mnist_rand_gaussian_sig0.03_bounded-pmin1e-05_epoch10_bs250_lr0.001_mon0.95_dp0.0_objective-channel_gradient-chan0.01-rayleigh-zf-tx1.0-noise1.0-frob-kl0.0001_seed7,rayleigh-zf-tx1.0-noise1.0_chan-layer2_mcsamples500_norm-frob_seed7_bounds.json
cnn-4,mnist,10.0,rayleigh_zf,0.0 dB,frob,channel_grad,0.001,0.0001,0.1260390728712082,0.3489557999999999,0.1276314973831177,10.065990447998047,✓,✗,0.09055424474236913,0.35719999999999996,9.90233325958252,✓,✗,0.25421112641744936,2265.658447265625,0.5451659487614392,0.34706342220306396,9216.0,0.05186387151479721,0.1276314973831177,0.04975173175334931,0.19270068619246858,0.35719999999999996,0.18179999999999996,cnn-4_mnist_rand_gaussian_sig0.03_bounded-pmin1e-05_epoch10_bs250_lr0.001_mon0.95_dp0.0_objective-channel_gradient-chan0.0001-rayleigh-zf-tx1.0-noise1.0-frob-kl0.001_seed7,rayleigh-zf-tx1.0-noise1.0_chan-layer2_mcsamples500_norm-frob_seed7_bounds.json
cnn-4,mnist,10.0,rayleigh_zf,0.0 dB,frob,channel_grad,0.001,0.001,0.12632937729358673,0.3497598,0.12792344093322755,10.098002433776855,✓,✗,0.09041781929417034,0.358,9.934751510620117,✓,✗,0.25366818252536816,2275.727783203125,0.5366133785697044,0.34161868691444397,9216.0,0.05175699666142464,0.12792344093322755,0.0496467113494873,0.19220635983263587,0.358,0.18089999999999995,cnn-4_mnist_rand_gaussian_sig0.03_bounded-pmin1e-05_epoch10_bs250_lr0.001_mon0.95_dp0.0_objective-channel_gradient-chan0.001-rayleigh-zf-tx1.0-noise1.0-frob-kl0.001_seed7,rayleigh-zf-tx1.0-noise1.0_chan-layer2_mcsamples500_norm-frob_seed7_bounds.json
cnn-4,mnist,10.0,rayleigh_zf,0.0 dB,frob,channel_grad,0.001,0.01,0.1294592022895813,0.35841999999999996,0.13108475208282472,10.38593578338623,✓,✗,0.08964605414746385,0.36660000000000004,10.22553825378418,✓,✗,0.25004384649185396,2363.363525390625,0.47040006783382393,0.29946598410606384,9216.0,0.05115241929888725,0.13108475208282472,0.04905662834644318,0.18890979079497913,0.36660000000000004,0.17659999999999998,cnn-4_mnist_rand_gaussian_sig0.03_bounded-pmin1e-05_epoch10_bs250_lr0.001_mon0.95_dp0.0_objective-channel_gradient-chan0.01-rayleigh-zf-tx1.0-noise1.0-frob-kl0.001_seed7,rayleigh-zf-tx1.0-noise1.0_chan-layer2_mcsamples500_norm-frob_seed7_bounds.json
cnn-4,mnist,10.0,rayleigh_zf,0.0 dB,frob,channel_grad,0.01,0.0001,0.15822361409664154,0.4660294,0.15983556509017943,5.7419514656066895,✓,✗,0.12272248507829424,0.4738,5.501005172729492,✓,✗,0.36366868847891864,1112.5423583984375,0.8192474193891137,0.5215491056442261,9216.0,0.07779403775930405,0.15983556509017943,0.07542999386787415,0.29473308786610897,0.4738,0.28359999999999996,cnn-4_mnist_rand_gaussian_sig0.03_bounded-pmin1e-05_epoch10_bs250_lr0.001_mon0.95_dp0.0_objective-channel_gradient-chan0.0001-rayleigh-zf-tx1.0-noise1.0-frob-kl0.01_seed7,rayleigh-zf-tx1.0-noise1.0_chan-layer2_mcsamples500_norm-frob_seed7_bounds.json
cnn-4,mnist,10.0,rayleigh_zf,0.0 dB,frob,channel_grad,0.01,0.001,0.15835876762866974,0.46644519999999984,0.1599697470664978,5.739959239959717,✓,✗,0.12259365900022189,0.47409999999999997,5.499719142913818,✓,✗,0.36283344740079426,1115.207275390625,0.807210388992768,0.5138860940933228,9216.0,0.07768820226192474,0.1599697470664978,0.07532555460929871,0.2939387112970715,0.47409999999999997,0.28269999999999995,cnn-4_mnist_rand_gaussian_sig0.03_bounded-pmin1e-05_epoch10_bs250_lr0.001_mon0.95_dp0.0_objective-channel_gradient-chan0.001-rayleigh-zf-tx1.0-noise1.0-frob-kl0.01_seed7,rayleigh-zf-tx1.0-noise1.0_chan-layer2_mcsamples500_norm-frob_seed7_bounds.json
cnn-4,mnist,10.0,rayleigh_zf,0.0 dB,frob,channel_grad,0.01,0.01,0.15995942056179047,0.4715146000000002,0.16155697107315065,5.738437175750732,✓,✗,0.12196699945970703,0.47729999999999995,5.503570079803467,✓,✗,0.35683388206814215,1139.860107421875,0.7110429294263556,0.45266398787498474,9216.0,0.07717008888721466,0.16155697107315065,0.0748152494430542,0.28823517991631825,0.47729999999999995,0.27880000000000005,cnn-4_mnist_rand_gaussian_sig0.03_bounded-pmin1e-05_epoch10_bs250_lr0.001_mon0.95_dp0.0_objective-channel_gradient-chan0.01-rayleigh-zf-tx1.0-noise1.0-frob-kl0.01_seed7,rayleigh-zf-tx1.0-noise1.0_chan-layer2_mcsamples500_norm-frob_seed7_bounds.json
cnn-4,mnist,20.0,rayleigh_zf,0.0 dB,frob,vanilla,1.0,0.0,0.11926724016666412,0.2978800000000001,0.11968958377838135,17.318838848329563,✓,-,0.06834442086004701,0.2966,17.208987399533463,✓,-,0.1781958696561441,4188.431640625,0.024341379813316084,0.015496203675866127,9216.0,0.03487967699766159,0.11968958377838135,0.032423532009124754,0.12491333891213378,0.2966,0.1139,cnn-4_mnist_rand_gaussian_sig0.03_bounded-pmin1e-05_epoch20_bs250_lr0.001_mon0.95_dp0.0_objective-vanilla_seed7,rayleigh-zf-tx1.0-noise1.0_chan-layer2_mcsamples500_norm-frob_seed7_bounds.json
cnn-4,mnist,20.0,rayleigh_zf,0.0 dB,frob,channel_grad,0.0001,0.0001,0.1184888407588005,0.2992864,0.11994699239730836,17.100297927856445,✓,✓,0.06898659534750606,0.30679999999999996,16.988584518432617,✓,✗,0.18069962447397464,4064.5439453125,0.30906660643615086,0.19675791263580322,9216.0,0.03535717725753784,0.11994699239730836,0.033012372255325315,0.12709365690376556,0.30679999999999996,0.118,cnn-4_mnist_rand_gaussian_sig0.03_bounded-pmin1e-05_epoch20_bs250_lr0.001_mon0.95_dp0.0_objective-channel_gradient-chan0.0001-rayleigh-zf-tx1.0-noise1.0-frob-kl0.0001_seed7,rayleigh-zf-tx1.0-noise1.0_chan-layer2_mcsamples500_norm-frob_seed7_bounds.json
cnn-4,mnist,20.0,rayleigh_zf,0.0 dB,frob,channel_grad,0.0001,0.001,0.11889300495386124,0.30016859999999995,0.12033960819244385,17.214073181152344,✓,✓,0.0687774417744842,0.30810000000000004,17.102920532226562,✓,✗,0.17992984150549346,4093.88818359375,0.3038133963502935,0.1934136152267456,9216.0,0.035201482474803925,0.12033960819244385,0.032865607738494874,0.12642262761506265,0.30810000000000004,0.11770000000000003,cnn-4_mnist_rand_gaussian_sig0.03_bounded-pmin1e-05_epoch20_bs250_lr0.001_mon0.95_dp0.0_objective-channel_gradient-chan0.001-rayleigh-zf-tx1.0-noise1.0-frob-kl0.0001_seed7,rayleigh-zf-tx1.0-noise1.0_chan-layer2_mcsamples500_norm-frob_seed7_bounds.json
cnn-4,mnist,20.0,rayleigh_zf,0.0 dB,frob,channel_grad,0.0001,0.01,0.12264426052570343,0.30803139999999996,0.12406363487243652,18.26313018798828,✓,✗,0.06709967766500691,0.31479999999999997,18.156551361083984,✓,✗,0.17367894427146185,4362.193359375,0.2637711985120279,0.16792196035385132,9216.0,0.03395766019821167,0.12406363487243652,0.03166584074497223,0.12098905439330535,0.31479999999999997,0.11250000000000004,cnn-4_mnist_rand_gaussian_sig0.03_bounded-pmin1e-05_epoch20_bs250_lr0.001_mon0.95_dp0.0_objective-channel_gradient-chan0.01-rayleigh-zf-tx1.0-noise1.0-frob-kl0.0001_seed7,rayleigh-zf-tx1.0-noise1.0_chan-layer2_mcsamples500_norm-frob_seed7_bounds.json
cnn-4,mnist,20.0,rayleigh_zf,0.0 dB,frob,channel_grad,0.001,0.0001,0.12154582887887955,0.3168582000000001,0.12305585145950318,13.682219505310059,✓,✗,0.07470852784925311,0.3246,13.557350158691406,✓,✗,0.19957795549513868,3205.057373046875,0.3809488534659825,0.2425195723772049,9216.0,0.039648864418268204,0.12305585145950318,0.03703661561012268,0.14366413389121338,0.3246,0.13249999999999995,cnn-4_mnist_rand_gaussian_sig0.03_bounded-pmin1e-05_epoch20_bs250_lr0.001_mon0.95_dp0.0_objective-channel_gradient-chan0.0001-rayleigh-zf-tx1.0-noise1.0-frob-kl0.001_seed7,rayleigh-zf-tx1.0-noise1.0_chan-layer2_mcsamples500_norm-frob_seed7_bounds.json
cnn-4,mnist,20.0,rayleigh_zf,0.0 dB,frob,channel_grad,0.001,0.001,0.121855728328228,0.31747160000000013,0.12337203025817871,13.767648696899414,✓,✗,0.07447329338577294,0.32489999999999997,13.643437385559082,✓,✗,0.1986843224892088,3227.75927734375,0.3745913860005157,0.23847228288650513,9216.0,0.03947126865386963,0.12337203025817871,0.0368668794631958,0.14287598326359838,0.32489999999999997,0.13149999999999995,cnn-4_mnist_rand_gaussian_sig0.03_bounded-pmin1e-05_epoch20_bs250_lr0.001_mon0.95_dp0.0_objective-channel_gradient-chan0.001-rayleigh-zf-tx1.0-noise1.0-frob-kl0.001_seed7,rayleigh-zf-tx1.0-noise1.0_chan-layer2_mcsamples500_norm-frob_seed7_bounds.json
cnn-4,mnist,20.0,rayleigh_zf,0.0 dB,frob,channel_grad,0.001,0.01,0.12451829761266708,0.32318280000000005,0.125898277759552,14.556787490844727,✓,✗,0.07256893057041061,0.33209999999999995,14.438173294067383,✓,✗,0.1911826950574686,3435.22314453125,0.324264171864324,0.2064329832792282,9216.0,0.03803567588329315,0.125898277759552,0.03548837304115295,0.13626868619246857,0.33209999999999995,0.12439999999999996,cnn-4_mnist_rand_gaussian_sig0.03_bounded-pmin1e-05_epoch20_bs250_lr0.001_mon0.95_dp0.0_objective-channel_gradient-chan0.01-rayleigh-zf-tx1.0-noise1.0-frob-kl0.001_seed7,rayleigh-zf-tx1.0-noise1.0_chan-layer2_mcsamples500_norm-frob_seed7_bounds.json
cnn-4,mnist,20.0,rayleigh_zf,0.0 dB,frob,channel_grad,0.01,0.0001,0.1562315672636032,0.4566525999999999,0.15766193866729736,5.885970592498779,✓,✗,0.11888917349293841,0.45709999999999995,5.657049655914307,✓,✗,0.34781009186837175,1160.6658935546875,0.7826615469149587,0.4982578158378601,9216.0,0.07463829219341278,0.15766193866729736,0.07107141613960266,0.27968421757322176,0.45709999999999995,0.26749999999999996,cnn-4_mnist_rand_gaussian_sig0.03_bounded-pmin1e-05_epoch20_bs250_lr0.001_mon0.95_dp0.0_objective-channel_gradient-chan0.0001-rayleigh-zf-tx1.0-noise1.0-frob-kl0.01_seed7,rayleigh-zf-tx1.0-noise1.0_chan-layer2_mcsamples500_norm-frob_seed7_bounds.json
cnn-4,mnist,20.0,rayleigh_zf,0.0 dB,frob,channel_grad,0.01,0.001,0.1563170999288559,0.4568641999999999,0.15774075984954833,5.890389442443848,✓,✗,0.11869607410249212,0.4576,5.662396430969238,✓,✗,0.3466892376079613,1164.712890625,0.771678847430013,0.49126601219177246,9216.0,0.07447998970746994,0.15774075984954833,0.0709304928779602,0.2786225606694562,0.4576,0.26649999999999996,cnn-4_mnist_rand_gaussian_sig0.03_bounded-pmin1e-05_epoch20_bs250_lr0.001_mon0.95_dp0.0_objective-channel_gradient-chan0.001-rayleigh-zf-tx1.0-noise1.0-frob-kl0.01_seed7,rayleigh-zf-tx1.0-noise1.0_chan-layer2_mcsamples500_norm-frob_seed7_bounds.json
cnn-4,mnist,20.0,rayleigh_zf,0.0 dB,frob,channel_grad,0.01,0.01,0.1572568416595459,0.45928560000000007,0.15860583782196044,5.956767559051514,✓,✗,0.11724403457723631,0.45730000000000004,5.736702919006348,✓,✗,0.33730865660862147,1205.036865234375,0.6828159601969297,0.4346941411495209,9216.0,0.07328922301530838,0.15860583782196044,0.06985523104667664,0.2697656569037658,0.45730000000000004,0.2582,cnn-4_mnist_rand_gaussian_sig0.03_bounded-pmin1e-05_epoch20_bs250_lr0.001_mon0.95_dp0.0_objective-channel_gradient-chan0.01-rayleigh-zf-tx1.0-noise1.0-frob-kl0.01_seed7,rayleigh-zf-tx1.0-noise1.0_chan-layer2_mcsamples500_norm-frob_seed7_bounds.json
cnn-4,mnist,30.0,rayleigh_zf,0.0 dB,frob,vanilla,1.0,0.0,0.11350464075803757,0.27381720000000004,0.11536697149276734,22.975055694580078,✓,-,0.05743782434556464,0.27859999999999996,22.887876510620117,✓,-,0.14461679009961292,5582.1416015625,0.024341379813316084,0.015496203675866127,9216.0,0.026931531727313995,0.11536697149276734,0.02530629336833954,0.09608840167364002,0.27859999999999996,0.09150000000000003,cnn-4_mnist_rand_gaussian_sig0.03_bounded-pmin1e-05_epoch30_bs250_lr0.001_mon0.95_dp0.0_objective-vanilla_seed7,rayleigh-zf-tx1.0-noise1.0_chan-layer2_mcsamples500_norm-frob_seed7_bounds.json
cnn-4,mnist,30.0,rayleigh_zf,0.0 dB,frob,channel_grad,0.0001,0.0001,0.11349691450595856,0.27574039999999994,0.11896883249282837,22.14617156982422,✓,✓,0.05829590801100681,0.27780000000000005,22.057172775268555,✓,✗,0.14729450925020887,5327.77783203125,0.23121406198803898,0.14719544351100922,9216.0,0.02754548005759716,0.11896883249282837,0.025717014074325563,0.09835648535564834,0.27780000000000005,0.09250000000000003,cnn-4_mnist_rand_gaussian_sig0.03_bounded-pmin1e-05_epoch30_bs250_lr0.001_mon0.95_dp0.0_objective-channel_gradient-chan0.0001-rayleigh-zf-tx1.0-noise1.0-frob-kl0.0001_seed7,rayleigh-zf-tx1.0-noise1.0_chan-layer2_mcsamples500_norm-frob_seed7_bounds.json
cnn-4,mnist,30.0,rayleigh_zf,0.0 dB,frob,channel_grad,0.0001,0.001,0.11393845081329346,0.2765697999999999,0.11942001581192016,22.308786392211914,✓,✗,0.05804423718727638,0.2792,22.22039031982422,✓,✗,0.14643988406638794,5368.7568359375,0.2273882386271395,0.14475984871387482,9216.0,0.027365094050765038,0.11942001581192016,0.025539296865463256,0.0976311631799162,0.2792,0.09189999999999998,cnn-4_mnist_rand_gaussian_sig0.03_bounded-pmin1e-05_epoch30_bs250_lr0.001_mon0.95_dp0.0_objective-channel_gradient-chan0.001-rayleigh-zf-tx1.0-noise1.0-frob-kl0.0001_seed7,rayleigh-zf-tx1.0-noise1.0_chan-layer2_mcsamples500_norm-frob_seed7_bounds.json
cnn-4,mnist,30.0,rayleigh_zf,0.0 dB,frob,channel_grad,0.0001,0.01,0.11759411543607712,0.28316679999999994,0.1232334852218628,23.780677795410156,✓,✗,0.05602040747427684,0.28159999999999996,23.6971378326416,✓,✗,0.13956028030035875,5738.13720703125,0.19816924709314554,0.1261584609746933,9216.0,0.02592281438410282,0.1232334852218628,0.02410905808210373,0.09182500418410029,0.28159999999999996,0.08560000000000001,cnn-4_mnist_rand_gaussian_sig0.03_bounded-pmin1e-05_epoch30_bs250_lr0.001_mon0.95_dp0.0_objective-channel_gradient-chan0.01-rayleigh-zf-tx1.0-noise1.0-frob-kl0.0001_seed7,rayleigh-zf-tx1.0-noise1.0_chan-layer2_mcsamples500_norm-frob_seed7_bounds.json
cnn-4,mnist,30.0,rayleigh_zf,0.0 dB,frob,channel_grad,0.001,0.0001,0.11692000925540924,0.298023,0.12243207693099975,15.860790252685547,✓,✗,0.06631536776131558,0.29910000000000003,15.75451374053955,✓,✗,0.17259220133368638,3760.989501953125,0.31692245311512623,0.20175909996032715,9216.0,0.03337840735912323,0.12243207693099975,0.03145656287670136,0.12004726359832622,0.29910000000000003,0.11339999999999995,cnn-4_mnist_rand_gaussian_sig0.03_bounded-pmin1e-05_epoch30_bs250_lr0.001_mon0.95_dp0.0_objective-channel_gradient-chan0.0001-rayleigh-zf-tx1.0-noise1.0-frob-kl0.001_seed7,rayleigh-zf-tx1.0-noise1.0_chan-layer2_mcsamples500_norm-frob_seed7_bounds.json
cnn-4,mnist,30.0,rayleigh_zf,0.0 dB,frob,channel_grad,0.001,0.001,0.11718471348285675,0.29844439999999994,0.12270975112915039,15.971120834350586,✓,✗,0.06600832218376407,0.3002,15.865659713745117,✓,✗,0.17146890244850826,3789.68310546875,0.3112345574028677,0.1981380730867386,9216.0,0.03315217047929764,0.12270975112915039,0.031226611137390135,0.11907420920502083,0.3002,0.11280000000000001,cnn-4_mnist_rand_gaussian_sig0.03_bounded-pmin1e-05_epoch30_bs250_lr0.001_mon0.95_dp0.0_objective-channel_gradient-chan0.001-rayleigh-zf-tx1.0-noise1.0-frob-kl0.001_seed7,rayleigh-zf-tx1.0-noise1.0_chan-layer2_mcsamples500_norm-frob_seed7_bounds.json
cnn-4,mnist,30.0,rayleigh_zf,0.0 dB,frob,channel_grad,0.001,0.01,0.11911922693252563,0.3016022,0.12474651336669922,16.989459991455078,✓,✗,0.06346976334479118,0.3025,16.890640258789062,✓,✗,0.16229091513491767,4051.9833984375,0.267914837899812,0.17055988311767578,9216.0,0.03128937631845474,0.12474651336669922,0.029361289739608765,0.111157121338912,0.3025,0.1038,cnn-4_mnist_rand_gaussian_sig0.03_bounded-pmin1e-05_epoch30_bs250_lr0.001_mon0.95_dp0.0_objective-channel_gradient-chan0.01-rayleigh-zf-tx1.0-noise1.0-frob-kl0.001_seed7,rayleigh-zf-tx1.0-noise1.0_chan-layer2_mcsamples500_norm-frob_seed7_bounds.json
cnn-4,mnist,30.0,rayleigh_zf,0.0 dB,frob,channel_grad,0.01,0.0001,0.15468113124370575,0.4508258,0.1592605233192444,5.883294105529785,✓,✗,0.11813068032038752,0.4526,5.657691478729248,✓,✗,0.34373358965829065,1169.0826416015625,0.7497001534606174,0.47727394104003906,9216.0,0.07401606440544128,0.1592605233192444,0.07186626195907593,0.2758287196652721,0.4526,0.2652,cnn-4_mnist_rand_gaussian_sig0.03_bounded-pmin1e-05_epoch30_bs250_lr0.001_mon0.95_dp0.0_objective-channel_gradient-chan0.0001-rayleigh-zf-tx1.0-noise1.0-frob-kl0.01_seed7,rayleigh-zf-tx1.0-noise1.0_chan-layer2_mcsamples500_norm-frob_seed7_bounds.json
cnn-4,mnist,30.0,rayleigh_zf,0.0 dB,frob,channel_grad,0.01,0.001,0.15476804971694946,0.45098639999999984,0.15934879779815675,5.889522075653076,✓,✗,0.11791321441811135,0.4534,5.664885997772217,✓,✗,0.34254943816394884,1173.45654296875,0.7392553396950567,0.47062456607818604,9216.0,0.07383780181407928,0.15934879779815675,0.07168330550193787,0.2747113305439331,0.4534,0.2643,cnn-4_mnist_rand_gaussian_sig0.03_bounded-pmin1e-05_epoch30_bs250_lr0.001_mon0.95_dp0.0_objective-channel_gradient-chan0.001-rayleigh-zf-tx1.0-noise1.0-frob-kl0.01_seed7,rayleigh-zf-tx1.0-noise1.0_chan-layer2_mcsamples500_norm-frob_seed7_bounds.json
cnn-4,mnist,30.0,rayleigh_zf,0.0 dB,frob,channel_grad,0.01,0.01,0.15571416914463043,0.45277699999999993,0.16032859086990356,5.97071647644043,✓,✗,0.11626600304604824,0.45530000000000004,5.754324436187744,✓,✗,0.3326578042048728,1216.5906982421875,0.6542474405577011,0.4165068566799164,9216.0,0.07248906791210175,0.16032859086990356,0.0702841579914093,0.26538189121338934,0.45530000000000004,0.2549,cnn-4_mnist_rand_gaussian_sig0.03_bounded-pmin1e-05_epoch30_bs250_lr0.001_mon0.95_dp0.0_objective-channel_gradient-chan0.01-rayleigh-zf-tx1.0-noise1.0-frob-kl0.01_seed7,rayleigh-zf-tx1.0-noise1.0_chan-layer2_mcsamples500_norm-frob_seed7_bounds.json
cnn-4,mnist,40.0,rayleigh_zf,0.0 dB,frob,vanilla,1.0,0.0,0.1074865385890007,0.2522833999999999,0.10461124181747436,28.06847016677405,✓,-,0.0494696453702945,0.24509999999999998,27.99780237792395,✓,-,0.12013743422039065,6835.76416015625,0.024341379813316084,0.015496203675866127,9216.0,0.021343596279621124,0.10461124181747436,0.020399373769760133,0.07566410041840996,0.24509999999999998,0.07150000000000001,cnn-4_mnist_rand_gaussian_sig0.03_bounded-pmin1e-05_epoch40_bs250_lr0.001_mon0.95_dp0.0_objective-vanilla_seed7,rayleigh-zf-tx1.0-noise1.0_chan-layer2_mcsamples500_norm-frob_seed7_bounds.json
cnn-4,mnist,50.0,rayleigh_zf,0.0 dB,frob,vanilla,1.0,0.0,0.10257827490568161,0.23495420000000003,0.1025737166404724,32.55987260660962,✓,-,0.04403724233915782,0.23619999999999997,32.49996533277521,✓,-,0.10394451617356648,7939.89501953125,0.024341379813316084,0.015496203675866127,9216.0,0.01766483671963215,0.1025737166404724,0.016329801082611083,0.06249804184100415,0.23619999999999997,0.05810000000000004,cnn-4_mnist_rand_gaussian_sig0.03_bounded-pmin1e-05_epoch50_bs250_lr0.001_mon0.95_dp0.0_objective-vanilla_seed7,rayleigh-zf-tx1.0-noise1.0_chan-layer2_mcsamples500_norm-frob_seed7_bounds.json
cnn-4,mnist,50.0,rayleigh_zf,0.0 dB,frob,channel_grad,0.0001,0.0001,0.10595425218343735,0.24411280000000002,0.10772876739501953,30.2769718170166,✓,✗,0.045215120787785015,0.25,30.214984893798828,✓,✗,0.10720164533808216,7343.01611328125,0.17493115620767036,0.11136463284492493,9216.0,0.01845245435833931,0.10772876739501953,0.01651877015829086,0.06512040167364012,0.25,0.058699999999999974,cnn-4_mnist_rand_gaussian_sig0.03_bounded-pmin1e-05_epoch50_bs250_lr0.001_mon0.95_dp0.0_objective-channel_gradient-chan0.0001-rayleigh-zf-tx1.0-noise1.0-frob-kl0.0001_seed7,rayleigh-zf-tx1.0-noise1.0_chan-layer2_mcsamples500_norm-frob_seed7_bounds.json
cnn-4,mnist,50.0,rayleigh_zf,0.0 dB,frob,channel_grad,0.0001,0.001,0.10644049942493439,0.245035,0.10824093818664551,30.460235595703125,✓,✗,0.04503304082591554,0.25139999999999996,30.398662567138672,✓,✗,0.10660463207811338,7388.70458984375,0.17226992096796925,0.10967043787240982,9216.0,0.01833023503422737,0.10824093818664551,0.016406916081905365,0.06463909623430959,0.25139999999999996,0.05830000000000002,cnn-4_mnist_rand_gaussian_sig0.03_bounded-pmin1e-05_epoch50_bs250_lr0.001_mon0.95_dp0.0_objective-channel_gradient-chan0.001-rayleigh-zf-tx1.0-noise1.0-frob-kl0.0001_seed7,rayleigh-zf-tx1.0-noise1.0_chan-layer2_mcsamples500_norm-frob_seed7_bounds.json
cnn-4,mnist,50.0,rayleigh_zf,0.0 dB,frob,channel_grad,0.0001,0.01,0.11142444610595703,0.2541838,0.11335726976394653,32.081748962402344,✓,✗,0.043643428643518126,0.25970000000000004,32.02330017089844,✓,✗,0.10209320206955619,7791.8916015625,0.1522930255815196,0.09695275127887726,9216.0,0.01740315370261669,0.11335726976394653,0.01557266116142273,0.06101268619246858,0.25970000000000004,0.05479999999999996,cnn-4_mnist_rand_gaussian_sig0.03_bounded-pmin1e-05_epoch50_bs250_lr0.001_mon0.95_dp0.0_objective-channel_gradient-chan0.01-rayleigh-zf-tx1.0-noise1.0-frob-kl0.0001_seed7,rayleigh-zf-tx1.0-noise1.0_chan-layer2_mcsamples500_norm-frob_seed7_bounds.json
cnn-4,mnist,50.0,rayleigh_zf,0.0 dB,frob,channel_grad,0.001,0.0001,0.10980329662561417,0.27230579999999993,0.1112242341041565,18.473264694213867,✓,✗,0.055345282855591815,0.2772,18.391687393188477,✓,✗,0.1369223042578659,4420.64794921875,0.27202161175199857,0.17317433655261993,9216.0,0.025443866848945618,0.1112242341041565,0.023092079162597656,0.08960883682008358,0.2772,0.08209999999999995,cnn-4_mnist_rand_gaussian_sig0.03_bounded-pmin1e-05_epoch50_bs250_lr0.001_mon0.95_dp0.0_objective-channel_gradient-chan0.0001-rayleigh-zf-tx1.0-noise1.0-frob-kl0.001_seed7,rayleigh-zf-tx1.0-noise1.0_chan-layer2_mcsamples500_norm-frob_seed7_bounds.json
cnn-4,mnist,50.0,rayleigh_zf,0.0 dB,frob,channel_grad,0.001,0.001,0.10995335876941681,0.2724793999999999,0.1113889455795288,18.58099365234375,✓,✗,0.05506479771445579,0.2771,18.500102996826172,✓,✗,0.1359549932683482,4448.37060546875,0.2675403308715196,0.17032146453857422,9216.0,0.025245610624551773,0.1113889455795288,0.022907288372516633,0.08879748953974888,0.2771,0.08150000000000002,cnn-4_mnist_rand_gaussian_sig0.03_bounded-pmin1e-05_epoch50_bs250_lr0.001_mon0.95_dp0.0_objective-channel_gradient-chan0.001-rayleigh-zf-tx1.0-noise1.0-frob-kl0.001_seed7,rayleigh-zf-tx1.0-noise1.0_chan-layer2_mcsamples500_norm-frob_seed7_bounds.json
cnn-4,mnist,50.0,rayleigh_zf,0.0 dB,frob,channel_grad,0.001,0.01,0.11173131316900253,0.27523400000000003,0.11318275928497315,19.549589157104492,✓,✗,0.05285101077287901,0.27990000000000004,19.47417449951172,✓,✗,0.12826434029801365,4696.1025390625,0.2324659219501741,0.14799240231513977,9216.0,0.023689035326242447,0.11318275928497315,0.021466916799545287,0.08238148953974882,0.27990000000000004,0.07430000000000003,cnn-4_mnist_rand_gaussian_sig0.03_bounded-pmin1e-05_epoch50_bs250_lr0.001_mon0.95_dp0.0_objective-channel_gradient-chan0.01-rayleigh-zf-tx1.0-noise1.0-frob-kl0.001_seed7,rayleigh-zf-tx1.0-noise1.0_chan-layer2_mcsamples500_norm-frob_seed7_bounds.json
cnn-4,mnist,50.0,rayleigh_zf,0.0 dB,frob,channel_grad,0.01,0.0001,0.1540481001138687,0.44862179999999996,0.15433979034423828,5.894229412078857,✓,✗,0.1171721144824837,0.4465,5.672025203704834,✓,✗,0.33937665777833537,1173.1756591796875,0.748282410291638,0.4763713777065277,9216.0,0.07323042303323746,0.15433979034423828,0.07010239362716675,0.2717138075313807,0.4465,0.2589,cnn-4_mnist_rand_gaussian_sig0.03_bounded-pmin1e-05_epoch50_bs250_lr0.001_mon0.95_dp0.0_objective-channel_gradient-chan0.0001-rayleigh-zf-tx1.0-noise1.0-frob-kl0.01_seed7,rayleigh-zf-tx1.0-noise1.0_chan-layer2_mcsamples500_norm-frob_seed7_bounds.json
cnn-4,mnist,50.0,rayleigh_zf,0.0 dB,frob,channel_grad,0.01,0.001,0.15411917865276337,0.44876939999999993,0.1544136881828308,5.90101432800293,✓,✗,0.11696367468354942,0.44699999999999995,5.679792404174805,✓,✗,0.3381851637220085,1177.713134765625,0.7377345602799183,0.46965640783309937,9216.0,0.07305986434221268,0.1544136881828308,0.0699322760105133,0.27059046025104583,0.44699999999999995,0.2581,cnn-4_mnist_rand_gaussian_sig0.03_bounded-pmin1e-05_epoch50_bs250_lr0.001_mon0.95_dp0.0_objective-channel_gradient-chan0.001-rayleigh-zf-tx1.0-noise1.0-frob-kl0.01_seed7,rayleigh-zf-tx1.0-noise1.0_chan-layer2_mcsamples500_norm-frob_seed7_bounds.json
cnn-4,mnist,50.0,rayleigh_zf,0.0 dB,frob,channel_grad,0.01,0.01,0.15497282147407532,0.45033379999999995,0.15528801679611207,5.989772319793701,✓,✗,0.11536750579041487,0.44889999999999997,5.777089595794678,✓,✗,0.3280500066179717,1223.0272216796875,0.651633802820627,0.41484296321868896,9216.0,0.07175417989492416,0.15528801679611207,0.06862982511520385,0.2610481004184099,0.44889999999999997,0.248,cnn-4_mnist_rand_gaussian_sig0.03_bounded-pmin1e-05_epoch50_bs250_lr0.001_mon0.95_dp0.0_objective-channel_gradient-chan0.01-rayleigh-zf-tx1.0-noise1.0-frob-kl0.01_seed7,rayleigh-zf-tx1.0-noise1.0_chan-layer2_mcsamples500_norm-frob_seed7_bounds.json
cnn-4,mnist,10.0,rayleigh_zf,0.0 dB,spec,vanilla,1.0,0.0,0.12497718632221222,0.3373104,0.12507401704788207,10.882942298218563,✓,-,0.0868166589106249,0.3367,10.730262484353473,✓,-,0.2394964727757157,2556.71875,0.18858420783778712,0.12005643546581268,9216.0,0.048943594098091125,0.12507401704788207,0.04606810510158539,0.17935123012552295,0.3367,0.1674,cnn-4_mnist_rand_gaussian_sig0.03_bounded-pmin1e-05_epoch10_bs250_lr0.001_mon0.95_dp0.0_objective-vanilla_seed7,rayleigh-zf-tx1.0-noise1.0_chan-layer2_mcsamples500_norm-spec_seed7_bounds.json
cnn-4,mnist,10.0,rayleigh_zf,0.0 dB,spec,channel_grad,0.0001,0.0001,0.12280704081058502,0.33579259999999994,0.12448689937591553,11.048350444262164,✓,✓,0.0873144908522555,0.34119999999999995,10.892875706335872,✓,✓,0.24278922877854778,2527.96826171875,0.4680729747867721,0.2979845106601715,9216.0,0.04933176934719086,0.12448689937591553,0.04727569818496704,0.18232883682008388,0.34119999999999995,0.17269999999999996,cnn-4_mnist_rand_gaussian_sig0.03_bounded-pmin1e-05_epoch10_bs250_lr0.001_mon0.95_dp0.0_objective-channel_gradient-chan0.0001-rayleigh-zf-tx1.0-noise1.0-spec-kl0.0001_seed7,rayleigh-zf-tx1.0-noise1.0_chan-layer2_mcsamples500_norm-spec_seed7_bounds.json
cnn-4,mnist,10.0,rayleigh_zf,0.0 dB,spec,channel_grad,0.0001,0.001,0.12312346696853638,0.33671080000000003,0.1248062252998352,11.085341062020712,✓,✓,0.08718472666854057,0.34299999999999997,10.93020444828263,✓,✓,0.24232134040662223,2539.073974609375,0.46019259789744354,0.29296770691871643,9216.0,0.049230605363845825,0.1248062252998352,0.04717761278152466,0.1819044686192468,0.34299999999999997,0.17220000000000002,cnn-4_mnist_rand_gaussian_sig0.03_bounded-pmin1e-05_epoch10_bs250_lr0.001_mon0.95_dp0.0_objective-channel_gradient-chan0.001-rayleigh-zf-tx1.0-noise1.0-spec-kl0.0001_seed7,rayleigh-zf-tx1.0-noise1.0_chan-layer2_mcsamples500_norm-spec_seed7_bounds.json
cnn-4,mnist,10.0,rayleigh_zf,0.0 dB,spec,channel_grad,0.0001,0.01,0.1263008564710617,0.3453198,0.12796419858932495,11.426347042956587,✓,✗,0.0864109167741956,0.3538,11.273723658180634,✓,✗,0.2390343015501492,2637.9921875,0.40065370460641164,0.25506407022476196,9216.0,0.04862780123949051,0.12796419858932495,0.04657990634441376,0.17893362343096234,0.3538,0.16810000000000003,cnn-4_mnist_rand_gaussian_sig0.03_bounded-pmin1e-05_epoch10_bs250_lr0.001_mon0.95_dp0.0_objective-channel_gradient-chan0.01-rayleigh-zf-tx1.0-noise1.0-spec-kl0.0001_seed7,rayleigh-zf-tx1.0-noise1.0_chan-layer2_mcsamples500_norm-spec_seed7_bounds.json
cnn-4,mnist,10.0,rayleigh_zf,0.0 dB,spec,channel_grad,0.001,0.0001,0.1260281354188919,0.3489214,0.12761690616607665,10.028418175675629,✓,✗,0.09055281185980275,0.35750000000000004,9.864771320729501,✓,✗,0.2541996668059323,2265.684326171875,0.5074999512043104,0.3230845034122467,9216.0,0.05186237767338753,0.12761690616607665,0.04974990487098694,0.19269161506276158,0.35750000000000004,0.18189999999999995,cnn-4_mnist_rand_gaussian_sig0.03_bounded-pmin1e-05_epoch10_bs250_lr0.001_mon0.95_dp0.0_objective-channel_gradient-chan0.0001-rayleigh-zf-tx1.0-noise1.0-spec-kl0.001_seed7,rayleigh-zf-tx1.0-noise1.0_chan-layer2_mcsamples500_norm-spec_seed7_bounds.json
cnn-4,mnist,10.0,rayleigh_zf,0.0 dB,spec,channel_grad,0.001,0.001,0.12628480792045593,0.34965979999999997,0.12787337303161622,10.0603842849982,✓,✗,0.09041442073898383,0.358,9.897136646557867,✓,✗,0.2536620591793189,2275.677001953125,0.49920874010494504,0.3178061544895172,9216.0,0.05175439640879631,0.12787337303161622,0.049644699692726134,0.1921997322175733,0.358,0.18089999999999995,cnn-4_mnist_rand_gaussian_sig0.03_bounded-pmin1e-05_epoch10_bs250_lr0.001_mon0.95_dp0.0_objective-channel_gradient-chan0.001-rayleigh-zf-tx1.0-noise1.0-spec-kl0.001_seed7,rayleigh-zf-tx1.0-noise1.0_chan-layer2_mcsamples500_norm-spec_seed7_bounds.json
cnn-4,mnist,10.0,rayleigh_zf,0.0 dB,spec,channel_grad,0.001,0.01,0.12910030782222748,0.3574254,0.1306956887245178,10.351591481904967,✓,✗,0.08958023808304309,0.3659,10.19130010656343,✓,✗,0.24987161342458022,2363.809814453125,0.4344056823974782,0.2765512466430664,9216.0,0.051100797951221466,0.1306956887245178,0.04900406002998352,0.188753640167364,0.3659,0.17689999999999995,cnn-4_mnist_rand_gaussian_sig0.03_bounded-pmin1e-05_epoch10_bs250_lr0.001_mon0.95_dp0.0_objective-channel_gradient-chan0.01-rayleigh-zf-tx1.0-noise1.0-spec-kl0.001_seed7,rayleigh-zf-tx1.0-noise1.0_chan-layer2_mcsamples500_norm-spec_seed7_bounds.json
cnn-4,mnist,10.0,rayleigh_zf,0.0 dB,spec,channel_grad,0.01,0.0001,0.15821343660354614,0.46602080000000007,0.1598241448402405,5.695657101157082,✓,✗,0.12272349860507141,0.4737,5.454701733533408,✓,✗,0.3636788662287441,1112.553466796875,0.7728966974726413,0.49204131960868835,9216.0,0.0777951031923294,0.1598241448402405,0.07543042898178101,0.2947443682008372,0.4737,0.28380000000000005,cnn-4_mnist_rand_gaussian_sig0.03_bounded-pmin1e-05_epoch10_bs250_lr0.001_mon0.95_dp0.0_objective-channel_gradient-chan0.0001-rayleigh-zf-tx1.0-noise1.0-spec-kl0.01_seed7,rayleigh-zf-tx1.0-noise1.0_chan-layer2_mcsamples500_norm-spec_seed7_bounds.json
cnn-4,mnist,10.0,rayleigh_zf,0.0 dB,spec,channel_grad,0.01,0.001,0.15834374725818634,0.46642339999999977,0.15995036363601683,5.69350891081944,✓,✗,0.12259758704114711,0.47409999999999997,5.4532661935488,✓,✗,0.36284030431178715,1115.094970703125,0.7612114228026192,0.4846022427082062,9216.0,0.0776904821395874,0.15995036363601683,0.07532853484153748,0.2939463096234313,0.47409999999999997,0.28259999999999996,cnn-4_mnist_rand_gaussian_sig0.03_bounded-pmin1e-05_epoch10_bs250_lr0.001_mon0.95_dp0.0_objective-channel_gradient-chan0.001-rayleigh-zf-tx1.0-noise1.0-spec-kl0.01_seed7,rayleigh-zf-tx1.0-noise1.0_chan-layer2_mcsamples500_norm-spec_seed7_bounds.json
cnn-4,mnist,10.0,rayleigh_zf,0.0 dB,spec,channel_grad,0.01,0.01,0.15989559888839722,0.47144080000000005,0.16147786378860474,5.687210016516912,✓,✗,0.12199750211508399,0.47709999999999997,5.452319479125457,✓,✗,0.356888039506539,1138.3974609375,0.6657327752879937,0.4238186478614807,9216.0,0.07719659805297852,0.16147786378860474,0.07484025359153748,0.28828910460251045,0.47709999999999997,0.27849999999999997,cnn-4_mnist_rand_gaussian_sig0.03_bounded-pmin1e-05_epoch10_bs250_lr0.001_mon0.95_dp0.0_objective-channel_gradient-chan0.01-rayleigh-zf-tx1.0-noise1.0-spec-kl0.01_seed7,rayleigh-zf-tx1.0-noise1.0_chan-layer2_mcsamples500_norm-spec_seed7_bounds.json
cnn-4,mnist,20.0,rayleigh_zf,0.0 dB,spec,vanilla,1.0,0.0,0.11926724016666412,0.2978800000000001,0.11968958377838135,17.483081676354036,✓,-,0.06834442086004701,0.2966,17.373230227557936,✓,-,0.1781958696561441,4188.431640625,0.18858420783778712,0.12005643546581268,9216.0,0.03487967699766159,0.11968958377838135,0.032423532009124754,0.12491333891213378,0.2966,0.1139,cnn-4_mnist_rand_gaussian_sig0.03_bounded-pmin1e-05_epoch20_bs250_lr0.001_mon0.95_dp0.0_objective-vanilla_seed7,rayleigh-zf-tx1.0-noise1.0_chan-layer2_mcsamples500_norm-spec_seed7_bounds.json
cnn-4,mnist,20.0,rayleigh_zf,0.0 dB,spec,channel_grad,0.0001,0.0001,0.11846691370010376,0.29924399999999995,0.11992360353469848,17.068836271462498,✓,✓,0.06898369071913188,0.30689999999999995,16.957133752545925,✓,✗,0.1806862096357029,4064.662109375,0.2771354584099527,0.17642991244792938,9216.0,0.03535512089729309,0.11992360353469848,0.03301206529140473,0.12708291213389114,0.30689999999999995,0.118,cnn-4_mnist_rand_gaussian_sig0.03_bounded-pmin1e-05_epoch20_bs250_lr0.001_mon0.95_dp0.0_objective-channel_gradient-chan0.0001-rayleigh-zf-tx1.0-noise1.0-spec-kl0.0001_seed7,rayleigh-zf-tx1.0-noise1.0_chan-layer2_mcsamples500_norm-spec_seed7_bounds.json
cnn-4,mnist,20.0,rayleigh_zf,0.0 dB,spec,channel_grad,0.0001,0.001,0.11880327761173248,0.29996220000000007,0.12024540901184082,17.18001147659951,✓,✓,0.06877753885693827,0.30789999999999995,17.068852449520726,✓,✗,0.17993656593572133,4093.3095703125,0.2721075377083024,0.17322903871536255,9216.0,0.03520158305764198,0.12024540901184082,0.032865113019943236,0.12642979079497896,0.30789999999999995,0.1179,cnn-4_mnist_rand_gaussian_sig0.03_bounded-pmin1e-05_epoch20_bs250_lr0.001_mon0.95_dp0.0_objective-channel_gradient-chan0.001-rayleigh-zf-tx1.0-noise1.0-spec-kl0.0001_seed7,rayleigh-zf-tx1.0-noise1.0_chan-layer2_mcsamples500_norm-spec_seed7_bounds.json
cnn-4,mnist,20.0,rayleigh_zf,0.0 dB,spec,channel_grad,0.0001,0.01,0.12194539606571198,0.30635380000000006,0.1233370304107666,18.216553106733958,✓,✗,0.06706683264346977,0.31279999999999997,18.11000322646177,✓,✗,0.17361671291566017,4358.296875,0.23316287952982623,0.14843609929084778,9216.0,0.033933188766241074,0.1233370304107666,0.031642451882362366,0.1209335564853555,0.31279999999999997,0.11209999999999998,cnn-4_mnist_rand_gaussian_sig0.03_bounded-pmin1e-05_epoch20_bs250_lr0.001_mon0.95_dp0.0_objective-channel_gradient-chan0.01-rayleigh-zf-tx1.0-noise1.0-spec-kl0.0001_seed7,rayleigh-zf-tx1.0-noise1.0_chan-layer2_mcsamples500_norm-spec_seed7_bounds.json
cnn-4,mnist,20.0,rayleigh_zf,0.0 dB,spec,channel_grad,0.001,0.0001,0.12153458595275879,0.31682759999999993,0.12304966449737549,13.648829671417733,✓,✗,0.07470724228973835,0.3246,13.52396089802005,✓,✗,0.19957601568742245,3205.07470703125,0.34748992742455476,0.22121895849704742,9216.0,0.03964848071336746,0.12304966449737549,0.03703605532646179,0.14366205857740583,0.3246,0.13239999999999996,cnn-4_mnist_rand_gaussian_sig0.03_bounded-pmin1e-05_epoch20_bs250_lr0.001_mon0.95_dp0.0_objective-channel_gradient-chan0.0001-rayleigh-zf-tx1.0-noise1.0-spec-kl0.001_seed7,rayleigh-zf-tx1.0-noise1.0_chan-layer2_mcsamples500_norm-spec_seed7_bounds.json
cnn-4,mnist,20.0,rayleigh_zf,0.0 dB,spec,channel_grad,0.001,0.001,0.12179215997457504,0.3173458,0.1233021378517151,13.732138779467311,✓,✗,0.07447574214913205,0.32509999999999994,13.60791557001879,✓,✗,0.19869895159765327,3227.2197265625,0.34126943590468595,0.21725887060165405,9216.0,0.03947285935282707,0.1233021378517151,0.036870115995407106,0.14288813389121335,0.32509999999999994,0.13160000000000005,cnn-4_mnist_rand_gaussian_sig0.03_bounded-pmin1e-05_epoch20_bs250_lr0.001_mon0.95_dp0.0_objective-channel_gradient-chan0.001-rayleigh-zf-tx1.0-noise1.0-spec-kl0.001_seed7,rayleigh-zf-tx1.0-noise1.0_chan-layer2_mcsamples500_norm-spec_seed7_bounds.json
cnn-4,mnist,20.0,rayleigh_zf,0.0 dB,spec,channel_grad,0.001,0.01,0.12404980510473251,0.3220386,0.12541035413742066,14.50948164565797,✓,✗,0.0725525488346423,0.3306,14.39086817854198,✓,✗,0.19116601595063304,3431.47314453125,0.2922841506709336,0.18607386946678162,9216.0,0.038023442029953,0.12541035413742066,0.03547838628292084,0.13625439330543934,0.3306,0.12439999999999996,cnn-4_mnist_rand_gaussian_sig0.03_bounded-pmin1e-05_epoch20_bs250_lr0.001_mon0.95_dp0.0_objective-channel_gradient-chan0.01-rayleigh-zf-tx1.0-noise1.0-spec-kl0.001_seed7,rayleigh-zf-tx1.0-noise1.0_chan-layer2_mcsamples500_norm-spec_seed7_bounds.json
cnn-4,mnist,20.0,rayleigh_zf,0.0 dB,spec,channel_grad,0.01,0.0001,0.1562298983335495,0.45665639999999996,0.15766066312789917,5.839500545318581,✓,✗,0.1188901099396346,0.4569,5.610579714793295,✓,✗,0.3478109404649208,1160.6273193359375,0.7363473862471234,0.4687733054161072,9216.0,0.07463927567005157,0.15766066312789917,0.07107317447662354,0.2796851548117156,0.4569,0.26739999999999997,cnn-4_mnist_rand_gaussian_sig0.03_bounded-pmin1e-05_epoch20_bs250_lr0.001_mon0.95_dp0.0_objective-channel_gradient-chan0.0001-rayleigh-zf-tx1.0-noise1.0-spec-kl0.01_seed7,rayleigh-zf-tx1.0-noise1.0_chan-layer2_mcsamples500_norm-spec_seed7_bounds.json
cnn-4,mnist,20.0,rayleigh_zf,0.0 dB,spec,channel_grad,0.01,0.001,0.15631255507469177,0.4568852,0.15773462057113646,5.843598485944047,✓,✗,0.11870437353684059,0.4575,5.615579622879879,✓,✗,0.3467232366010081,1164.53564453125,0.7255773599408692,0.46191689372062683,9216.0,0.07448685169219971,0.15773462057113646,0.07093819975852966,0.27865402510460247,0.4575,0.26649999999999996,cnn-4_mnist_rand_gaussian_sig0.03_bounded-pmin1e-05_epoch20_bs250_lr0.001_mon0.95_dp0.0_objective-channel_gradient-chan0.001-rayleigh-zf-tx1.0-noise1.0-spec-kl0.01_seed7,rayleigh-zf-tx1.0-noise1.0_chan-layer2_mcsamples500_norm-spec_seed7_bounds.json
cnn-4,mnist,20.0,rayleigh_zf,0.0 dB,spec,channel_grad,0.01,0.01,0.15726244449615479,0.45941960000000015,0.15860522985458375,5.902929216697954,✓,✗,0.11734334802675155,0.4585,5.6826511295958175,✓,✗,0.33762143512888826,1202.7764892578125,0.6378922973117654,0.40609484910964966,9216.0,0.07337121665477753,0.15860522985458375,0.06994295716285706,0.27006122175732233,0.4585,0.2582,cnn-4_mnist_rand_gaussian_sig0.03_bounded-pmin1e-05_epoch20_bs250_lr0.001_mon0.95_dp0.0_objective-channel_gradient-chan0.01-rayleigh-zf-tx1.0-noise1.0-spec-kl0.01_seed7,rayleigh-zf-tx1.0-noise1.0_chan-layer2_mcsamples500_norm-spec_seed7_bounds.json
cnn-4,mnist,30.0,rayleigh_zf,0.0 dB,spec,vanilla,1.0,0.0,0.11350464075803757,0.27381720000000004,0.11536697149276734,23.139297485351562,✓,-,0.05743782434556464,0.27859999999999996,23.0521183013916,✓,-,0.14461679009961292,5582.1416015625,0.18858420783778712,0.12005643546581268,9216.0,0.026931531727313995,0.11536697149276734,0.02530629336833954,0.09608840167364002,0.27859999999999996,0.09150000000000003,cnn-4_mnist_rand_gaussian_sig0.03_bounded-pmin1e-05_epoch30_bs250_lr0.001_mon0.95_dp0.0_objective-vanilla_seed7,rayleigh-zf-tx1.0-noise1.0_chan-layer2_mcsamples500_norm-spec_seed7_bounds.json
cnn-4,mnist,30.0,rayleigh_zf,0.0 dB,spec,channel_grad,0.0001,0.0001,0.11346358060836792,0.27567100000000005,0.11893850564956665,22.116706819986376,✓,✓,0.058292601463321464,0.27780000000000005,22.027714102783296,✓,✗,0.14728531866640143,5327.99658203125,0.20086551044333661,0.127874955534935,9216.0,0.027543023228645325,0.11893850564956665,0.02571462094783783,0.09834858577405842,0.27780000000000005,0.09250000000000003,cnn-4_mnist_rand_gaussian_sig0.03_bounded-pmin1e-05_epoch30_bs250_lr0.001_mon0.95_dp0.0_objective-channel_gradient-chan0.0001-rayleigh-zf-tx1.0-noise1.0-spec-kl0.0001_seed7,rayleigh-zf-tx1.0-noise1.0_chan-layer2_mcsamples500_norm-spec_seed7_bounds.json
cnn-4,mnist,30.0,rayleigh_zf,0.0 dB,spec,channel_grad,0.0001,0.001,0.11385077238082886,0.2763578,0.11933518648147583,22.27517920297441,✓,✗,0.05804756393957926,0.279,22.186766089727158,✓,✗,0.14646067718683162,5367.8974609375,0.19726787889611355,0.12558463215827942,9216.0,0.027367571368813515,0.11933518648147583,0.025540924072265624,0.09764950627615053,0.279,0.09189999999999998,cnn-4_mnist_rand_gaussian_sig0.03_bounded-pmin1e-05_epoch30_bs250_lr0.001_mon0.95_dp0.0_objective-channel_gradient-chan0.001-rayleigh-zf-tx1.0-noise1.0-spec-kl0.0001_seed7,rayleigh-zf-tx1.0-noise1.0_chan-layer2_mcsamples500_norm-spec_seed7_bounds.json
cnn-4,mnist,30.0,rayleigh_zf,0.0 dB,spec,channel_grad,0.0001,0.01,0.116810142993927,0.28132259999999987,0.12241121530532836,23.72383869287091,✓,✗,0.05600410717542351,0.27990000000000004,23.640284327410566,✓,✗,0.13955847263576682,5731.359375,0.16900252269628763,0.10759034752845764,9216.0,0.025910787284374237,0.12241121530532836,0.024094383418560027,0.09182309623430945,0.27990000000000004,0.08509999999999995,cnn-4_mnist_rand_gaussian_sig0.03_bounded-pmin1e-05_epoch30_bs250_lr0.001_mon0.95_dp0.0_objective-channel_gradient-chan0.01-rayleigh-zf-tx1.0-noise1.0-spec-kl0.0001_seed7,rayleigh-zf-tx1.0-noise1.0_chan-layer2_mcsamples500_norm-spec_seed7_bounds.json
cnn-4,mnist,30.0,rayleigh_zf,0.0 dB,spec,channel_grad,0.001,0.0001,0.11691395193338394,0.2980026000000001,0.12242671251296997,15.82852092587177,✓,✗,0.06631741228872151,0.29910000000000003,15.722243555956373,✓,✗,0.17259478220411928,3760.9599609375,0.2847703693489248,0.18129044771194458,9216.0,0.03337956964969635,0.12242671251296997,0.031456193327903746,0.12005000836820076,0.29910000000000003,0.11339999999999995,cnn-4_mnist_rand_gaussian_sig0.03_bounded-pmin1e-05_epoch30_bs250_lr0.001_mon0.95_dp0.0_objective-channel_gradient-chan0.0001-rayleigh-zf-tx1.0-noise1.0-spec-kl0.001_seed7,rayleigh-zf-tx1.0-noise1.0_chan-layer2_mcsamples500_norm-spec_seed7_bounds.json
cnn-4,mnist,30.0,rayleigh_zf,0.0 dB,spec,channel_grad,0.001,0.001,0.11711151897907257,0.29829179999999994,0.12263296842575074,15.936592369430025,✓,✗,0.06601299126939222,0.30010000000000003,15.831115940194527,✓,✗,0.17148942050489047,3789.053466796875,0.2792559172041442,0.17777983844280243,9216.0,0.03315509483218193,0.12263296842575074,0.03122940957546234,0.119092451882845,0.30010000000000003,0.11280000000000001,cnn-4_mnist_rand_gaussian_sig0.03_bounded-pmin1e-05_epoch30_bs250_lr0.001_mon0.95_dp0.0_objective-channel_gradient-chan0.001-rayleigh-zf-tx1.0-noise1.0-spec-kl0.001_seed7,rayleigh-zf-tx1.0-noise1.0_chan-layer2_mcsamples500_norm-spec_seed7_bounds.json
cnn-4,mnist,30.0,rayleigh_zf,0.0 dB,spec,channel_grad,0.001,0.01,0.11865079402923584,0.30045920000000004,0.12425594329833985,16.936874145153478,✓,✗,0.0634748307812632,0.3016,16.837996917496046,✓,✗,0.1623520584386958,4046.6572265625,0.237012109579994,0.15088659524917603,9216.0,0.03129270672798157,0.12425594329833985,0.029361319541931153,0.1112094058577405,0.3016,0.10370000000000001,cnn-4_mnist_rand_gaussian_sig0.03_bounded-pmin1e-05_epoch30_bs250_lr0.001_mon0.95_dp0.0_objective-channel_gradient-chan0.01-rayleigh-zf-tx1.0-noise1.0-spec-kl0.001_seed7,rayleigh-zf-tx1.0-noise1.0_chan-layer2_mcsamples500_norm-spec_seed7_bounds.json
cnn-4,mnist,30.0,rayleigh_zf,0.0 dB,spec,channel_grad,0.01,0.0001,0.1546739786863327,0.4508162,0.1592551589012146,5.837165211491968,✓,✗,0.11812745244369822,0.4525,5.611568659849686,✓,✗,0.34372400408598,1169.0677490234375,0.7036410788924277,0.4479518234729767,9216.0,0.07401452958583832,0.1592551589012146,0.07186363935470581,0.27581814225941426,0.4525,0.2652,cnn-4_mnist_rand_gaussian_sig0.03_bounded-pmin1e-05_epoch30_bs250_lr0.001_mon0.95_dp0.0_objective-channel_gradient-chan0.0001-rayleigh-zf-tx1.0-noise1.0-spec-kl0.01_seed7,rayleigh-zf-tx1.0-noise1.0_chan-layer2_mcsamples500_norm-spec_seed7_bounds.json
cnn-4,mnist,30.0,rayleigh_zf,0.0 dB,spec,channel_grad,0.01,0.001,0.15476366877555847,0.45100339999999994,0.15934276580810547,5.843082586069086,✓,✗,0.11792123960295138,0.45330000000000004,5.618421273343106,✓,✗,0.3425825523289311,1173.2822265625,0.6934943727213878,0.4414922297000885,9216.0,0.07384437322616577,0.15934276580810547,0.07168892621994019,0.274741757322176,0.45330000000000004,0.2641,cnn-4_mnist_rand_gaussian_sig0.03_bounded-pmin1e-05_epoch30_bs250_lr0.001_mon0.95_dp0.0_objective-channel_gradient-chan0.001-rayleigh-zf-tx1.0-noise1.0-spec-kl0.01_seed7,rayleigh-zf-tx1.0-noise1.0_chan-layer2_mcsamples500_norm-spec_seed7_bounds.json
cnn-4,mnist,30.0,rayleigh_zf,0.0 dB,spec,channel_grad,0.01,0.01,0.15571503341197968,0.4529238000000001,0.16031678915023803,5.916685384720898,✓,✗,0.11637192866737249,0.45509999999999995,5.700075337795281,✓,✗,0.3329819755929899,1214.2010498046875,0.6096473517449815,0.3881135582923889,9216.0,0.07257610559463501,0.16031678915023803,0.0703672707080841,0.26568940585774065,0.45509999999999995,0.25529999999999997,cnn-4_mnist_rand_gaussian_sig0.03_bounded-pmin1e-05_epoch30_bs250_lr0.001_mon0.95_dp0.0_objective-channel_gradient-chan0.01-rayleigh-zf-tx1.0-noise1.0-spec-kl0.01_seed7,rayleigh-zf-tx1.0-noise1.0_chan-layer2_mcsamples500_norm-spec_seed7_bounds.json
cnn-4,mnist,40.0,rayleigh_zf,0.0 dB,spec,vanilla,1.0,0.0,0.1074865385890007,0.2522833999999999,0.10461124181747436,28.232712994798522,✓,-,0.0494696453702945,0.24509999999999998,28.162045205948424,✓,-,0.12013743422039065,6835.76416015625,0.18858420783778712,0.12005643546581268,9216.0,0.021343596279621124,0.10461124181747436,0.020399373769760133,0.07566410041840996,0.24509999999999998,0.07150000000000001,cnn-4_mnist_rand_gaussian_sig0.03_bounded-pmin1e-05_epoch40_bs250_lr0.001_mon0.95_dp0.0_objective-vanilla_seed7,rayleigh-zf-tx1.0-noise1.0_chan-layer2_mcsamples500_norm-spec_seed7_bounds.json
cnn-4,mnist,50.0,rayleigh_zf,0.0 dB,spec,vanilla,1.0,0.0,0.10257827490568161,0.23495420000000003,0.1025737166404724,32.72411543463409,✓,-,0.04403724233915782,0.23619999999999997,32.66420816079968,✓,-,0.10394451617356648,7939.89501953125,0.18858420783778712,0.12005643546581268,9216.0,0.01766483671963215,0.1025737166404724,0.016329801082611083,0.06249804184100415,0.23619999999999997,0.05810000000000004,cnn-4_mnist_rand_gaussian_sig0.03_bounded-pmin1e-05_epoch50_bs250_lr0.001_mon0.95_dp0.0_objective-vanilla_seed7,rayleigh-zf-tx1.0-noise1.0_chan-layer2_mcsamples500_norm-spec_seed7_bounds.json
cnn-4,mnist,50.0,rayleigh_zf,0.0 dB,spec,channel_grad,0.0001,0.0001,0.1059134230017662,0.24404739999999997,0.10768283605575561,30.248813767227933,✓,✗,0.045213395318914176,0.24980000000000002,30.186832766565754,✓,✗,0.10719439598109026,7343.11669921875,0.1463699511588381,0.09318200498819351,9216.0,0.018451161682605743,0.10768283605575561,0.016518212854862213,0.06511467782426775,0.24980000000000002,0.058699999999999974,cnn-4_mnist_rand_gaussian_sig0.03_bounded-pmin1e-05_epoch50_bs250_lr0.001_mon0.95_dp0.0_objective-channel_gradient-chan0.0001-rayleigh-zf-tx1.0-noise1.0-spec-kl0.0001_seed7,rayleigh-zf-tx1.0-noise1.0_chan-layer2_mcsamples500_norm-spec_seed7_bounds.json
cnn-4,mnist,50.0,rayleigh_zf,0.0 dB,spec,channel_grad,0.0001,0.001,0.10631421953439713,0.24476859999999998,0.10810643434524536,30.42732298828954,✓,✗,0.045036022740954335,0.25129999999999997,30.365736935463975,✓,✗,0.10662207556651732,7387.5908203125,0.1438866535709544,0.09160108864307404,9216.0,0.018332337960600853,0.10810643434524536,0.0164097860455513,0.06465362343096231,0.25129999999999997,0.05820000000000003,cnn-4_mnist_rand_gaussian_sig0.03_bounded-pmin1e-05_epoch50_bs250_lr0.001_mon0.95_dp0.0_objective-channel_gradient-chan0.001-rayleigh-zf-tx1.0-noise1.0-spec-kl0.0001_seed7,rayleigh-zf-tx1.0-noise1.0_chan-layer2_mcsamples500_norm-spec_seed7_bounds.json
cnn-4,mnist,50.0,rayleigh_zf,0.0 dB,spec,channel_grad,0.0001,0.01,0.11037784069776535,0.25186660000000005,0.11232151985168456,32.014473757043255,✓,✗,0.04364337244352014,0.2571,31.955963124189587,✓,✗,0.10215400529719082,7782.0791015625,0.1250138283106,0.07958627492189407,9216.0,0.017403095960617065,0.11232151985168456,0.015566357970237732,0.06106128870292889,0.2571,0.05459999999999998,cnn-4_mnist_rand_gaussian_sig0.03_bounded-pmin1e-05_epoch50_bs250_lr0.001_mon0.95_dp0.0_objective-channel_gradient-chan0.01-rayleigh-zf-tx1.0-noise1.0-spec-kl0.0001_seed7,rayleigh-zf-tx1.0-noise1.0_chan-layer2_mcsamples500_norm-spec_seed7_bounds.json
cnn-4,mnist,50.0,rayleigh_zf,0.0 dB,spec,channel_grad,0.001,0.0001,0.10979393869638443,0.2722820000000001,0.1112174153327942,18.4413587086333,✓,✗,0.05534684641452925,0.277,18.359772756009487,✓,✗,0.13693279903833833,4420.521484375,0.24062149128522972,0.15318439900875092,9216.0,0.02544547989964485,0.1112174153327942,0.02309311330318451,0.08961807531380739,0.277,0.08220000000000005,cnn-4_mnist_rand_gaussian_sig0.03_bounded-pmin1e-05_epoch50_bs250_lr0.001_mon0.95_dp0.0_objective-channel_gradient-chan0.0001-rayleigh-zf-tx1.0-noise1.0-spec-kl0.001_seed7,rayleigh-zf-tx1.0-noise1.0_chan-layer2_mcsamples500_norm-spec_seed7_bounds.json
cnn-4,mnist,50.0,rayleigh_zf,0.0 dB,spec,channel_grad,0.001,0.001,0.10989643633365631,0.2723614,0.11132816076278687,18.54745012646904,✓,✗,0.05506828954746599,0.2772,18.46654480663653,✓,✗,0.1359736093799755,4447.8134765625,0.23625300724033457,0.15040333569049835,9216.0,0.025248253718018532,0.11132816076278687,0.022909852862358093,0.08881345606694555,0.2772,0.08150000000000002,cnn-4_mnist_rand_gaussian_sig0.03_bounded-pmin1e-05_epoch50_bs250_lr0.001_mon0.95_dp0.0_objective-channel_gradient-chan0.001-rayleigh-zf-tx1.0-noise1.0-spec-kl0.001_seed7,rayleigh-zf-tx1.0-noise1.0_chan-layer2_mcsamples500_norm-spec_seed7_bounds.json
cnn-4,mnist,50.0,rayleigh_zf,0.0 dB,spec,channel_grad,0.001,0.01,0.11125890165567398,0.27415739999999994,0.11272262334823609,19.495345638466098,✓,✗,0.05287543434125309,0.2792,19.419822650648424,✓,✗,0.1283984221589241,4690.1513671875,0.20238341083569494,0.12884128093719482,9216.0,0.023706533014774323,0.11272262334823609,0.021481812000274658,0.08249315481171543,0.2792,0.07399999999999995,cnn-4_mnist_rand_gaussian_sig0.03_bounded-pmin1e-05_epoch50_bs250_lr0.001_mon0.95_dp0.0_objective-channel_gradient-chan0.01-rayleigh-zf-tx1.0-noise1.0-spec-kl0.001_seed7,rayleigh-zf-tx1.0-noise1.0_chan-layer2_mcsamples500_norm-spec_seed7_bounds.json
cnn-4,mnist,50.0,rayleigh_zf,0.0 dB,spec,channel_grad,0.01,0.0001,0.15404699742794037,0.448604,0.15434045791625978,5.84871649864943,✓,✗,0.11717214287176396,0.4466,5.626507581115511,✓,✗,0.33938106040568217,1173.189697265625,0.7027075264976519,0.44735750555992126,9216.0,0.07323045283555984,0.15434045791625978,0.0701018750667572,0.27171866108786635,0.4466,0.2589,cnn-4_mnist_rand_gaussian_sig0.03_bounded-pmin1e-05_epoch50_bs250_lr0.001_mon0.95_dp0.0_objective-channel_gradient-chan0.0001-rayleigh-zf-tx1.0-noise1.0-spec-kl0.01_seed7,rayleigh-zf-tx1.0-noise1.0_chan-layer2_mcsamples500_norm-spec_seed7_bounds.json
cnn-4,mnist,50.0,rayleigh_zf,0.0 dB,spec,channel_grad,0.01,0.001,0.15411487221717834,0.4487726000000001,0.15440878868103028,5.854755777828202,✓,✗,0.11697408055243401,0.44710000000000005,5.633508425020247,✓,✗,0.3382214333603888,1177.502197265625,0.6923007251954628,0.44073233008384705,9216.0,0.07306893169879913,0.15440878868103028,0.06994003057479858,0.27062430125523024,0.44710000000000005,0.2579,cnn-4_mnist_rand_gaussian_sig0.03_bounded-pmin1e-05_epoch50_bs250_lr0.001_mon0.95_dp0.0_objective-channel_gradient-chan0.001-rayleigh-zf-tx1.0-noise1.0-spec-kl0.01_seed7,rayleigh-zf-tx1.0-noise1.0_chan-layer2_mcsamples500_norm-spec_seed7_bounds.json
cnn-4,mnist,50.0,rayleigh_zf,0.0 dB,spec,channel_grad,0.01,0.01,0.15497848391532898,0.4504916000000001,0.15530406236648558,5.937283342100586,✓,✗,0.11546657855437863,0.44930000000000003,5.72435288489399,✓,✗,0.328397035760975,1220.8477783203125,0.6076950934198717,0.38687071204185486,9216.0,0.07183584570884705,0.15530406236648558,0.06871311664581299,0.26137395815899567,0.44930000000000003,0.24880000000000002,cnn-4_mnist_rand_gaussian_sig0.03_bounded-pmin1e-05_epoch50_bs250_lr0.001_mon0.95_dp0.0_objective-channel_gradient-chan0.01-rayleigh-zf-tx1.0-noise1.0-spec-kl0.01_seed7,rayleigh-zf-tx1.0-noise1.0_chan-layer2_mcsamples500_norm-spec_seed7_bounds.json
cnn-4,mnist,10.0,rayleigh_zf,10.0 dB,frob,vanilla,1.0,0.0,0.0609729066491127,0.20988340000000003,0.06066135764122009,10.70185116040257,✓,-,0.0868166589106249,0.21120000000000005,10.54917134653748,✓,-,0.2394964727757157,2556.71875,0.007493070021794318,0.015084812417626381,9216.0,0.048943594098091125,0.06066135764122009,0.04606810510158539,0.17935123012552295,0.21120000000000005,0.1674,cnn-4_mnist_rand_gaussian_sig0.03_bounded-pmin1e-05_epoch10_bs250_lr0.001_mon0.95_dp0.0_objective-vanilla_seed7,rayleigh-zf-tx1.0-noise0.1_chan-layer2_mcsamples500_norm-frob_seed7_bounds.json
cnn-4,mnist,10.0,rayleigh_zf,10.0 dB,frob,channel_grad,0.0001,0.0001,0.06049221381545067,0.21060079999999998,0.060128521919250486,10.736393928527832,✓,✓,0.08732687963421987,0.2117,10.580890655517578,✓,✗,0.24283009131722366,2527.038330078125,0.15987178522347364,0.3218488395214081,9216.0,0.04934089630842209,0.060128521919250486,0.047284293174743655,0.18236622594142257,0.2117,0.17269999999999996,cnn-4_mnist_rand_gaussian_sig0.03_bounded-pmin1e-05_epoch10_bs250_lr0.001_mon0.95_dp0.0_objective-channel_gradient-chan0.0001-rayleigh-zf-tx1.0-noise0.1-frob-kl0.0001_seed7,rayleigh-zf-tx1.0-noise0.1_chan-layer2_mcsamples500_norm-frob_seed7_bounds.json
cnn-4,mnist,10.0,rayleigh_zf,10.0 dB,frob,channel_grad,0.0001,0.001,0.060490090399980545,0.21057340000000005,0.06012540459632874,10.750636100769043,✓,✓,0.08728381188815823,0.2117,10.595246315002441,✓,✗,0.24267320942510634,2530.7626953125,0.15906607958531202,0.3202268183231354,9216.0,0.04930736869573593,0.06012540459632874,0.04725376963615417,0.18222376569037668,0.2117,0.17259999999999998,cnn-4_mnist_rand_gaussian_sig0.03_bounded-pmin1e-05_epoch10_bs250_lr0.001_mon0.95_dp0.0_objective-channel_gradient-chan0.001-rayleigh-zf-tx1.0-noise0.1-frob-kl0.0001_seed7,rayleigh-zf-tx1.0-noise0.1_chan-layer2_mcsamples500_norm-frob_seed7_bounds.json
cnn-4,mnist,10.0,rayleigh_zf,10.0 dB,frob,channel_grad,0.0001,0.01,0.06055740639567375,0.2106158,0.06020694375038147,10.880058288574219,✓,✓,0.08694237398091847,0.21109999999999995,10.725613594055176,✓,✗,0.24138685758676048,2564.57568359375,0.1517337822643123,0.3054656684398651,9216.0,0.04904146492481232,0.06020694375038147,0.04699388146400452,0.18106075313807526,0.21109999999999995,0.17069999999999996,cnn-4_mnist_rand_gaussian_sig0.03_bounded-pmin1e-05_epoch10_bs250_lr0.001_mon0.95_dp0.0_objective-channel_gradient-chan0.01-rayleigh-zf-tx1.0-noise0.1-frob-kl0.0001_seed7,rayleigh-zf-tx1.0-noise0.1_chan-layer2_mcsamples500_norm-frob_seed7_bounds.json
cnn-4,mnist,10.0,rayleigh_zf,10.0 dB,frob,channel_grad,0.001,0.0001,0.06326929479837418,0.22201640000000003,0.06289634108543396,9.69023323059082,✓,✗,0.09056489700218273,0.2217,9.526541709899902,✓,✗,0.2542572679746393,2264.858642578125,0.17262818420973805,0.3475296199321747,9216.0,0.051873091608285904,0.06289634108543396,0.049762168526649476,0.19274396652719655,0.2217,0.18179999999999996,cnn-4_mnist_rand_gaussian_sig0.03_bounded-pmin1e-05_epoch10_bs250_lr0.001_mon0.95_dp0.0_objective-channel_gradient-chan0.0001-rayleigh-zf-tx1.0-noise0.1-frob-kl0.001_seed7,rayleigh-zf-tx1.0-noise0.1_chan-layer2_mcsamples500_norm-frob_seed7_bounds.json
cnn-4,mnist,10.0,rayleigh_zf,10.0 dB,frob,channel_grad,0.001,0.001,0.06326171010732651,0.22195820000000002,0.06289218664169312,9.70237922668457,✓,✗,0.09052087552559011,0.2218,9.538817405700684,✓,✗,0.2540819560858244,2268.095947265625,0.1717330938906662,0.3457276523113251,9216.0,0.05183850973844528,0.06289218664169312,0.04972478449344635,0.19258420083682007,0.2218,0.18169999999999997,cnn-4_mnist_rand_gaussian_sig0.03_bounded-pmin1e-05_epoch10_bs250_lr0.001_mon0.95_dp0.0_objective-channel_gradient-chan0.001-rayleigh-zf-tx1.0-noise0.1-frob-kl0.001_seed7,rayleigh-zf-tx1.0-noise0.1_chan-layer2_mcsamples500_norm-frob_seed7_bounds.json
cnn-4,mnist,10.0,rayleigh_zf,10.0 dB,frob,channel_grad,0.001,0.01,0.06327956914901733,0.22172899999999995,0.06291863322257996,9.817426681518555,✓,✗,0.09014646427590522,0.22230000000000005,9.65501594543457,✓,✗,0.25255751779463154,2298.608154296875,0.16373985621713272,0.3296359181404114,9216.0,0.051544830203056335,0.06291863322257996,0.04944282174110413,0.19119457740585769,0.22230000000000005,0.18010000000000004,cnn-4_mnist_rand_gaussian_sig0.03_bounded-pmin1e-05_epoch10_bs250_lr0.001_mon0.95_dp0.0_objective-channel_gradient-chan0.01-rayleigh-zf-tx1.0-noise0.1-frob-kl0.001_seed7,rayleigh-zf-tx1.0-noise0.1_chan-layer2_mcsamples500_norm-frob_seed7_bounds.json
cnn-4,mnist,10.0,rayleigh_zf,10.0 dB,frob,channel_grad,0.01,0.0001,0.09132228046655655,0.3324491999999999,0.09092057347297669,5.181445121765137,✓,✗,0.12273498296784378,0.3288,4.94043493270874,✓,✗,0.3637454683506466,1112.37060546875,0.25936512151718727,0.522145688533783,9216.0,0.07780347764492035,0.09092057347297669,0.07543811202049255,0.2948062594142264,0.3288,0.28390000000000004,cnn-4_mnist_rand_gaussian_sig0.03_bounded-pmin1e-05_epoch10_bs250_lr0.001_mon0.95_dp0.0_objective-channel_gradient-chan0.0001-rayleigh-zf-tx1.0-noise0.1-frob-kl0.01_seed7,rayleigh-zf-tx1.0-noise0.1_chan-layer2_mcsamples500_norm-frob_seed7_bounds.json
cnn-4,mnist,10.0,rayleigh_zf,10.0 dB,frob,channel_grad,0.01,0.001,0.09130757302045822,0.33230479999999996,0.09090837240219116,5.183406352996826,✓,✗,0.12268945876811056,0.3287,4.942627429962158,✓,✗,0.36346830258427487,1113.208984375,0.25818058944900035,0.5197610259056091,9216.0,0.07776671648025513,0.09090837240219116,0.0754015326499939,0.29454082008368215,0.3287,0.2833,cnn-4_mnist_rand_gaussian_sig0.03_bounded-pmin1e-05_epoch10_bs250_lr0.001_mon0.95_dp0.0_objective-channel_gradient-chan0.001-rayleigh-zf-tx1.0-noise0.1-frob-kl0.01_seed7,rayleigh-zf-tx1.0-noise0.1_chan-layer2_mcsamples500_norm-frob_seed7_bounds.json
cnn-4,mnist,10.0,rayleigh_zf,10.0 dB,frob,channel_grad,0.01,0.01,0.09123013913631439,0.3312632,0.09085423350334168,5.203518390655518,✓,✗,0.12233891660307429,0.3275,4.96483039855957,✓,✗,0.3610269069028543,1121.5257568359375,0.24678088944695234,0.49681150913238525,9216.0,0.07747776061296463,0.09085423350334168,0.07512212991714477,0.2922180753138075,0.3275,0.2813,cnn-4_mnist_rand_gaussian_sig0.03_bounded-pmin1e-05_epoch10_bs250_lr0.001_mon0.95_dp0.0_objective-channel_gradient-chan0.01-rayleigh-zf-tx1.0-noise0.1-frob-kl0.01_seed7,rayleigh-zf-tx1.0-noise0.1_chan-layer2_mcsamples500_norm-frob_seed7_bounds.json
cnn-4,mnist,20.0,rayleigh_zf,10.0 dB,frob,vanilla,1.0,0.0,0.048236191272735596,0.158974,0.04795385599136352,17.301990538538043,✓,-,0.06834442086004701,0.1582,17.192139089741943,✓,-,0.1781958696561441,4188.431640625,0.007493070021794318,0.015084812417626381,9216.0,0.03487967699766159,0.04795385599136352,0.032423532009124754,0.12491333891213378,0.1582,0.1139,cnn-4_mnist_rand_gaussian_sig0.03_bounded-pmin1e-05_epoch20_bs250_lr0.001_mon0.95_dp0.0_objective-vanilla_seed7,rayleigh-zf-tx1.0-noise0.1_chan-layer2_mcsamples500_norm-frob_seed7_bounds.json
cnn-4,mnist,20.0,rayleigh_zf,10.0 dB,frob,channel_grad,0.0001,0.0001,0.048514917492866516,0.1611262,0.04990459084510803,16.88022804260254,✓,✗,0.0690018482970099,0.16310000000000002,16.768476486206055,✓,✗,0.18075246664382688,4062.35986328125,0.09785804666523598,0.19700473546981812,9216.0,0.035368215292692184,0.04990459084510803,0.033023867011070254,0.12713931380753124,0.16310000000000002,0.118,cnn-4_mnist_rand_gaussian_sig0.03_bounded-pmin1e-05_epoch20_bs250_lr0.001_mon0.95_dp0.0_objective-channel_gradient-chan0.0001-rayleigh-zf-tx1.0-noise0.1-frob-kl0.0001_seed7,rayleigh-zf-tx1.0-noise0.1_chan-layer2_mcsamples500_norm-frob_seed7_bounds.json
cnn-4,mnist,20.0,rayleigh_zf,10.0 dB,frob,channel_grad,0.0001,0.001,0.04850589483976364,0.16103180000000003,0.04989657998085022,16.917776107788086,✓,✗,0.06893482468683007,0.1633,16.806198120117188,✓,✗,0.18051388324976145,4071.7412109375,0.09734889594928935,0.19597972929477692,9216.0,0.03531878814101219,0.04989657998085022,0.032976022362709044,0.1269312468619247,0.1633,0.11839999999999995,cnn-4_mnist_rand_gaussian_sig0.03_bounded-pmin1e-05_epoch20_bs250_lr0.001_mon0.95_dp0.0_objective-channel_gradient-chan0.001-rayleigh-zf-tx1.0-noise0.1-frob-kl0.0001_seed7,rayleigh-zf-tx1.0-noise0.1_chan-layer2_mcsamples500_norm-frob_seed7_bounds.json
cnn-4,mnist,20.0,rayleigh_zf,10.0 dB,frob,channel_grad,0.0001,0.01,0.04845922067761421,0.1603386,0.04982630908489227,17.279836654663086,✓,✗,0.06831565708630816,0.16349999999999998,17.169919967651367,✓,✗,0.17823152859692548,4162.19384765625,0.09241886744158988,0.1860547512769699,9216.0,0.03485846146941185,0.04982630908489227,0.03253646194934845,0.12494420083682005,0.16349999999999998,0.1159,cnn-4_mnist_rand_gaussian_sig0.03_bounded-pmin1e-05_epoch20_bs250_lr0.001_mon0.95_dp0.0_objective-channel_gradient-chan0.01-rayleigh-zf-tx1.0-noise0.1-frob-kl0.0001_seed7,rayleigh-zf-tx1.0-noise0.1_chan-layer2_mcsamples500_norm-frob_seed7_bounds.json
cnn-4,mnist,20.0,rayleigh_zf,10.0 dB,frob,channel_grad,0.001,0.0001,0.05277293547987938,0.178583,0.05418580770492554,13.415129661560059,✓,✗,0.07472587420394661,0.18130000000000002,13.290217399597168,✓,✗,0.19963784570929938,3203.385498046875,0.12062431601085623,0.2428370714187622,9216.0,0.03966211527585983,0.05418580770492554,0.037050250172615054,0.14371772384937234,0.18130000000000002,0.13249999999999995,cnn-4_mnist_rand_gaussian_sig0.03_bounded-pmin1e-05_epoch20_bs250_lr0.001_mon0.95_dp0.0_objective-channel_gradient-chan0.0001-rayleigh-zf-tx1.0-noise0.1-frob-kl0.001_seed7,rayleigh-zf-tx1.0-noise0.1_chan-layer2_mcsamples500_norm-frob_seed7_bounds.json
cnn-4,mnist,20.0,rayleigh_zf,10.0 dB,frob,channel_grad,0.001,0.001,0.05274858698248863,0.17845339999999998,0.05415965318679809,13.443077087402344,✓,✗,0.0746515263125995,0.18100000000000005,13.318363189697266,✓,✗,0.19936552307402117,3210.456787109375,0.11997632148532744,0.24153254926204681,9216.0,0.03960586339235306,0.05415965318679809,0.03699595630168915,0.1434753138075313,0.18100000000000005,0.13219999999999998,cnn-4_mnist_rand_gaussian_sig0.03_bounded-pmin1e-05_epoch20_bs250_lr0.001_mon0.95_dp0.0_objective-channel_gradient-chan0.001-rayleigh-zf-tx1.0-noise0.1-frob-kl0.001_seed7,rayleigh-zf-tx1.0-noise0.1_chan-layer2_mcsamples500_norm-frob_seed7_bounds.json
cnn-4,mnist,20.0,rayleigh_zf,10.0 dB,frob,channel_grad,0.001,0.01,0.05255996063351631,0.1772852,0.05395066738128662,13.720487594604492,✓,✗,0.07394945481209618,0.18020000000000003,13.597774505615234,✓,✗,0.19666277813610006,3280.534423828125,0.11399824353044996,0.22949767112731934,9216.0,0.03907598555088043,0.05395066738128662,0.036489108204841615,0.1410921506276151,0.18020000000000003,0.13070000000000004,cnn-4_mnist_rand_gaussian_sig0.03_bounded-pmin1e-05_epoch20_bs250_lr0.001_mon0.95_dp0.0_objective-channel_gradient-chan0.01-rayleigh-zf-tx1.0-noise0.1-frob-kl0.001_seed7,rayleigh-zf-tx1.0-noise0.1_chan-layer2_mcsamples500_norm-frob_seed7_bounds.json
cnn-4,mnist,20.0,rayleigh_zf,10.0 dB,frob,channel_grad,0.01,0.0001,0.08860471099615097,0.32032759999999993,0.0902082860469818,5.349972724914551,✓,✗,0.11890193461268668,0.3247,5.120989799499512,✓,✗,0.3478849085225917,1160.3790283203125,0.24775990188528224,0.4987824261188507,9216.0,0.07464984059333801,0.0902082860469818,0.07108270525932311,0.27975471129707125,0.3247,0.26770000000000005,cnn-4_mnist_rand_gaussian_sig0.03_bounded-pmin1e-05_epoch20_bs250_lr0.001_mon0.95_dp0.0_objective-channel_gradient-chan0.0001-rayleigh-zf-tx1.0-noise0.1-frob-kl0.01_seed7,rayleigh-zf-tx1.0-noise0.1_chan-layer2_mcsamples500_norm-frob_seed7_bounds.json
cnn-4,mnist,20.0,rayleigh_zf,10.0 dB,frob,channel_grad,0.01,0.001,0.08857320994138718,0.320119,0.09017342329025269,5.35348653793335,✓,✗,0.11884169280083619,0.3248,5.124786853790283,✓,✗,0.34754163962596085,1161.60205078125,0.24662404435019117,0.4964957535266876,9216.0,0.07459954917430878,0.09017342329025269,0.07103641033172607,0.27943022594142264,0.3248,0.2673,cnn-4_mnist_rand_gaussian_sig0.03_bounded-pmin1e-05_epoch20_bs250_lr0.001_mon0.95_dp0.0_objective-channel_gradient-chan0.001-rayleigh-zf-tx1.0-noise0.1-frob-kl0.01_seed7,rayleigh-zf-tx1.0-noise0.1_chan-layer2_mcsamples500_norm-frob_seed7_bounds.json
cnn-4,mnist,20.0,rayleigh_zf,10.0 dB,frob,channel_grad,0.01,0.01,0.0883200466632843,0.3182476,0.08989095687866211,5.392230987548828,✓,✗,0.11827286916551612,0.32230000000000003,5.166337966918945,✓,✗,0.34416574072846595,1174.46728515625,0.23622187620280605,0.4755544364452362,9216.0,0.07413384318351746,0.08989095687866211,0.07061758637428284,0.27623856066945607,0.32230000000000003,0.26480000000000004,cnn-4_mnist_rand_gaussian_sig0.03_bounded-pmin1e-05_epoch20_bs250_lr0.001_mon0.95_dp0.0_objective-channel_gradient-chan0.01-rayleigh-zf-tx1.0-noise0.1-frob-kl0.01_seed7,rayleigh-zf-tx1.0-noise0.1_chan-layer2_mcsamples500_norm-frob_seed7_bounds.json
cnn-4,mnist,30.0,rayleigh_zf,10.0 dB,frob,vanilla,1.0,0.0,0.040543314069509506,0.13081600000000004,0.04057029187679291,22.958208084106445,✓,-,0.05743782434556464,0.13249999999999995,22.871028900146484,✓,-,0.14461679009961292,5582.1416015625,0.007493070021794318,0.015084812417626381,9216.0,0.026931531727313995,0.04057029187679291,0.02530629336833954,0.09608840167364002,0.13249999999999995,0.09150000000000003,cnn-4_mnist_rand_gaussian_sig0.03_bounded-pmin1e-05_epoch30_bs250_lr0.001_mon0.95_dp0.0_objective-vanilla_seed7,rayleigh-zf-tx1.0-noise0.1_chan-layer2_mcsamples500_norm-frob_seed7_bounds.json
cnn-4,mnist,30.0,rayleigh_zf,10.0 dB,frob,channel_grad,0.0001,0.0001,0.040946293622255325,0.1324522,0.04207620024681091,21.975427627563477,✓,✗,0.05831428617341147,0.13590000000000002,21.88638687133789,✓,✗,0.14735570859157054,5324.642578125,0.0732093326828346,0.1473827213048935,9216.0,0.027558712288737297,0.04207620024681091,0.02572997212409973,0.09840846861924671,0.13590000000000002,0.09250000000000003,cnn-4_mnist_rand_gaussian_sig0.03_bounded-pmin1e-05_epoch30_bs250_lr0.001_mon0.95_dp0.0_objective-channel_gradient-chan0.0001-rayleigh-zf-tx1.0-noise0.1-frob-kl0.0001_seed7,rayleigh-zf-tx1.0-noise0.1_chan-layer2_mcsamples500_norm-frob_seed7_bounds.json
cnn-4,mnist,30.0,rayleigh_zf,10.0 dB,frob,channel_grad,0.0001,0.001,0.04093756154179573,0.1323434,0.042066022753715515,22.027759552001953,✓,✗,0.05823387616145038,0.13560000000000005,21.938913345336914,✓,✗,0.14708029008927967,5337.6220703125,0.07282642043433776,0.14661185443401337,9216.0,0.02750057727098465,0.042066022753715515,0.02567237913608551,0.09817362343096224,0.13560000000000005,0.09230000000000005,cnn-4_mnist_rand_gaussian_sig0.03_bounded-pmin1e-05_epoch30_bs250_lr0.001_mon0.95_dp0.0_objective-channel_gradient-chan0.001-rayleigh-zf-tx1.0-noise0.1-frob-kl0.0001_seed7,rayleigh-zf-tx1.0-noise0.1_chan-layer2_mcsamples500_norm-frob_seed7_bounds.json
cnn-4,mnist,30.0,rayleigh_zf,10.0 dB,frob,channel_grad,0.0001,0.01,0.0408170223236084,0.13145359999999998,0.04195609986782074,22.53757095336914,✓,✗,0.05748543505320526,0.13470000000000004,22.450498580932617,✓,✗,0.14455704890779808,5463.99951171875,0.06922788762843503,0.13936740159988403,9216.0,0.02696535550057888,0.04195609986782074,0.025143462419509887,0.09603802510460235,0.13470000000000004,0.08899999999999997,cnn-4_mnist_rand_gaussian_sig0.03_bounded-pmin1e-05_epoch30_bs250_lr0.001_mon0.95_dp0.0_objective-channel_gradient-chan0.01-rayleigh-zf-tx1.0-noise0.1-frob-kl0.0001_seed7,rayleigh-zf-tx1.0-noise0.1_chan-layer2_mcsamples500_norm-frob_seed7_bounds.json
cnn-4,mnist,30.0,rayleigh_zf,10.0 dB,frob,channel_grad,0.001,0.0001,0.04655564948916435,0.1549432,0.04781482517719269,15.635571479797363,✓,✗,0.06633930918799776,0.15949999999999998,15.529234886169434,✓,✗,0.17267551984922266,3758.8515625,0.10034772386681617,0.20201687514781952,9216.0,0.03339555859565735,0.04781482517719269,0.03147241473197937,0.1201180251046024,0.15949999999999998,0.11350000000000005,cnn-4_mnist_rand_gaussian_sig0.03_bounded-pmin1e-05_epoch30_bs250_lr0.001_mon0.95_dp0.0_objective-channel_gradient-chan0.0001-rayleigh-zf-tx1.0-noise0.1-frob-kl0.001_seed7,rayleigh-zf-tx1.0-noise0.1_chan-layer2_mcsamples500_norm-frob_seed7_bounds.json
cnn-4,mnist,30.0,rayleigh_zf,10.0 dB,frob,channel_grad,0.001,0.001,0.04651341587305069,0.15473599999999996,0.04777292013168335,15.672303199768066,✓,✗,0.06624089775287348,0.1592,15.566227912902832,✓,✗,0.17231629341237584,3768.073486328125,0.09979086825947617,0.20089583098888397,9216.0,0.0333232618868351,0.04777292013168335,0.0313995361328125,0.1198073974895396,0.1592,0.11309999999999998,cnn-4_mnist_rand_gaussian_sig0.03_bounded-pmin1e-05_epoch30_bs250_lr0.001_mon0.95_dp0.0_objective-channel_gradient-chan0.001-rayleigh-zf-tx1.0-noise0.1-frob-kl0.001_seed7,rayleigh-zf-tx1.0-noise0.1_chan-layer2_mcsamples500_norm-frob_seed7_bounds.json
cnn-4,mnist,30.0,rayleigh_zf,10.0 dB,frob,channel_grad,0.001,0.01,0.046167489141225815,0.1529632,0.04742431640625,16.025436401367188,✓,✗,0.06531478126962681,0.15790000000000004,15.921769142150879,✓,✗,0.1689812165466477,3856.678955078125,0.09452744584671223,0.19029967486858368,9216.0,0.032641466706991196,0.04742431640625,0.030713218450546264,0.11692348117154801,0.15790000000000004,0.10940000000000005,cnn-4_mnist_rand_gaussian_sig0.03_bounded-pmin1e-05_epoch30_bs250_lr0.001_mon0.95_dp0.0_objective-channel_gradient-chan0.01-rayleigh-zf-tx1.0-noise0.1-frob-kl0.001_seed7,rayleigh-zf-tx1.0-noise0.1_chan-layer2_mcsamples500_norm-frob_seed7_bounds.json
cnn-4,mnist,30.0,rayleigh_zf,10.0 dB,frob,channel_grad,0.01,0.0001,0.08748266845941544,0.315228,0.08891337513923644,5.3697075843811035,✓,✗,0.11814602684369263,0.3184,5.144033908843994,✓,✗,0.3438195635748257,1168.769775390625,0.23730463290145704,0.47773420810699463,9216.0,0.07402846962213516,0.08891337513923644,0.0718793272972107,0.2759113974895399,0.3184,0.265,cnn-4_mnist_rand_gaussian_sig0.03_bounded-pmin1e-05_epoch30_bs250_lr0.001_mon0.95_dp0.0_objective-channel_gradient-chan0.0001-rayleigh-zf-tx1.0-noise0.1-frob-kl0.01_seed7,rayleigh-zf-tx1.0-noise0.1_chan-layer2_mcsamples500_norm-frob_seed7_bounds.json
cnn-4,mnist,30.0,rayleigh_zf,10.0 dB,frob,channel_grad,0.01,0.001,0.08744711428880692,0.31500900000000004,0.08887717127799988,5.373885154724121,✓,✗,0.11807507573186414,0.3188,5.148513317108154,✓,✗,0.34344673692782846,1170.1397705078125,0.2362618461661147,0.475634902715683,9216.0,0.07397066056728363,0.08887717127799988,0.07182080149650574,0.27555487866108824,0.3188,0.26459999999999995,cnn-4_mnist_rand_gaussian_sig0.03_bounded-pmin1e-05_epoch30_bs250_lr0.001_mon0.95_dp0.0_objective-channel_gradient-chan0.001-rayleigh-zf-tx1.0-noise0.1-frob-kl0.01_seed7,rayleigh-zf-tx1.0-noise0.1_chan-layer2_mcsamples500_norm-frob_seed7_bounds.json
cnn-4,mnist,30.0,rayleigh_zf,10.0 dB,frob,channel_grad,0.01,0.01,0.08716381341218948,0.3130008000000001,0.08859380483627319,5.416023254394531,✓,✗,0.11744836371512546,0.3157,5.193524360656738,✓,✗,0.33994732805772715,1183.723876953125,0.22644283978340268,0.45586758852005005,9216.0,0.07345734536647797,0.08859380483627319,0.07128918170928955,0.27225111297071125,0.3157,0.2623,cnn-4_mnist_rand_gaussian_sig0.03_bounded-pmin1e-05_epoch30_bs250_lr0.001_mon0.95_dp0.0_objective-channel_gradient-chan0.01-rayleigh-zf-tx1.0-noise0.1-frob-kl0.01_seed7,rayleigh-zf-tx1.0-noise0.1_chan-layer2_mcsamples500_norm-frob_seed7_bounds.json
cnn-4,mnist,40.0,rayleigh_zf,10.0 dB,frob,vanilla,1.0,0.0,0.03470661863684654,0.1097212,0.033108800649642944,28.05162185698253,✓,-,0.0494696453702945,0.10619999999999996,27.98095406813243,✓,-,0.12013743422039065,6835.76416015625,0.007493070021794318,0.015084812417626381,9216.0,0.021343596279621124,0.033108800649642944,0.020399373769760133,0.07566410041840996,0.10619999999999996,0.07150000000000001,cnn-4_mnist_rand_gaussian_sig0.03_bounded-pmin1e-05_epoch40_bs250_lr0.001_mon0.95_dp0.0_objective-vanilla_seed7,rayleigh-zf-tx1.0-noise0.1_chan-layer2_mcsamples500_norm-frob_seed7_bounds.json
cnn-4,mnist,50.0,rayleigh_zf,10.0 dB,frob,vanilla,1.0,0.0,0.030775124207139015,0.09529840000000003,0.030672910809516906,32.5430242968181,✓,-,0.04403724233915782,0.0958,32.48311702298369,✓,-,0.10394451617356648,7939.89501953125,0.007493070021794318,0.015084812417626381,9216.0,0.01766483671963215,0.030672910809516906,0.016329801082611083,0.06249804184100415,0.0958,0.05810000000000004,cnn-4_mnist_rand_gaussian_sig0.03_bounded-pmin1e-05_epoch50_bs250_lr0.001_mon0.95_dp0.0_objective-vanilla_seed7,rayleigh-zf-tx1.0-noise0.1_chan-layer2_mcsamples500_norm-frob_seed7_bounds.json
cnn-4,mnist,50.0,rayleigh_zf,10.0 dB,frob,channel_grad,0.0001,0.0001,0.03214291110634804,0.09990219999999998,0.03137131929397583,30.1436710357666,✓,✗,0.045228753520977084,0.10089999999999999,30.08165740966797,✓,✗,0.1072428784588279,7339.638671875,0.05537951664642345,0.11148829758167267,9216.0,0.01846165768802166,0.03137131929397583,0.016527332365512848,0.06515424267782426,0.10089999999999999,0.05879999999999996,cnn-4_mnist_rand_gaussian_sig0.03_bounded-pmin1e-05_epoch50_bs250_lr0.001_mon0.95_dp0.0_objective-channel_gradient-chan0.0001-rayleigh-zf-tx1.0-noise0.1-frob-kl0.0001_seed7,rayleigh-zf-tx1.0-noise0.1_chan-layer2_mcsamples500_norm-frob_seed7_bounds.json
cnn-4,mnist,50.0,rayleigh_zf,10.0 dB,frob,channel_grad,0.0001,0.001,0.03214579448103905,0.0998608,0.03137268126010895,30.200895309448242,✓,✗,0.04517065270093916,0.10089999999999999,30.139013290405273,✓,✗,0.10705428165736192,7353.76904296875,0.05510597406049117,0.11093761026859283,9216.0,0.018422618508338928,0.03137268126010895,0.016491469740867615,0.06500157322175726,0.10089999999999999,0.058599999999999985,cnn-4_mnist_rand_gaussian_sig0.03_bounded-pmin1e-05_epoch50_bs250_lr0.001_mon0.95_dp0.0_objective-channel_gradient-chan0.001-rayleigh-zf-tx1.0-noise0.1-frob-kl0.0001_seed7,rayleigh-zf-tx1.0-noise0.1_chan-layer2_mcsamples500_norm-frob_seed7_bounds.json
cnn-4,mnist,50.0,rayleigh_zf,10.0 dB,frob,channel_grad,0.0001,0.01,0.032212864607572556,0.09959659999999995,0.03141948580741882,30.7655086517334,✓,✗,0.04463482922770576,0.10160000000000002,30.7048282623291,✓,✗,0.1053152249365274,7493.0927734375,0.052670185991849604,0.10603395849466324,9216.0,0.01806383952498436,0.03141948580741882,0.01616743803024292,0.0635995313807531,0.10160000000000002,0.05720000000000003,cnn-4_mnist_rand_gaussian_sig0.03_bounded-pmin1e-05_epoch50_bs250_lr0.001_mon0.95_dp0.0_objective-channel_gradient-chan0.01-rayleigh-zf-tx1.0-noise0.1-frob-kl0.0001_seed7,rayleigh-zf-tx1.0-noise0.1_chan-layer2_mcsamples500_norm-frob_seed7_bounds.json
cnn-4,mnist,50.0,rayleigh_zf,10.0 dB,frob,channel_grad,0.001,0.0001,0.03899061679840088,0.126185,0.03843877911567688,18.278451919555664,✓,✗,0.05536787918304564,0.1311,18.19681167602539,✓,✗,0.13700744935477452,4418.43798828125,0.08614581115749456,0.17342603206634521,9216.0,0.025460466742515564,0.03843877911567688,0.023107415437698363,0.08968033472803334,0.1311,0.08220000000000005,cnn-4_mnist_rand_gaussian_sig0.03_bounded-pmin1e-05_epoch50_bs250_lr0.001_mon0.95_dp0.0_objective-channel_gradient-chan0.0001-rayleigh-zf-tx1.0-noise0.1-frob-kl0.001_seed7,rayleigh-zf-tx1.0-noise0.1_chan-layer2_mcsamples500_norm-frob_seed7_bounds.json
cnn-4,mnist,50.0,rayleigh_zf,10.0 dB,frob,channel_grad,0.001,0.001,0.038950011134147644,0.12598740000000003,0.03839857280254364,18.31391143798828,✓,✗,0.05527785443962505,0.13080000000000003,18.23249626159668,✓,✗,0.13669284950870386,4427.3154296875,0.08567781470006572,0.1724838763475418,9216.0,0.025396358221769333,0.03839857280254364,0.023048149049282075,0.08941626778242669,0.13080000000000003,0.08189999999999997,cnn-4_mnist_rand_gaussian_sig0.03_bounded-pmin1e-05_epoch50_bs250_lr0.001_mon0.95_dp0.0_objective-channel_gradient-chan0.001-rayleigh-zf-tx1.0-noise0.1-frob-kl0.001_seed7,rayleigh-zf-tx1.0-noise0.1_chan-layer2_mcsamples500_norm-frob_seed7_bounds.json
cnn-4,mnist,50.0,rayleigh_zf,10.0 dB,frob,channel_grad,0.001,0.01,0.03860504552721977,0.124249,0.03802396357059479,18.65772819519043,✓,✗,0.054432597391201466,0.12980000000000003,18.57839584350586,✓,✗,0.13376524361226316,4513.29150390625,0.0814264835711921,0.16392523050308228,9216.0,0.02479972504079342,0.03802396357059479,0.02249165028333664,0.08696572384937229,0.12980000000000003,0.07920000000000005,cnn-4_mnist_rand_gaussian_sig0.03_bounded-pmin1e-05_epoch50_bs250_lr0.001_mon0.95_dp0.0_objective-channel_gradient-chan0.01-rayleigh-zf-tx1.0-noise0.1-frob-kl0.001_seed7,rayleigh-zf-tx1.0-noise0.1_chan-layer2_mcsamples500_norm-frob_seed7_bounds.json
cnn-4,mnist,50.0,rayleigh_zf,10.0 dB,frob,channel_grad,0.01,0.0001,0.08690276741981506,0.3121076,0.08624647855758667,5.38171911239624,✓,✗,0.11718708356469176,0.30979999999999996,5.159438610076904,✓,✗,0.3394677452013636,1172.875244140625,0.23690755352152082,0.4769348204135895,9216.0,0.0732424259185791,0.08624647855758667,0.07011409401893616,0.2718019748953977,0.30979999999999996,0.2591,cnn-4_mnist_rand_gaussian_sig0.03_bounded-pmin1e-05_epoch50_bs250_lr0.001_mon0.95_dp0.0_objective-channel_gradient-chan0.0001-rayleigh-zf-tx1.0-noise0.1-frob-kl0.01_seed7,rayleigh-zf-tx1.0-noise0.1_chan-layer2_mcsamples500_norm-frob_seed7_bounds.json
cnn-4,mnist,50.0,rayleigh_zf,10.0 dB,frob,channel_grad,0.01,0.001,0.08686747401952744,0.3118757999999999,0.0862087368965149,5.385868072509766,✓,✗,0.11712346635380208,0.3095,5.163891792297363,✓,✗,0.33909955175452855,1174.250244140625,0.2358112958574856,0.4747278690338135,9216.0,0.07319048792123795,0.0862087368965149,0.07006322145462036,0.27145121338912137,0.3095,0.25880000000000003,cnn-4_mnist_rand_gaussian_sig0.03_bounded-pmin1e-05_epoch50_bs250_lr0.001_mon0.95_dp0.0_objective-channel_gradient-chan0.001-rayleigh-zf-tx1.0-noise0.1-frob-kl0.01_seed7,rayleigh-zf-tx1.0-noise0.1_chan-layer2_mcsamples500_norm-frob_seed7_bounds.json
cnn-4,mnist,50.0,rayleigh_zf,10.0 dB,frob,channel_grad,0.01,0.01,0.08657654374837875,0.30978579999999994,0.08591890335083008,5.429769515991211,✓,✗,0.11652001520475526,0.30820000000000003,5.21079158782959,✓,✗,0.33549810667845187,1188.3455810546875,0.22577048578579081,0.4545140266418457,9216.0,0.0726962611079216,0.08591890335083008,0.06957015991210938,0.2680597824267783,0.30820000000000003,0.2552,cnn-4_mnist_rand_gaussian_sig0.03_bounded-pmin1e-05_epoch50_bs250_lr0.001_mon0.95_dp0.0_objective-channel_gradient-chan0.01-rayleigh-zf-tx1.0-noise0.1-frob-kl0.01_seed7,rayleigh-zf-tx1.0-noise0.1_chan-layer2_mcsamples500_norm-frob_seed7_bounds.json
cnn-4,mnist,10.0,rayleigh_zf,10.0 dB,spec,vanilla,1.0,0.0,0.0609729066491127,0.20988340000000003,0.06066135764122009,10.751967819952146,✓,-,0.0868166589106249,0.21120000000000005,10.599288006087056,✓,-,0.2394964727757157,2556.71875,0.05760972957137006,0.11597809195518494,9216.0,0.048943594098091125,0.06066135764122009,0.04606810510158539,0.17935123012552295,0.21120000000000005,0.1674,cnn-4_mnist_rand_gaussian_sig0.03_bounded-pmin1e-05_epoch10_bs250_lr0.001_mon0.95_dp0.0_objective-vanilla_seed7,rayleigh-zf-tx1.0-noise0.1_chan-layer2_mcsamples500_norm-spec_seed7_bounds.json
cnn-4,mnist,10.0,rayleigh_zf,10.0 dB,spec,channel_grad,0.0001,0.0001,0.06049323081970215,0.21059680000000003,0.060130751132965087,10.724872569352204,✓,✓,0.08732497161171553,0.21189999999999998,10.56937085937123,✓,✗,0.2428266815926889,2527.07666015625,0.14819759519932602,0.29834672808647156,9216.0,0.04933985322713852,0.060130751132965087,0.04728496372699738,0.1823625439330544,0.21189999999999998,0.17290000000000005,cnn-4_mnist_rand_gaussian_sig0.03_bounded-pmin1e-05_epoch10_bs250_lr0.001_mon0.95_dp0.0_objective-channel_gradient-chan0.0001-rayleigh-zf-tx1.0-noise0.1-spec-kl0.0001_seed7,rayleigh-zf-tx1.0-noise0.1_chan-layer2_mcsamples500_norm-spec_seed7_bounds.json
cnn-4,mnist,10.0,rayleigh_zf,10.0 dB,spec,channel_grad,0.0001,0.001,0.060487743467092514,0.21056780000000003,0.06012316942214966,10.738537414808427,✓,✓,0.08728116706622177,0.2118,10.583148038322028,✓,✗,0.2426705435526203,2530.66162109375,0.14738303695447602,0.296706885099411,9216.0,0.04930555820465088,0.06012316942214966,0.04725170433521271,0.18222088702928885,0.2118,0.17290000000000005,cnn-4_mnist_rand_gaussian_sig0.03_bounded-pmin1e-05_epoch10_bs250_lr0.001_mon0.95_dp0.0_objective-channel_gradient-chan0.001-rayleigh-zf-tx1.0-noise0.1-spec-kl0.0001_seed7,rayleigh-zf-tx1.0-noise0.1_chan-layer2_mcsamples500_norm-spec_seed7_bounds.json
cnn-4,mnist,10.0,rayleigh_zf,10.0 dB,spec,channel_grad,0.0001,0.01,0.060503508895635605,0.21045160000000002,0.060149335861206056,10.868595941466491,✓,✓,0.08692524184499925,0.21109999999999995,10.714171891136411,✓,✗,0.241349292175078,2564.58203125,0.1402833204088623,0.28241395950317383,9216.0,0.049028344452381134,0.060149335861206056,0.04698151051998138,0.1810269456066947,0.21109999999999995,0.17090000000000005,cnn-4_mnist_rand_gaussian_sig0.03_bounded-pmin1e-05_epoch10_bs250_lr0.001_mon0.95_dp0.0_objective-channel_gradient-chan0.01-rayleigh-zf-tx1.0-noise0.1-spec-kl0.0001_seed7,rayleigh-zf-tx1.0-noise0.1_chan-layer2_mcsamples500_norm-spec_seed7_bounds.json
cnn-4,mnist,10.0,rayleigh_zf,10.0 dB,spec,channel_grad,0.001,0.0001,0.06326903402805328,0.22201100000000001,0.06289761066436768,9.678525284417349,✓,✗,0.09056453252903773,0.2217,9.514836970840554,✓,✗,0.2542528461058322,2264.910400390625,0.16071341941754272,0.3235431909561157,9216.0,0.05187271162867546,0.06289761066436768,0.04975934624671936,0.19273917991631798,0.2217,0.18169999999999997,cnn-4_mnist_rand_gaussian_sig0.03_bounded-pmin1e-05_epoch10_bs250_lr0.001_mon0.95_dp0.0_objective-channel_gradient-chan0.0001-rayleigh-zf-tx1.0-noise0.1-spec-kl0.001_seed7,rayleigh-zf-tx1.0-noise0.1_chan-layer2_mcsamples500_norm-spec_seed7_bounds.json
cnn-4,mnist,10.0,rayleigh_zf,10.0 dB,spec,channel_grad,0.001,0.001,0.06325776129961014,0.2219444,0.06288726925849915,9.690476789208383,✓,✗,0.09051899953849112,0.22160000000000002,9.52692227472432,✓,✗,0.2540735140225525,2268.096435546875,0.15983732223288752,0.3217794597148895,9216.0,0.05183655396103859,0.06288726925849915,0.049722996354103086,0.19257506276150618,0.22160000000000002,0.18179999999999996,cnn-4_mnist_rand_gaussian_sig0.03_bounded-pmin1e-05_epoch10_bs250_lr0.001_mon0.95_dp0.0_objective-channel_gradient-chan0.001-rayleigh-zf-tx1.0-noise0.1-spec-kl0.001_seed7,rayleigh-zf-tx1.0-noise0.1_chan-layer2_mcsamples500_norm-spec_seed7_bounds.json
cnn-4,mnist,10.0,rayleigh_zf,10.0 dB,spec,channel_grad,0.001,0.01,0.06324391812086105,0.22164460000000002,0.06288024187088012,9.805130646427981,✓,✗,0.09013293675741171,0.22219999999999995,9.642744283217063,✓,✗,0.2525192999683318,2298.46142578125,0.15208083997535227,0.30616435408592224,9216.0,0.05153355747461319,0.06288024187088012,0.04943193793296814,0.19115989958158996,0.22219999999999995,0.18010000000000004,cnn-4_mnist_rand_gaussian_sig0.03_bounded-pmin1e-05_epoch10_bs250_lr0.001_mon0.95_dp0.0_objective-channel_gradient-chan0.01-rayleigh-zf-tx1.0-noise0.1-spec-kl0.001_seed7,rayleigh-zf-tx1.0-noise0.1_chan-layer2_mcsamples500_norm-spec_seed7_bounds.json
cnn-4,mnist,10.0,rayleigh_zf,10.0 dB,spec,channel_grad,0.01,0.0001,0.09132330864667892,0.332441,0.09092049598693848,5.166836665072419,✓,✗,0.12273495461755811,0.3286,4.925833429666411,✓,✗,0.36373819002356633,1112.374755859375,0.24474652194037302,0.492715984582901,9216.0,0.07780344784259796,0.09092049598693848,0.07543938159942627,0.29479819246861944,0.3286,0.2835,cnn-4_mnist_rand_gaussian_sig0.03_bounded-pmin1e-05_epoch10_bs250_lr0.001_mon0.95_dp0.0_objective-channel_gradient-chan0.0001-rayleigh-zf-tx1.0-noise0.1-spec-kl0.01_seed7,rayleigh-zf-tx1.0-noise0.1_chan-layer2_mcsamples500_norm-spec_seed7_bounds.json
cnn-4,mnist,10.0,rayleigh_zf,10.0 dB,spec,channel_grad,0.01,0.001,0.09130740910768509,0.3322977999999999,0.0909084677696228,5.168468225072613,✓,✗,0.12269081251053716,0.3287,4.927687322137286,✓,✗,0.36347171544586354,1113.142333984375,0.24351093194498183,0.490228533744812,9216.0,0.07776813954114914,0.0909084677696228,0.07540360689163209,0.29454460251046055,0.3287,0.2834,cnn-4_mnist_rand_gaussian_sig0.03_bounded-pmin1e-05_epoch10_bs250_lr0.001_mon0.95_dp0.0_objective-channel_gradient-chan0.001-rayleigh-zf-tx1.0-noise0.1-spec-kl0.01_seed7,rayleigh-zf-tx1.0-noise0.1_chan-layer2_mcsamples500_norm-spec_seed7_bounds.json
cnn-4,mnist,10.0,rayleigh_zf,10.0 dB,spec,channel_grad,0.01,0.01,0.09122776240110397,0.33127999999999996,0.0908504843711853,5.187107718089226,✓,✗,0.12234848034175332,0.3276,4.94840532813147,✓,✗,0.36105087029950944,1121.0538330078125,0.23227271059470075,0.4676041007041931,9216.0,0.07748596370220184,0.0908504843711853,0.0751295804977417,0.29224461924686196,0.3276,0.28090000000000004,cnn-4_mnist_rand_gaussian_sig0.03_bounded-pmin1e-05_epoch10_bs250_lr0.001_mon0.95_dp0.0_objective-channel_gradient-chan0.01-rayleigh-zf-tx1.0-noise0.1-spec-kl0.01_seed7,rayleigh-zf-tx1.0-noise0.1_chan-layer2_mcsamples500_norm-spec_seed7_bounds.json
cnn-4,mnist,20.0,rayleigh_zf,10.0 dB,spec,vanilla,1.0,0.0,0.048236191272735596,0.158974,0.04795385599136352,17.35210719808762,✓,-,0.06834442086004701,0.1582,17.24225574929152,✓,-,0.1781958696561441,4188.431640625,0.05760972957137006,0.11597809195518494,9216.0,0.03487967699766159,0.04795385599136352,0.032423532009124754,0.12491333891213378,0.1582,0.1139,cnn-4_mnist_rand_gaussian_sig0.03_bounded-pmin1e-05_epoch20_bs250_lr0.001_mon0.95_dp0.0_objective-vanilla_seed7,rayleigh-zf-tx1.0-noise0.1_chan-layer2_mcsamples500_norm-spec_seed7_bounds.json
cnn-4,mnist,20.0,rayleigh_zf,10.0 dB,spec,channel_grad,0.0001,0.0001,0.04851699620485306,0.16113999999999998,0.04990847110748291,16.87009326549546,✓,✗,0.06900140246724745,0.1632,16.758349018299917,✓,✗,0.180745649662787,4062.354248046875,0.08775481683417424,0.17666523158550262,9216.0,0.035367753356695175,0.04990847110748291,0.033023005723953246,0.12713559832635973,0.1632,0.11809999999999998,cnn-4_mnist_rand_gaussian_sig0.03_bounded-pmin1e-05_epoch20_bs250_lr0.001_mon0.95_dp0.0_objective-channel_gradient-chan0.0001-rayleigh-zf-tx1.0-noise0.1-spec-kl0.0001_seed7,rayleigh-zf-tx1.0-noise0.1_chan-layer2_mcsamples500_norm-spec_seed7_bounds.json
cnn-4,mnist,20.0,rayleigh_zf,10.0 dB,spec,channel_grad,0.0001,0.001,0.04849851503968239,0.16101059999999998,0.049886786937713624,16.906903509683435,✓,✗,0.06893376402143456,0.1634,16.795331433740017,✓,✗,0.18050583996485475,4071.55078125,0.0872601811363847,0.17566944658756256,9216.0,0.035317689180374146,0.049886786937713624,0.03297548890113831,0.1269262259414225,0.1634,0.11829999999999996,cnn-4_mnist_rand_gaussian_sig0.03_bounded-pmin1e-05_epoch20_bs250_lr0.001_mon0.95_dp0.0_objective-channel_gradient-chan0.001-rayleigh-zf-tx1.0-noise0.1-spec-kl0.0001_seed7,rayleigh-zf-tx1.0-noise0.1_chan-layer2_mcsamples500_norm-spec_seed7_bounds.json
cnn-4,mnist,20.0,rayleigh_zf,10.0 dB,spec,channel_grad,0.0001,0.01,0.04839378967881203,0.16016720000000004,0.04975300133228302,17.264020396643325,✓,✗,0.06830899018082734,0.1632,17.15409908417063,✓,✗,0.1782303026535237,4160.7509765625,0.082494332953898,0.1660749912261963,9216.0,0.034853462129831314,0.04975300133228302,0.03253372311592102,0.1249428953974895,0.1632,0.1159,cnn-4_mnist_rand_gaussian_sig0.03_bounded-pmin1e-05_epoch20_bs250_lr0.001_mon0.95_dp0.0_objective-channel_gradient-chan0.01-rayleigh-zf-tx1.0-noise0.1-spec-kl0.0001_seed7,rayleigh-zf-tx1.0-noise0.1_chan-layer2_mcsamples500_norm-spec_seed7_bounds.json
cnn-4,mnist,20.0,rayleigh_zf,10.0 dB,spec,channel_grad,0.001,0.0001,0.052773166447877884,0.17858179999999998,0.05418689846992493,13.40464186072684,✓,✗,0.07472569832957554,0.18110000000000004,13.279730996107482,✓,✗,0.19963656294893467,3203.410400390625,0.11003607288057923,0.22152115404605865,9216.0,0.03966193273663521,0.05418689846992493,0.037049517035484314,0.14371635146443515,0.18110000000000004,0.13239999999999996,cnn-4_mnist_rand_gaussian_sig0.03_bounded-pmin1e-05_epoch20_bs250_lr0.001_mon0.95_dp0.0_objective-channel_gradient-chan0.0001-rayleigh-zf-tx1.0-noise0.1-spec-kl0.001_seed7,rayleigh-zf-tx1.0-noise0.1_chan-layer2_mcsamples500_norm-spec_seed7_bounds.json
cnn-4,mnist,20.0,rayleigh_zf,10.0 dB,spec,channel_grad,0.001,0.001,0.052744586020708084,0.1784622,0.05415674448013306,13.432200216257772,✓,✗,0.07465169860144935,0.18100000000000005,13.307486235342072,✓,✗,0.19936567951715034,3210.380615234375,0.10940952890202607,0.22025981545448303,9216.0,0.039606042206287384,0.05415674448013306,0.036994746327400206,0.14347548117154818,0.18100000000000005,0.13219999999999998,cnn-4_mnist_rand_gaussian_sig0.03_bounded-pmin1e-05_epoch20_bs250_lr0.001_mon0.95_dp0.0_objective-channel_gradient-chan0.001-rayleigh-zf-tx1.0-noise0.1-spec-kl0.001_seed7,rayleigh-zf-tx1.0-noise0.1_chan-layer2_mcsamples500_norm-spec_seed7_bounds.json
cnn-4,mnist,20.0,rayleigh_zf,10.0 dB,spec,channel_grad,0.001,0.01,0.052523910999298096,0.17718599999999998,0.05390835404396057,13.704982202153248,✓,✗,0.07394867217170102,0.17969999999999997,13.582255584146601,✓,✗,0.19667529017834873,3279.266845703125,0.10365504588263519,0.2086750715970993,9216.0,0.03907517343759537,0.05390835404396057,0.036488449573516844,0.14110202510460249,0.17969999999999997,0.13049999999999995,cnn-4_mnist_rand_gaussian_sig0.03_bounded-pmin1e-05_epoch20_bs250_lr0.001_mon0.95_dp0.0_objective-channel_gradient-chan0.01-rayleigh-zf-tx1.0-noise0.1-spec-kl0.001_seed7,rayleigh-zf-tx1.0-noise0.1_chan-layer2_mcsamples500_norm-spec_seed7_bounds.json
cnn-4,mnist,20.0,rayleigh_zf,10.0 dB,spec,channel_grad,0.01,0.0001,0.08860408514738083,0.32031479999999996,0.09020772576332092,5.335434548654659,✓,✗,0.11889953674640426,0.3247,5.106459632624024,✓,✗,0.3478744527770384,1160.407958984375,0.2331134121562926,0.46929657459259033,9216.0,0.07464732229709625,0.09020772576332092,0.07108085155487061,0.27974316317991654,0.3247,0.26749999999999996,cnn-4_mnist_rand_gaussian_sig0.03_bounded-pmin1e-05_epoch20_bs250_lr0.001_mon0.95_dp0.0_objective-channel_gradient-chan0.0001-rayleigh-zf-tx1.0-noise0.1-spec-kl0.01_seed7,rayleigh-zf-tx1.0-noise0.1_chan-layer2_mcsamples500_norm-spec_seed7_bounds.json
cnn-4,mnist,20.0,rayleigh_zf,10.0 dB,spec,channel_grad,0.01,0.001,0.08857592940330505,0.32012879999999994,0.09017595648765564,5.338602033388012,✓,✗,0.11884468662852861,0.3248,5.109889944759993,✓,✗,0.3475567752565477,1161.530517578125,0.23201574814169648,0.4670867919921875,9216.0,0.07460269331932068,0.09017595648765564,0.07104047536849975,0.279440870292887,0.3248,0.2672,cnn-4_mnist_rand_gaussian_sig0.03_bounded-pmin1e-05_epoch20_bs250_lr0.001_mon0.95_dp0.0_objective-channel_gradient-chan0.001-rayleigh-zf-tx1.0-noise0.1-spec-kl0.01_seed7,rayleigh-zf-tx1.0-noise0.1_chan-layer2_mcsamples500_norm-spec_seed7_bounds.json
cnn-4,mnist,20.0,rayleigh_zf,10.0 dB,spec,channel_grad,0.01,0.01,0.08833947777748108,0.31836,0.08991163969039917,5.375046838646151,✓,✗,0.11830472404863422,0.32210000000000005,5.149076323685776,✓,✗,0.3442752390090088,1173.7655029296875,0.22179297111111662,0.4465066194534302,9216.0,0.07415987551212311,0.08991163969039917,0.07064428925514221,0.2763411213389122,0.32210000000000005,0.2649,cnn-4_mnist_rand_gaussian_sig0.03_bounded-pmin1e-05_epoch20_bs250_lr0.001_mon0.95_dp0.0_objective-channel_gradient-chan0.01-rayleigh-zf-tx1.0-noise0.1-spec-kl0.01_seed7,rayleigh-zf-tx1.0-noise0.1_chan-layer2_mcsamples500_norm-spec_seed7_bounds.json
cnn-4,mnist,30.0,rayleigh_zf,10.0 dB,spec,vanilla,1.0,0.0,0.040543314069509506,0.13081600000000004,0.04057029187679291,23.008323669433594,✓,-,0.05743782434556464,0.13249999999999995,22.921144485473633,✓,-,0.14461679009961292,5582.1416015625,0.05760972957137006,0.11597809195518494,9216.0,0.026931531727313995,0.04057029187679291,0.02530629336833954,0.09608840167364002,0.13249999999999995,0.09150000000000003,cnn-4_mnist_rand_gaussian_sig0.03_bounded-pmin1e-05_epoch30_bs250_lr0.001_mon0.95_dp0.0_objective-vanilla_seed7,rayleigh-zf-tx1.0-noise0.1_chan-layer2_mcsamples500_norm-spec_seed7_bounds.json
cnn-4,mnist,30.0,rayleigh_zf,10.0 dB,spec,channel_grad,0.0001,0.0001,0.040950510650873184,0.132457,0.04207873940467834,21.966022254686056,✓,✗,0.05831351778232738,0.13580000000000003,21.876980791954942,✓,✗,0.1473549805134387,5324.6923828125,0.06360062012004149,0.12803876399993896,9216.0,0.027557918801903725,0.04207873940467834,0.02573028802871704,0.09840769874476973,0.13580000000000003,0.09260000000000002,cnn-4_mnist_rand_gaussian_sig0.03_bounded-pmin1e-05_epoch30_bs250_lr0.001_mon0.95_dp0.0_objective-channel_gradient-chan0.0001-rayleigh-zf-tx1.0-noise0.1-spec-kl0.0001_seed7,rayleigh-zf-tx1.0-noise0.1_chan-layer2_mcsamples500_norm-spec_seed7_bounds.json
cnn-4,mnist,30.0,rayleigh_zf,10.0 dB,spec,channel_grad,0.0001,0.001,0.040929682552814484,0.13232040000000003,0.0420579582452774,22.017564674547703,✓,✗,0.05823361461318733,0.13580000000000003,21.928716194591257,✓,✗,0.14708209456963683,5337.47314453125,0.06323868470043664,0.1273101270198822,9216.0,0.02750030718743801,0.0420579582452774,0.0256738156080246,0.09817553138075308,0.13580000000000003,0.09240000000000004,cnn-4_mnist_rand_gaussian_sig0.03_bounded-pmin1e-05_epoch30_bs250_lr0.001_mon0.95_dp0.0_objective-channel_gradient-chan0.001-rayleigh-zf-tx1.0-noise0.1-spec-kl0.0001_seed7,rayleigh-zf-tx1.0-noise0.1_chan-layer2_mcsamples500_norm-spec_seed7_bounds.json
cnn-4,mnist,30.0,rayleigh_zf,10.0 dB,spec,channel_grad,0.0001,0.01,0.04074505344033241,0.13124919999999998,0.04188065528869629,22.5209768628276,✓,✗,0.057482740760310784,0.13429999999999997,22.433900464051398,✓,✗,0.14455913953651395,5462.24951171875,0.059776442067571336,0.12034004926681519,9216.0,0.026963531970977783,0.04188065528869629,0.02513907253742218,0.09604023430962338,0.13429999999999997,0.08940000000000003,cnn-4_mnist_rand_gaussian_sig0.03_bounded-pmin1e-05_epoch30_bs250_lr0.001_mon0.95_dp0.0_objective-channel_gradient-chan0.01-rayleigh-zf-tx1.0-noise0.1-spec-kl0.0001_seed7,rayleigh-zf-tx1.0-noise0.1_chan-layer2_mcsamples500_norm-spec_seed7_bounds.json
cnn-4,mnist,30.0,rayleigh_zf,10.0 dB,spec,channel_grad,0.001,0.0001,0.046557702124118805,0.15496220000000002,0.047817462682724,15.625176964183554,✓,✗,0.06633975897864693,0.1594,15.518838402181158,✓,✗,0.17267832098104174,3758.79248046875,0.09019157084359576,0.18157082796096802,9216.0,0.033396024256944656,0.047817462682724,0.0314728319644928,0.12012100418410034,0.1594,0.11350000000000005,cnn-4_mnist_rand_gaussian_sig0.03_bounded-pmin1e-05_epoch30_bs250_lr0.001_mon0.95_dp0.0_objective-channel_gradient-chan0.0001-rayleigh-zf-tx1.0-noise0.1-spec-kl0.001_seed7,rayleigh-zf-tx1.0-noise0.1_chan-layer2_mcsamples500_norm-spec_seed7_bounds.json
cnn-4,mnist,30.0,rayleigh_zf,10.0 dB,spec,channel_grad,0.001,0.001,0.04651045799255371,0.15473320000000002,0.04776911437511444,15.661206379080085,✓,✗,0.06624315106740747,0.1594,15.555125651032371,✓,✗,0.17232387911512037,3767.8388671875,0.08964370847800018,0.180467888712883,9216.0,0.03332464024424553,0.04776911437511444,0.031399977207183835,0.11981546443514629,0.1594,0.11319999999999997,cnn-4_mnist_rand_gaussian_sig0.03_bounded-pmin1e-05_epoch30_bs250_lr0.001_mon0.95_dp0.0_objective-channel_gradient-chan0.001-rayleigh-zf-tx1.0-noise0.1-spec-kl0.001_seed7,rayleigh-zf-tx1.0-noise0.1_chan-layer2_mcsamples500_norm-spec_seed7_bounds.json
cnn-4,mnist,30.0,rayleigh_zf,10.0 dB,spec,channel_grad,0.001,0.01,0.04612824320793152,0.15286959999999997,0.04738440215587616,16.00847853584906,✓,✗,0.06532093851089635,0.15800000000000003,15.904789974944729,✓,✗,0.16900949941522778,3854.976318359375,0.08449309018390733,0.17009882628917694,9216.0,0.03264592960476875,0.04738440215587616,0.030719414353370667,0.11694637656903754,0.15800000000000003,0.10970000000000002,cnn-4_mnist_rand_gaussian_sig0.03_bounded-pmin1e-05_epoch30_bs250_lr0.001_mon0.95_dp0.0_objective-channel_gradient-chan0.01-rayleigh-zf-tx1.0-noise0.1-spec-kl0.001_seed7,rayleigh-zf-tx1.0-noise0.1_chan-layer2_mcsamples500_norm-spec_seed7_bounds.json
cnn-4,mnist,30.0,rayleigh_zf,10.0 dB,spec,channel_grad,0.01,0.0001,0.08748381584882736,0.31523200000000007,0.088914555311203,5.355042899200988,✓,✗,0.11814557982085788,0.3187,5.129379926536138,✓,✗,0.34380855248570813,1168.744873046875,0.22275235385635492,0.44843801856040955,9216.0,0.07402800023555756,0.088914555311203,0.07187866568565368,0.2758992468619247,0.3187,0.265,cnn-4_mnist_rand_gaussian_sig0.03_bounded-pmin1e-05_epoch30_bs250_lr0.001_mon0.95_dp0.0_objective-channel_gradient-chan0.0001-rayleigh-zf-tx1.0-noise0.1-spec-kl0.01_seed7,rayleigh-zf-tx1.0-noise0.1_chan-layer2_mcsamples500_norm-spec_seed7_bounds.json
cnn-4,mnist,30.0,rayleigh_zf,10.0 dB,spec,channel_grad,0.01,0.001,0.08744754642248154,0.31502379999999996,0.08887771368026734,5.359150854928316,✓,✗,0.1180773605564248,0.3186,5.1337746833204125,✓,✗,0.343453532164328,1170.0867919921875,0.2217369687514142,0.4463938772678375,9216.0,0.07397305965423584,0.08887771368026734,0.0718217134475708,0.27556237656903776,0.3186,0.26459999999999995,cnn-4_mnist_rand_gaussian_sig0.03_bounded-pmin1e-05_epoch30_bs250_lr0.001_mon0.95_dp0.0_objective-channel_gradient-chan0.001-rayleigh-zf-tx1.0-noise0.1-spec-kl0.01_seed7,rayleigh-zf-tx1.0-noise0.1_chan-layer2_mcsamples500_norm-spec_seed7_bounds.json
cnn-4,mnist,30.0,rayleigh_zf,10.0 dB,spec,channel_grad,0.01,0.01,0.08717900514602661,0.31309220000000004,0.0886068344116211,5.399010107661246,✓,✗,0.11747811398363474,0.3155,5.176442416952894,✓,✗,0.3400458046919865,1183.0555419921875,0.21205924878715318,0.42691099643707275,9216.0,0.07348115742206573,0.0886068344116211,0.07131330370903015,0.2723474476987445,0.3155,0.26259999999999994,cnn-4_mnist_rand_gaussian_sig0.03_bounded-pmin1e-05_epoch30_bs250_lr0.001_mon0.95_dp0.0_objective-channel_gradient-chan0.01-rayleigh-zf-tx1.0-noise0.1-spec-kl0.01_seed7,rayleigh-zf-tx1.0-noise0.1_chan-layer2_mcsamples500_norm-spec_seed7_bounds.json
cnn-4,mnist,40.0,rayleigh_zf,10.0 dB,spec,vanilla,1.0,0.0,0.03470661863684654,0.1097212,0.033108800649642944,28.101738516532105,✓,-,0.0494696453702945,0.10619999999999996,28.031070727682007,✓,-,0.12013743422039065,6835.76416015625,0.05760972957137006,0.11597809195518494,9216.0,0.021343596279621124,0.033108800649642944,0.020399373769760133,0.07566410041840996,0.10619999999999996,0.07150000000000001,cnn-4_mnist_rand_gaussian_sig0.03_bounded-pmin1e-05_epoch40_bs250_lr0.001_mon0.95_dp0.0_objective-vanilla_seed7,rayleigh-zf-tx1.0-noise0.1_chan-layer2_mcsamples500_norm-spec_seed7_bounds.json
cnn-4,mnist,50.0,rayleigh_zf,10.0 dB,spec,vanilla,1.0,0.0,0.030775124207139015,0.09529840000000003,0.030672910809516906,32.59314095636768,✓,-,0.04403724233915782,0.0958,32.533233682533265,✓,-,0.10394451617356648,7939.89501953125,0.05760972957137006,0.11597809195518494,9216.0,0.01766483671963215,0.030672910809516906,0.016329801082611083,0.06249804184100415,0.0958,0.05810000000000004,cnn-4_mnist_rand_gaussian_sig0.03_bounded-pmin1e-05_epoch50_bs250_lr0.001_mon0.95_dp0.0_objective-vanilla_seed7,rayleigh-zf-tx1.0-noise0.1_chan-layer2_mcsamples500_norm-spec_seed7_bounds.json
cnn-4,mnist,50.0,rayleigh_zf,10.0 dB,spec,channel_grad,0.0001,0.0001,0.032148245722055435,0.09991640000000002,0.03137854635715485,30.135000331216858,✓,✗,0.045229315771073295,0.10089999999999999,30.072986672631732,✓,✗,0.1072429743561992,7339.7236328125,0.04636007237047565,0.09333063662052155,9216.0,0.01846175454556942,0.03137854635715485,0.016528815031051636,0.0651543430962343,0.10089999999999999,0.058699999999999974,cnn-4_mnist_rand_gaussian_sig0.03_bounded-pmin1e-05_epoch50_bs250_lr0.001_mon0.95_dp0.0_objective-channel_gradient-chan0.0001-rayleigh-zf-tx1.0-noise0.1-spec-kl0.0001_seed7,rayleigh-zf-tx1.0-noise0.1_chan-layer2_mcsamples500_norm-spec_seed7_bounds.json
cnn-4,mnist,50.0,rayleigh_zf,10.0 dB,spec,channel_grad,0.0001,0.001,0.03213967755436897,0.0998426,0.03136602342128754,30.19044140721174,✓,✗,0.04517174223077834,0.10089999999999999,30.128551458179626,✓,✗,0.10706169126289083,7353.4111328125,0.046103446701421504,0.09281400591135025,9216.0,0.018423257395625114,0.03136602342128754,0.016493046283721925,0.06500746443514645,0.10089999999999999,0.058499999999999996,cnn-4_mnist_rand_gaussian_sig0.03_bounded-pmin1e-05_epoch50_bs250_lr0.001_mon0.95_dp0.0_objective-channel_gradient-chan0.001-rayleigh-zf-tx1.0-noise0.1-spec-kl0.0001_seed7,rayleigh-zf-tx1.0-noise0.1_chan-layer2_mcsamples500_norm-spec_seed7_bounds.json
cnn-4,mnist,50.0,rayleigh_zf,10.0 dB,spec,channel_grad,0.0001,0.01,0.03212961181998253,0.09937359999999999,0.031328988075256345,30.745294864618177,✓,✗,0.044639572708563446,0.10119999999999996,30.684584692170212,✓,✗,0.10534974515652909,7490.30712890625,0.04379328644801254,0.08816326409578323,9216.0,0.01806678995490074,0.031328988075256345,0.016169098019599915,0.06362818410041843,0.10119999999999996,0.05740000000000001,cnn-4_mnist_rand_gaussian_sig0.03_bounded-pmin1e-05_epoch50_bs250_lr0.001_mon0.95_dp0.0_objective-channel_gradient-chan0.01-rayleigh-zf-tx1.0-noise0.1-spec-kl0.0001_seed7,rayleigh-zf-tx1.0-noise0.1_chan-layer2_mcsamples500_norm-spec_seed7_bounds.json
cnn-4,mnist,50.0,rayleigh_zf,10.0 dB,spec,channel_grad,0.001,0.0001,0.03898997604846954,0.12617640000000002,0.03844005167484284,18.268082659547435,✓,✗,0.05536923286442676,0.13119999999999998,18.186443586277775,✓,✗,0.1370083061340885,4418.333984375,0.07620036645751624,0.15340417623519897,9216.0,0.025460904464125633,0.03844005167484284,0.023106978833675386,0.08968123849372373,0.13119999999999998,0.08209999999999995,cnn-4_mnist_rand_gaussian_sig0.03_bounded-pmin1e-05_epoch50_bs250_lr0.001_mon0.95_dp0.0_objective-channel_gradient-chan0.0001-rayleigh-zf-tx1.0-noise0.1-spec-kl0.001_seed7,rayleigh-zf-tx1.0-noise0.1_chan-layer2_mcsamples500_norm-spec_seed7_bounds.json
cnn-4,mnist,50.0,rayleigh_zf,10.0 dB,spec,channel_grad,0.001,0.001,0.038947414606809616,0.1259896,0.03839637637138367,18.303142570191117,✓,✗,0.05528038901415832,0.13070000000000004,18.22172059785387,✓,✗,0.13670236135140737,4427.103515625,0.0757647604740575,0.15252722799777985,9216.0,0.025398014113307,0.03839637637138367,0.02304888367652893,0.08942446861924673,0.13070000000000004,0.08209999999999995,cnn-4_mnist_rand_gaussian_sig0.03_bounded-pmin1e-05_epoch50_bs250_lr0.001_mon0.95_dp0.0_objective-channel_gradient-chan0.001-rayleigh-zf-tx1.0-noise0.1-spec-kl0.001_seed7,rayleigh-zf-tx1.0-noise0.1_chan-layer2_mcsamples500_norm-spec_seed7_bounds.json
cnn-4,mnist,50.0,rayleigh_zf,10.0 dB,spec,channel_grad,0.001,0.01,0.03857409954071045,0.124205,0.038002008199691774,18.63956720063338,✓,✗,0.05444718793666437,0.12980000000000003,18.560180909421135,✓,✗,0.1338334791489088,4511.2294921875,0.0716154119663814,0.14417389035224915,9216.0,0.024809977039694786,0.038002008199691774,0.022500649094581604,0.08702296234309613,0.12980000000000003,0.0796,cnn-4_mnist_rand_gaussian_sig0.03_bounded-pmin1e-05_epoch50_bs250_lr0.001_mon0.95_dp0.0_objective-channel_gradient-chan0.01-rayleigh-zf-tx1.0-noise0.1-spec-kl0.001_seed7,rayleigh-zf-tx1.0-noise0.1_chan-layer2_mcsamples500_norm-spec_seed7_bounds.json
cnn-4,mnist,50.0,rayleigh_zf,10.0 dB,spec,channel_grad,0.01,0.0001,0.08690298348665237,0.31211240000000007,0.08624612689018249,5.367252857925212,✓,✗,0.11718844624468727,0.30979999999999996,5.144972223021332,✓,✗,0.33946908114856766,1172.864990234375,0.2224814759346432,0.4478926956653595,9216.0,0.07324385643005371,0.08624612689018249,0.07011554837226867,0.27180344769874476,0.30979999999999996,0.259,cnn-4_mnist_rand_gaussian_sig0.03_bounded-pmin1e-05_epoch50_bs250_lr0.001_mon0.95_dp0.0_objective-channel_gradient-chan0.0001-rayleigh-zf-tx1.0-noise0.1-spec-kl0.01_seed7,rayleigh-zf-tx1.0-noise0.1_chan-layer2_mcsamples500_norm-spec_seed7_bounds.json
cnn-4,mnist,50.0,rayleigh_zf,10.0 dB,spec,channel_grad,0.01,0.001,0.0868682786822319,0.3118796000000001,0.08621054887771606,5.371276612583381,✓,✗,0.11712485034784145,0.3096,5.149292467744154,✓,✗,0.3391089951870691,1174.2064208984375,0.22138894880051677,0.4456932544708252,9216.0,0.07319194078445435,0.08621054887771606,0.07006474137306214,0.2714616234309623,0.3096,0.25870000000000004,cnn-4_mnist_rand_gaussian_sig0.03_bounded-pmin1e-05_epoch50_bs250_lr0.001_mon0.95_dp0.0_objective-channel_gradient-chan0.001-rayleigh-zf-tx1.0-noise0.1-spec-kl0.01_seed7,rayleigh-zf-tx1.0-noise0.1_chan-layer2_mcsamples500_norm-spec_seed7_bounds.json
cnn-4,mnist,50.0,rayleigh_zf,10.0 dB,spec,channel_grad,0.01,0.01,0.08659208565950394,0.3098797999999999,0.08593514561653137,5.412798815436045,✓,✗,0.11655475958977334,0.30820000000000003,5.193722489620421,✓,✗,0.3356310854053983,1187.6304931640625,0.21158551589980507,0.4259572923183441,9216.0,0.07272530347108841,0.08593514561653137,0.06960048675537109,0.26818165690376566,0.30820000000000003,0.25560000000000005,cnn-4_mnist_rand_gaussian_sig0.03_bounded-pmin1e-05_epoch50_bs250_lr0.001_mon0.95_dp0.0_objective-channel_gradient-chan0.01-rayleigh-zf-tx1.0-noise0.1-spec-kl0.01_seed7,rayleigh-zf-tx1.0-noise0.1_chan-layer2_mcsamples500_norm-spec_seed7_bounds.json
