{
    "train_loss": [
        0.20352937144537767,
        0.18819074804584185,
        0.1707441390802463,
        0.1482797051469485,
        0.12540438352152705,
        0.10442915183181564,
        0.08956228469808897,
        0.07959384429268539,
        0.07242575340593854,
        0.0661791647473971,
        0.06187613458993534,
        0.05822636497517427,
        0.056000831490382555,
        0.053077263307447234,
        0.05153573378920555,
        0.049613518888751665,
        0.048160102249433595,
        0.0462464790015171,
        0.045263049518689515,
        0.044301141138809425
    ],
    "train_error": [
        0.866316666666667,
        0.77985,
        0.6646166666666661,
        0.5469666666666672,
        0.4634499999999999,
        0.394233333333333,
        0.3473833333333334,
        0.3091666666666667,
        0.2829166666666666,
        0.25799999999999995,
        0.23838333333333342,
        0.22225000000000014,
        0.21505,
        0.20225000000000012,
        0.19508333333333325,
        0.18846666666666645,
        0.17920000000000005,
        0.17141666666666666,
        0.16733333333333325,
        0.16334999999999983
    ],
    "train_kl": [
        0.0002796781254493914,
        0.0015852931312110741,
        0.0042360362868445614,
        0.008787783394412448,
        0.015411353984382004,
        0.023188205381544928,
        0.03087528517935425,
        0.037853169006605944,
        0.04420731978801389,
        0.04990981700830162,
        0.05506478340054552,
        0.059719706652686,
        0.0639591813708345,
        0.06797149311751127,
        0.07177961574246486,
        0.07528408489500484,
        0.07868306596452991,
        0.08184206228082379,
        0.08488887681936225,
        0.08782959515228868
    ],
    "kl_final": 5355.77490234375
}