{
    "train_loss": [
        0.20352937144537767,
        0.18819074804584185,
        0.1707441390802463,
        0.1482797051469485,
        0.12540438352152705,
        0.10442915183181564,
        0.08956228469808897,
        0.07959384429268539,
        0.07242575340593854,
        0.0661791647473971,
        0.06187613458993534,
        0.05822636497517427,
        0.056000831490382555,
        0.053077263307447234,
        0.05153573378920555,
        0.049613518888751665,
        0.048160102249433595,
        0.0462464790015171,
        0.045263049518689515,
        0.044301141138809425,
        0.04290400677515815,
        0.04256345670049389,
        0.04151870991724233,
        0.04054783449197809,
        0.04020013515061389,
        0.03937801637221128,
        0.03909317655488849,
        0.038327316582823796,
        0.03782065341559549,
        0.03697960443484286,
        0.03678615659009665,
        0.036419925116933885,
        0.03511193643013636,
        0.0353588454813386,
        0.0350458787754178,
        0.03416416686183463,
        0.033814532410663865,
        0.033919067261740564,
        0.03341934913769364,
        0.03281192386057228,
        0.032532352845494945,
        0.032376169219302635,
        0.0320714322074006,
        0.031546208130506175,
        0.031370919609131916,
        0.03121064908336848,
        0.031086299071709313,
        0.030536249636982878,
        0.030153221838797133,
        0.03016991891587774
    ],
    "train_error": [
        0.866316666666667,
        0.77985,
        0.6646166666666661,
        0.5469666666666672,
        0.4634499999999999,
        0.394233333333333,
        0.3473833333333334,
        0.3091666666666667,
        0.2829166666666666,
        0.25799999999999995,
        0.23838333333333342,
        0.22225000000000014,
        0.21505,
        0.20225000000000012,
        0.19508333333333325,
        0.18846666666666645,
        0.17920000000000005,
        0.17141666666666666,
        0.16733333333333325,
        0.16334999999999983,
        0.15666666666666662,
        0.15366666666666656,
        0.15064999999999987,
        0.14619999999999994,
        0.14659999999999992,
        0.1442666666666667,
        0.1419166666666665,
        0.13833333333333322,
        0.13588333333333322,
        0.13163333333333324,
        0.1340833333333332,
        0.13113333333333324,
        0.12601666666666653,
        0.1268666666666665,
        0.1239333333333332,
        0.12134999999999987,
        0.12171666666666651,
        0.1207499999999999,
        0.11916666666666666,
        0.11709999999999993,
        0.11603333333333325,
        0.11628333333333321,
        0.11484999999999991,
        0.11218333333333334,
        0.11216666666666653,
        0.11121666666666662,
        0.11096666666666656,
        0.1085999999999999,
        0.10763333333333323,
        0.10923333333333321
    ],
    "train_kl": [
        0.0002796781254493914,
        0.0015852931312110741,
        0.0042360362868445614,
        0.008787783394412448,
        0.015411353984382004,
        0.023188205381544928,
        0.03087528517935425,
        0.037853169006605944,
        0.04420731978801389,
        0.04990981700830162,
        0.05506478340054552,
        0.059719706652686,
        0.0639591813708345,
        0.06797149311751127,
        0.07177961574246486,
        0.07528408489500484,
        0.07868306596452991,
        0.08184206228082379,
        0.08488887681936225,
        0.08782959515228868,
        0.09064070551345746,
        0.09332462176680564,
        0.09590667576218645,
        0.09849175894632936,
        0.1009666241084536,
        0.1033645138454934,
        0.10569417523220181,
        0.10797406466056904,
        0.11021420288210114,
        0.11242409783105055,
        0.11456513830150167,
        0.11671691592782736,
        0.11880191738406817,
        0.12082860780258974,
        0.12287405313303074,
        0.12495156057799855,
        0.12691229985406002,
        0.12884233469764392,
        0.1307927821452419,
        0.13274465867628654,
        0.1346674472714464,
        0.1365740249554316,
        0.13844997758666674,
        0.14031074823190767,
        0.14213164101044337,
        0.14399339072406292,
        0.14580569863319398,
        0.1476634685570995,
        0.1494641685858369,
        0.15123857216288647
    ],
    "kl_final": 9128.8525390625
}