{
    "bound_ce_lhs": 0.1304545826766056,
    "bound_01_lhs": 0.3491978228967807,
    "bound_ce_rhs": 1.9661209363766043,
    "bound_01_rhs": 2.1848641765967796,
    "sigma_sub_G": 1.0,
    "n_bound": 50000,
    "n_train": 50000,
    "k": 223.60679774997897,
    "kl_final": 403.2857666015625,
    "channel_term": 0.013384338323680477,
    "dimension": 8192.0,
    "Lipschitz_constant": 0.0061731706373393536,
    "risk_certificate_ce": 0.1304545826766056,
    "risk_certificate_01": 0.3491978228967807,
    "train_nll_loss": 0.12353784576342026,
    "train_01_error": 0.33935150302181477,
    "stochastic_loss": 0.25904881954193115,
    "stochastic_01_error": 0.8084,
    "posterior_mean_loss": 0.007140132784843445,
    "posterior_mean_01_error": 0.8077,
    "ensemble_loss": 0.0063498497009277345,
    "ensemble_01_error": 0.7819
}