{
    "train_loss": [
        0.0032340058628590757,
        0.0031109849307689786,
        0.0029584752687943213,
        0.0029286948002360683,
        0.002838121151161014,
        0.0026787769922085166,
        0.002743763347068769,
        0.002794583554976763,
        0.0026651008151892105,
        0.0027484264992670166
    ],
    "train_error": [
        0.007000000000000006,
        0.0065500000000000055,
        0.006533333333333339,
        0.006616666666666673,
        0.006233333333333339,
        0.005950000000000006,
        0.006483333333333339,
        0.006316666666666673,
        0.006216666666666672,
        0.006200000000000006
    ],
    "train_kl": [
        1.672013180302247e-06,
        1.1269832752229074e-05,
        2.6661624815460527e-05,
        4.83596241944421e-05,
        7.21691952094261e-05,
        9.519355150284051e-05,
        0.00012201602088074045,
        0.00014941385688871378,
        0.0001783103440781512,
        0.00020983635798377994
    ],
    "kl_final": 13.565025329589844
}