{
    "risk_certificate_ce": 0.27276725477562674,
    "risk_certificate_01": 0.9446209342598763,
    "train_nll_loss": 0.26358254380492807,
    "train_01_error": 0.9398242065953317,
    "train_obj": 0.26358254380492807,
    "stochastic_loss": 0.20012612342834474,
    "stochastic_01_error": 0.894,
    "posterior_mean_loss": 0.004998444393277168,
    "posterior_mean_01_error": 0.9,
    "ensemble_loss": 0.0050019267946481705,
    "ensemble_01_error": 0.903,
    "errornet0": 0.9,
    "dimension": 8192.0
}