{
    "risk_certificate_ce": 0.31033780034050634,
    "risk_certificate_01": 0.9603273917257279,
    "kl_divergence": {},
    "train_nll_loss": 0.2914748979411737,
    "train_01_error": 0.9520722597195492,
    "stochastic_loss": {},
    "stochastic_01_error": 0.9007000000000001,
    "posterior_mean_loss": {},
    "posterior_mean_01_error": 0.9,
    "ensemble_loss": {},
    "ensemble_01_error": 0.8989,
    "errornet0": 0.9
}