{
    "risk_certificate_ce": 0.27276725477562674,
    "risk_certificate_01": 0.9446209342598763,
    "train_nll_loss": 0.26358254380492807,
    "train_01_error": 0.9398242065953317,
    "train_obj": 0.26358254380492807,
    "stochastic_loss": 0.2169097661972046,
    "stochastic_01_error": 0.8934,
    "posterior_mean_loss": 0.005000912770628929,
    "posterior_mean_01_error": 0.9006,
    "ensemble_loss": 0.0053844209760427475,
    "ensemble_01_error": 0.9028,
    "errornet0": 0.9,
    "dimension": 8192.0
}