{
    "risk_certificate_ce": 0.1304545826766056,
    "risk_certificate_01": 0.3491978228967807,
    "train_nll_loss": 0.12353784576342026,
    "train_01_error": 0.33935150302181477,
    "train_obj": 0.12353784576342026,
    "stochastic_loss": 0.08236084580421447,
    "stochastic_01_error": 0.2894,
    "posterior_mean_loss": 0.0016748214140534401,
    "posterior_mean_01_error": 0.2589,
    "ensemble_loss": 0.0019981648772954943,
    "ensemble_01_error": 0.23550000000000004,
    "errornet0": 0.2662,
    "dimension": 8192.0
}