{
    "risk_certificate_ce": 0.1948157501830351,
    "risk_certificate_01": 0.432146044317413,
    "kl_divergence": {},
    "train_nll_loss": 0.14563701538523077,
    "train_01_error": 0.3688622975768252,
    "stochastic_loss": {},
    "stochastic_01_error": 0.28459999999999996,
    "posterior_mean_loss": {},
    "posterior_mean_01_error": 0.2571,
    "ensemble_loss": {},
    "ensemble_01_error": 0.23360000000000003,
    "errornet0": 0.2662
}