model,dataset,epoch,objective,chan_penalty,kl_penalty,channel_type,outage,tx_power,noise_var,snr_db,norm_type,stochastic_01_error,baseline_error,improvement,bound_valid,json_path
cnn-4,mnist,50,channel_gradient,0.1,1.0,rayleigh_zf,,1.0,0.1,10.0,frob,0.06840000000000002,0.08420000000000005,0.015800000000000036,True,results/posterior/cnn-4_mnist_learnt_gaussian_sig0.03_bounded-pmin1e-05_epoch50_bs250_lr0.001_mon0.95_dp0.2_objective-channel_gradient-chan0.1-rayleigh-zf-tx1.0-noise0.1-kl1.0_perc-pri0.5_epoch-pri70_bs-pri250_lr-pri0.005_mom-pri0.99_dp-pri0.2_seed7/bounds/rayleigh-zf-tx1.0-noise0.1_chan-layer2_mcsamples500_norm-frob_seed7_bounds.json
cnn-4,mnist,50,channel_gradient,1.0,0.1,rayleigh_zf,,1.0,1.0,0.0,frob,0.2825,0.3228,0.0403,False,results/posterior/cnn-4_mnist_learnt_gaussian_sig0.03_bounded-pmin1e-05_epoch50_bs250_lr0.001_mon0.95_dp0.2_objective-channel_gradient-chan1.0-rayleigh-zf-tx1.0-noise1.0-kl0.1_perc-pri0.5_epoch-pri70_bs-pri250_lr-pri0.005_mom-pri0.99_dp-pri0.2_seed7/bounds/rayleigh-zf-tx1.0-noise1.0_chan-layer2_mcsamples500_norm-frob_seed7_bounds.json
cnn-4,mnist,50,channel_gradient,1.0,0.1,bec,0.1,,,,frob,0.012900000000000023,0.012900000000000023,0.0,True,results/posterior/cnn-4_mnist_learnt_gaussian_sig0.03_bounded-pmin1e-05_epoch50_bs250_lr0.001_mon0.95_dp0.2_objective-channel_gradient-chan1.0-bec-outage0.1-kl0.1_perc-pri0.5_epoch-pri70_bs-pri250_lr-pri0.005_mom-pri0.99_dp-pri0.2_seed7/bounds/bec-outage0.1_chan-layer2_mcsamples500_norm-frob_seed7_bounds.json
cnn-9,cifar10,50,channel_gradient,1.0,1.0,rayleigh_zf,,1.0,0.1,10.0,frob,0.35329999999999995,0.3829,0.02960000000000007,True,results/posterior/cnn-9_cifar10_learnt_gaussian_sig0.03_bounded-pmin1e-05_epoch50_bs250_lr0.001_mon0.95_dp0.2_objective-channel_gradient-chan1.0-rayleigh-zf-tx1.0-noise0.1-kl1.0_perc-pri0.5_epoch-pri70_bs-pri250_lr-pri0.005_mom-pri0.99_dp-pri0.2_seed7/bounds/rayleigh-zf-tx1.0-noise0.1_chan-layer4_mcsamples500_norm-frob_seed7_bounds.json
cnn-9,cifar10,50,channel_gradient,1.0,1.0,bec,0.5,,,,frob,0.36019999999999996,0.3238,-0.03639999999999999,True,results/posterior/cnn-9_cifar10_learnt_gaussian_sig0.03_bounded-pmin1e-05_epoch50_bs250_lr0.001_mon0.95_dp0.2_objective-channel_gradient-chan1.0-bec-outage0.5-kl1.0_perc-pri0.5_epoch-pri70_bs-pri250_lr-pri0.005_mom-pri0.99_dp-pri0.2_seed7/bounds/bec-outage0.5_chan-layer4_mcsamples500_norm-frob_seed7_bounds.json
cnn-9,cifar10,50,channel_gradient,1.0,1.0,rayleigh_zf,,1.0,1.0,0.0,frob,0.5067999999999999,0.6052,0.09840000000000004,True,results/posterior/cnn-9_cifar10_learnt_gaussian_sig0.03_bounded-pmin1e-05_epoch50_bs250_lr0.001_mon0.95_dp0.2_objective-channel_gradient-chan1.0-rayleigh-zf-tx1.0-noise1.0-kl1.0_perc-pri0.5_epoch-pri70_bs-pri250_lr-pri0.005_mom-pri0.99_dp-pri0.2_seed7/bounds/rayleigh-zf-tx1.0-noise1.0_chan-layer4_mcsamples500_norm-frob_seed7_bounds.json
cnn-4,mnist,20,channel_norm,0.01,1.0,rayleigh_zf,,1.0,0.1,10.0,frob,0.06479999999999997,0.07320000000000004,0.008400000000000074,True,results/posterior/cnn-4_mnist_learnt_gaussian_sig0.03_bounded-pmin1e-05_epoch20_bs250_lr0.001_mon0.95_dp0.2_objective-channel_norm-chan0.01-rayleigh-zf-tx1.0-noise0.1-kl1.0_perc-pri0.5_epoch-pri70_bs-pri250_lr-pri0.005_mom-pri0.99_dp-pri0.2_seed7/bounds/rayleigh-zf-tx1.0-noise0.1_chan-layer2_mcsamples500_norm-frob_seed7_bounds.json
cnn-4,mnist,50,channel_gradient,1.0,0.01,rayleigh_zf,,1.0,1.0,0.0,frob,0.4064,0.3228,-0.08360000000000001,True,results/posterior/cnn-4_mnist_learnt_gaussian_sig0.03_bounded-pmin1e-05_epoch50_bs250_lr0.001_mon0.95_dp0.2_objective-channel_gradient-chan1.0-rayleigh-zf-tx1.0-noise1.0-kl0.01_perc-pri0.5_epoch-pri70_bs-pri250_lr-pri0.005_mom-pri0.99_dp-pri0.2_seed7/bounds/rayleigh-zf-tx1.0-noise1.0_chan-layer2_mcsamples500_norm-frob_seed7_bounds.json
cnn-4,mnist,10,channel_norm,0.01,1.0,bec,0.1,,,,frob,0.01770000000000005,0.013499999999999956,-0.0042000000000000925,True,results/posterior/cnn-4_mnist_learnt_gaussian_sig0.03_bounded-pmin1e-05_epoch10_bs250_lr0.001_mon0.95_dp0.2_objective-channel_norm-chan0.01-bec-outage0.1-kl1.0_perc-pri0.5_epoch-pri70_bs-pri250_lr-pri0.005_mom-pri0.99_dp-pri0.2_seed7/bounds/bec-outage0.1_chan-layer2_mcsamples500_norm-frob_seed7_bounds.json
cnn-4,mnist,50,channel_gradient,0.01,0.1,rayleigh_zf,,1.0,0.1,10.0,frob,0.0685,0.08420000000000005,0.015700000000000047,True,results/posterior/cnn-4_mnist_learnt_gaussian_sig0.03_bounded-pmin1e-05_epoch50_bs250_lr0.001_mon0.95_dp0.2_objective-channel_gradient-chan0.01-rayleigh-zf-tx1.0-noise0.1-kl0.1_perc-pri0.5_epoch-pri70_bs-pri250_lr-pri0.005_mom-pri0.99_dp-pri0.2_seed7/bounds/rayleigh-zf-tx1.0-noise0.1_chan-layer2_mcsamples500_norm-frob_seed7_bounds.json
cnn-4,mnist,50,channel_gradient,0.1,0.1,rayleigh_zf,,1.0,1.0,0.0,frob,0.2652,0.3228,0.057599999999999985,False,results/posterior/cnn-4_mnist_learnt_gaussian_sig0.03_bounded-pmin1e-05_epoch50_bs250_lr0.001_mon0.95_dp0.2_objective-channel_gradient-chan0.1-rayleigh-zf-tx1.0-noise1.0-kl0.1_perc-pri0.5_epoch-pri70_bs-pri250_lr-pri0.005_mom-pri0.99_dp-pri0.2_seed7/bounds/rayleigh-zf-tx1.0-noise1.0_chan-layer2_mcsamples500_norm-frob_seed7_bounds.json
cnn-9,cifar10,20,channel_gradient,0.01,0.1,rayleigh_zf,,1.0,0.1,10.0,frob,0.3518,0.3813,0.02949999999999997,True,results/posterior/cnn-9_cifar10_learnt_gaussian_sig0.03_bounded-pmin1e-05_epoch20_bs250_lr0.001_mon0.95_dp0.2_objective-channel_gradient-chan0.01-rayleigh-zf-tx1.0-noise0.1-kl0.1_perc-pri0.5_epoch-pri70_bs-pri250_lr-pri0.005_mom-pri0.99_dp-pri0.2_seed7/bounds/rayleigh-zf-tx1.0-noise0.1_chan-layer4_mcsamples500_norm-frob_seed7_bounds.json
cnn-9,cifar10,50,channel_norm,0.1,1.0,bec,0.1,,,,frob,0.9,0.26680000000000004,-0.6332,False,results/posterior/cnn-9_cifar10_learnt_gaussian_sig0.03_bounded-pmin1e-05_epoch50_bs250_lr0.001_mon0.95_dp0.2_objective-channel_norm-chan0.1-bec-outage0.1-kl1.0_perc-pri0.5_epoch-pri70_bs-pri250_lr-pri0.005_mom-pri0.99_dp-pri0.2_seed7/bounds/bec-outage0.1_chan-layer4_mcsamples500_norm-frob_seed7_bounds.json
fcn-4,mnist,10,channel_gradient,0.1,0.01,rayleigh_zf,,1.0,0.1,10.0,frob,0.03990000000000005,0.03610000000000002,-0.0038000000000000256,True,results/posterior/fcn-4_mnist_learnt_gaussian_sig0.03_bounded-pmin1e-05_epoch10_bs250_lr0.001_mon0.95_dp0.2_objective-channel_gradient-chan0.1-rayleigh-zf-tx1.0-noise0.1-kl0.01_perc-pri0.5_epoch-pri20_bs-pri250_lr-pri0.005_mom-pri0.99_dp-pri0.2_seed7/bounds/rayleigh-zf-tx1.0-noise0.1_chan-layer2_mcsamples500_norm-frob_seed7_bounds.json
fcn-4,mnist,20,channel_gradient,0.1,0.1,bec,0.5,,,,frob,0.03820000000000001,0.03320000000000001,-0.0050000000000000044,True,results/posterior/fcn-4_mnist_learnt_gaussian_sig0.03_bounded-pmin1e-05_epoch20_bs250_lr0.001_mon0.95_dp0.2_objective-channel_gradient-chan0.1-bec-outage0.5-kl0.1_perc-pri0.5_epoch-pri20_bs-pri250_lr-pri0.005_mom-pri0.99_dp-pri0.2_seed7/bounds/bec-outage0.5_chan-layer2_mcsamples500_norm-frob_seed7_bounds.json
cnn-9,cifar10,30,channel_gradient,1.0,0.01,bec,0.1,,,,frob,0.4648,,,True,results/posterior/cnn-9_cifar10_learnt_gaussian_sig0.03_bounded-pmin1e-05_epoch30_bs250_lr0.001_mon0.95_dp0.2_objective-channel_gradient-chan1.0-bec-outage0.1-kl0.01_perc-pri0.5_epoch-pri70_bs-pri250_lr-pri0.005_mom-pri0.99_dp-pri0.2_seed7/bounds/bec-outage0.1_chan-layer4_mcsamples500_norm-frob_seed7_bounds.json
fcn-4,mnist,10,channel_gradient,1.0,1.0,rayleigh_zf,,1.0,1.0,0.0,frob,0.1028,0.10240000000000005,-0.00039999999999995595,True,results/posterior/fcn-4_mnist_learnt_gaussian_sig0.03_bounded-pmin1e-05_epoch10_bs250_lr0.001_mon0.95_dp0.2_objective-channel_gradient-chan1.0-rayleigh-zf-tx1.0-noise1.0-kl1.0_perc-pri0.5_epoch-pri20_bs-pri250_lr-pri0.005_mom-pri0.99_dp-pri0.2_seed7/bounds/rayleigh-zf-tx1.0-noise1.0_chan-layer2_mcsamples500_norm-frob_seed7_bounds.json
cnn-4,mnist,20,channel_norm,0.1,1.0,rayleigh_zf,,1.0,0.1,10.0,frob,0.06399999999999995,0.07320000000000004,0.009200000000000097,True,results/posterior/cnn-4_mnist_learnt_gaussian_sig0.03_bounded-pmin1e-05_epoch20_bs250_lr0.001_mon0.95_dp0.2_objective-channel_norm-chan0.1-rayleigh-zf-tx1.0-noise0.1-kl1.0_perc-pri0.5_epoch-pri70_bs-pri250_lr-pri0.005_mom-pri0.99_dp-pri0.2_seed7/bounds/rayleigh-zf-tx1.0-noise0.1_chan-layer2_mcsamples500_norm-frob_seed7_bounds.json
fcn-4,mnist,30,channel_norm,0.1,0.01,rayleigh_zf,,1.0,0.1,10.0,frob,0.8411,,,True,results/posterior/fcn-4_mnist_learnt_gaussian_sig0.03_bounded-pmin1e-05_epoch30_bs250_lr0.001_mon0.95_dp0.2_objective-channel_norm-chan0.1-rayleigh-zf-tx1.0-noise0.1-kl0.01_perc-pri0.5_epoch-pri20_bs-pri250_lr-pri0.005_mom-pri0.99_dp-pri0.2_seed7/bounds/rayleigh-zf-tx1.0-noise0.1_chan-layer2_mcsamples500_norm-frob_seed7_bounds.json
fcn-4,mnist,20,channel_gradient,1.0,0.1,bec,0.5,,,,frob,0.03839999999999999,0.03320000000000001,-0.005199999999999982,True,results/posterior/fcn-4_mnist_learnt_gaussian_sig0.03_bounded-pmin1e-05_epoch20_bs250_lr0.001_mon0.95_dp0.2_objective-channel_gradient-chan1.0-bec-outage0.5-kl0.1_perc-pri0.5_epoch-pri20_bs-pri250_lr-pri0.005_mom-pri0.99_dp-pri0.2_seed7/bounds/bec-outage0.5_chan-layer2_mcsamples500_norm-frob_seed7_bounds.json
fcn-4,mnist,10,channel_gradient,0.01,0.1,bec,0.1,,,,frob,0.028299999999999992,0.02629999999999999,-0.0020000000000000018,True,results/posterior/fcn-4_mnist_learnt_gaussian_sig0.03_bounded-pmin1e-05_epoch10_bs250_lr0.001_mon0.95_dp0.2_objective-channel_gradient-chan0.01-bec-outage0.1-kl0.1_perc-pri0.5_epoch-pri20_bs-pri250_lr-pri0.005_mom-pri0.99_dp-pri0.2_seed7/bounds/bec-outage0.1_chan-layer2_mcsamples500_norm-frob_seed7_bounds.json
cnn-9,cifar10,50,channel_gradient,1.0,0.01,rayleigh_zf,,1.0,0.1,10.0,frob,0.4171,0.3829,-0.03420000000000001,True,results/posterior/cnn-9_cifar10_learnt_gaussian_sig0.03_bounded-pmin1e-05_epoch50_bs250_lr0.001_mon0.95_dp0.2_objective-channel_gradient-chan1.0-rayleigh-zf-tx1.0-noise0.1-kl0.01_perc-pri0.5_epoch-pri70_bs-pri250_lr-pri0.005_mom-pri0.99_dp-pri0.2_seed7/bounds/rayleigh-zf-tx1.0-noise0.1_chan-layer4_mcsamples500_norm-frob_seed7_bounds.json
cnn-4,mnist,30,channel_norm,0.01,0.01,bec,0.5,,,,frob,0.49529999999999996,0.019499999999999962,-0.4758,True,results/posterior/cnn-4_mnist_learnt_gaussian_sig0.03_bounded-pmin1e-05_epoch30_bs250_lr0.001_mon0.95_dp0.2_objective-channel_norm-chan0.01-bec-outage0.5-kl0.01_perc-pri0.5_epoch-pri70_bs-pri250_lr-pri0.005_mom-pri0.99_dp-pri0.2_seed7/bounds/bec-outage0.5_chan-layer2_mcsamples500_norm-frob_seed7_bounds.json
cnn-4,mnist,50,channel_gradient,0.01,0.1,bec,0.1,,,,frob,0.013800000000000034,0.012900000000000023,-0.0009000000000000119,True,results/posterior/cnn-4_mnist_learnt_gaussian_sig0.03_bounded-pmin1e-05_epoch50_bs250_lr0.001_mon0.95_dp0.2_objective-channel_gradient-chan0.01-bec-outage0.1-kl0.1_perc-pri0.5_epoch-pri70_bs-pri250_lr-pri0.005_mom-pri0.99_dp-pri0.2_seed7/bounds/bec-outage0.1_chan-layer2_mcsamples500_norm-frob_seed7_bounds.json
fcn-4,mnist,10,channel_norm,1.0,0.1,bec,0.1,,,,frob,0.885,0.02629999999999999,-0.8587,True,results/posterior/fcn-4_mnist_learnt_gaussian_sig0.03_bounded-pmin1e-05_epoch10_bs250_lr0.001_mon0.95_dp0.2_objective-channel_norm-chan1.0-bec-outage0.1-kl0.1_perc-pri0.5_epoch-pri20_bs-pri250_lr-pri0.005_mom-pri0.99_dp-pri0.2_seed7/bounds/bec-outage0.1_chan-layer2_mcsamples500_norm-frob_seed7_bounds.json
cnn-9,cifar10,50,channel_gradient,1.0,0.1,bec,0.1,,,,frob,0.28559999999999997,0.26680000000000004,-0.018799999999999928,True,results/posterior/cnn-9_cifar10_learnt_gaussian_sig0.03_bounded-pmin1e-05_epoch50_bs250_lr0.001_mon0.95_dp0.2_objective-channel_gradient-chan1.0-bec-outage0.1-kl0.1_perc-pri0.5_epoch-pri70_bs-pri250_lr-pri0.005_mom-pri0.99_dp-pri0.2_seed7/bounds/bec-outage0.1_chan-layer4_mcsamples500_norm-frob_seed7_bounds.json
fcn-4,mnist,50,channel_gradient,0.01,0.1,rayleigh_zf,,1.0,1.0,0.0,frob,0.09570000000000001,0.11240000000000006,0.016700000000000048,True,results/posterior/fcn-4_mnist_learnt_gaussian_sig0.03_bounded-pmin1e-05_epoch50_bs250_lr0.001_mon0.95_dp0.2_objective-channel_gradient-chan0.01-rayleigh-zf-tx1.0-noise1.0-kl0.1_perc-pri0.5_epoch-pri20_bs-pri250_lr-pri0.005_mom-pri0.99_dp-pri0.2_seed7/bounds/rayleigh-zf-tx1.0-noise1.0_chan-layer2_mcsamples500_norm-frob_seed7_bounds.json
cnn-9,cifar10,30,channel_gradient,1.0,0.1,bec,0.5,,,,frob,0.4252,,,True,results/posterior/cnn-9_cifar10_learnt_gaussian_sig0.03_bounded-pmin1e-05_epoch30_bs250_lr0.001_mon0.95_dp0.2_objective-channel_gradient-chan1.0-bec-outage0.5-kl0.1_perc-pri0.5_epoch-pri70_bs-pri250_lr-pri0.005_mom-pri0.99_dp-pri0.2_seed7/bounds/bec-outage0.5_chan-layer4_mcsamples500_norm-frob_seed7_bounds.json
cnn-4,mnist,50,channel_gradient,0.1,1.0,rayleigh_zf,,1.0,1.0,0.0,frob,0.26349999999999996,0.3228,0.05930000000000002,False,results/posterior/cnn-4_mnist_learnt_gaussian_sig0.03_bounded-pmin1e-05_epoch50_bs250_lr0.001_mon0.95_dp0.2_objective-channel_gradient-chan0.1-rayleigh-zf-tx1.0-noise1.0-kl1.0_perc-pri0.5_epoch-pri70_bs-pri250_lr-pri0.005_mom-pri0.99_dp-pri0.2_seed7/bounds/rayleigh-zf-tx1.0-noise1.0_chan-layer2_mcsamples500_norm-frob_seed7_bounds.json
cnn-9,cifar10,30,channel_norm,0.01,1.0,rayleigh_zf,,1.0,1.0,0.0,frob,0.9,,,False,results/posterior/cnn-9_cifar10_learnt_gaussian_sig0.03_bounded-pmin1e-05_epoch30_bs250_lr0.001_mon0.95_dp0.2_objective-channel_norm-chan0.01-rayleigh-zf-tx1.0-noise1.0-kl1.0_perc-pri0.5_epoch-pri70_bs-pri250_lr-pri0.005_mom-pri0.99_dp-pri0.2_seed7/bounds/rayleigh-zf-tx1.0-noise1.0_chan-layer4_mcsamples500_norm-frob_seed7_bounds.json
cnn-4,mnist,20,channel_gradient,1.0,0.1,bec,0.1,,,,frob,0.015800000000000036,0.01319999999999999,-0.0026000000000000467,True,results/posterior/cnn-4_mnist_learnt_gaussian_sig0.03_bounded-pmin1e-05_epoch20_bs250_lr0.001_mon0.95_dp0.2_objective-channel_gradient-chan1.0-bec-outage0.1-kl0.1_perc-pri0.5_epoch-pri70_bs-pri250_lr-pri0.005_mom-pri0.99_dp-pri0.2_seed7/bounds/bec-outage0.1_chan-layer2_mcsamples500_norm-frob_seed7_bounds.json
cnn-4,mnist,30,channel_gradient,1.0,1.0,rayleigh_zf,,1.0,0.1,10.0,frob,0.06679999999999997,0.08220000000000005,0.01540000000000008,True,results/posterior/cnn-4_mnist_learnt_gaussian_sig0.03_bounded-pmin1e-05_epoch30_bs250_lr0.001_mon0.95_dp0.2_objective-channel_gradient-chan1.0-rayleigh-zf-tx1.0-noise0.1-kl1.0_perc-pri0.5_epoch-pri70_bs-pri250_lr-pri0.005_mom-pri0.99_dp-pri0.2_seed7/bounds/rayleigh-zf-tx1.0-noise0.1_chan-layer2_mcsamples500_norm-frob_seed7_bounds.json
cnn-9,cifar10,20,channel_gradient,1.0,0.1,rayleigh_zf,,1.0,0.1,10.0,frob,0.3591,0.3813,0.022199999999999998,True,results/posterior/cnn-9_cifar10_learnt_gaussian_sig0.03_bounded-pmin1e-05_epoch20_bs250_lr0.001_mon0.95_dp0.2_objective-channel_gradient-chan1.0-rayleigh-zf-tx1.0-noise0.1-kl0.1_perc-pri0.5_epoch-pri70_bs-pri250_lr-pri0.005_mom-pri0.99_dp-pri0.2_seed7/bounds/rayleigh-zf-tx1.0-noise0.1_chan-layer4_mcsamples500_norm-frob_seed7_bounds.json
fcn-4,mnist,30,channel_gradient,0.1,0.01,rayleigh_zf,,1.0,0.1,10.0,frob,0.03969999999999996,,,True,results/posterior/fcn-4_mnist_learnt_gaussian_sig0.03_bounded-pmin1e-05_epoch30_bs250_lr0.001_mon0.95_dp0.2_objective-channel_gradient-chan0.1-rayleigh-zf-tx1.0-noise0.1-kl0.01_perc-pri0.5_epoch-pri20_bs-pri250_lr-pri0.005_mom-pri0.99_dp-pri0.2_seed7/bounds/rayleigh-zf-tx1.0-noise0.1_chan-layer2_mcsamples500_norm-frob_seed7_bounds.json
cnn-9,cifar10,10,channel_norm,0.01,1.0,bec,0.1,,,,frob,0.9,0.2921,-0.6079,False,results/posterior/cnn-9_cifar10_learnt_gaussian_sig0.03_bounded-pmin1e-05_epoch10_bs250_lr0.001_mon0.95_dp0.2_objective-channel_norm-chan0.01-bec-outage0.1-kl1.0_perc-pri0.5_epoch-pri70_bs-pri250_lr-pri0.005_mom-pri0.99_dp-pri0.2_seed7/bounds/bec-outage0.1_chan-layer4_mcsamples500_norm-frob_seed7_bounds.json
cnn-4,mnist,10,channel_gradient,1.0,1.0,rayleigh_zf,,1.0,1.0,0.0,frob,0.27159999999999995,0.2764,0.0048000000000000265,False,results/posterior/cnn-4_mnist_learnt_gaussian_sig0.03_bounded-pmin1e-05_epoch10_bs250_lr0.001_mon0.95_dp0.2_objective-channel_gradient-chan1.0-rayleigh-zf-tx1.0-noise1.0-kl1.0_perc-pri0.5_epoch-pri70_bs-pri250_lr-pri0.005_mom-pri0.99_dp-pri0.2_seed7/bounds/rayleigh-zf-tx1.0-noise1.0_chan-layer2_mcsamples500_norm-frob_seed7_bounds.json
cnn-4,mnist,50,channel_norm,0.1,1.0,rayleigh_zf,,1.0,1.0,0.0,frob,0.2613,0.3228,0.0615,True,results/posterior/cnn-4_mnist_learnt_gaussian_sig0.03_bounded-pmin1e-05_epoch50_bs250_lr0.001_mon0.95_dp0.2_objective-channel_norm-chan0.1-rayleigh-zf-tx1.0-noise1.0-kl1.0_perc-pri0.5_epoch-pri70_bs-pri250_lr-pri0.005_mom-pri0.99_dp-pri0.2_seed7/bounds/rayleigh-zf-tx1.0-noise1.0_chan-layer2_mcsamples500_norm-frob_seed7_bounds.json
cnn-4,mnist,20,channel_norm,0.1,0.1,rayleigh_zf,,1.0,0.1,10.0,frob,0.09989999999999999,0.07320000000000004,-0.026699999999999946,True,results/posterior/cnn-4_mnist_learnt_gaussian_sig0.03_bounded-pmin1e-05_epoch20_bs250_lr0.001_mon0.95_dp0.2_objective-channel_norm-chan0.1-rayleigh-zf-tx1.0-noise0.1-kl0.1_perc-pri0.5_epoch-pri70_bs-pri250_lr-pri0.005_mom-pri0.99_dp-pri0.2_seed7/bounds/rayleigh-zf-tx1.0-noise0.1_chan-layer2_mcsamples500_norm-frob_seed7_bounds.json
cnn-9,cifar10,30,channel_norm,0.01,0.1,bec,0.5,,,,frob,0.9,,,False,results/posterior/cnn-9_cifar10_learnt_gaussian_sig0.03_bounded-pmin1e-05_epoch30_bs250_lr0.001_mon0.95_dp0.2_objective-channel_norm-chan0.01-bec-outage0.5-kl0.1_perc-pri0.5_epoch-pri70_bs-pri250_lr-pri0.005_mom-pri0.99_dp-pri0.2_seed7/bounds/bec-outage0.5_chan-layer4_mcsamples500_norm-frob_seed7_bounds.json
fcn-4,mnist,30,channel_norm,1.0,0.1,bec,0.1,,,,frob,0.8471,,,True,results/posterior/fcn-4_mnist_learnt_gaussian_sig0.03_bounded-pmin1e-05_epoch30_bs250_lr0.001_mon0.95_dp0.2_objective-channel_norm-chan1.0-bec-outage0.1-kl0.1_perc-pri0.5_epoch-pri20_bs-pri250_lr-pri0.005_mom-pri0.99_dp-pri0.2_seed7/bounds/bec-outage0.1_chan-layer2_mcsamples500_norm-frob_seed7_bounds.json
cnn-4,mnist,20,channel_norm,0.1,0.1,bec,0.1,,,,frob,0.8637,0.01319999999999999,-0.8505,True,results/posterior/cnn-4_mnist_learnt_gaussian_sig0.03_bounded-pmin1e-05_epoch20_bs250_lr0.001_mon0.95_dp0.2_objective-channel_norm-chan0.1-bec-outage0.1-kl0.1_perc-pri0.5_epoch-pri70_bs-pri250_lr-pri0.005_mom-pri0.99_dp-pri0.2_seed7/bounds/bec-outage0.1_chan-layer2_mcsamples500_norm-frob_seed7_bounds.json
cnn-9,cifar10,50,channel_norm,1.0,0.01,bec,0.1,,,,frob,0.9,0.26680000000000004,-0.6332,False,results/posterior/cnn-9_cifar10_learnt_gaussian_sig0.03_bounded-pmin1e-05_epoch50_bs250_lr0.001_mon0.95_dp0.2_objective-channel_norm-chan1.0-bec-outage0.1-kl0.01_perc-pri0.5_epoch-pri70_bs-pri250_lr-pri0.005_mom-pri0.99_dp-pri0.2_seed7/bounds/bec-outage0.1_chan-layer4_mcsamples500_norm-frob_seed7_bounds.json
cnn-4,mnist,10,channel_norm,0.1,0.01,bec,0.5,,,,frob,0.8865,0.018199999999999994,-0.8683,True,results/posterior/cnn-4_mnist_learnt_gaussian_sig0.03_bounded-pmin1e-05_epoch10_bs250_lr0.001_mon0.95_dp0.2_objective-channel_norm-chan0.1-bec-outage0.5-kl0.01_perc-pri0.5_epoch-pri70_bs-pri250_lr-pri0.005_mom-pri0.99_dp-pri0.2_seed7/bounds/bec-outage0.5_chan-layer2_mcsamples500_norm-frob_seed7_bounds.json
cnn-4,mnist,20,channel_norm,1.0,0.01,bec,0.1,,,,frob,0.902,0.01319999999999999,-0.8888,False,results/posterior/cnn-4_mnist_learnt_gaussian_sig0.03_bounded-pmin1e-05_epoch20_bs250_lr0.001_mon0.95_dp0.2_objective-channel_norm-chan1.0-bec-outage0.1-kl0.01_perc-pri0.5_epoch-pri70_bs-pri250_lr-pri0.005_mom-pri0.99_dp-pri0.2_seed7/bounds/bec-outage0.1_chan-layer2_mcsamples500_norm-frob_seed7_bounds.json
cnn-9,cifar10,20,channel_norm,0.01,0.1,bec,0.1,,,,frob,0.9,0.28290000000000004,-0.6171,False,results/posterior/cnn-9_cifar10_learnt_gaussian_sig0.03_bounded-pmin1e-05_epoch20_bs250_lr0.001_mon0.95_dp0.2_objective-channel_norm-chan0.01-bec-outage0.1-kl0.1_perc-pri0.5_epoch-pri70_bs-pri250_lr-pri0.005_mom-pri0.99_dp-pri0.2_seed7/bounds/bec-outage0.1_chan-layer4_mcsamples500_norm-frob_seed7_bounds.json
cnn-4,mnist,20,channel_gradient,0.01,0.01,rayleigh_zf,,1.0,0.1,10.0,frob,0.07040000000000002,0.07320000000000004,0.0028000000000000247,True,results/posterior/cnn-4_mnist_learnt_gaussian_sig0.03_bounded-pmin1e-05_epoch20_bs250_lr0.001_mon0.95_dp0.2_objective-channel_gradient-chan0.01-rayleigh-zf-tx1.0-noise0.1-kl0.01_perc-pri0.5_epoch-pri70_bs-pri250_lr-pri0.005_mom-pri0.99_dp-pri0.2_seed7/bounds/rayleigh-zf-tx1.0-noise0.1_chan-layer2_mcsamples500_norm-frob_seed7_bounds.json
cnn-9,cifar10,30,channel_norm,0.1,0.1,rayleigh_zf,,1.0,0.1,10.0,frob,0.9,,,False,results/posterior/cnn-9_cifar10_learnt_gaussian_sig0.03_bounded-pmin1e-05_epoch30_bs250_lr0.001_mon0.95_dp0.2_objective-channel_norm-chan0.1-rayleigh-zf-tx1.0-noise0.1-kl0.1_perc-pri0.5_epoch-pri70_bs-pri250_lr-pri0.005_mom-pri0.99_dp-pri0.2_seed7/bounds/rayleigh-zf-tx1.0-noise0.1_chan-layer4_mcsamples500_norm-frob_seed7_bounds.json
fcn-4,mnist,20,channel_gradient,0.01,0.1,bec,0.5,,,,frob,0.0373,0.03320000000000001,-0.0040999999999999925,True,results/posterior/fcn-4_mnist_learnt_gaussian_sig0.03_bounded-pmin1e-05_epoch20_bs250_lr0.001_mon0.95_dp0.2_objective-channel_gradient-chan0.01-bec-outage0.5-kl0.1_perc-pri0.5_epoch-pri20_bs-pri250_lr-pri0.005_mom-pri0.99_dp-pri0.2_seed7/bounds/bec-outage0.5_chan-layer2_mcsamples500_norm-frob_seed7_bounds.json
cnn-4,mnist,20,channel_gradient,0.1,0.01,rayleigh_zf,,1.0,1.0,0.0,frob,0.2905,0.28959999999999997,-0.0009000000000000119,False,results/posterior/cnn-4_mnist_learnt_gaussian_sig0.03_bounded-pmin1e-05_epoch20_bs250_lr0.001_mon0.95_dp0.2_objective-channel_gradient-chan0.1-rayleigh-zf-tx1.0-noise1.0-kl0.01_perc-pri0.5_epoch-pri70_bs-pri250_lr-pri0.005_mom-pri0.99_dp-pri0.2_seed7/bounds/rayleigh-zf-tx1.0-noise1.0_chan-layer2_mcsamples500_norm-frob_seed7_bounds.json
cnn-9,cifar10,20,channel_norm,0.01,0.01,bec,0.1,,,,frob,0.9,0.28290000000000004,-0.6171,False,results/posterior/cnn-9_cifar10_learnt_gaussian_sig0.03_bounded-pmin1e-05_epoch20_bs250_lr0.001_mon0.95_dp0.2_objective-channel_norm-chan0.01-bec-outage0.1-kl0.01_perc-pri0.5_epoch-pri70_bs-pri250_lr-pri0.005_mom-pri0.99_dp-pri0.2_seed7/bounds/bec-outage0.1_chan-layer4_mcsamples500_norm-frob_seed7_bounds.json
fcn-4,mnist,20,channel_gradient,1.0,1.0,rayleigh_zf,,1.0,1.0,0.0,frob,0.10189999999999999,0.10629999999999995,0.0043999999999999595,True,results/posterior/fcn-4_mnist_learnt_gaussian_sig0.03_bounded-pmin1e-05_epoch20_bs250_lr0.001_mon0.95_dp0.2_objective-channel_gradient-chan1.0-rayleigh-zf-tx1.0-noise1.0-kl1.0_perc-pri0.5_epoch-pri20_bs-pri250_lr-pri0.005_mom-pri0.99_dp-pri0.2_seed7/bounds/rayleigh-zf-tx1.0-noise1.0_chan-layer2_mcsamples500_norm-frob_seed7_bounds.json
fcn-4,mnist,20,channel_gradient,0.1,0.01,rayleigh_zf,,1.0,1.0,0.0,frob,0.1038,0.10629999999999995,0.0024999999999999467,True,results/posterior/fcn-4_mnist_learnt_gaussian_sig0.03_bounded-pmin1e-05_epoch20_bs250_lr0.001_mon0.95_dp0.2_objective-channel_gradient-chan0.1-rayleigh-zf-tx1.0-noise1.0-kl0.01_perc-pri0.5_epoch-pri20_bs-pri250_lr-pri0.005_mom-pri0.99_dp-pri0.2_seed7/bounds/rayleigh-zf-tx1.0-noise1.0_chan-layer2_mcsamples500_norm-frob_seed7_bounds.json
cnn-4,mnist,20,channel_norm,0.01,1.0,bec,0.1,,,,frob,0.017800000000000038,0.01319999999999999,-0.0046000000000000485,True,results/posterior/cnn-4_mnist_learnt_gaussian_sig0.03_bounded-pmin1e-05_epoch20_bs250_lr0.001_mon0.95_dp0.2_objective-channel_norm-chan0.01-bec-outage0.1-kl1.0_perc-pri0.5_epoch-pri70_bs-pri250_lr-pri0.005_mom-pri0.99_dp-pri0.2_seed7/bounds/bec-outage0.1_chan-layer2_mcsamples500_norm-frob_seed7_bounds.json
fcn-4,mnist,20,channel_norm,1.0,0.1,rayleigh_zf,,1.0,0.1,10.0,frob,0.8805000000000001,0.035800000000000054,-0.8447,True,results/posterior/fcn-4_mnist_learnt_gaussian_sig0.03_bounded-pmin1e-05_epoch20_bs250_lr0.001_mon0.95_dp0.2_objective-channel_norm-chan1.0-rayleigh-zf-tx1.0-noise0.1-kl0.1_perc-pri0.5_epoch-pri20_bs-pri250_lr-pri0.005_mom-pri0.99_dp-pri0.2_seed7/bounds/rayleigh-zf-tx1.0-noise0.1_chan-layer2_mcsamples500_norm-frob_seed7_bounds.json
fcn-4,mnist,20,channel_gradient,1.0,0.1,rayleigh_zf,,1.0,1.0,0.0,frob,0.10209999999999997,0.10629999999999995,0.0041999999999999815,True,results/posterior/fcn-4_mnist_learnt_gaussian_sig0.03_bounded-pmin1e-05_epoch20_bs250_lr0.001_mon0.95_dp0.2_objective-channel_gradient-chan1.0-rayleigh-zf-tx1.0-noise1.0-kl0.1_perc-pri0.5_epoch-pri20_bs-pri250_lr-pri0.005_mom-pri0.99_dp-pri0.2_seed7/bounds/rayleigh-zf-tx1.0-noise1.0_chan-layer2_mcsamples500_norm-frob_seed7_bounds.json
fcn-4,mnist,30,channel_gradient,0.1,1.0,bec,0.5,,,,frob,0.03820000000000001,,,True,results/posterior/fcn-4_mnist_learnt_gaussian_sig0.03_bounded-pmin1e-05_epoch30_bs250_lr0.001_mon0.95_dp0.2_objective-channel_gradient-chan0.1-bec-outage0.5-kl1.0_perc-pri0.5_epoch-pri20_bs-pri250_lr-pri0.005_mom-pri0.99_dp-pri0.2_seed7/bounds/bec-outage0.5_chan-layer2_mcsamples500_norm-frob_seed7_bounds.json
cnn-9,cifar10,10,channel_norm,1.0,1.0,bec,0.1,,,,frob,0.9,0.2921,-0.6079,False,results/posterior/cnn-9_cifar10_learnt_gaussian_sig0.03_bounded-pmin1e-05_epoch10_bs250_lr0.001_mon0.95_dp0.2_objective-channel_norm-chan1.0-bec-outage0.1-kl1.0_perc-pri0.5_epoch-pri70_bs-pri250_lr-pri0.005_mom-pri0.99_dp-pri0.2_seed7/bounds/bec-outage0.1_chan-layer4_mcsamples500_norm-frob_seed7_bounds.json
cnn-4,mnist,20,channel_norm,1.0,0.01,bec,0.5,,,,frob,0.902,0.017900000000000027,-0.8841,False,results/posterior/cnn-4_mnist_learnt_gaussian_sig0.03_bounded-pmin1e-05_epoch20_bs250_lr0.001_mon0.95_dp0.2_objective-channel_norm-chan1.0-bec-outage0.5-kl0.01_perc-pri0.5_epoch-pri70_bs-pri250_lr-pri0.005_mom-pri0.99_dp-pri0.2_seed7/bounds/bec-outage0.5_chan-layer2_mcsamples500_norm-frob_seed7_bounds.json
cnn-4,mnist,10,channel_norm,0.01,0.1,rayleigh_zf,,1.0,0.1,10.0,frob,0.06410000000000005,0.06920000000000004,0.005099999999999993,True,results/posterior/cnn-4_mnist_learnt_gaussian_sig0.03_bounded-pmin1e-05_epoch10_bs250_lr0.001_mon0.95_dp0.2_objective-channel_norm-chan0.01-rayleigh-zf-tx1.0-noise0.1-kl0.1_perc-pri0.5_epoch-pri70_bs-pri250_lr-pri0.005_mom-pri0.99_dp-pri0.2_seed7/bounds/rayleigh-zf-tx1.0-noise0.1_chan-layer2_mcsamples500_norm-frob_seed7_bounds.json
fcn-4,mnist,10,channel_gradient,0.1,0.1,bec,0.1,,,,frob,0.027599999999999958,0.02629999999999999,-0.0012999999999999678,True,results/posterior/fcn-4_mnist_learnt_gaussian_sig0.03_bounded-pmin1e-05_epoch10_bs250_lr0.001_mon0.95_dp0.2_objective-channel_gradient-chan0.1-bec-outage0.1-kl0.1_perc-pri0.5_epoch-pri20_bs-pri250_lr-pri0.005_mom-pri0.99_dp-pri0.2_seed7/bounds/bec-outage0.1_chan-layer2_mcsamples500_norm-frob_seed7_bounds.json
cnn-9,cifar10,50,channel_gradient,1.0,1.0,bec,0.1,,,,frob,0.29769999999999996,0.26680000000000004,-0.030899999999999928,True,results/posterior/cnn-9_cifar10_learnt_gaussian_sig0.03_bounded-pmin1e-05_epoch50_bs250_lr0.001_mon0.95_dp0.2_objective-channel_gradient-chan1.0-bec-outage0.1-kl1.0_perc-pri0.5_epoch-pri70_bs-pri250_lr-pri0.005_mom-pri0.99_dp-pri0.2_seed7/bounds/bec-outage0.1_chan-layer4_mcsamples500_norm-frob_seed7_bounds.json
fcn-4,mnist,10,channel_norm,0.01,0.01,bec,0.1,,,,frob,0.8705,0.02629999999999999,-0.8442000000000001,True,results/posterior/fcn-4_mnist_learnt_gaussian_sig0.03_bounded-pmin1e-05_epoch10_bs250_lr0.001_mon0.95_dp0.2_objective-channel_norm-chan0.01-bec-outage0.1-kl0.01_perc-pri0.5_epoch-pri20_bs-pri250_lr-pri0.005_mom-pri0.99_dp-pri0.2_seed7/bounds/bec-outage0.1_chan-layer2_mcsamples500_norm-frob_seed7_bounds.json
cnn-4,mnist,30,channel_norm,1.0,0.01,bec,0.5,,,,frob,0.902,0.019499999999999962,-0.8825000000000001,False,results/posterior/cnn-4_mnist_learnt_gaussian_sig0.03_bounded-pmin1e-05_epoch30_bs250_lr0.001_mon0.95_dp0.2_objective-channel_norm-chan1.0-bec-outage0.5-kl0.01_perc-pri0.5_epoch-pri70_bs-pri250_lr-pri0.005_mom-pri0.99_dp-pri0.2_seed7/bounds/bec-outage0.5_chan-layer2_mcsamples500_norm-frob_seed7_bounds.json
cnn-9,cifar10,30,channel_norm,0.1,0.01,rayleigh_zf,,1.0,0.1,10.0,frob,0.9,,,False,results/posterior/cnn-9_cifar10_learnt_gaussian_sig0.03_bounded-pmin1e-05_epoch30_bs250_lr0.001_mon0.95_dp0.2_objective-channel_norm-chan0.1-rayleigh-zf-tx1.0-noise0.1-kl0.01_perc-pri0.5_epoch-pri70_bs-pri250_lr-pri0.005_mom-pri0.99_dp-pri0.2_seed7/bounds/rayleigh-zf-tx1.0-noise0.1_chan-layer4_mcsamples500_norm-frob_seed7_bounds.json
fcn-4,mnist,30,channel_gradient,0.1,0.1,rayleigh_zf,,1.0,1.0,0.0,frob,0.10560000000000003,,,True,results/posterior/fcn-4_mnist_learnt_gaussian_sig0.03_bounded-pmin1e-05_epoch30_bs250_lr0.001_mon0.95_dp0.2_objective-channel_gradient-chan0.1-rayleigh-zf-tx1.0-noise1.0-kl0.1_perc-pri0.5_epoch-pri20_bs-pri250_lr-pri0.005_mom-pri0.99_dp-pri0.2_seed7/bounds/rayleigh-zf-tx1.0-noise1.0_chan-layer2_mcsamples500_norm-frob_seed7_bounds.json
fcn-4,mnist,30,channel_norm,1.0,0.01,bec,0.1,,,,frob,0.8922,,,True,results/posterior/fcn-4_mnist_learnt_gaussian_sig0.03_bounded-pmin1e-05_epoch30_bs250_lr0.001_mon0.95_dp0.2_objective-channel_norm-chan1.0-bec-outage0.1-kl0.01_perc-pri0.5_epoch-pri20_bs-pri250_lr-pri0.005_mom-pri0.99_dp-pri0.2_seed7/bounds/bec-outage0.1_chan-layer2_mcsamples500_norm-frob_seed7_bounds.json
fcn-4,mnist,10,channel_norm,0.1,0.01,rayleigh_zf,,1.0,0.1,10.0,frob,0.058499999999999996,0.03610000000000002,-0.022399999999999975,True,results/posterior/fcn-4_mnist_learnt_gaussian_sig0.03_bounded-pmin1e-05_epoch10_bs250_lr0.001_mon0.95_dp0.2_objective-channel_norm-chan0.1-rayleigh-zf-tx1.0-noise0.1-kl0.01_perc-pri0.5_epoch-pri20_bs-pri250_lr-pri0.005_mom-pri0.99_dp-pri0.2_seed7/bounds/rayleigh-zf-tx1.0-noise0.1_chan-layer2_mcsamples500_norm-frob_seed7_bounds.json
cnn-4,mnist,30,channel_norm,1.0,0.01,bec,0.1,,,,frob,0.902,0.013299999999999979,-0.8887,False,results/posterior/cnn-4_mnist_learnt_gaussian_sig0.03_bounded-pmin1e-05_epoch30_bs250_lr0.001_mon0.95_dp0.2_objective-channel_norm-chan1.0-bec-outage0.1-kl0.01_perc-pri0.5_epoch-pri70_bs-pri250_lr-pri0.005_mom-pri0.99_dp-pri0.2_seed7/bounds/bec-outage0.1_chan-layer2_mcsamples500_norm-frob_seed7_bounds.json
fcn-4,mnist,20,channel_gradient,1.0,0.01,bec,0.5,,,,frob,0.035699999999999954,0.03320000000000001,-0.0024999999999999467,True,results/posterior/fcn-4_mnist_learnt_gaussian_sig0.03_bounded-pmin1e-05_epoch20_bs250_lr0.001_mon0.95_dp0.2_objective-channel_gradient-chan1.0-bec-outage0.5-kl0.01_perc-pri0.5_epoch-pri20_bs-pri250_lr-pri0.005_mom-pri0.99_dp-pri0.2_seed7/bounds/bec-outage0.5_chan-layer2_mcsamples500_norm-frob_seed7_bounds.json
fcn-4,mnist,10,channel_norm,0.1,0.1,bec,0.5,,,,frob,0.8682,0.03380000000000005,-0.8343999999999999,True,results/posterior/fcn-4_mnist_learnt_gaussian_sig0.03_bounded-pmin1e-05_epoch10_bs250_lr0.001_mon0.95_dp0.2_objective-channel_norm-chan0.1-bec-outage0.5-kl0.1_perc-pri0.5_epoch-pri20_bs-pri250_lr-pri0.005_mom-pri0.99_dp-pri0.2_seed7/bounds/bec-outage0.5_chan-layer2_mcsamples500_norm-frob_seed7_bounds.json
fcn-4,mnist,50,channel_norm,0.01,0.01,rayleigh_zf,,1.0,1.0,0.0,frob,0.1251,0.11240000000000006,-0.012699999999999934,True,results/posterior/fcn-4_mnist_learnt_gaussian_sig0.03_bounded-pmin1e-05_epoch50_bs250_lr0.001_mon0.95_dp0.2_objective-channel_norm-chan0.01-rayleigh-zf-tx1.0-noise1.0-kl0.01_perc-pri0.5_epoch-pri20_bs-pri250_lr-pri0.005_mom-pri0.99_dp-pri0.2_seed7/bounds/rayleigh-zf-tx1.0-noise1.0_chan-layer2_mcsamples500_norm-frob_seed7_bounds.json
fcn-4,mnist,20,channel_norm,0.1,1.0,bec,0.1,,,,frob,0.03059999999999996,0.02629999999999999,-0.0042999999999999705,True,results/posterior/fcn-4_mnist_learnt_gaussian_sig0.03_bounded-pmin1e-05_epoch20_bs250_lr0.001_mon0.95_dp0.2_objective-channel_norm-chan0.1-bec-outage0.1-kl1.0_perc-pri0.5_epoch-pri20_bs-pri250_lr-pri0.005_mom-pri0.99_dp-pri0.2_seed7/bounds/bec-outage0.1_chan-layer2_mcsamples500_norm-frob_seed7_bounds.json
cnn-4,mnist,20,channel_norm,0.01,0.01,rayleigh_zf,,1.0,1.0,0.0,frob,0.6117,0.28959999999999997,-0.32210000000000005,True,results/posterior/cnn-4_mnist_learnt_gaussian_sig0.03_bounded-pmin1e-05_epoch20_bs250_lr0.001_mon0.95_dp0.2_objective-channel_norm-chan0.01-rayleigh-zf-tx1.0-noise1.0-kl0.01_perc-pri0.5_epoch-pri70_bs-pri250_lr-pri0.005_mom-pri0.99_dp-pri0.2_seed7/bounds/rayleigh-zf-tx1.0-noise1.0_chan-layer2_mcsamples500_norm-frob_seed7_bounds.json
fcn-4,mnist,50,channel_norm,1.0,0.1,rayleigh_zf,,1.0,0.1,10.0,frob,0.8029,0.035599999999999965,-0.7673,True,results/posterior/fcn-4_mnist_learnt_gaussian_sig0.03_bounded-pmin1e-05_epoch50_bs250_lr0.001_mon0.95_dp0.2_objective-channel_norm-chan1.0-rayleigh-zf-tx1.0-noise0.1-kl0.1_perc-pri0.5_epoch-pri20_bs-pri250_lr-pri0.005_mom-pri0.99_dp-pri0.2_seed7/bounds/rayleigh-zf-tx1.0-noise0.1_chan-layer2_mcsamples500_norm-frob_seed7_bounds.json
cnn-4,mnist,20,channel_gradient,0.1,0.1,bec,0.5,,,,frob,0.018399999999999972,0.017900000000000027,-0.0004999999999999449,True,results/posterior/cnn-4_mnist_learnt_gaussian_sig0.03_bounded-pmin1e-05_epoch20_bs250_lr0.001_mon0.95_dp0.2_objective-channel_gradient-chan0.1-bec-outage0.5-kl0.1_perc-pri0.5_epoch-pri70_bs-pri250_lr-pri0.005_mom-pri0.99_dp-pri0.2_seed7/bounds/bec-outage0.5_chan-layer2_mcsamples500_norm-frob_seed7_bounds.json
fcn-4,mnist,30,channel_norm,0.1,0.01,bec,0.1,,,,frob,0.8906000000000001,,,True,results/posterior/fcn-4_mnist_learnt_gaussian_sig0.03_bounded-pmin1e-05_epoch30_bs250_lr0.001_mon0.95_dp0.2_objective-channel_norm-chan0.1-bec-outage0.1-kl0.01_perc-pri0.5_epoch-pri20_bs-pri250_lr-pri0.005_mom-pri0.99_dp-pri0.2_seed7/bounds/bec-outage0.1_chan-layer2_mcsamples500_norm-frob_seed7_bounds.json
cnn-4,mnist,30,channel_norm,0.1,0.01,bec,0.1,,,,frob,0.6487,0.013299999999999979,-0.6354000000000001,True,results/posterior/cnn-4_mnist_learnt_gaussian_sig0.03_bounded-pmin1e-05_epoch30_bs250_lr0.001_mon0.95_dp0.2_objective-channel_norm-chan0.1-bec-outage0.1-kl0.01_perc-pri0.5_epoch-pri70_bs-pri250_lr-pri0.005_mom-pri0.99_dp-pri0.2_seed7/bounds/bec-outage0.1_chan-layer2_mcsamples500_norm-frob_seed7_bounds.json
fcn-4,mnist,10,channel_norm,0.01,0.1,bec,0.1,,,,frob,0.032200000000000006,0.02629999999999999,-0.005900000000000016,True,results/posterior/fcn-4_mnist_learnt_gaussian_sig0.03_bounded-pmin1e-05_epoch10_bs250_lr0.001_mon0.95_dp0.2_objective-channel_norm-chan0.01-bec-outage0.1-kl0.1_perc-pri0.5_epoch-pri20_bs-pri250_lr-pri0.005_mom-pri0.99_dp-pri0.2_seed7/bounds/bec-outage0.1_chan-layer2_mcsamples500_norm-frob_seed7_bounds.json
cnn-9,cifar10,20,channel_gradient,1.0,1.0,bec,0.5,,,,frob,0.35829999999999995,0.33620000000000005,-0.022099999999999898,True,results/posterior/cnn-9_cifar10_learnt_gaussian_sig0.03_bounded-pmin1e-05_epoch20_bs250_lr0.001_mon0.95_dp0.2_objective-channel_gradient-chan1.0-bec-outage0.5-kl1.0_perc-pri0.5_epoch-pri70_bs-pri250_lr-pri0.005_mom-pri0.99_dp-pri0.2_seed7/bounds/bec-outage0.5_chan-layer4_mcsamples500_norm-frob_seed7_bounds.json
cnn-9,cifar10,20,channel_gradient,1.0,0.1,rayleigh_zf,,1.0,1.0,0.0,frob,0.5763,0.5969,0.02059999999999995,True,results/posterior/cnn-9_cifar10_learnt_gaussian_sig0.03_bounded-pmin1e-05_epoch20_bs250_lr0.001_mon0.95_dp0.2_objective-channel_gradient-chan1.0-rayleigh-zf-tx1.0-noise1.0-kl0.1_perc-pri0.5_epoch-pri70_bs-pri250_lr-pri0.005_mom-pri0.99_dp-pri0.2_seed7/bounds/rayleigh-zf-tx1.0-noise1.0_chan-layer4_mcsamples500_norm-frob_seed7_bounds.json
fcn-4,mnist,30,channel_gradient,0.01,1.0,bec,0.5,,,,frob,0.03859999999999997,,,True,results/posterior/fcn-4_mnist_learnt_gaussian_sig0.03_bounded-pmin1e-05_epoch30_bs250_lr0.001_mon0.95_dp0.2_objective-channel_gradient-chan0.01-bec-outage0.5-kl1.0_perc-pri0.5_epoch-pri20_bs-pri250_lr-pri0.005_mom-pri0.99_dp-pri0.2_seed7/bounds/bec-outage0.5_chan-layer2_mcsamples500_norm-frob_seed7_bounds.json
cnn-4,mnist,30,channel_norm,1.0,0.01,rayleigh_zf,,1.0,0.1,10.0,frob,0.7678,0.08220000000000005,-0.6856,True,results/posterior/cnn-4_mnist_learnt_gaussian_sig0.03_bounded-pmin1e-05_epoch30_bs250_lr0.001_mon0.95_dp0.2_objective-channel_norm-chan1.0-rayleigh-zf-tx1.0-noise0.1-kl0.01_perc-pri0.5_epoch-pri70_bs-pri250_lr-pri0.005_mom-pri0.99_dp-pri0.2_seed7/bounds/rayleigh-zf-tx1.0-noise0.1_chan-layer2_mcsamples500_norm-frob_seed7_bounds.json
cnn-9,cifar10,20,channel_norm,0.1,1.0,bec,0.1,,,,frob,0.9,0.28290000000000004,-0.6171,False,results/posterior/cnn-9_cifar10_learnt_gaussian_sig0.03_bounded-pmin1e-05_epoch20_bs250_lr0.001_mon0.95_dp0.2_objective-channel_norm-chan0.1-bec-outage0.1-kl1.0_perc-pri0.5_epoch-pri70_bs-pri250_lr-pri0.005_mom-pri0.99_dp-pri0.2_seed7/bounds/bec-outage0.1_chan-layer4_mcsamples500_norm-frob_seed7_bounds.json
cnn-4,mnist,50,channel_gradient,0.1,0.1,rayleigh_zf,,1.0,0.1,10.0,frob,0.06879999999999997,0.08420000000000005,0.01540000000000008,True,results/posterior/cnn-4_mnist_learnt_gaussian_sig0.03_bounded-pmin1e-05_epoch50_bs250_lr0.001_mon0.95_dp0.2_objective-channel_gradient-chan0.1-rayleigh-zf-tx1.0-noise0.1-kl0.1_perc-pri0.5_epoch-pri70_bs-pri250_lr-pri0.005_mom-pri0.99_dp-pri0.2_seed7/bounds/rayleigh-zf-tx1.0-noise0.1_chan-layer2_mcsamples500_norm-frob_seed7_bounds.json
cnn-9,cifar10,20,channel_gradient,1.0,1.0,rayleigh_zf,,1.0,0.1,10.0,frob,0.352,0.3813,0.029299999999999993,True,results/posterior/cnn-9_cifar10_learnt_gaussian_sig0.03_bounded-pmin1e-05_epoch20_bs250_lr0.001_mon0.95_dp0.2_objective-channel_gradient-chan1.0-rayleigh-zf-tx1.0-noise0.1-kl1.0_perc-pri0.5_epoch-pri70_bs-pri250_lr-pri0.005_mom-pri0.99_dp-pri0.2_seed7/bounds/rayleigh-zf-tx1.0-noise0.1_chan-layer4_mcsamples500_norm-frob_seed7_bounds.json
cnn-4,mnist,20,channel_norm,0.01,0.1,bec,0.5,,,,frob,0.8778,0.017900000000000027,-0.8599,True,results/posterior/cnn-4_mnist_learnt_gaussian_sig0.03_bounded-pmin1e-05_epoch20_bs250_lr0.001_mon0.95_dp0.2_objective-channel_norm-chan0.01-bec-outage0.5-kl0.1_perc-pri0.5_epoch-pri70_bs-pri250_lr-pri0.005_mom-pri0.99_dp-pri0.2_seed7/bounds/bec-outage0.5_chan-layer2_mcsamples500_norm-frob_seed7_bounds.json
cnn-4,mnist,10,channel_gradient,1.0,0.01,rayleigh_zf,,1.0,1.0,0.0,frob,0.40680000000000005,0.2764,-0.13040000000000007,True,results/posterior/cnn-4_mnist_learnt_gaussian_sig0.03_bounded-pmin1e-05_epoch10_bs250_lr0.001_mon0.95_dp0.2_objective-channel_gradient-chan1.0-rayleigh-zf-tx1.0-noise1.0-kl0.01_perc-pri0.5_epoch-pri70_bs-pri250_lr-pri0.005_mom-pri0.99_dp-pri0.2_seed7/bounds/rayleigh-zf-tx1.0-noise1.0_chan-layer2_mcsamples500_norm-frob_seed7_bounds.json
cnn-4,mnist,20,channel_gradient,0.01,0.01,bec,0.1,,,,frob,0.013800000000000034,0.01319999999999999,-0.0006000000000000449,True,results/posterior/cnn-4_mnist_learnt_gaussian_sig0.03_bounded-pmin1e-05_epoch20_bs250_lr0.001_mon0.95_dp0.2_objective-channel_gradient-chan0.01-bec-outage0.1-kl0.01_perc-pri0.5_epoch-pri70_bs-pri250_lr-pri0.005_mom-pri0.99_dp-pri0.2_seed7/bounds/bec-outage0.1_chan-layer2_mcsamples500_norm-frob_seed7_bounds.json
fcn-4,mnist,30,channel_norm,0.1,0.01,rayleigh_zf,,1.0,1.0,0.0,frob,0.8869,,,True,results/posterior/fcn-4_mnist_learnt_gaussian_sig0.03_bounded-pmin1e-05_epoch30_bs250_lr0.001_mon0.95_dp0.2_objective-channel_norm-chan0.1-rayleigh-zf-tx1.0-noise1.0-kl0.01_perc-pri0.5_epoch-pri20_bs-pri250_lr-pri0.005_mom-pri0.99_dp-pri0.2_seed7/bounds/rayleigh-zf-tx1.0-noise1.0_chan-layer2_mcsamples500_norm-frob_seed7_bounds.json
fcn-4,mnist,20,channel_norm,0.01,0.1,bec,0.5,,,,frob,0.05379999999999996,0.03320000000000001,-0.02059999999999995,True,results/posterior/fcn-4_mnist_learnt_gaussian_sig0.03_bounded-pmin1e-05_epoch20_bs250_lr0.001_mon0.95_dp0.2_objective-channel_norm-chan0.01-bec-outage0.5-kl0.1_perc-pri0.5_epoch-pri20_bs-pri250_lr-pri0.005_mom-pri0.99_dp-pri0.2_seed7/bounds/bec-outage0.5_chan-layer2_mcsamples500_norm-frob_seed7_bounds.json
cnn-4,mnist,20,channel_norm,1.0,0.01,rayleigh_zf,,1.0,1.0,0.0,frob,0.8954,0.28959999999999997,-0.6058,True,results/posterior/cnn-4_mnist_learnt_gaussian_sig0.03_bounded-pmin1e-05_epoch20_bs250_lr0.001_mon0.95_dp0.2_objective-channel_norm-chan1.0-rayleigh-zf-tx1.0-noise1.0-kl0.01_perc-pri0.5_epoch-pri70_bs-pri250_lr-pri0.005_mom-pri0.99_dp-pri0.2_seed7/bounds/rayleigh-zf-tx1.0-noise1.0_chan-layer2_mcsamples500_norm-frob_seed7_bounds.json
cnn-9,cifar10,10,channel_gradient,0.1,0.01,bec,0.5,,,,frob,0.3701,0.3418,-0.028299999999999992,True,results/posterior/cnn-9_cifar10_learnt_gaussian_sig0.03_bounded-pmin1e-05_epoch10_bs250_lr0.001_mon0.95_dp0.2_objective-channel_gradient-chan0.1-bec-outage0.5-kl0.01_perc-pri0.5_epoch-pri70_bs-pri250_lr-pri0.005_mom-pri0.99_dp-pri0.2_seed7/bounds/bec-outage0.5_chan-layer4_mcsamples500_norm-frob_seed7_bounds.json
cnn-9,cifar10,10,channel_norm,1.0,0.1,bec,0.5,,,,frob,0.9,0.3418,-0.5582,False,results/posterior/cnn-9_cifar10_learnt_gaussian_sig0.03_bounded-pmin1e-05_epoch10_bs250_lr0.001_mon0.95_dp0.2_objective-channel_norm-chan1.0-bec-outage0.5-kl0.1_perc-pri0.5_epoch-pri70_bs-pri250_lr-pri0.005_mom-pri0.99_dp-pri0.2_seed7/bounds/bec-outage0.5_chan-layer4_mcsamples500_norm-frob_seed7_bounds.json
fcn-4,mnist,10,channel_norm,0.01,1.0,rayleigh_zf,,1.0,1.0,0.0,frob,0.09589999999999999,0.10240000000000005,0.006500000000000061,True,results/posterior/fcn-4_mnist_learnt_gaussian_sig0.03_bounded-pmin1e-05_epoch10_bs250_lr0.001_mon0.95_dp0.2_objective-channel_norm-chan0.01-rayleigh-zf-tx1.0-noise1.0-kl1.0_perc-pri0.5_epoch-pri20_bs-pri250_lr-pri0.005_mom-pri0.99_dp-pri0.2_seed7/bounds/rayleigh-zf-tx1.0-noise1.0_chan-layer2_mcsamples500_norm-frob_seed7_bounds.json
fcn-4,mnist,30,channel_gradient,1.0,1.0,rayleigh_zf,,1.0,1.0,0.0,frob,0.10629999999999995,,,True,results/posterior/fcn-4_mnist_learnt_gaussian_sig0.03_bounded-pmin1e-05_epoch30_bs250_lr0.001_mon0.95_dp0.2_objective-channel_gradient-chan1.0-rayleigh-zf-tx1.0-noise1.0-kl1.0_perc-pri0.5_epoch-pri20_bs-pri250_lr-pri0.005_mom-pri0.99_dp-pri0.2_seed7/bounds/rayleigh-zf-tx1.0-noise1.0_chan-layer2_mcsamples500_norm-frob_seed7_bounds.json
fcn-4,mnist,10,channel_gradient,1.0,1.0,bec,0.5,,,,frob,0.03700000000000003,0.03380000000000005,-0.0031999999999999806,True,results/posterior/fcn-4_mnist_learnt_gaussian_sig0.03_bounded-pmin1e-05_epoch10_bs250_lr0.001_mon0.95_dp0.2_objective-channel_gradient-chan1.0-bec-outage0.5-kl1.0_perc-pri0.5_epoch-pri20_bs-pri250_lr-pri0.005_mom-pri0.99_dp-pri0.2_seed7/bounds/bec-outage0.5_chan-layer2_mcsamples500_norm-frob_seed7_bounds.json
fcn-4,mnist,10,channel_norm,0.1,1.0,rayleigh_zf,,1.0,1.0,0.0,frob,0.0938,0.10240000000000005,0.008600000000000052,True,results/posterior/fcn-4_mnist_learnt_gaussian_sig0.03_bounded-pmin1e-05_epoch10_bs250_lr0.001_mon0.95_dp0.2_objective-channel_norm-chan0.1-rayleigh-zf-tx1.0-noise1.0-kl1.0_perc-pri0.5_epoch-pri20_bs-pri250_lr-pri0.005_mom-pri0.99_dp-pri0.2_seed7/bounds/rayleigh-zf-tx1.0-noise1.0_chan-layer2_mcsamples500_norm-frob_seed7_bounds.json
fcn-4,mnist,50,channel_gradient,0.1,1.0,bec,0.5,,,,frob,0.03639999999999999,0.03249999999999997,-0.0039000000000000146,True,results/posterior/fcn-4_mnist_learnt_gaussian_sig0.03_bounded-pmin1e-05_epoch50_bs250_lr0.001_mon0.95_dp0.2_objective-channel_gradient-chan0.1-bec-outage0.5-kl1.0_perc-pri0.5_epoch-pri20_bs-pri250_lr-pri0.005_mom-pri0.99_dp-pri0.2_seed7/bounds/bec-outage0.5_chan-layer2_mcsamples500_norm-frob_seed7_bounds.json
fcn-4,mnist,50,channel_gradient,1.0,0.1,bec,0.1,,,,frob,0.028100000000000014,0.024599999999999955,-0.0035000000000000586,True,results/posterior/fcn-4_mnist_learnt_gaussian_sig0.03_bounded-pmin1e-05_epoch50_bs250_lr0.001_mon0.95_dp0.2_objective-channel_gradient-chan1.0-bec-outage0.1-kl0.1_perc-pri0.5_epoch-pri20_bs-pri250_lr-pri0.005_mom-pri0.99_dp-pri0.2_seed7/bounds/bec-outage0.1_chan-layer2_mcsamples500_norm-frob_seed7_bounds.json
cnn-9,cifar10,50,channel_norm,0.01,0.1,rayleigh_zf,,1.0,0.1,10.0,frob,0.9,0.3829,-0.5171,False,results/posterior/cnn-9_cifar10_learnt_gaussian_sig0.03_bounded-pmin1e-05_epoch50_bs250_lr0.001_mon0.95_dp0.2_objective-channel_norm-chan0.01-rayleigh-zf-tx1.0-noise0.1-kl0.1_perc-pri0.5_epoch-pri70_bs-pri250_lr-pri0.005_mom-pri0.99_dp-pri0.2_seed7/bounds/rayleigh-zf-tx1.0-noise0.1_chan-layer4_mcsamples500_norm-frob_seed7_bounds.json
cnn-4,mnist,50,channel_gradient,0.1,0.1,bec,0.1,,,,frob,0.012700000000000045,0.012900000000000023,0.00019999999999997797,True,results/posterior/cnn-4_mnist_learnt_gaussian_sig0.03_bounded-pmin1e-05_epoch50_bs250_lr0.001_mon0.95_dp0.2_objective-channel_gradient-chan0.1-bec-outage0.1-kl0.1_perc-pri0.5_epoch-pri70_bs-pri250_lr-pri0.005_mom-pri0.99_dp-pri0.2_seed7/bounds/bec-outage0.1_chan-layer2_mcsamples500_norm-frob_seed7_bounds.json
cnn-4,mnist,10,channel_norm,0.1,1.0,rayleigh_zf,,1.0,0.1,10.0,frob,0.06420000000000003,0.06920000000000004,0.0050000000000000044,True,results/posterior/cnn-4_mnist_learnt_gaussian_sig0.03_bounded-pmin1e-05_epoch10_bs250_lr0.001_mon0.95_dp0.2_objective-channel_norm-chan0.1-rayleigh-zf-tx1.0-noise0.1-kl1.0_perc-pri0.5_epoch-pri70_bs-pri250_lr-pri0.005_mom-pri0.99_dp-pri0.2_seed7/bounds/rayleigh-zf-tx1.0-noise0.1_chan-layer2_mcsamples500_norm-frob_seed7_bounds.json
fcn-4,mnist,10,channel_norm,0.1,0.1,rayleigh_zf,,1.0,1.0,0.0,frob,0.11929999999999996,0.10240000000000005,-0.016899999999999915,True,results/posterior/fcn-4_mnist_learnt_gaussian_sig0.03_bounded-pmin1e-05_epoch10_bs250_lr0.001_mon0.95_dp0.2_objective-channel_norm-chan0.1-rayleigh-zf-tx1.0-noise1.0-kl0.1_perc-pri0.5_epoch-pri20_bs-pri250_lr-pri0.005_mom-pri0.99_dp-pri0.2_seed7/bounds/rayleigh-zf-tx1.0-noise1.0_chan-layer2_mcsamples500_norm-frob_seed7_bounds.json
cnn-9,cifar10,30,channel_gradient,1.0,0.01,rayleigh_zf,,1.0,0.1,10.0,frob,0.4194,,,True,results/posterior/cnn-9_cifar10_learnt_gaussian_sig0.03_bounded-pmin1e-05_epoch30_bs250_lr0.001_mon0.95_dp0.2_objective-channel_gradient-chan1.0-rayleigh-zf-tx1.0-noise0.1-kl0.01_perc-pri0.5_epoch-pri70_bs-pri250_lr-pri0.005_mom-pri0.99_dp-pri0.2_seed7/bounds/rayleigh-zf-tx1.0-noise0.1_chan-layer4_mcsamples500_norm-frob_seed7_bounds.json
cnn-4,mnist,50,channel_gradient,1.0,0.1,rayleigh_zf,,1.0,0.1,10.0,frob,0.07020000000000004,0.08420000000000005,0.014000000000000012,True,results/posterior/cnn-4_mnist_learnt_gaussian_sig0.03_bounded-pmin1e-05_epoch50_bs250_lr0.001_mon0.95_dp0.2_objective-channel_gradient-chan1.0-rayleigh-zf-tx1.0-noise0.1-kl0.1_perc-pri0.5_epoch-pri70_bs-pri250_lr-pri0.005_mom-pri0.99_dp-pri0.2_seed7/bounds/rayleigh-zf-tx1.0-noise0.1_chan-layer2_mcsamples500_norm-frob_seed7_bounds.json
cnn-9,cifar10,20,channel_gradient,0.01,0.01,rayleigh_zf,,1.0,1.0,0.0,frob,0.5464,0.5969,0.05049999999999999,True,results/posterior/cnn-9_cifar10_learnt_gaussian_sig0.03_bounded-pmin1e-05_epoch20_bs250_lr0.001_mon0.95_dp0.2_objective-channel_gradient-chan0.01-rayleigh-zf-tx1.0-noise1.0-kl0.01_perc-pri0.5_epoch-pri70_bs-pri250_lr-pri0.005_mom-pri0.99_dp-pri0.2_seed7/bounds/rayleigh-zf-tx1.0-noise1.0_chan-layer4_mcsamples500_norm-frob_seed7_bounds.json
cnn-9,cifar10,10,channel_norm,0.01,0.01,bec,0.5,,,,frob,0.9,0.3418,-0.5582,False,results/posterior/cnn-9_cifar10_learnt_gaussian_sig0.03_bounded-pmin1e-05_epoch10_bs250_lr0.001_mon0.95_dp0.2_objective-channel_norm-chan0.01-bec-outage0.5-kl0.01_perc-pri0.5_epoch-pri70_bs-pri250_lr-pri0.005_mom-pri0.99_dp-pri0.2_seed7/bounds/bec-outage0.5_chan-layer4_mcsamples500_norm-frob_seed7_bounds.json
cnn-9,cifar10,30,channel_gradient,0.01,0.01,bec,0.5,,,,frob,0.3459,,,True,results/posterior/cnn-9_cifar10_learnt_gaussian_sig0.03_bounded-pmin1e-05_epoch30_bs250_lr0.001_mon0.95_dp0.2_objective-channel_gradient-chan0.01-bec-outage0.5-kl0.01_perc-pri0.5_epoch-pri70_bs-pri250_lr-pri0.005_mom-pri0.99_dp-pri0.2_seed7/bounds/bec-outage0.5_chan-layer4_mcsamples500_norm-frob_seed7_bounds.json
cnn-4,mnist,30,channel_gradient,0.01,0.1,bec,0.5,,,,frob,0.01759999999999995,0.019499999999999962,0.0019000000000000128,True,results/posterior/cnn-4_mnist_learnt_gaussian_sig0.03_bounded-pmin1e-05_epoch30_bs250_lr0.001_mon0.95_dp0.2_objective-channel_gradient-chan0.01-bec-outage0.5-kl0.1_perc-pri0.5_epoch-pri70_bs-pri250_lr-pri0.005_mom-pri0.99_dp-pri0.2_seed7/bounds/bec-outage0.5_chan-layer2_mcsamples500_norm-frob_seed7_bounds.json
cnn-4,mnist,50,channel_norm,0.1,0.01,bec,0.5,,,,frob,0.8865,0.018299999999999983,-0.8682,True,results/posterior/cnn-4_mnist_learnt_gaussian_sig0.03_bounded-pmin1e-05_epoch50_bs250_lr0.001_mon0.95_dp0.2_objective-channel_norm-chan0.1-bec-outage0.5-kl0.01_perc-pri0.5_epoch-pri70_bs-pri250_lr-pri0.005_mom-pri0.99_dp-pri0.2_seed7/bounds/bec-outage0.5_chan-layer2_mcsamples500_norm-frob_seed7_bounds.json
cnn-4,mnist,50,channel_gradient,0.01,0.01,rayleigh_zf,,1.0,1.0,0.0,frob,0.27290000000000003,0.3228,0.049899999999999944,False,results/posterior/cnn-4_mnist_learnt_gaussian_sig0.03_bounded-pmin1e-05_epoch50_bs250_lr0.001_mon0.95_dp0.2_objective-channel_gradient-chan0.01-rayleigh-zf-tx1.0-noise1.0-kl0.01_perc-pri0.5_epoch-pri70_bs-pri250_lr-pri0.005_mom-pri0.99_dp-pri0.2_seed7/bounds/rayleigh-zf-tx1.0-noise1.0_chan-layer2_mcsamples500_norm-frob_seed7_bounds.json
cnn-9,cifar10,30,channel_gradient,0.01,0.1,bec,0.5,,,,frob,0.33819999999999995,,,True,results/posterior/cnn-9_cifar10_learnt_gaussian_sig0.03_bounded-pmin1e-05_epoch30_bs250_lr0.001_mon0.95_dp0.2_objective-channel_gradient-chan0.01-bec-outage0.5-kl0.1_perc-pri0.5_epoch-pri70_bs-pri250_lr-pri0.005_mom-pri0.99_dp-pri0.2_seed7/bounds/bec-outage0.5_chan-layer4_mcsamples500_norm-frob_seed7_bounds.json
cnn-4,mnist,30,channel_norm,1.0,1.0,bec,0.1,,,,frob,0.902,0.013299999999999979,-0.8887,False,results/posterior/cnn-4_mnist_learnt_gaussian_sig0.03_bounded-pmin1e-05_epoch30_bs250_lr0.001_mon0.95_dp0.2_objective-channel_norm-chan1.0-bec-outage0.1-kl1.0_perc-pri0.5_epoch-pri70_bs-pri250_lr-pri0.005_mom-pri0.99_dp-pri0.2_seed7/bounds/bec-outage0.1_chan-layer2_mcsamples500_norm-frob_seed7_bounds.json
fcn-4,mnist,30,channel_gradient,1.0,0.1,bec,0.5,,,,frob,0.04190000000000005,,,True,results/posterior/fcn-4_mnist_learnt_gaussian_sig0.03_bounded-pmin1e-05_epoch30_bs250_lr0.001_mon0.95_dp0.2_objective-channel_gradient-chan1.0-bec-outage0.5-kl0.1_perc-pri0.5_epoch-pri20_bs-pri250_lr-pri0.005_mom-pri0.99_dp-pri0.2_seed7/bounds/bec-outage0.5_chan-layer2_mcsamples500_norm-frob_seed7_bounds.json
cnn-9,cifar10,20,channel_gradient,1.0,0.1,bec,0.1,,,,frob,0.2844,0.28290000000000004,-0.0014999999999999458,True,results/posterior/cnn-9_cifar10_learnt_gaussian_sig0.03_bounded-pmin1e-05_epoch20_bs250_lr0.001_mon0.95_dp0.2_objective-channel_gradient-chan1.0-bec-outage0.1-kl0.1_perc-pri0.5_epoch-pri70_bs-pri250_lr-pri0.005_mom-pri0.99_dp-pri0.2_seed7/bounds/bec-outage0.1_chan-layer4_mcsamples500_norm-frob_seed7_bounds.json
cnn-9,cifar10,10,channel_gradient,0.1,0.1,bec,0.5,,,,frob,0.3558,0.3418,-0.014000000000000012,True,results/posterior/cnn-9_cifar10_learnt_gaussian_sig0.03_bounded-pmin1e-05_epoch10_bs250_lr0.001_mon0.95_dp0.2_objective-channel_gradient-chan0.1-bec-outage0.5-kl0.1_perc-pri0.5_epoch-pri70_bs-pri250_lr-pri0.005_mom-pri0.99_dp-pri0.2_seed7/bounds/bec-outage0.5_chan-layer4_mcsamples500_norm-frob_seed7_bounds.json
fcn-4,mnist,30,channel_gradient,0.1,0.01,rayleigh_zf,,1.0,1.0,0.0,frob,0.10640000000000005,,,True,results/posterior/fcn-4_mnist_learnt_gaussian_sig0.03_bounded-pmin1e-05_epoch30_bs250_lr0.001_mon0.95_dp0.2_objective-channel_gradient-chan0.1-rayleigh-zf-tx1.0-noise1.0-kl0.01_perc-pri0.5_epoch-pri20_bs-pri250_lr-pri0.005_mom-pri0.99_dp-pri0.2_seed7/bounds/rayleigh-zf-tx1.0-noise1.0_chan-layer2_mcsamples500_norm-frob_seed7_bounds.json
fcn-4,mnist,10,channel_gradient,1.0,0.01,bec,0.1,,,,frob,0.022199999999999998,0.02629999999999999,0.0040999999999999925,True,results/posterior/fcn-4_mnist_learnt_gaussian_sig0.03_bounded-pmin1e-05_epoch10_bs250_lr0.001_mon0.95_dp0.2_objective-channel_gradient-chan1.0-bec-outage0.1-kl0.01_perc-pri0.5_epoch-pri20_bs-pri250_lr-pri0.005_mom-pri0.99_dp-pri0.2_seed7/bounds/bec-outage0.1_chan-layer2_mcsamples500_norm-frob_seed7_bounds.json
fcn-4,mnist,10,channel_gradient,0.1,0.01,bec,0.1,,,,frob,0.025699999999999945,0.02629999999999999,0.0006000000000000449,True,results/posterior/fcn-4_mnist_learnt_gaussian_sig0.03_bounded-pmin1e-05_epoch10_bs250_lr0.001_mon0.95_dp0.2_objective-channel_gradient-chan0.1-bec-outage0.1-kl0.01_perc-pri0.5_epoch-pri20_bs-pri250_lr-pri0.005_mom-pri0.99_dp-pri0.2_seed7/bounds/bec-outage0.1_chan-layer2_mcsamples500_norm-frob_seed7_bounds.json
cnn-9,cifar10,10,channel_norm,1.0,0.01,bec,0.5,,,,frob,0.9,0.3418,-0.5582,False,results/posterior/cnn-9_cifar10_learnt_gaussian_sig0.03_bounded-pmin1e-05_epoch10_bs250_lr0.001_mon0.95_dp0.2_objective-channel_norm-chan1.0-bec-outage0.5-kl0.01_perc-pri0.5_epoch-pri70_bs-pri250_lr-pri0.005_mom-pri0.99_dp-pri0.2_seed7/bounds/bec-outage0.5_chan-layer4_mcsamples500_norm-frob_seed7_bounds.json
cnn-9,cifar10,10,channel_gradient,1.0,1.0,rayleigh_zf,,1.0,0.1,10.0,frob,0.3559,0.3752,0.019299999999999984,True,results/posterior/cnn-9_cifar10_learnt_gaussian_sig0.03_bounded-pmin1e-05_epoch10_bs250_lr0.001_mon0.95_dp0.2_objective-channel_gradient-chan1.0-rayleigh-zf-tx1.0-noise0.1-kl1.0_perc-pri0.5_epoch-pri70_bs-pri250_lr-pri0.005_mom-pri0.99_dp-pri0.2_seed7/bounds/rayleigh-zf-tx1.0-noise0.1_chan-layer4_mcsamples500_norm-frob_seed7_bounds.json
fcn-4,mnist,50,channel_gradient,1.0,1.0,rayleigh_zf,,1.0,1.0,0.0,frob,0.09599999999999997,0.11240000000000006,0.01640000000000008,True,results/posterior/fcn-4_mnist_learnt_gaussian_sig0.03_bounded-pmin1e-05_epoch50_bs250_lr0.001_mon0.95_dp0.2_objective-channel_gradient-chan1.0-rayleigh-zf-tx1.0-noise1.0-kl1.0_perc-pri0.5_epoch-pri20_bs-pri250_lr-pri0.005_mom-pri0.99_dp-pri0.2_seed7/bounds/rayleigh-zf-tx1.0-noise1.0_chan-layer2_mcsamples500_norm-frob_seed7_bounds.json
fcn-4,mnist,20,channel_norm,0.01,0.01,bec,0.5,,,,frob,0.8908,0.03320000000000001,-0.8576,True,results/posterior/fcn-4_mnist_learnt_gaussian_sig0.03_bounded-pmin1e-05_epoch20_bs250_lr0.001_mon0.95_dp0.2_objective-channel_norm-chan0.01-bec-outage0.5-kl0.01_perc-pri0.5_epoch-pri20_bs-pri250_lr-pri0.005_mom-pri0.99_dp-pri0.2_seed7/bounds/bec-outage0.5_chan-layer2_mcsamples500_norm-frob_seed7_bounds.json
cnn-4,mnist,10,channel_gradient,0.01,1.0,rayleigh_zf,,1.0,0.1,10.0,frob,0.06720000000000004,0.06920000000000004,0.0020000000000000018,True,results/posterior/cnn-4_mnist_learnt_gaussian_sig0.03_bounded-pmin1e-05_epoch10_bs250_lr0.001_mon0.95_dp0.2_objective-channel_gradient-chan0.01-rayleigh-zf-tx1.0-noise0.1-kl1.0_perc-pri0.5_epoch-pri70_bs-pri250_lr-pri0.005_mom-pri0.99_dp-pri0.2_seed7/bounds/rayleigh-zf-tx1.0-noise0.1_chan-layer2_mcsamples500_norm-frob_seed7_bounds.json
cnn-4,mnist,20,channel_norm,0.1,0.01,bec,0.5,,,,frob,0.8865,0.017900000000000027,-0.8685999999999999,True,results/posterior/cnn-4_mnist_learnt_gaussian_sig0.03_bounded-pmin1e-05_epoch20_bs250_lr0.001_mon0.95_dp0.2_objective-channel_norm-chan0.1-bec-outage0.5-kl0.01_perc-pri0.5_epoch-pri70_bs-pri250_lr-pri0.005_mom-pri0.99_dp-pri0.2_seed7/bounds/bec-outage0.5_chan-layer2_mcsamples500_norm-frob_seed7_bounds.json
fcn-4,mnist,10,channel_norm,0.1,0.1,bec,0.1,,,,frob,0.8755,0.02629999999999999,-0.8492,True,results/posterior/fcn-4_mnist_learnt_gaussian_sig0.03_bounded-pmin1e-05_epoch10_bs250_lr0.001_mon0.95_dp0.2_objective-channel_norm-chan0.1-bec-outage0.1-kl0.1_perc-pri0.5_epoch-pri20_bs-pri250_lr-pri0.005_mom-pri0.99_dp-pri0.2_seed7/bounds/bec-outage0.1_chan-layer2_mcsamples500_norm-frob_seed7_bounds.json
fcn-4,mnist,50,channel_norm,0.1,0.01,rayleigh_zf,,1.0,0.1,10.0,frob,0.8668,0.035599999999999965,-0.8312,True,results/posterior/fcn-4_mnist_learnt_gaussian_sig0.03_bounded-pmin1e-05_epoch50_bs250_lr0.001_mon0.95_dp0.2_objective-channel_norm-chan0.1-rayleigh-zf-tx1.0-noise0.1-kl0.01_perc-pri0.5_epoch-pri20_bs-pri250_lr-pri0.005_mom-pri0.99_dp-pri0.2_seed7/bounds/rayleigh-zf-tx1.0-noise0.1_chan-layer2_mcsamples500_norm-frob_seed7_bounds.json
fcn-4,mnist,10,channel_norm,0.01,1.0,bec,0.5,,,,frob,0.03959999999999997,0.03380000000000005,-0.005799999999999916,True,results/posterior/fcn-4_mnist_learnt_gaussian_sig0.03_bounded-pmin1e-05_epoch10_bs250_lr0.001_mon0.95_dp0.2_objective-channel_norm-chan0.01-bec-outage0.5-kl1.0_perc-pri0.5_epoch-pri20_bs-pri250_lr-pri0.005_mom-pri0.99_dp-pri0.2_seed7/bounds/bec-outage0.5_chan-layer2_mcsamples500_norm-frob_seed7_bounds.json
fcn-4,mnist,20,channel_norm,0.1,0.01,rayleigh_zf,,1.0,0.1,10.0,frob,0.3516,0.035800000000000054,-0.31579999999999997,True,results/posterior/fcn-4_mnist_learnt_gaussian_sig0.03_bounded-pmin1e-05_epoch20_bs250_lr0.001_mon0.95_dp0.2_objective-channel_norm-chan0.1-rayleigh-zf-tx1.0-noise0.1-kl0.01_perc-pri0.5_epoch-pri20_bs-pri250_lr-pri0.005_mom-pri0.99_dp-pri0.2_seed7/bounds/rayleigh-zf-tx1.0-noise0.1_chan-layer2_mcsamples500_norm-frob_seed7_bounds.json
fcn-4,mnist,20,channel_gradient,0.01,1.0,bec,0.5,,,,frob,0.037699999999999956,0.03320000000000001,-0.0044999999999999485,True,results/posterior/fcn-4_mnist_learnt_gaussian_sig0.03_bounded-pmin1e-05_epoch20_bs250_lr0.001_mon0.95_dp0.2_objective-channel_gradient-chan0.01-bec-outage0.5-kl1.0_perc-pri0.5_epoch-pri20_bs-pri250_lr-pri0.005_mom-pri0.99_dp-pri0.2_seed7/bounds/bec-outage0.5_chan-layer2_mcsamples500_norm-frob_seed7_bounds.json
cnn-9,cifar10,20,channel_norm,0.1,0.1,rayleigh_zf,,1.0,1.0,0.0,frob,0.9,0.5969,-0.30310000000000004,False,results/posterior/cnn-9_cifar10_learnt_gaussian_sig0.03_bounded-pmin1e-05_epoch20_bs250_lr0.001_mon0.95_dp0.2_objective-channel_norm-chan0.1-rayleigh-zf-tx1.0-noise1.0-kl0.1_perc-pri0.5_epoch-pri70_bs-pri250_lr-pri0.005_mom-pri0.99_dp-pri0.2_seed7/bounds/rayleigh-zf-tx1.0-noise1.0_chan-layer4_mcsamples500_norm-frob_seed7_bounds.json
cnn-9,cifar10,50,channel_gradient,1.0,0.01,bec,0.1,,,,frob,0.4706,0.26680000000000004,-0.20379999999999998,True,results/posterior/cnn-9_cifar10_learnt_gaussian_sig0.03_bounded-pmin1e-05_epoch50_bs250_lr0.001_mon0.95_dp0.2_objective-channel_gradient-chan1.0-bec-outage0.1-kl0.01_perc-pri0.5_epoch-pri70_bs-pri250_lr-pri0.005_mom-pri0.99_dp-pri0.2_seed7/bounds/bec-outage0.1_chan-layer4_mcsamples500_norm-frob_seed7_bounds.json
fcn-4,mnist,20,channel_norm,0.01,1.0,rayleigh_zf,,1.0,1.0,0.0,frob,0.10240000000000005,0.10629999999999995,0.0038999999999999035,True,results/posterior/fcn-4_mnist_learnt_gaussian_sig0.03_bounded-pmin1e-05_epoch20_bs250_lr0.001_mon0.95_dp0.2_objective-channel_norm-chan0.01-rayleigh-zf-tx1.0-noise1.0-kl1.0_perc-pri0.5_epoch-pri20_bs-pri250_lr-pri0.005_mom-pri0.99_dp-pri0.2_seed7/bounds/rayleigh-zf-tx1.0-noise1.0_chan-layer2_mcsamples500_norm-frob_seed7_bounds.json
fcn-4,mnist,50,channel_gradient,0.1,1.0,rayleigh_zf,,1.0,1.0,0.0,frob,0.09660000000000002,0.11240000000000006,0.015800000000000036,True,results/posterior/fcn-4_mnist_learnt_gaussian_sig0.03_bounded-pmin1e-05_epoch50_bs250_lr0.001_mon0.95_dp0.2_objective-channel_gradient-chan0.1-rayleigh-zf-tx1.0-noise1.0-kl1.0_perc-pri0.5_epoch-pri20_bs-pri250_lr-pri0.005_mom-pri0.99_dp-pri0.2_seed7/bounds/rayleigh-zf-tx1.0-noise1.0_chan-layer2_mcsamples500_norm-frob_seed7_bounds.json
fcn-4,mnist,50,channel_norm,0.01,0.1,bec,0.1,,,,frob,0.031299999999999994,0.024599999999999955,-0.006700000000000039,True,results/posterior/fcn-4_mnist_learnt_gaussian_sig0.03_bounded-pmin1e-05_epoch50_bs250_lr0.001_mon0.95_dp0.2_objective-channel_norm-chan0.01-bec-outage0.1-kl0.1_perc-pri0.5_epoch-pri20_bs-pri250_lr-pri0.005_mom-pri0.99_dp-pri0.2_seed7/bounds/bec-outage0.1_chan-layer2_mcsamples500_norm-frob_seed7_bounds.json
cnn-4,mnist,30,channel_gradient,0.1,0.01,bec,0.1,,,,frob,0.012599999999999945,0.013299999999999979,0.0007000000000000339,True,results/posterior/cnn-4_mnist_learnt_gaussian_sig0.03_bounded-pmin1e-05_epoch30_bs250_lr0.001_mon0.95_dp0.2_objective-channel_gradient-chan0.1-bec-outage0.1-kl0.01_perc-pri0.5_epoch-pri70_bs-pri250_lr-pri0.005_mom-pri0.99_dp-pri0.2_seed7/bounds/bec-outage0.1_chan-layer2_mcsamples500_norm-frob_seed7_bounds.json
cnn-4,mnist,30,channel_gradient,1.0,0.01,rayleigh_zf,,1.0,0.1,10.0,frob,0.08209999999999995,0.08220000000000005,0.00010000000000010001,True,results/posterior/cnn-4_mnist_learnt_gaussian_sig0.03_bounded-pmin1e-05_epoch30_bs250_lr0.001_mon0.95_dp0.2_objective-channel_gradient-chan1.0-rayleigh-zf-tx1.0-noise0.1-kl0.01_perc-pri0.5_epoch-pri70_bs-pri250_lr-pri0.005_mom-pri0.99_dp-pri0.2_seed7/bounds/rayleigh-zf-tx1.0-noise0.1_chan-layer2_mcsamples500_norm-frob_seed7_bounds.json
cnn-4,mnist,30,channel_norm,0.1,0.1,rayleigh_zf,,1.0,1.0,0.0,frob,0.8936999999999999,0.3106,-0.5831,True,results/posterior/cnn-4_mnist_learnt_gaussian_sig0.03_bounded-pmin1e-05_epoch30_bs250_lr0.001_mon0.95_dp0.2_objective-channel_norm-chan0.1-rayleigh-zf-tx1.0-noise1.0-kl0.1_perc-pri0.5_epoch-pri70_bs-pri250_lr-pri0.005_mom-pri0.99_dp-pri0.2_seed7/bounds/rayleigh-zf-tx1.0-noise1.0_chan-layer2_mcsamples500_norm-frob_seed7_bounds.json
fcn-4,mnist,50,channel_gradient,1.0,0.1,rayleigh_zf,,1.0,1.0,0.0,frob,0.0978,0.11240000000000006,0.014600000000000057,True,results/posterior/fcn-4_mnist_learnt_gaussian_sig0.03_bounded-pmin1e-05_epoch50_bs250_lr0.001_mon0.95_dp0.2_objective-channel_gradient-chan1.0-rayleigh-zf-tx1.0-noise1.0-kl0.1_perc-pri0.5_epoch-pri20_bs-pri250_lr-pri0.005_mom-pri0.99_dp-pri0.2_seed7/bounds/rayleigh-zf-tx1.0-noise1.0_chan-layer2_mcsamples500_norm-frob_seed7_bounds.json
fcn-4,mnist,50,channel_gradient,0.1,0.1,bec,0.5,,,,frob,0.03520000000000001,0.03249999999999997,-0.0027000000000000357,True,results/posterior/fcn-4_mnist_learnt_gaussian_sig0.03_bounded-pmin1e-05_epoch50_bs250_lr0.001_mon0.95_dp0.2_objective-channel_gradient-chan0.1-bec-outage0.5-kl0.1_perc-pri0.5_epoch-pri20_bs-pri250_lr-pri0.005_mom-pri0.99_dp-pri0.2_seed7/bounds/bec-outage0.5_chan-layer2_mcsamples500_norm-frob_seed7_bounds.json
cnn-9,cifar10,50,channel_norm,1.0,0.1,bec,0.1,,,,frob,0.9,0.26680000000000004,-0.6332,False,results/posterior/cnn-9_cifar10_learnt_gaussian_sig0.03_bounded-pmin1e-05_epoch50_bs250_lr0.001_mon0.95_dp0.2_objective-channel_norm-chan1.0-bec-outage0.1-kl0.1_perc-pri0.5_epoch-pri70_bs-pri250_lr-pri0.005_mom-pri0.99_dp-pri0.2_seed7/bounds/bec-outage0.1_chan-layer4_mcsamples500_norm-frob_seed7_bounds.json
fcn-4,mnist,30,channel_gradient,1.0,0.1,rayleigh_zf,,1.0,1.0,0.0,frob,0.10619999999999996,,,True,results/posterior/fcn-4_mnist_learnt_gaussian_sig0.03_bounded-pmin1e-05_epoch30_bs250_lr0.001_mon0.95_dp0.2_objective-channel_gradient-chan1.0-rayleigh-zf-tx1.0-noise1.0-kl0.1_perc-pri0.5_epoch-pri20_bs-pri250_lr-pri0.005_mom-pri0.99_dp-pri0.2_seed7/bounds/rayleigh-zf-tx1.0-noise1.0_chan-layer2_mcsamples500_norm-frob_seed7_bounds.json
cnn-4,mnist,30,channel_gradient,1.0,0.01,rayleigh_zf,,1.0,1.0,0.0,frob,0.402,0.3106,-0.09140000000000004,True,results/posterior/cnn-4_mnist_learnt_gaussian_sig0.03_bounded-pmin1e-05_epoch30_bs250_lr0.001_mon0.95_dp0.2_objective-channel_gradient-chan1.0-rayleigh-zf-tx1.0-noise1.0-kl0.01_perc-pri0.5_epoch-pri70_bs-pri250_lr-pri0.005_mom-pri0.99_dp-pri0.2_seed7/bounds/rayleigh-zf-tx1.0-noise1.0_chan-layer2_mcsamples500_norm-frob_seed7_bounds.json
fcn-4,mnist,10,channel_norm,1.0,0.01,rayleigh_zf,,1.0,0.1,10.0,frob,0.8948,0.03610000000000002,-0.8587,True,results/posterior/fcn-4_mnist_learnt_gaussian_sig0.03_bounded-pmin1e-05_epoch10_bs250_lr0.001_mon0.95_dp0.2_objective-channel_norm-chan1.0-rayleigh-zf-tx1.0-noise0.1-kl0.01_perc-pri0.5_epoch-pri20_bs-pri250_lr-pri0.005_mom-pri0.99_dp-pri0.2_seed7/bounds/rayleigh-zf-tx1.0-noise0.1_chan-layer2_mcsamples500_norm-frob_seed7_bounds.json
cnn-4,mnist,30,channel_norm,0.1,1.0,rayleigh_zf,,1.0,0.1,10.0,frob,0.06220000000000003,0.08220000000000005,0.020000000000000018,True,results/posterior/cnn-4_mnist_learnt_gaussian_sig0.03_bounded-pmin1e-05_epoch30_bs250_lr0.001_mon0.95_dp0.2_objective-channel_norm-chan0.1-rayleigh-zf-tx1.0-noise0.1-kl1.0_perc-pri0.5_epoch-pri70_bs-pri250_lr-pri0.005_mom-pri0.99_dp-pri0.2_seed7/bounds/rayleigh-zf-tx1.0-noise0.1_chan-layer2_mcsamples500_norm-frob_seed7_bounds.json
cnn-4,mnist,50,channel_norm,1.0,1.0,bec,0.1,,,,frob,0.902,0.012900000000000023,-0.8891,False,results/posterior/cnn-4_mnist_learnt_gaussian_sig0.03_bounded-pmin1e-05_epoch50_bs250_lr0.001_mon0.95_dp0.2_objective-channel_norm-chan1.0-bec-outage0.1-kl1.0_perc-pri0.5_epoch-pri70_bs-pri250_lr-pri0.005_mom-pri0.99_dp-pri0.2_seed7/bounds/bec-outage0.1_chan-layer2_mcsamples500_norm-frob_seed7_bounds.json
cnn-9,cifar10,20,channel_gradient,0.1,0.1,rayleigh_zf,,1.0,0.1,10.0,frob,0.3528,0.3813,0.02849999999999997,True,results/posterior/cnn-9_cifar10_learnt_gaussian_sig0.03_bounded-pmin1e-05_epoch20_bs250_lr0.001_mon0.95_dp0.2_objective-channel_gradient-chan0.1-rayleigh-zf-tx1.0-noise0.1-kl0.1_perc-pri0.5_epoch-pri70_bs-pri250_lr-pri0.005_mom-pri0.99_dp-pri0.2_seed7/bounds/rayleigh-zf-tx1.0-noise0.1_chan-layer4_mcsamples500_norm-frob_seed7_bounds.json
cnn-9,cifar10,30,channel_norm,1.0,0.1,bec,0.5,,,,frob,0.9,,,False,results/posterior/cnn-9_cifar10_learnt_gaussian_sig0.03_bounded-pmin1e-05_epoch30_bs250_lr0.001_mon0.95_dp0.2_objective-channel_norm-chan1.0-bec-outage0.5-kl0.1_perc-pri0.5_epoch-pri70_bs-pri250_lr-pri0.005_mom-pri0.99_dp-pri0.2_seed7/bounds/bec-outage0.5_chan-layer4_mcsamples500_norm-frob_seed7_bounds.json
fcn-4,mnist,20,channel_norm,0.01,0.1,bec,0.1,,,,frob,0.03069999999999995,0.02629999999999999,-0.0043999999999999595,True,results/posterior/fcn-4_mnist_learnt_gaussian_sig0.03_bounded-pmin1e-05_epoch20_bs250_lr0.001_mon0.95_dp0.2_objective-channel_norm-chan0.01-bec-outage0.1-kl0.1_perc-pri0.5_epoch-pri20_bs-pri250_lr-pri0.005_mom-pri0.99_dp-pri0.2_seed7/bounds/bec-outage0.1_chan-layer2_mcsamples500_norm-frob_seed7_bounds.json
fcn-4,mnist,10,channel_gradient,0.01,1.0,bec,0.5,,,,frob,0.03959999999999997,0.03380000000000005,-0.005799999999999916,True,results/posterior/fcn-4_mnist_learnt_gaussian_sig0.03_bounded-pmin1e-05_epoch10_bs250_lr0.001_mon0.95_dp0.2_objective-channel_gradient-chan0.01-bec-outage0.5-kl1.0_perc-pri0.5_epoch-pri20_bs-pri250_lr-pri0.005_mom-pri0.99_dp-pri0.2_seed7/bounds/bec-outage0.5_chan-layer2_mcsamples500_norm-frob_seed7_bounds.json
cnn-9,cifar10,10,channel_gradient,1.0,0.1,bec,0.1,,,,frob,0.2865,0.2921,0.005600000000000049,True,results/posterior/cnn-9_cifar10_learnt_gaussian_sig0.03_bounded-pmin1e-05_epoch10_bs250_lr0.001_mon0.95_dp0.2_objective-channel_gradient-chan1.0-bec-outage0.1-kl0.1_perc-pri0.5_epoch-pri70_bs-pri250_lr-pri0.005_mom-pri0.99_dp-pri0.2_seed7/bounds/bec-outage0.1_chan-layer4_mcsamples500_norm-frob_seed7_bounds.json
cnn-9,cifar10,20,channel_norm,1.0,0.01,bec,0.5,,,,frob,0.9,0.33620000000000005,-0.5638,False,results/posterior/cnn-9_cifar10_learnt_gaussian_sig0.03_bounded-pmin1e-05_epoch20_bs250_lr0.001_mon0.95_dp0.2_objective-channel_norm-chan1.0-bec-outage0.5-kl0.01_perc-pri0.5_epoch-pri70_bs-pri250_lr-pri0.005_mom-pri0.99_dp-pri0.2_seed7/bounds/bec-outage0.5_chan-layer4_mcsamples500_norm-frob_seed7_bounds.json
cnn-9,cifar10,10,channel_norm,0.01,0.1,bec,0.5,,,,frob,0.9,0.3418,-0.5582,False,results/posterior/cnn-9_cifar10_learnt_gaussian_sig0.03_bounded-pmin1e-05_epoch10_bs250_lr0.001_mon0.95_dp0.2_objective-channel_norm-chan0.01-bec-outage0.5-kl0.1_perc-pri0.5_epoch-pri70_bs-pri250_lr-pri0.005_mom-pri0.99_dp-pri0.2_seed7/bounds/bec-outage0.5_chan-layer4_mcsamples500_norm-frob_seed7_bounds.json
cnn-9,cifar10,20,channel_norm,1.0,1.0,rayleigh_zf,,1.0,1.0,0.0,frob,0.9,0.5969,-0.30310000000000004,False,results/posterior/cnn-9_cifar10_learnt_gaussian_sig0.03_bounded-pmin1e-05_epoch20_bs250_lr0.001_mon0.95_dp0.2_objective-channel_norm-chan1.0-rayleigh-zf-tx1.0-noise1.0-kl1.0_perc-pri0.5_epoch-pri70_bs-pri250_lr-pri0.005_mom-pri0.99_dp-pri0.2_seed7/bounds/rayleigh-zf-tx1.0-noise1.0_chan-layer4_mcsamples500_norm-frob_seed7_bounds.json
cnn-4,mnist,50,channel_gradient,0.01,1.0,rayleigh_zf,,1.0,0.1,10.0,frob,0.06840000000000002,0.08420000000000005,0.015800000000000036,True,results/posterior/cnn-4_mnist_learnt_gaussian_sig0.03_bounded-pmin1e-05_epoch50_bs250_lr0.001_mon0.95_dp0.2_objective-channel_gradient-chan0.01-rayleigh-zf-tx1.0-noise0.1-kl1.0_perc-pri0.5_epoch-pri70_bs-pri250_lr-pri0.005_mom-pri0.99_dp-pri0.2_seed7/bounds/rayleigh-zf-tx1.0-noise0.1_chan-layer2_mcsamples500_norm-frob_seed7_bounds.json
cnn-9,cifar10,30,channel_norm,1.0,1.0,bec,0.1,,,,frob,0.9,,,False,results/posterior/cnn-9_cifar10_learnt_gaussian_sig0.03_bounded-pmin1e-05_epoch30_bs250_lr0.001_mon0.95_dp0.2_objective-channel_norm-chan1.0-bec-outage0.1-kl1.0_perc-pri0.5_epoch-pri70_bs-pri250_lr-pri0.005_mom-pri0.99_dp-pri0.2_seed7/bounds/bec-outage0.1_chan-layer4_mcsamples500_norm-frob_seed7_bounds.json
fcn-4,mnist,20,channel_gradient,1.0,1.0,bec,0.5,,,,frob,0.039000000000000035,0.03320000000000001,-0.005800000000000027,True,results/posterior/fcn-4_mnist_learnt_gaussian_sig0.03_bounded-pmin1e-05_epoch20_bs250_lr0.001_mon0.95_dp0.2_objective-channel_gradient-chan1.0-bec-outage0.5-kl1.0_perc-pri0.5_epoch-pri20_bs-pri250_lr-pri0.005_mom-pri0.99_dp-pri0.2_seed7/bounds/bec-outage0.5_chan-layer2_mcsamples500_norm-frob_seed7_bounds.json
cnn-9,cifar10,20,channel_norm,0.01,0.01,rayleigh_zf,,1.0,1.0,0.0,frob,0.9,0.5969,-0.30310000000000004,False,results/posterior/cnn-9_cifar10_learnt_gaussian_sig0.03_bounded-pmin1e-05_epoch20_bs250_lr0.001_mon0.95_dp0.2_objective-channel_norm-chan0.01-rayleigh-zf-tx1.0-noise1.0-kl0.01_perc-pri0.5_epoch-pri70_bs-pri250_lr-pri0.005_mom-pri0.99_dp-pri0.2_seed7/bounds/rayleigh-zf-tx1.0-noise1.0_chan-layer4_mcsamples500_norm-frob_seed7_bounds.json
cnn-4,mnist,20,channel_gradient,0.1,1.0,rayleigh_zf,,1.0,0.1,10.0,frob,0.06799999999999995,0.07320000000000004,0.0052000000000000934,True,results/posterior/cnn-4_mnist_learnt_gaussian_sig0.03_bounded-pmin1e-05_epoch20_bs250_lr0.001_mon0.95_dp0.2_objective-channel_gradient-chan0.1-rayleigh-zf-tx1.0-noise0.1-kl1.0_perc-pri0.5_epoch-pri70_bs-pri250_lr-pri0.005_mom-pri0.99_dp-pri0.2_seed7/bounds/rayleigh-zf-tx1.0-noise0.1_chan-layer2_mcsamples500_norm-frob_seed7_bounds.json
cnn-4,mnist,10,channel_gradient,1.0,1.0,rayleigh_zf,,1.0,0.1,10.0,frob,0.06730000000000003,0.06920000000000004,0.0019000000000000128,True,results/posterior/cnn-4_mnist_learnt_gaussian_sig0.03_bounded-pmin1e-05_epoch10_bs250_lr0.001_mon0.95_dp0.2_objective-channel_gradient-chan1.0-rayleigh-zf-tx1.0-noise0.1-kl1.0_perc-pri0.5_epoch-pri70_bs-pri250_lr-pri0.005_mom-pri0.99_dp-pri0.2_seed7/bounds/rayleigh-zf-tx1.0-noise0.1_chan-layer2_mcsamples500_norm-frob_seed7_bounds.json
cnn-9,cifar10,10,channel_gradient,0.1,0.1,rayleigh_zf,,1.0,1.0,0.0,frob,0.5146999999999999,0.5798,0.06510000000000005,True,results/posterior/cnn-9_cifar10_learnt_gaussian_sig0.03_bounded-pmin1e-05_epoch10_bs250_lr0.001_mon0.95_dp0.2_objective-channel_gradient-chan0.1-rayleigh-zf-tx1.0-noise1.0-kl0.1_perc-pri0.5_epoch-pri70_bs-pri250_lr-pri0.005_mom-pri0.99_dp-pri0.2_seed7/bounds/rayleigh-zf-tx1.0-noise1.0_chan-layer4_mcsamples500_norm-frob_seed7_bounds.json
cnn-4,mnist,20,channel_gradient,0.01,0.1,rayleigh_zf,,1.0,0.1,10.0,frob,0.06810000000000005,0.07320000000000004,0.005099999999999993,True,results/posterior/cnn-4_mnist_learnt_gaussian_sig0.03_bounded-pmin1e-05_epoch20_bs250_lr0.001_mon0.95_dp0.2_objective-channel_gradient-chan0.01-rayleigh-zf-tx1.0-noise0.1-kl0.1_perc-pri0.5_epoch-pri70_bs-pri250_lr-pri0.005_mom-pri0.99_dp-pri0.2_seed7/bounds/rayleigh-zf-tx1.0-noise0.1_chan-layer2_mcsamples500_norm-frob_seed7_bounds.json
fcn-4,mnist,50,channel_gradient,1.0,1.0,bec,0.1,,,,frob,0.028900000000000037,0.024599999999999955,-0.0043000000000000815,True,results/posterior/fcn-4_mnist_learnt_gaussian_sig0.03_bounded-pmin1e-05_epoch50_bs250_lr0.001_mon0.95_dp0.2_objective-channel_gradient-chan1.0-bec-outage0.1-kl1.0_perc-pri0.5_epoch-pri20_bs-pri250_lr-pri0.005_mom-pri0.99_dp-pri0.2_seed7/bounds/bec-outage0.1_chan-layer2_mcsamples500_norm-frob_seed7_bounds.json
fcn-4,mnist,20,channel_gradient,0.01,1.0,rayleigh_zf,,1.0,0.1,10.0,frob,0.03979999999999995,0.035800000000000054,-0.0039999999999998925,True,results/posterior/fcn-4_mnist_learnt_gaussian_sig0.03_bounded-pmin1e-05_epoch20_bs250_lr0.001_mon0.95_dp0.2_objective-channel_gradient-chan0.01-rayleigh-zf-tx1.0-noise0.1-kl1.0_perc-pri0.5_epoch-pri20_bs-pri250_lr-pri0.005_mom-pri0.99_dp-pri0.2_seed7/bounds/rayleigh-zf-tx1.0-noise0.1_chan-layer2_mcsamples500_norm-frob_seed7_bounds.json
cnn-4,mnist,20,channel_gradient,0.1,0.1,rayleigh_zf,,1.0,0.1,10.0,frob,0.06820000000000004,0.07320000000000004,0.0050000000000000044,True,results/posterior/cnn-4_mnist_learnt_gaussian_sig0.03_bounded-pmin1e-05_epoch20_bs250_lr0.001_mon0.95_dp0.2_objective-channel_gradient-chan0.1-rayleigh-zf-tx1.0-noise0.1-kl0.1_perc-pri0.5_epoch-pri70_bs-pri250_lr-pri0.005_mom-pri0.99_dp-pri0.2_seed7/bounds/rayleigh-zf-tx1.0-noise0.1_chan-layer2_mcsamples500_norm-frob_seed7_bounds.json
cnn-4,mnist,20,channel_gradient,1.0,0.1,bec,0.5,,,,frob,0.022399999999999975,0.017900000000000027,-0.0044999999999999485,True,results/posterior/cnn-4_mnist_learnt_gaussian_sig0.03_bounded-pmin1e-05_epoch20_bs250_lr0.001_mon0.95_dp0.2_objective-channel_gradient-chan1.0-bec-outage0.5-kl0.1_perc-pri0.5_epoch-pri70_bs-pri250_lr-pri0.005_mom-pri0.99_dp-pri0.2_seed7/bounds/bec-outage0.5_chan-layer2_mcsamples500_norm-frob_seed7_bounds.json
cnn-9,cifar10,20,channel_norm,0.01,0.01,bec,0.5,,,,frob,0.9,0.33620000000000005,-0.5638,False,results/posterior/cnn-9_cifar10_learnt_gaussian_sig0.03_bounded-pmin1e-05_epoch20_bs250_lr0.001_mon0.95_dp0.2_objective-channel_norm-chan0.01-bec-outage0.5-kl0.01_perc-pri0.5_epoch-pri70_bs-pri250_lr-pri0.005_mom-pri0.99_dp-pri0.2_seed7/bounds/bec-outage0.5_chan-layer4_mcsamples500_norm-frob_seed7_bounds.json
cnn-9,cifar10,20,channel_norm,0.1,0.1,bec,0.1,,,,frob,0.9,0.28290000000000004,-0.6171,False,results/posterior/cnn-9_cifar10_learnt_gaussian_sig0.03_bounded-pmin1e-05_epoch20_bs250_lr0.001_mon0.95_dp0.2_objective-channel_norm-chan0.1-bec-outage0.1-kl0.1_perc-pri0.5_epoch-pri70_bs-pri250_lr-pri0.005_mom-pri0.99_dp-pri0.2_seed7/bounds/bec-outage0.1_chan-layer4_mcsamples500_norm-frob_seed7_bounds.json
cnn-9,cifar10,20,channel_norm,0.01,1.0,bec,0.5,,,,frob,0.9,0.33620000000000005,-0.5638,False,results/posterior/cnn-9_cifar10_learnt_gaussian_sig0.03_bounded-pmin1e-05_epoch20_bs250_lr0.001_mon0.95_dp0.2_objective-channel_norm-chan0.01-bec-outage0.5-kl1.0_perc-pri0.5_epoch-pri70_bs-pri250_lr-pri0.005_mom-pri0.99_dp-pri0.2_seed7/bounds/bec-outage0.5_chan-layer4_mcsamples500_norm-frob_seed7_bounds.json
cnn-4,mnist,30,channel_gradient,1.0,1.0,bec,0.1,,,,frob,0.014100000000000001,0.013299999999999979,-0.0008000000000000229,True,results/posterior/cnn-4_mnist_learnt_gaussian_sig0.03_bounded-pmin1e-05_epoch30_bs250_lr0.001_mon0.95_dp0.2_objective-channel_gradient-chan1.0-bec-outage0.1-kl1.0_perc-pri0.5_epoch-pri70_bs-pri250_lr-pri0.005_mom-pri0.99_dp-pri0.2_seed7/bounds/bec-outage0.1_chan-layer2_mcsamples500_norm-frob_seed7_bounds.json
cnn-9,cifar10,20,channel_gradient,0.1,0.1,bec,0.1,,,,frob,0.2923,0.28290000000000004,-0.009399999999999964,True,results/posterior/cnn-9_cifar10_learnt_gaussian_sig0.03_bounded-pmin1e-05_epoch20_bs250_lr0.001_mon0.95_dp0.2_objective-channel_gradient-chan0.1-bec-outage0.1-kl0.1_perc-pri0.5_epoch-pri70_bs-pri250_lr-pri0.005_mom-pri0.99_dp-pri0.2_seed7/bounds/bec-outage0.1_chan-layer4_mcsamples500_norm-frob_seed7_bounds.json
cnn-9,cifar10,10,channel_norm,0.1,0.01,rayleigh_zf,,1.0,1.0,0.0,frob,0.9,0.5798,-0.32020000000000004,False,results/posterior/cnn-9_cifar10_learnt_gaussian_sig0.03_bounded-pmin1e-05_epoch10_bs250_lr0.001_mon0.95_dp0.2_objective-channel_norm-chan0.1-rayleigh-zf-tx1.0-noise1.0-kl0.01_perc-pri0.5_epoch-pri70_bs-pri250_lr-pri0.005_mom-pri0.99_dp-pri0.2_seed7/bounds/rayleigh-zf-tx1.0-noise1.0_chan-layer4_mcsamples500_norm-frob_seed7_bounds.json
fcn-4,mnist,20,channel_gradient,0.1,0.01,bec,0.1,,,,frob,0.02629999999999999,0.02629999999999999,0.0,True,results/posterior/fcn-4_mnist_learnt_gaussian_sig0.03_bounded-pmin1e-05_epoch20_bs250_lr0.001_mon0.95_dp0.2_objective-channel_gradient-chan0.1-bec-outage0.1-kl0.01_perc-pri0.5_epoch-pri20_bs-pri250_lr-pri0.005_mom-pri0.99_dp-pri0.2_seed7/bounds/bec-outage0.1_chan-layer2_mcsamples500_norm-frob_seed7_bounds.json
fcn-4,mnist,20,channel_gradient,0.1,1.0,rayleigh_zf,,1.0,0.1,10.0,frob,0.03979999999999995,0.035800000000000054,-0.0039999999999998925,True,results/posterior/fcn-4_mnist_learnt_gaussian_sig0.03_bounded-pmin1e-05_epoch20_bs250_lr0.001_mon0.95_dp0.2_objective-channel_gradient-chan0.1-rayleigh-zf-tx1.0-noise0.1-kl1.0_perc-pri0.5_epoch-pri20_bs-pri250_lr-pri0.005_mom-pri0.99_dp-pri0.2_seed7/bounds/rayleigh-zf-tx1.0-noise0.1_chan-layer2_mcsamples500_norm-frob_seed7_bounds.json
cnn-9,cifar10,20,channel_norm,0.1,0.01,rayleigh_zf,,1.0,1.0,0.0,frob,0.9,0.5969,-0.30310000000000004,False,results/posterior/cnn-9_cifar10_learnt_gaussian_sig0.03_bounded-pmin1e-05_epoch20_bs250_lr0.001_mon0.95_dp0.2_objective-channel_norm-chan0.1-rayleigh-zf-tx1.0-noise1.0-kl0.01_perc-pri0.5_epoch-pri70_bs-pri250_lr-pri0.005_mom-pri0.99_dp-pri0.2_seed7/bounds/rayleigh-zf-tx1.0-noise1.0_chan-layer4_mcsamples500_norm-frob_seed7_bounds.json
fcn-4,mnist,20,channel_gradient,1.0,0.1,bec,0.1,,,,frob,0.027100000000000013,0.02629999999999999,-0.0008000000000000229,True,results/posterior/fcn-4_mnist_learnt_gaussian_sig0.03_bounded-pmin1e-05_epoch20_bs250_lr0.001_mon0.95_dp0.2_objective-channel_gradient-chan1.0-bec-outage0.1-kl0.1_perc-pri0.5_epoch-pri20_bs-pri250_lr-pri0.005_mom-pri0.99_dp-pri0.2_seed7/bounds/bec-outage0.1_chan-layer2_mcsamples500_norm-frob_seed7_bounds.json
fcn-4,mnist,30,channel_gradient,1.0,0.1,bec,0.1,,,,frob,0.027900000000000036,,,True,results/posterior/fcn-4_mnist_learnt_gaussian_sig0.03_bounded-pmin1e-05_epoch30_bs250_lr0.001_mon0.95_dp0.2_objective-channel_gradient-chan1.0-bec-outage0.1-kl0.1_perc-pri0.5_epoch-pri20_bs-pri250_lr-pri0.005_mom-pri0.99_dp-pri0.2_seed7/bounds/bec-outage0.1_chan-layer2_mcsamples500_norm-frob_seed7_bounds.json
fcn-4,mnist,20,channel_norm,0.1,0.01,rayleigh_zf,,1.0,1.0,0.0,frob,0.8944,0.10629999999999995,-0.7881,True,results/posterior/fcn-4_mnist_learnt_gaussian_sig0.03_bounded-pmin1e-05_epoch20_bs250_lr0.001_mon0.95_dp0.2_objective-channel_norm-chan0.1-rayleigh-zf-tx1.0-noise1.0-kl0.01_perc-pri0.5_epoch-pri20_bs-pri250_lr-pri0.005_mom-pri0.99_dp-pri0.2_seed7/bounds/rayleigh-zf-tx1.0-noise1.0_chan-layer2_mcsamples500_norm-frob_seed7_bounds.json
fcn-4,mnist,30,channel_gradient,0.1,0.1,rayleigh_zf,,1.0,0.1,10.0,frob,0.041200000000000014,,,True,results/posterior/fcn-4_mnist_learnt_gaussian_sig0.03_bounded-pmin1e-05_epoch30_bs250_lr0.001_mon0.95_dp0.2_objective-channel_gradient-chan0.1-rayleigh-zf-tx1.0-noise0.1-kl0.1_perc-pri0.5_epoch-pri20_bs-pri250_lr-pri0.005_mom-pri0.99_dp-pri0.2_seed7/bounds/rayleigh-zf-tx1.0-noise0.1_chan-layer2_mcsamples500_norm-frob_seed7_bounds.json
cnn-4,mnist,30,channel_norm,0.1,1.0,bec,0.5,,,,frob,0.622,0.019499999999999962,-0.6025,True,results/posterior/cnn-4_mnist_learnt_gaussian_sig0.03_bounded-pmin1e-05_epoch30_bs250_lr0.001_mon0.95_dp0.2_objective-channel_norm-chan0.1-bec-outage0.5-kl1.0_perc-pri0.5_epoch-pri70_bs-pri250_lr-pri0.005_mom-pri0.99_dp-pri0.2_seed7/bounds/bec-outage0.5_chan-layer2_mcsamples500_norm-frob_seed7_bounds.json
fcn-4,mnist,50,channel_norm,0.01,0.01,bec,0.1,,,,frob,0.8753,0.024599999999999955,-0.8507,True,results/posterior/fcn-4_mnist_learnt_gaussian_sig0.03_bounded-pmin1e-05_epoch50_bs250_lr0.001_mon0.95_dp0.2_objective-channel_norm-chan0.01-bec-outage0.1-kl0.01_perc-pri0.5_epoch-pri20_bs-pri250_lr-pri0.005_mom-pri0.99_dp-pri0.2_seed7/bounds/bec-outage0.1_chan-layer2_mcsamples500_norm-frob_seed7_bounds.json
cnn-9,cifar10,10,channel_norm,1.0,0.1,rayleigh_zf,,1.0,0.1,10.0,frob,0.9,0.3752,-0.5248,False,results/posterior/cnn-9_cifar10_learnt_gaussian_sig0.03_bounded-pmin1e-05_epoch10_bs250_lr0.001_mon0.95_dp0.2_objective-channel_norm-chan1.0-rayleigh-zf-tx1.0-noise0.1-kl0.1_perc-pri0.5_epoch-pri70_bs-pri250_lr-pri0.005_mom-pri0.99_dp-pri0.2_seed7/bounds/rayleigh-zf-tx1.0-noise0.1_chan-layer4_mcsamples500_norm-frob_seed7_bounds.json
cnn-4,mnist,10,channel_norm,0.01,0.1,bec,0.1,,,,frob,0.8721,0.013499999999999956,-0.8586,True,results/posterior/cnn-4_mnist_learnt_gaussian_sig0.03_bounded-pmin1e-05_epoch10_bs250_lr0.001_mon0.95_dp0.2_objective-channel_norm-chan0.01-bec-outage0.1-kl0.1_perc-pri0.5_epoch-pri70_bs-pri250_lr-pri0.005_mom-pri0.99_dp-pri0.2_seed7/bounds/bec-outage0.1_chan-layer2_mcsamples500_norm-frob_seed7_bounds.json
cnn-9,cifar10,10,channel_gradient,0.1,1.0,bec,0.5,,,,frob,0.33299999999999996,0.3418,0.00880000000000003,True,results/posterior/cnn-9_cifar10_learnt_gaussian_sig0.03_bounded-pmin1e-05_epoch10_bs250_lr0.001_mon0.95_dp0.2_objective-channel_gradient-chan0.1-bec-outage0.5-kl1.0_perc-pri0.5_epoch-pri70_bs-pri250_lr-pri0.005_mom-pri0.99_dp-pri0.2_seed7/bounds/bec-outage0.5_chan-layer4_mcsamples500_norm-frob_seed7_bounds.json
cnn-4,mnist,50,channel_norm,0.01,0.1,rayleigh_zf,,1.0,1.0,0.0,frob,0.26980000000000004,0.3228,0.052999999999999936,True,results/posterior/cnn-4_mnist_learnt_gaussian_sig0.03_bounded-pmin1e-05_epoch50_bs250_lr0.001_mon0.95_dp0.2_objective-channel_norm-chan0.01-rayleigh-zf-tx1.0-noise1.0-kl0.1_perc-pri0.5_epoch-pri70_bs-pri250_lr-pri0.005_mom-pri0.99_dp-pri0.2_seed7/bounds/rayleigh-zf-tx1.0-noise1.0_chan-layer2_mcsamples500_norm-frob_seed7_bounds.json
cnn-4,mnist,10,channel_norm,0.01,1.0,bec,0.5,,,,frob,0.028200000000000003,0.018199999999999994,-0.010000000000000009,True,results/posterior/cnn-4_mnist_learnt_gaussian_sig0.03_bounded-pmin1e-05_epoch10_bs250_lr0.001_mon0.95_dp0.2_objective-channel_norm-chan0.01-bec-outage0.5-kl1.0_perc-pri0.5_epoch-pri70_bs-pri250_lr-pri0.005_mom-pri0.99_dp-pri0.2_seed7/bounds/bec-outage0.5_chan-layer2_mcsamples500_norm-frob_seed7_bounds.json
cnn-9,cifar10,50,channel_gradient,0.1,0.1,bec,0.5,,,,frob,0.36029999999999995,0.3238,-0.03649999999999998,True,results/posterior/cnn-9_cifar10_learnt_gaussian_sig0.03_bounded-pmin1e-05_epoch50_bs250_lr0.001_mon0.95_dp0.2_objective-channel_gradient-chan0.1-bec-outage0.5-kl0.1_perc-pri0.5_epoch-pri70_bs-pri250_lr-pri0.005_mom-pri0.99_dp-pri0.2_seed7/bounds/bec-outage0.5_chan-layer4_mcsamples500_norm-frob_seed7_bounds.json
fcn-4,mnist,50,channel_norm,0.01,0.1,rayleigh_zf,,1.0,0.1,10.0,frob,0.03949999999999998,0.035599999999999965,-0.0039000000000000146,True,results/posterior/fcn-4_mnist_learnt_gaussian_sig0.03_bounded-pmin1e-05_epoch50_bs250_lr0.001_mon0.95_dp0.2_objective-channel_norm-chan0.01-rayleigh-zf-tx1.0-noise0.1-kl0.1_perc-pri0.5_epoch-pri20_bs-pri250_lr-pri0.005_mom-pri0.99_dp-pri0.2_seed7/bounds/rayleigh-zf-tx1.0-noise0.1_chan-layer2_mcsamples500_norm-frob_seed7_bounds.json
cnn-9,cifar10,20,channel_gradient,1.0,0.1,bec,0.5,,,,frob,0.39339999999999997,0.33620000000000005,-0.05719999999999992,True,results/posterior/cnn-9_cifar10_learnt_gaussian_sig0.03_bounded-pmin1e-05_epoch20_bs250_lr0.001_mon0.95_dp0.2_objective-channel_gradient-chan1.0-bec-outage0.5-kl0.1_perc-pri0.5_epoch-pri70_bs-pri250_lr-pri0.005_mom-pri0.99_dp-pri0.2_seed7/bounds/bec-outage0.5_chan-layer4_mcsamples500_norm-frob_seed7_bounds.json
fcn-4,mnist,20,channel_gradient,1.0,0.01,rayleigh_zf,,1.0,0.1,10.0,frob,0.039000000000000035,0.035800000000000054,-0.0031999999999999806,True,results/posterior/fcn-4_mnist_learnt_gaussian_sig0.03_bounded-pmin1e-05_epoch20_bs250_lr0.001_mon0.95_dp0.2_objective-channel_gradient-chan1.0-rayleigh-zf-tx1.0-noise0.1-kl0.01_perc-pri0.5_epoch-pri20_bs-pri250_lr-pri0.005_mom-pri0.99_dp-pri0.2_seed7/bounds/rayleigh-zf-tx1.0-noise0.1_chan-layer2_mcsamples500_norm-frob_seed7_bounds.json
cnn-9,cifar10,10,channel_norm,0.01,0.1,rayleigh_zf,,1.0,0.1,10.0,frob,0.9,0.3752,-0.5248,False,results/posterior/cnn-9_cifar10_learnt_gaussian_sig0.03_bounded-pmin1e-05_epoch10_bs250_lr0.001_mon0.95_dp0.2_objective-channel_norm-chan0.01-rayleigh-zf-tx1.0-noise0.1-kl0.1_perc-pri0.5_epoch-pri70_bs-pri250_lr-pri0.005_mom-pri0.99_dp-pri0.2_seed7/bounds/rayleigh-zf-tx1.0-noise0.1_chan-layer4_mcsamples500_norm-frob_seed7_bounds.json
fcn-4,mnist,10,channel_gradient,0.01,1.0,rayleigh_zf,,1.0,1.0,0.0,frob,0.10250000000000004,0.10240000000000005,-9.999999999998899e-05,True,results/posterior/fcn-4_mnist_learnt_gaussian_sig0.03_bounded-pmin1e-05_epoch10_bs250_lr0.001_mon0.95_dp0.2_objective-channel_gradient-chan0.01-rayleigh-zf-tx1.0-noise1.0-kl1.0_perc-pri0.5_epoch-pri20_bs-pri250_lr-pri0.005_mom-pri0.99_dp-pri0.2_seed7/bounds/rayleigh-zf-tx1.0-noise1.0_chan-layer2_mcsamples500_norm-frob_seed7_bounds.json
cnn-9,cifar10,30,channel_gradient,0.1,0.01,bec,0.1,,,,frob,0.2821,,,True,results/posterior/cnn-9_cifar10_learnt_gaussian_sig0.03_bounded-pmin1e-05_epoch30_bs250_lr0.001_mon0.95_dp0.2_objective-channel_gradient-chan0.1-bec-outage0.1-kl0.01_perc-pri0.5_epoch-pri70_bs-pri250_lr-pri0.005_mom-pri0.99_dp-pri0.2_seed7/bounds/bec-outage0.1_chan-layer4_mcsamples500_norm-frob_seed7_bounds.json
cnn-4,mnist,10,channel_norm,0.1,0.1,rayleigh_zf,,1.0,1.0,0.0,frob,0.8973,0.2764,-0.6209,True,results/posterior/cnn-4_mnist_learnt_gaussian_sig0.03_bounded-pmin1e-05_epoch10_bs250_lr0.001_mon0.95_dp0.2_objective-channel_norm-chan0.1-rayleigh-zf-tx1.0-noise1.0-kl0.1_perc-pri0.5_epoch-pri70_bs-pri250_lr-pri0.005_mom-pri0.99_dp-pri0.2_seed7/bounds/rayleigh-zf-tx1.0-noise1.0_chan-layer2_mcsamples500_norm-frob_seed7_bounds.json
cnn-9,cifar10,50,channel_norm,0.1,1.0,rayleigh_zf,,1.0,1.0,0.0,frob,0.9,0.6052,-0.29480000000000006,False,results/posterior/cnn-9_cifar10_learnt_gaussian_sig0.03_bounded-pmin1e-05_epoch50_bs250_lr0.001_mon0.95_dp0.2_objective-channel_norm-chan0.1-rayleigh-zf-tx1.0-noise1.0-kl1.0_perc-pri0.5_epoch-pri70_bs-pri250_lr-pri0.005_mom-pri0.99_dp-pri0.2_seed7/bounds/rayleigh-zf-tx1.0-noise1.0_chan-layer4_mcsamples500_norm-frob_seed7_bounds.json
cnn-9,cifar10,20,channel_gradient,0.01,1.0,rayleigh_zf,,1.0,0.1,10.0,frob,0.35229999999999995,0.3813,0.029000000000000026,True,results/posterior/cnn-9_cifar10_learnt_gaussian_sig0.03_bounded-pmin1e-05_epoch20_bs250_lr0.001_mon0.95_dp0.2_objective-channel_gradient-chan0.01-rayleigh-zf-tx1.0-noise0.1-kl1.0_perc-pri0.5_epoch-pri70_bs-pri250_lr-pri0.005_mom-pri0.99_dp-pri0.2_seed7/bounds/rayleigh-zf-tx1.0-noise0.1_chan-layer4_mcsamples500_norm-frob_seed7_bounds.json
cnn-4,mnist,30,channel_gradient,1.0,1.0,rayleigh_zf,,1.0,1.0,0.0,frob,0.2639,0.3106,0.046699999999999964,False,results/posterior/cnn-4_mnist_learnt_gaussian_sig0.03_bounded-pmin1e-05_epoch30_bs250_lr0.001_mon0.95_dp0.2_objective-channel_gradient-chan1.0-rayleigh-zf-tx1.0-noise1.0-kl1.0_perc-pri0.5_epoch-pri70_bs-pri250_lr-pri0.005_mom-pri0.99_dp-pri0.2_seed7/bounds/rayleigh-zf-tx1.0-noise1.0_chan-layer2_mcsamples500_norm-frob_seed7_bounds.json
cnn-4,mnist,10,channel_norm,0.1,0.01,rayleigh_zf,,1.0,1.0,0.0,frob,0.8828,0.2764,-0.6064,True,results/posterior/cnn-4_mnist_learnt_gaussian_sig0.03_bounded-pmin1e-05_epoch10_bs250_lr0.001_mon0.95_dp0.2_objective-channel_norm-chan0.1-rayleigh-zf-tx1.0-noise1.0-kl0.01_perc-pri0.5_epoch-pri70_bs-pri250_lr-pri0.005_mom-pri0.99_dp-pri0.2_seed7/bounds/rayleigh-zf-tx1.0-noise1.0_chan-layer2_mcsamples500_norm-frob_seed7_bounds.json
fcn-4,mnist,50,channel_norm,1.0,0.1,rayleigh_zf,,1.0,1.0,0.0,frob,0.8301000000000001,0.11240000000000006,-0.7177,True,results/posterior/fcn-4_mnist_learnt_gaussian_sig0.03_bounded-pmin1e-05_epoch50_bs250_lr0.001_mon0.95_dp0.2_objective-channel_norm-chan1.0-rayleigh-zf-tx1.0-noise1.0-kl0.1_perc-pri0.5_epoch-pri20_bs-pri250_lr-pri0.005_mom-pri0.99_dp-pri0.2_seed7/bounds/rayleigh-zf-tx1.0-noise1.0_chan-layer2_mcsamples500_norm-frob_seed7_bounds.json
cnn-4,mnist,10,channel_norm,0.01,1.0,rayleigh_zf,,1.0,0.1,10.0,frob,0.06740000000000002,0.06920000000000004,0.0018000000000000238,True,results/posterior/cnn-4_mnist_learnt_gaussian_sig0.03_bounded-pmin1e-05_epoch10_bs250_lr0.001_mon0.95_dp0.2_objective-channel_norm-chan0.01-rayleigh-zf-tx1.0-noise0.1-kl1.0_perc-pri0.5_epoch-pri70_bs-pri250_lr-pri0.005_mom-pri0.99_dp-pri0.2_seed7/bounds/rayleigh-zf-tx1.0-noise0.1_chan-layer2_mcsamples500_norm-frob_seed7_bounds.json
cnn-4,mnist,20,channel_gradient,0.01,1.0,rayleigh_zf,,1.0,0.1,10.0,frob,0.06799999999999995,0.07320000000000004,0.0052000000000000934,True,results/posterior/cnn-4_mnist_learnt_gaussian_sig0.03_bounded-pmin1e-05_epoch20_bs250_lr0.001_mon0.95_dp0.2_objective-channel_gradient-chan0.01-rayleigh-zf-tx1.0-noise0.1-kl1.0_perc-pri0.5_epoch-pri70_bs-pri250_lr-pri0.005_mom-pri0.99_dp-pri0.2_seed7/bounds/rayleigh-zf-tx1.0-noise0.1_chan-layer2_mcsamples500_norm-frob_seed7_bounds.json
cnn-4,mnist,10,channel_gradient,0.1,1.0,bec,0.5,,,,frob,0.021199999999999997,0.018199999999999994,-0.0030000000000000027,True,results/posterior/cnn-4_mnist_learnt_gaussian_sig0.03_bounded-pmin1e-05_epoch10_bs250_lr0.001_mon0.95_dp0.2_objective-channel_gradient-chan0.1-bec-outage0.5-kl1.0_perc-pri0.5_epoch-pri70_bs-pri250_lr-pri0.005_mom-pri0.99_dp-pri0.2_seed7/bounds/bec-outage0.5_chan-layer2_mcsamples500_norm-frob_seed7_bounds.json
fcn-4,mnist,30,channel_gradient,0.1,1.0,rayleigh_zf,,1.0,0.1,10.0,frob,0.04169999999999996,,,True,results/posterior/fcn-4_mnist_learnt_gaussian_sig0.03_bounded-pmin1e-05_epoch30_bs250_lr0.001_mon0.95_dp0.2_objective-channel_gradient-chan0.1-rayleigh-zf-tx1.0-noise0.1-kl1.0_perc-pri0.5_epoch-pri20_bs-pri250_lr-pri0.005_mom-pri0.99_dp-pri0.2_seed7/bounds/rayleigh-zf-tx1.0-noise0.1_chan-layer2_mcsamples500_norm-frob_seed7_bounds.json
fcn-4,mnist,30,channel_norm,1.0,0.1,bec,0.5,,,,frob,0.8783,,,True,results/posterior/fcn-4_mnist_learnt_gaussian_sig0.03_bounded-pmin1e-05_epoch30_bs250_lr0.001_mon0.95_dp0.2_objective-channel_norm-chan1.0-bec-outage0.5-kl0.1_perc-pri0.5_epoch-pri20_bs-pri250_lr-pri0.005_mom-pri0.99_dp-pri0.2_seed7/bounds/bec-outage0.5_chan-layer2_mcsamples500_norm-frob_seed7_bounds.json
cnn-9,cifar10,10,channel_gradient,1.0,0.01,rayleigh_zf,,1.0,0.1,10.0,frob,0.4193,0.3752,-0.04410000000000003,True,results/posterior/cnn-9_cifar10_learnt_gaussian_sig0.03_bounded-pmin1e-05_epoch10_bs250_lr0.001_mon0.95_dp0.2_objective-channel_gradient-chan1.0-rayleigh-zf-tx1.0-noise0.1-kl0.01_perc-pri0.5_epoch-pri70_bs-pri250_lr-pri0.005_mom-pri0.99_dp-pri0.2_seed7/bounds/rayleigh-zf-tx1.0-noise0.1_chan-layer4_mcsamples500_norm-frob_seed7_bounds.json
fcn-4,mnist,30,channel_norm,0.01,0.1,bec,0.5,,,,frob,0.05400000000000005,,,True,results/posterior/fcn-4_mnist_learnt_gaussian_sig0.03_bounded-pmin1e-05_epoch30_bs250_lr0.001_mon0.95_dp0.2_objective-channel_norm-chan0.01-bec-outage0.5-kl0.1_perc-pri0.5_epoch-pri20_bs-pri250_lr-pri0.005_mom-pri0.99_dp-pri0.2_seed7/bounds/bec-outage0.5_chan-layer2_mcsamples500_norm-frob_seed7_bounds.json
cnn-9,cifar10,50,channel_gradient,0.1,0.01,rayleigh_zf,,1.0,0.1,10.0,frob,0.36960000000000004,0.3829,0.013299999999999979,True,results/posterior/cnn-9_cifar10_learnt_gaussian_sig0.03_bounded-pmin1e-05_epoch50_bs250_lr0.001_mon0.95_dp0.2_objective-channel_gradient-chan0.1-rayleigh-zf-tx1.0-noise0.1-kl0.01_perc-pri0.5_epoch-pri70_bs-pri250_lr-pri0.005_mom-pri0.99_dp-pri0.2_seed7/bounds/rayleigh-zf-tx1.0-noise0.1_chan-layer4_mcsamples500_norm-frob_seed7_bounds.json
cnn-9,cifar10,50,channel_norm,1.0,1.0,rayleigh_zf,,1.0,0.1,10.0,frob,0.9,0.3829,-0.5171,False,results/posterior/cnn-9_cifar10_learnt_gaussian_sig0.03_bounded-pmin1e-05_epoch50_bs250_lr0.001_mon0.95_dp0.2_objective-channel_norm-chan1.0-rayleigh-zf-tx1.0-noise0.1-kl1.0_perc-pri0.5_epoch-pri70_bs-pri250_lr-pri0.005_mom-pri0.99_dp-pri0.2_seed7/bounds/rayleigh-zf-tx1.0-noise0.1_chan-layer4_mcsamples500_norm-frob_seed7_bounds.json
cnn-4,mnist,50,channel_norm,1.0,0.01,rayleigh_zf,,1.0,0.1,10.0,frob,0.7321,0.08420000000000005,-0.6478999999999999,True,results/posterior/cnn-4_mnist_learnt_gaussian_sig0.03_bounded-pmin1e-05_epoch50_bs250_lr0.001_mon0.95_dp0.2_objective-channel_norm-chan1.0-rayleigh-zf-tx1.0-noise0.1-kl0.01_perc-pri0.5_epoch-pri70_bs-pri250_lr-pri0.005_mom-pri0.99_dp-pri0.2_seed7/bounds/rayleigh-zf-tx1.0-noise0.1_chan-layer2_mcsamples500_norm-frob_seed7_bounds.json
cnn-9,cifar10,50,channel_norm,0.1,0.01,rayleigh_zf,,1.0,1.0,0.0,frob,0.9,0.6052,-0.29480000000000006,False,results/posterior/cnn-9_cifar10_learnt_gaussian_sig0.03_bounded-pmin1e-05_epoch50_bs250_lr0.001_mon0.95_dp0.2_objective-channel_norm-chan0.1-rayleigh-zf-tx1.0-noise1.0-kl0.01_perc-pri0.5_epoch-pri70_bs-pri250_lr-pri0.005_mom-pri0.99_dp-pri0.2_seed7/bounds/rayleigh-zf-tx1.0-noise1.0_chan-layer4_mcsamples500_norm-frob_seed7_bounds.json
cnn-4,mnist,10,channel_gradient,0.1,1.0,rayleigh_zf,,1.0,1.0,0.0,frob,0.2692,0.2764,0.007199999999999984,False,results/posterior/cnn-4_mnist_learnt_gaussian_sig0.03_bounded-pmin1e-05_epoch10_bs250_lr0.001_mon0.95_dp0.2_objective-channel_gradient-chan0.1-rayleigh-zf-tx1.0-noise1.0-kl1.0_perc-pri0.5_epoch-pri70_bs-pri250_lr-pri0.005_mom-pri0.99_dp-pri0.2_seed7/bounds/rayleigh-zf-tx1.0-noise1.0_chan-layer2_mcsamples500_norm-frob_seed7_bounds.json
cnn-9,cifar10,20,channel_gradient,1.0,0.01,bec,0.1,,,,frob,0.45920000000000005,0.28290000000000004,-0.1763,True,results/posterior/cnn-9_cifar10_learnt_gaussian_sig0.03_bounded-pmin1e-05_epoch20_bs250_lr0.001_mon0.95_dp0.2_objective-channel_gradient-chan1.0-bec-outage0.1-kl0.01_perc-pri0.5_epoch-pri70_bs-pri250_lr-pri0.005_mom-pri0.99_dp-pri0.2_seed7/bounds/bec-outage0.1_chan-layer4_mcsamples500_norm-frob_seed7_bounds.json
cnn-9,cifar10,30,channel_gradient,0.01,0.01,bec,0.1,,,,frob,0.28879999999999995,,,True,results/posterior/cnn-9_cifar10_learnt_gaussian_sig0.03_bounded-pmin1e-05_epoch30_bs250_lr0.001_mon0.95_dp0.2_objective-channel_gradient-chan0.01-bec-outage0.1-kl0.01_perc-pri0.5_epoch-pri70_bs-pri250_lr-pri0.005_mom-pri0.99_dp-pri0.2_seed7/bounds/bec-outage0.1_chan-layer4_mcsamples500_norm-frob_seed7_bounds.json
cnn-4,mnist,10,channel_norm,1.0,1.0,bec,0.5,,,,frob,0.902,0.018199999999999994,-0.8838,False,results/posterior/cnn-4_mnist_learnt_gaussian_sig0.03_bounded-pmin1e-05_epoch10_bs250_lr0.001_mon0.95_dp0.2_objective-channel_norm-chan1.0-bec-outage0.5-kl1.0_perc-pri0.5_epoch-pri70_bs-pri250_lr-pri0.005_mom-pri0.99_dp-pri0.2_seed7/bounds/bec-outage0.5_chan-layer2_mcsamples500_norm-frob_seed7_bounds.json
cnn-4,mnist,30,channel_gradient,0.01,0.1,rayleigh_zf,,1.0,0.1,10.0,frob,0.06699999999999995,0.08220000000000005,0.015200000000000102,True,results/posterior/cnn-4_mnist_learnt_gaussian_sig0.03_bounded-pmin1e-05_epoch30_bs250_lr0.001_mon0.95_dp0.2_objective-channel_gradient-chan0.01-rayleigh-zf-tx1.0-noise0.1-kl0.1_perc-pri0.5_epoch-pri70_bs-pri250_lr-pri0.005_mom-pri0.99_dp-pri0.2_seed7/bounds/rayleigh-zf-tx1.0-noise0.1_chan-layer2_mcsamples500_norm-frob_seed7_bounds.json
fcn-4,mnist,10,channel_gradient,0.1,0.1,rayleigh_zf,,1.0,1.0,0.0,frob,0.10289999999999999,0.10240000000000005,-0.0004999999999999449,True,results/posterior/fcn-4_mnist_learnt_gaussian_sig0.03_bounded-pmin1e-05_epoch10_bs250_lr0.001_mon0.95_dp0.2_objective-channel_gradient-chan0.1-rayleigh-zf-tx1.0-noise1.0-kl0.1_perc-pri0.5_epoch-pri20_bs-pri250_lr-pri0.005_mom-pri0.99_dp-pri0.2_seed7/bounds/rayleigh-zf-tx1.0-noise1.0_chan-layer2_mcsamples500_norm-frob_seed7_bounds.json
fcn-4,mnist,50,channel_gradient,0.1,0.01,bec,0.1,,,,frob,0.02510000000000001,0.024599999999999955,-0.000500000000000056,True,results/posterior/fcn-4_mnist_learnt_gaussian_sig0.03_bounded-pmin1e-05_epoch50_bs250_lr0.001_mon0.95_dp0.2_objective-channel_gradient-chan0.1-bec-outage0.1-kl0.01_perc-pri0.5_epoch-pri20_bs-pri250_lr-pri0.005_mom-pri0.99_dp-pri0.2_seed7/bounds/bec-outage0.1_chan-layer2_mcsamples500_norm-frob_seed7_bounds.json
cnn-4,mnist,10,channel_gradient,0.01,0.1,bec,0.5,,,,frob,0.02090000000000003,0.018199999999999994,-0.0027000000000000357,True,results/posterior/cnn-4_mnist_learnt_gaussian_sig0.03_bounded-pmin1e-05_epoch10_bs250_lr0.001_mon0.95_dp0.2_objective-channel_gradient-chan0.01-bec-outage0.5-kl0.1_perc-pri0.5_epoch-pri70_bs-pri250_lr-pri0.005_mom-pri0.99_dp-pri0.2_seed7/bounds/bec-outage0.5_chan-layer2_mcsamples500_norm-frob_seed7_bounds.json
fcn-4,mnist,50,channel_norm,1.0,0.1,bec,0.5,,,,frob,0.9043,0.03249999999999997,-0.8718,True,results/posterior/fcn-4_mnist_learnt_gaussian_sig0.03_bounded-pmin1e-05_epoch50_bs250_lr0.001_mon0.95_dp0.2_objective-channel_norm-chan1.0-bec-outage0.5-kl0.1_perc-pri0.5_epoch-pri20_bs-pri250_lr-pri0.005_mom-pri0.99_dp-pri0.2_seed7/bounds/bec-outage0.5_chan-layer2_mcsamples500_norm-frob_seed7_bounds.json
fcn-4,mnist,30,channel_norm,0.01,0.1,rayleigh_zf,,1.0,1.0,0.0,frob,0.10050000000000003,,,True,results/posterior/fcn-4_mnist_learnt_gaussian_sig0.03_bounded-pmin1e-05_epoch30_bs250_lr0.001_mon0.95_dp0.2_objective-channel_norm-chan0.01-rayleigh-zf-tx1.0-noise1.0-kl0.1_perc-pri0.5_epoch-pri20_bs-pri250_lr-pri0.005_mom-pri0.99_dp-pri0.2_seed7/bounds/rayleigh-zf-tx1.0-noise1.0_chan-layer2_mcsamples500_norm-frob_seed7_bounds.json
cnn-9,cifar10,50,channel_norm,0.01,1.0,rayleigh_zf,,1.0,1.0,0.0,frob,0.9,0.6052,-0.29480000000000006,False,results/posterior/cnn-9_cifar10_learnt_gaussian_sig0.03_bounded-pmin1e-05_epoch50_bs250_lr0.001_mon0.95_dp0.2_objective-channel_norm-chan0.01-rayleigh-zf-tx1.0-noise1.0-kl1.0_perc-pri0.5_epoch-pri70_bs-pri250_lr-pri0.005_mom-pri0.99_dp-pri0.2_seed7/bounds/rayleigh-zf-tx1.0-noise1.0_chan-layer4_mcsamples500_norm-frob_seed7_bounds.json
cnn-9,cifar10,50,channel_norm,1.0,0.01,rayleigh_zf,,1.0,1.0,0.0,frob,0.9,0.6052,-0.29480000000000006,False,results/posterior/cnn-9_cifar10_learnt_gaussian_sig0.03_bounded-pmin1e-05_epoch50_bs250_lr0.001_mon0.95_dp0.2_objective-channel_norm-chan1.0-rayleigh-zf-tx1.0-noise1.0-kl0.01_perc-pri0.5_epoch-pri70_bs-pri250_lr-pri0.005_mom-pri0.99_dp-pri0.2_seed7/bounds/rayleigh-zf-tx1.0-noise1.0_chan-layer4_mcsamples500_norm-frob_seed7_bounds.json
fcn-4,mnist,50,channel_norm,1.0,1.0,rayleigh_zf,,1.0,1.0,0.0,frob,0.1451,0.11240000000000006,-0.03269999999999995,True,results/posterior/fcn-4_mnist_learnt_gaussian_sig0.03_bounded-pmin1e-05_epoch50_bs250_lr0.001_mon0.95_dp0.2_objective-channel_norm-chan1.0-rayleigh-zf-tx1.0-noise1.0-kl1.0_perc-pri0.5_epoch-pri20_bs-pri250_lr-pri0.005_mom-pri0.99_dp-pri0.2_seed7/bounds/rayleigh-zf-tx1.0-noise1.0_chan-layer2_mcsamples500_norm-frob_seed7_bounds.json
fcn-4,mnist,10,channel_norm,0.1,0.1,rayleigh_zf,,1.0,0.1,10.0,frob,0.04239999999999999,0.03610000000000002,-0.006299999999999972,True,results/posterior/fcn-4_mnist_learnt_gaussian_sig0.03_bounded-pmin1e-05_epoch10_bs250_lr0.001_mon0.95_dp0.2_objective-channel_norm-chan0.1-rayleigh-zf-tx1.0-noise0.1-kl0.1_perc-pri0.5_epoch-pri20_bs-pri250_lr-pri0.005_mom-pri0.99_dp-pri0.2_seed7/bounds/rayleigh-zf-tx1.0-noise0.1_chan-layer2_mcsamples500_norm-frob_seed7_bounds.json
fcn-4,mnist,20,channel_norm,0.01,1.0,rayleigh_zf,,1.0,0.1,10.0,frob,0.04159999999999997,0.035800000000000054,-0.005799999999999916,True,results/posterior/fcn-4_mnist_learnt_gaussian_sig0.03_bounded-pmin1e-05_epoch20_bs250_lr0.001_mon0.95_dp0.2_objective-channel_norm-chan0.01-rayleigh-zf-tx1.0-noise0.1-kl1.0_perc-pri0.5_epoch-pri20_bs-pri250_lr-pri0.005_mom-pri0.99_dp-pri0.2_seed7/bounds/rayleigh-zf-tx1.0-noise0.1_chan-layer2_mcsamples500_norm-frob_seed7_bounds.json
fcn-4,mnist,50,channel_norm,0.01,1.0,bec,0.1,,,,frob,0.03059999999999996,0.024599999999999955,-0.006000000000000005,True,results/posterior/fcn-4_mnist_learnt_gaussian_sig0.03_bounded-pmin1e-05_epoch50_bs250_lr0.001_mon0.95_dp0.2_objective-channel_norm-chan0.01-bec-outage0.1-kl1.0_perc-pri0.5_epoch-pri20_bs-pri250_lr-pri0.005_mom-pri0.99_dp-pri0.2_seed7/bounds/bec-outage0.1_chan-layer2_mcsamples500_norm-frob_seed7_bounds.json
fcn-4,mnist,20,channel_norm,0.1,0.01,bec,0.1,,,,frob,0.8808,0.02629999999999999,-0.8545,True,results/posterior/fcn-4_mnist_learnt_gaussian_sig0.03_bounded-pmin1e-05_epoch20_bs250_lr0.001_mon0.95_dp0.2_objective-channel_norm-chan0.1-bec-outage0.1-kl0.01_perc-pri0.5_epoch-pri20_bs-pri250_lr-pri0.005_mom-pri0.99_dp-pri0.2_seed7/bounds/bec-outage0.1_chan-layer2_mcsamples500_norm-frob_seed7_bounds.json
cnn-4,mnist,30,channel_gradient,0.01,0.01,rayleigh_zf,,1.0,1.0,0.0,frob,0.2733,0.3106,0.0373,False,results/posterior/cnn-4_mnist_learnt_gaussian_sig0.03_bounded-pmin1e-05_epoch30_bs250_lr0.001_mon0.95_dp0.2_objective-channel_gradient-chan0.01-rayleigh-zf-tx1.0-noise1.0-kl0.01_perc-pri0.5_epoch-pri70_bs-pri250_lr-pri0.005_mom-pri0.99_dp-pri0.2_seed7/bounds/rayleigh-zf-tx1.0-noise1.0_chan-layer2_mcsamples500_norm-frob_seed7_bounds.json
cnn-4,mnist,50,channel_norm,1.0,1.0,rayleigh_zf,,1.0,0.1,10.0,frob,0.10029999999999994,0.08420000000000005,-0.016099999999999892,True,results/posterior/cnn-4_mnist_learnt_gaussian_sig0.03_bounded-pmin1e-05_epoch50_bs250_lr0.001_mon0.95_dp0.2_objective-channel_norm-chan1.0-rayleigh-zf-tx1.0-noise0.1-kl1.0_perc-pri0.5_epoch-pri70_bs-pri250_lr-pri0.005_mom-pri0.99_dp-pri0.2_seed7/bounds/rayleigh-zf-tx1.0-noise0.1_chan-layer2_mcsamples500_norm-frob_seed7_bounds.json
cnn-9,cifar10,10,channel_gradient,0.01,0.1,rayleigh_zf,,1.0,1.0,0.0,frob,0.5037,0.5798,0.07609999999999995,True,results/posterior/cnn-9_cifar10_learnt_gaussian_sig0.03_bounded-pmin1e-05_epoch10_bs250_lr0.001_mon0.95_dp0.2_objective-channel_gradient-chan0.01-rayleigh-zf-tx1.0-noise1.0-kl0.1_perc-pri0.5_epoch-pri70_bs-pri250_lr-pri0.005_mom-pri0.99_dp-pri0.2_seed7/bounds/rayleigh-zf-tx1.0-noise1.0_chan-layer4_mcsamples500_norm-frob_seed7_bounds.json
fcn-4,mnist,10,channel_norm,1.0,0.1,bec,0.5,,,,frob,0.8967,0.03380000000000005,-0.8629,True,results/posterior/fcn-4_mnist_learnt_gaussian_sig0.03_bounded-pmin1e-05_epoch10_bs250_lr0.001_mon0.95_dp0.2_objective-channel_norm-chan1.0-bec-outage0.5-kl0.1_perc-pri0.5_epoch-pri20_bs-pri250_lr-pri0.005_mom-pri0.99_dp-pri0.2_seed7/bounds/bec-outage0.5_chan-layer2_mcsamples500_norm-frob_seed7_bounds.json
fcn-4,mnist,20,channel_norm,0.1,0.1,rayleigh_zf,,1.0,1.0,0.0,frob,0.12109999999999999,0.10629999999999995,-0.014800000000000035,True,results/posterior/fcn-4_mnist_learnt_gaussian_sig0.03_bounded-pmin1e-05_epoch20_bs250_lr0.001_mon0.95_dp0.2_objective-channel_norm-chan0.1-rayleigh-zf-tx1.0-noise1.0-kl0.1_perc-pri0.5_epoch-pri20_bs-pri250_lr-pri0.005_mom-pri0.99_dp-pri0.2_seed7/bounds/rayleigh-zf-tx1.0-noise1.0_chan-layer2_mcsamples500_norm-frob_seed7_bounds.json
fcn-4,mnist,30,channel_gradient,0.01,0.01,bec,0.5,,,,frob,0.03600000000000003,,,True,results/posterior/fcn-4_mnist_learnt_gaussian_sig0.03_bounded-pmin1e-05_epoch30_bs250_lr0.001_mon0.95_dp0.2_objective-channel_gradient-chan0.01-bec-outage0.5-kl0.01_perc-pri0.5_epoch-pri20_bs-pri250_lr-pri0.005_mom-pri0.99_dp-pri0.2_seed7/bounds/bec-outage0.5_chan-layer2_mcsamples500_norm-frob_seed7_bounds.json
fcn-4,mnist,50,channel_norm,1.0,1.0,bec,0.5,,,,frob,0.8791,0.03249999999999997,-0.8466,True,results/posterior/fcn-4_mnist_learnt_gaussian_sig0.03_bounded-pmin1e-05_epoch50_bs250_lr0.001_mon0.95_dp0.2_objective-channel_norm-chan1.0-bec-outage0.5-kl1.0_perc-pri0.5_epoch-pri20_bs-pri250_lr-pri0.005_mom-pri0.99_dp-pri0.2_seed7/bounds/bec-outage0.5_chan-layer2_mcsamples500_norm-frob_seed7_bounds.json
cnn-9,cifar10,20,channel_gradient,0.1,0.01,rayleigh_zf,,1.0,0.1,10.0,frob,0.36560000000000004,0.3813,0.015699999999999936,True,results/posterior/cnn-9_cifar10_learnt_gaussian_sig0.03_bounded-pmin1e-05_epoch20_bs250_lr0.001_mon0.95_dp0.2_objective-channel_gradient-chan0.1-rayleigh-zf-tx1.0-noise0.1-kl0.01_perc-pri0.5_epoch-pri70_bs-pri250_lr-pri0.005_mom-pri0.99_dp-pri0.2_seed7/bounds/rayleigh-zf-tx1.0-noise0.1_chan-layer4_mcsamples500_norm-frob_seed7_bounds.json
fcn-4,mnist,30,channel_gradient,0.1,0.01,bec,0.1,,,,frob,0.026000000000000023,,,True,results/posterior/fcn-4_mnist_learnt_gaussian_sig0.03_bounded-pmin1e-05_epoch30_bs250_lr0.001_mon0.95_dp0.2_objective-channel_gradient-chan0.1-bec-outage0.1-kl0.01_perc-pri0.5_epoch-pri20_bs-pri250_lr-pri0.005_mom-pri0.99_dp-pri0.2_seed7/bounds/bec-outage0.1_chan-layer2_mcsamples500_norm-frob_seed7_bounds.json
cnn-4,mnist,10,channel_norm,1.0,0.1,rayleigh_zf,,1.0,1.0,0.0,frob,0.8897,0.2764,-0.6133000000000001,True,results/posterior/cnn-4_mnist_learnt_gaussian_sig0.03_bounded-pmin1e-05_epoch10_bs250_lr0.001_mon0.95_dp0.2_objective-channel_norm-chan1.0-rayleigh-zf-tx1.0-noise1.0-kl0.1_perc-pri0.5_epoch-pri70_bs-pri250_lr-pri0.005_mom-pri0.99_dp-pri0.2_seed7/bounds/rayleigh-zf-tx1.0-noise1.0_chan-layer2_mcsamples500_norm-frob_seed7_bounds.json
cnn-9,cifar10,20,channel_norm,0.01,0.1,bec,0.5,,,,frob,0.9,0.33620000000000005,-0.5638,False,results/posterior/cnn-9_cifar10_learnt_gaussian_sig0.03_bounded-pmin1e-05_epoch20_bs250_lr0.001_mon0.95_dp0.2_objective-channel_norm-chan0.01-bec-outage0.5-kl0.1_perc-pri0.5_epoch-pri70_bs-pri250_lr-pri0.005_mom-pri0.99_dp-pri0.2_seed7/bounds/bec-outage0.5_chan-layer4_mcsamples500_norm-frob_seed7_bounds.json
cnn-9,cifar10,20,channel_gradient,0.1,0.01,bec,0.1,,,,frob,0.2771,0.28290000000000004,0.005800000000000027,True,results/posterior/cnn-9_cifar10_learnt_gaussian_sig0.03_bounded-pmin1e-05_epoch20_bs250_lr0.001_mon0.95_dp0.2_objective-channel_gradient-chan0.1-bec-outage0.1-kl0.01_perc-pri0.5_epoch-pri70_bs-pri250_lr-pri0.005_mom-pri0.99_dp-pri0.2_seed7/bounds/bec-outage0.1_chan-layer4_mcsamples500_norm-frob_seed7_bounds.json
cnn-9,cifar10,50,channel_gradient,0.1,0.01,bec,0.1,,,,frob,0.28390000000000004,0.26680000000000004,-0.017100000000000004,True,results/posterior/cnn-9_cifar10_learnt_gaussian_sig0.03_bounded-pmin1e-05_epoch50_bs250_lr0.001_mon0.95_dp0.2_objective-channel_gradient-chan0.1-bec-outage0.1-kl0.01_perc-pri0.5_epoch-pri70_bs-pri250_lr-pri0.005_mom-pri0.99_dp-pri0.2_seed7/bounds/bec-outage0.1_chan-layer4_mcsamples500_norm-frob_seed7_bounds.json
cnn-9,cifar10,30,channel_gradient,0.01,0.1,rayleigh_zf,,1.0,0.1,10.0,frob,0.3527,,,True,results/posterior/cnn-9_cifar10_learnt_gaussian_sig0.03_bounded-pmin1e-05_epoch30_bs250_lr0.001_mon0.95_dp0.2_objective-channel_gradient-chan0.01-rayleigh-zf-tx1.0-noise0.1-kl0.1_perc-pri0.5_epoch-pri70_bs-pri250_lr-pri0.005_mom-pri0.99_dp-pri0.2_seed7/bounds/rayleigh-zf-tx1.0-noise0.1_chan-layer4_mcsamples500_norm-frob_seed7_bounds.json
fcn-4,mnist,50,channel_gradient,0.01,1.0,bec,0.5,,,,frob,0.036900000000000044,0.03249999999999997,-0.0044000000000000705,True,results/posterior/fcn-4_mnist_learnt_gaussian_sig0.03_bounded-pmin1e-05_epoch50_bs250_lr0.001_mon0.95_dp0.2_objective-channel_gradient-chan0.01-bec-outage0.5-kl1.0_perc-pri0.5_epoch-pri20_bs-pri250_lr-pri0.005_mom-pri0.99_dp-pri0.2_seed7/bounds/bec-outage0.5_chan-layer2_mcsamples500_norm-frob_seed7_bounds.json
cnn-9,cifar10,50,channel_norm,0.1,0.01,rayleigh_zf,,1.0,0.1,10.0,frob,0.9,0.3829,-0.5171,False,results/posterior/cnn-9_cifar10_learnt_gaussian_sig0.03_bounded-pmin1e-05_epoch50_bs250_lr0.001_mon0.95_dp0.2_objective-channel_norm-chan0.1-rayleigh-zf-tx1.0-noise0.1-kl0.01_perc-pri0.5_epoch-pri70_bs-pri250_lr-pri0.005_mom-pri0.99_dp-pri0.2_seed7/bounds/rayleigh-zf-tx1.0-noise0.1_chan-layer4_mcsamples500_norm-frob_seed7_bounds.json
cnn-4,mnist,30,channel_gradient,1.0,0.01,bec,0.5,,,,frob,0.01759999999999995,0.019499999999999962,0.0019000000000000128,True,results/posterior/cnn-4_mnist_learnt_gaussian_sig0.03_bounded-pmin1e-05_epoch30_bs250_lr0.001_mon0.95_dp0.2_objective-channel_gradient-chan1.0-bec-outage0.5-kl0.01_perc-pri0.5_epoch-pri70_bs-pri250_lr-pri0.005_mom-pri0.99_dp-pri0.2_seed7/bounds/bec-outage0.5_chan-layer2_mcsamples500_norm-frob_seed7_bounds.json
cnn-4,mnist,50,channel_gradient,1.0,0.01,bec,0.5,,,,frob,0.016800000000000037,0.018299999999999983,0.0014999999999999458,True,results/posterior/cnn-4_mnist_learnt_gaussian_sig0.03_bounded-pmin1e-05_epoch50_bs250_lr0.001_mon0.95_dp0.2_objective-channel_gradient-chan1.0-bec-outage0.5-kl0.01_perc-pri0.5_epoch-pri70_bs-pri250_lr-pri0.005_mom-pri0.99_dp-pri0.2_seed7/bounds/bec-outage0.5_chan-layer2_mcsamples500_norm-frob_seed7_bounds.json
fcn-4,mnist,20,channel_gradient,0.1,0.01,rayleigh_zf,,1.0,0.1,10.0,frob,0.039000000000000035,0.035800000000000054,-0.0031999999999999806,True,results/posterior/fcn-4_mnist_learnt_gaussian_sig0.03_bounded-pmin1e-05_epoch20_bs250_lr0.001_mon0.95_dp0.2_objective-channel_gradient-chan0.1-rayleigh-zf-tx1.0-noise0.1-kl0.01_perc-pri0.5_epoch-pri20_bs-pri250_lr-pri0.005_mom-pri0.99_dp-pri0.2_seed7/bounds/rayleigh-zf-tx1.0-noise0.1_chan-layer2_mcsamples500_norm-frob_seed7_bounds.json
cnn-4,mnist,20,channel_gradient,1.0,0.1,rayleigh_zf,,1.0,0.1,10.0,frob,0.0695,0.07320000000000004,0.0037000000000000366,True,results/posterior/cnn-4_mnist_learnt_gaussian_sig0.03_bounded-pmin1e-05_epoch20_bs250_lr0.001_mon0.95_dp0.2_objective-channel_gradient-chan1.0-rayleigh-zf-tx1.0-noise0.1-kl0.1_perc-pri0.5_epoch-pri70_bs-pri250_lr-pri0.005_mom-pri0.99_dp-pri0.2_seed7/bounds/rayleigh-zf-tx1.0-noise0.1_chan-layer2_mcsamples500_norm-frob_seed7_bounds.json
cnn-9,cifar10,30,channel_gradient,1.0,0.1,bec,0.1,,,,frob,0.2834,,,True,results/posterior/cnn-9_cifar10_learnt_gaussian_sig0.03_bounded-pmin1e-05_epoch30_bs250_lr0.001_mon0.95_dp0.2_objective-channel_gradient-chan1.0-bec-outage0.1-kl0.1_perc-pri0.5_epoch-pri70_bs-pri250_lr-pri0.005_mom-pri0.99_dp-pri0.2_seed7/bounds/bec-outage0.1_chan-layer4_mcsamples500_norm-frob_seed7_bounds.json
fcn-4,mnist,20,channel_norm,1.0,1.0,bec,0.5,,,,frob,0.7547,0.03320000000000001,-0.7215,True,results/posterior/fcn-4_mnist_learnt_gaussian_sig0.03_bounded-pmin1e-05_epoch20_bs250_lr0.001_mon0.95_dp0.2_objective-channel_norm-chan1.0-bec-outage0.5-kl1.0_perc-pri0.5_epoch-pri20_bs-pri250_lr-pri0.005_mom-pri0.99_dp-pri0.2_seed7/bounds/bec-outage0.5_chan-layer2_mcsamples500_norm-frob_seed7_bounds.json
cnn-9,cifar10,20,channel_gradient,0.1,1.0,bec,0.5,,,,frob,0.3335,0.33620000000000005,0.0027000000000000357,True,results/posterior/cnn-9_cifar10_learnt_gaussian_sig0.03_bounded-pmin1e-05_epoch20_bs250_lr0.001_mon0.95_dp0.2_objective-channel_gradient-chan0.1-bec-outage0.5-kl1.0_perc-pri0.5_epoch-pri70_bs-pri250_lr-pri0.005_mom-pri0.99_dp-pri0.2_seed7/bounds/bec-outage0.5_chan-layer4_mcsamples500_norm-frob_seed7_bounds.json
cnn-9,cifar10,20,channel_norm,1.0,1.0,bec,0.1,,,,frob,0.9,0.28290000000000004,-0.6171,False,results/posterior/cnn-9_cifar10_learnt_gaussian_sig0.03_bounded-pmin1e-05_epoch20_bs250_lr0.001_mon0.95_dp0.2_objective-channel_norm-chan1.0-bec-outage0.1-kl1.0_perc-pri0.5_epoch-pri70_bs-pri250_lr-pri0.005_mom-pri0.99_dp-pri0.2_seed7/bounds/bec-outage0.1_chan-layer4_mcsamples500_norm-frob_seed7_bounds.json
cnn-9,cifar10,30,channel_gradient,1.0,1.0,bec,0.5,,,,frob,0.364,,,True,results/posterior/cnn-9_cifar10_learnt_gaussian_sig0.03_bounded-pmin1e-05_epoch30_bs250_lr0.001_mon0.95_dp0.2_objective-channel_gradient-chan1.0-bec-outage0.5-kl1.0_perc-pri0.5_epoch-pri70_bs-pri250_lr-pri0.005_mom-pri0.99_dp-pri0.2_seed7/bounds/bec-outage0.5_chan-layer4_mcsamples500_norm-frob_seed7_bounds.json
cnn-9,cifar10,20,channel_gradient,0.1,0.1,rayleigh_zf,,1.0,1.0,0.0,frob,0.5102,0.5969,0.0867,True,results/posterior/cnn-9_cifar10_learnt_gaussian_sig0.03_bounded-pmin1e-05_epoch20_bs250_lr0.001_mon0.95_dp0.2_objective-channel_gradient-chan0.1-rayleigh-zf-tx1.0-noise1.0-kl0.1_perc-pri0.5_epoch-pri70_bs-pri250_lr-pri0.005_mom-pri0.99_dp-pri0.2_seed7/bounds/rayleigh-zf-tx1.0-noise1.0_chan-layer4_mcsamples500_norm-frob_seed7_bounds.json
cnn-9,cifar10,10,channel_norm,0.01,0.01,bec,0.1,,,,frob,0.9,0.2921,-0.6079,False,results/posterior/cnn-9_cifar10_learnt_gaussian_sig0.03_bounded-pmin1e-05_epoch10_bs250_lr0.001_mon0.95_dp0.2_objective-channel_norm-chan0.01-bec-outage0.1-kl0.01_perc-pri0.5_epoch-pri70_bs-pri250_lr-pri0.005_mom-pri0.99_dp-pri0.2_seed7/bounds/bec-outage0.1_chan-layer4_mcsamples500_norm-frob_seed7_bounds.json
fcn-4,mnist,50,channel_gradient,0.1,0.1,bec,0.1,,,,frob,0.02739999999999998,0.024599999999999955,-0.0028000000000000247,True,results/posterior/fcn-4_mnist_learnt_gaussian_sig0.03_bounded-pmin1e-05_epoch50_bs250_lr0.001_mon0.95_dp0.2_objective-channel_gradient-chan0.1-bec-outage0.1-kl0.1_perc-pri0.5_epoch-pri20_bs-pri250_lr-pri0.005_mom-pri0.99_dp-pri0.2_seed7/bounds/bec-outage0.1_chan-layer2_mcsamples500_norm-frob_seed7_bounds.json
fcn-4,mnist,10,channel_norm,0.01,0.01,bec,0.5,,,,frob,0.8766,0.03380000000000005,-0.8428,True,results/posterior/fcn-4_mnist_learnt_gaussian_sig0.03_bounded-pmin1e-05_epoch10_bs250_lr0.001_mon0.95_dp0.2_objective-channel_norm-chan0.01-bec-outage0.5-kl0.01_perc-pri0.5_epoch-pri20_bs-pri250_lr-pri0.005_mom-pri0.99_dp-pri0.2_seed7/bounds/bec-outage0.5_chan-layer2_mcsamples500_norm-frob_seed7_bounds.json
cnn-9,cifar10,20,channel_gradient,1.0,1.0,bec,0.1,,,,frob,0.29500000000000004,0.28290000000000004,-0.0121,True,results/posterior/cnn-9_cifar10_learnt_gaussian_sig0.03_bounded-pmin1e-05_epoch20_bs250_lr0.001_mon0.95_dp0.2_objective-channel_gradient-chan1.0-bec-outage0.1-kl1.0_perc-pri0.5_epoch-pri70_bs-pri250_lr-pri0.005_mom-pri0.99_dp-pri0.2_seed7/bounds/bec-outage0.1_chan-layer4_mcsamples500_norm-frob_seed7_bounds.json
cnn-9,cifar10,20,channel_norm,1.0,0.1,rayleigh_zf,,1.0,0.1,10.0,frob,0.9,0.3813,-0.5187,False,results/posterior/cnn-9_cifar10_learnt_gaussian_sig0.03_bounded-pmin1e-05_epoch20_bs250_lr0.001_mon0.95_dp0.2_objective-channel_norm-chan1.0-rayleigh-zf-tx1.0-noise0.1-kl0.1_perc-pri0.5_epoch-pri70_bs-pri250_lr-pri0.005_mom-pri0.99_dp-pri0.2_seed7/bounds/rayleigh-zf-tx1.0-noise0.1_chan-layer4_mcsamples500_norm-frob_seed7_bounds.json
fcn-4,mnist,10,channel_norm,1.0,0.01,bec,0.1,,,,frob,0.9052,0.02629999999999999,-0.8789,True,results/posterior/fcn-4_mnist_learnt_gaussian_sig0.03_bounded-pmin1e-05_epoch10_bs250_lr0.001_mon0.95_dp0.2_objective-channel_norm-chan1.0-bec-outage0.1-kl0.01_perc-pri0.5_epoch-pri20_bs-pri250_lr-pri0.005_mom-pri0.99_dp-pri0.2_seed7/bounds/bec-outage0.1_chan-layer2_mcsamples500_norm-frob_seed7_bounds.json
fcn-4,mnist,30,channel_gradient,1.0,1.0,bec,0.5,,,,frob,0.04359999999999997,,,True,results/posterior/fcn-4_mnist_learnt_gaussian_sig0.03_bounded-pmin1e-05_epoch30_bs250_lr0.001_mon0.95_dp0.2_objective-channel_gradient-chan1.0-bec-outage0.5-kl1.0_perc-pri0.5_epoch-pri20_bs-pri250_lr-pri0.005_mom-pri0.99_dp-pri0.2_seed7/bounds/bec-outage0.5_chan-layer2_mcsamples500_norm-frob_seed7_bounds.json
cnn-4,mnist,30,channel_gradient,0.1,0.01,bec,0.5,,,,frob,0.019199999999999995,0.019499999999999962,0.00029999999999996696,True,results/posterior/cnn-4_mnist_learnt_gaussian_sig0.03_bounded-pmin1e-05_epoch30_bs250_lr0.001_mon0.95_dp0.2_objective-channel_gradient-chan0.1-bec-outage0.5-kl0.01_perc-pri0.5_epoch-pri70_bs-pri250_lr-pri0.005_mom-pri0.99_dp-pri0.2_seed7/bounds/bec-outage0.5_chan-layer2_mcsamples500_norm-frob_seed7_bounds.json
cnn-4,mnist,50,channel_norm,1.0,0.1,rayleigh_zf,,1.0,0.1,10.0,frob,0.8903,0.08420000000000005,-0.8060999999999999,True,results/posterior/cnn-4_mnist_learnt_gaussian_sig0.03_bounded-pmin1e-05_epoch50_bs250_lr0.001_mon0.95_dp0.2_objective-channel_norm-chan1.0-rayleigh-zf-tx1.0-noise0.1-kl0.1_perc-pri0.5_epoch-pri70_bs-pri250_lr-pri0.005_mom-pri0.99_dp-pri0.2_seed7/bounds/rayleigh-zf-tx1.0-noise0.1_chan-layer2_mcsamples500_norm-frob_seed7_bounds.json
fcn-4,mnist,30,channel_norm,0.01,0.01,bec,0.1,,,,frob,0.8786,,,True,results/posterior/fcn-4_mnist_learnt_gaussian_sig0.03_bounded-pmin1e-05_epoch30_bs250_lr0.001_mon0.95_dp0.2_objective-channel_norm-chan0.01-bec-outage0.1-kl0.01_perc-pri0.5_epoch-pri20_bs-pri250_lr-pri0.005_mom-pri0.99_dp-pri0.2_seed7/bounds/bec-outage0.1_chan-layer2_mcsamples500_norm-frob_seed7_bounds.json
cnn-4,mnist,30,channel_gradient,0.1,1.0,bec,0.1,,,,frob,0.013599999999999945,0.013299999999999979,-0.00029999999999996696,True,results/posterior/cnn-4_mnist_learnt_gaussian_sig0.03_bounded-pmin1e-05_epoch30_bs250_lr0.001_mon0.95_dp0.2_objective-channel_gradient-chan0.1-bec-outage0.1-kl1.0_perc-pri0.5_epoch-pri70_bs-pri250_lr-pri0.005_mom-pri0.99_dp-pri0.2_seed7/bounds/bec-outage0.1_chan-layer2_mcsamples500_norm-frob_seed7_bounds.json
fcn-4,mnist,10,channel_norm,0.1,1.0,bec,0.1,,,,frob,0.033299999999999996,0.02629999999999999,-0.007000000000000006,True,results/posterior/fcn-4_mnist_learnt_gaussian_sig0.03_bounded-pmin1e-05_epoch10_bs250_lr0.001_mon0.95_dp0.2_objective-channel_norm-chan0.1-bec-outage0.1-kl1.0_perc-pri0.5_epoch-pri20_bs-pri250_lr-pri0.005_mom-pri0.99_dp-pri0.2_seed7/bounds/bec-outage0.1_chan-layer2_mcsamples500_norm-frob_seed7_bounds.json
cnn-4,mnist,20,channel_gradient,0.1,0.01,bec,0.5,,,,frob,0.018900000000000028,0.017900000000000027,-0.0010000000000000009,True,results/posterior/cnn-4_mnist_learnt_gaussian_sig0.03_bounded-pmin1e-05_epoch20_bs250_lr0.001_mon0.95_dp0.2_objective-channel_gradient-chan0.1-bec-outage0.5-kl0.01_perc-pri0.5_epoch-pri70_bs-pri250_lr-pri0.005_mom-pri0.99_dp-pri0.2_seed7/bounds/bec-outage0.5_chan-layer2_mcsamples500_norm-frob_seed7_bounds.json
cnn-9,cifar10,30,channel_norm,0.01,0.1,rayleigh_zf,,1.0,1.0,0.0,frob,0.9,,,False,results/posterior/cnn-9_cifar10_learnt_gaussian_sig0.03_bounded-pmin1e-05_epoch30_bs250_lr0.001_mon0.95_dp0.2_objective-channel_norm-chan0.01-rayleigh-zf-tx1.0-noise1.0-kl0.1_perc-pri0.5_epoch-pri70_bs-pri250_lr-pri0.005_mom-pri0.99_dp-pri0.2_seed7/bounds/rayleigh-zf-tx1.0-noise1.0_chan-layer4_mcsamples500_norm-frob_seed7_bounds.json
cnn-9,cifar10,20,channel_norm,0.1,0.01,bec,0.5,,,,frob,0.9,0.33620000000000005,-0.5638,False,results/posterior/cnn-9_cifar10_learnt_gaussian_sig0.03_bounded-pmin1e-05_epoch20_bs250_lr0.001_mon0.95_dp0.2_objective-channel_norm-chan0.1-bec-outage0.5-kl0.01_perc-pri0.5_epoch-pri70_bs-pri250_lr-pri0.005_mom-pri0.99_dp-pri0.2_seed7/bounds/bec-outage0.5_chan-layer4_mcsamples500_norm-frob_seed7_bounds.json
cnn-4,mnist,50,channel_gradient,0.1,0.01,bec,0.1,,,,frob,0.011700000000000044,0.012900000000000023,0.0011999999999999789,True,results/posterior/cnn-4_mnist_learnt_gaussian_sig0.03_bounded-pmin1e-05_epoch50_bs250_lr0.001_mon0.95_dp0.2_objective-channel_gradient-chan0.1-bec-outage0.1-kl0.01_perc-pri0.5_epoch-pri70_bs-pri250_lr-pri0.005_mom-pri0.99_dp-pri0.2_seed7/bounds/bec-outage0.1_chan-layer2_mcsamples500_norm-frob_seed7_bounds.json
fcn-4,mnist,20,channel_norm,0.01,0.01,rayleigh_zf,,1.0,0.1,10.0,frob,0.04049999999999998,0.035800000000000054,-0.0046999999999999265,True,results/posterior/fcn-4_mnist_learnt_gaussian_sig0.03_bounded-pmin1e-05_epoch20_bs250_lr0.001_mon0.95_dp0.2_objective-channel_norm-chan0.01-rayleigh-zf-tx1.0-noise0.1-kl0.01_perc-pri0.5_epoch-pri20_bs-pri250_lr-pri0.005_mom-pri0.99_dp-pri0.2_seed7/bounds/rayleigh-zf-tx1.0-noise0.1_chan-layer2_mcsamples500_norm-frob_seed7_bounds.json
fcn-4,mnist,10,channel_gradient,0.01,0.01,bec,0.5,,,,frob,0.03620000000000001,0.03380000000000005,-0.0023999999999999577,True,results/posterior/fcn-4_mnist_learnt_gaussian_sig0.03_bounded-pmin1e-05_epoch10_bs250_lr0.001_mon0.95_dp0.2_objective-channel_gradient-chan0.01-bec-outage0.5-kl0.01_perc-pri0.5_epoch-pri20_bs-pri250_lr-pri0.005_mom-pri0.99_dp-pri0.2_seed7/bounds/bec-outage0.5_chan-layer2_mcsamples500_norm-frob_seed7_bounds.json
cnn-4,mnist,20,channel_gradient,1.0,0.01,bec,0.1,,,,frob,0.012599999999999945,0.01319999999999999,0.0006000000000000449,True,results/posterior/cnn-4_mnist_learnt_gaussian_sig0.03_bounded-pmin1e-05_epoch20_bs250_lr0.001_mon0.95_dp0.2_objective-channel_gradient-chan1.0-bec-outage0.1-kl0.01_perc-pri0.5_epoch-pri70_bs-pri250_lr-pri0.005_mom-pri0.99_dp-pri0.2_seed7/bounds/bec-outage0.1_chan-layer2_mcsamples500_norm-frob_seed7_bounds.json
fcn-4,mnist,50,channel_norm,0.1,0.01,rayleigh_zf,,1.0,1.0,0.0,frob,0.8873,0.11240000000000006,-0.7748999999999999,True,results/posterior/fcn-4_mnist_learnt_gaussian_sig0.03_bounded-pmin1e-05_epoch50_bs250_lr0.001_mon0.95_dp0.2_objective-channel_norm-chan0.1-rayleigh-zf-tx1.0-noise1.0-kl0.01_perc-pri0.5_epoch-pri20_bs-pri250_lr-pri0.005_mom-pri0.99_dp-pri0.2_seed7/bounds/rayleigh-zf-tx1.0-noise1.0_chan-layer2_mcsamples500_norm-frob_seed7_bounds.json
cnn-9,cifar10,10,channel_norm,0.1,0.1,rayleigh_zf,,1.0,0.1,10.0,frob,0.9,0.3752,-0.5248,False,results/posterior/cnn-9_cifar10_learnt_gaussian_sig0.03_bounded-pmin1e-05_epoch10_bs250_lr0.001_mon0.95_dp0.2_objective-channel_norm-chan0.1-rayleigh-zf-tx1.0-noise0.1-kl0.1_perc-pri0.5_epoch-pri70_bs-pri250_lr-pri0.005_mom-pri0.99_dp-pri0.2_seed7/bounds/rayleigh-zf-tx1.0-noise0.1_chan-layer4_mcsamples500_norm-frob_seed7_bounds.json
cnn-9,cifar10,10,channel_gradient,0.01,1.0,bec,0.5,,,,frob,0.3348,0.3418,0.007000000000000006,True,results/posterior/cnn-9_cifar10_learnt_gaussian_sig0.03_bounded-pmin1e-05_epoch10_bs250_lr0.001_mon0.95_dp0.2_objective-channel_gradient-chan0.01-bec-outage0.5-kl1.0_perc-pri0.5_epoch-pri70_bs-pri250_lr-pri0.005_mom-pri0.99_dp-pri0.2_seed7/bounds/bec-outage0.5_chan-layer4_mcsamples500_norm-frob_seed7_bounds.json
cnn-4,mnist,30,channel_gradient,0.01,1.0,rayleigh_zf,,1.0,0.1,10.0,frob,0.06659999999999999,0.08220000000000005,0.015600000000000058,True,results/posterior/cnn-4_mnist_learnt_gaussian_sig0.03_bounded-pmin1e-05_epoch30_bs250_lr0.001_mon0.95_dp0.2_objective-channel_gradient-chan0.01-rayleigh-zf-tx1.0-noise0.1-kl1.0_perc-pri0.5_epoch-pri70_bs-pri250_lr-pri0.005_mom-pri0.99_dp-pri0.2_seed7/bounds/rayleigh-zf-tx1.0-noise0.1_chan-layer2_mcsamples500_norm-frob_seed7_bounds.json
cnn-9,cifar10,10,channel_gradient,0.01,0.01,rayleigh_zf,,1.0,0.1,10.0,frob,0.364,0.3752,0.011199999999999988,True,results/posterior/cnn-9_cifar10_learnt_gaussian_sig0.03_bounded-pmin1e-05_epoch10_bs250_lr0.001_mon0.95_dp0.2_objective-channel_gradient-chan0.01-rayleigh-zf-tx1.0-noise0.1-kl0.01_perc-pri0.5_epoch-pri70_bs-pri250_lr-pri0.005_mom-pri0.99_dp-pri0.2_seed7/bounds/rayleigh-zf-tx1.0-noise0.1_chan-layer4_mcsamples500_norm-frob_seed7_bounds.json
cnn-9,cifar10,20,channel_norm,1.0,1.0,rayleigh_zf,,1.0,0.1,10.0,frob,0.9,0.3813,-0.5187,False,results/posterior/cnn-9_cifar10_learnt_gaussian_sig0.03_bounded-pmin1e-05_epoch20_bs250_lr0.001_mon0.95_dp0.2_objective-channel_norm-chan1.0-rayleigh-zf-tx1.0-noise0.1-kl1.0_perc-pri0.5_epoch-pri70_bs-pri250_lr-pri0.005_mom-pri0.99_dp-pri0.2_seed7/bounds/rayleigh-zf-tx1.0-noise0.1_chan-layer4_mcsamples500_norm-frob_seed7_bounds.json
cnn-4,mnist,10,channel_norm,0.01,0.01,bec,0.5,,,,frob,0.7502,0.018199999999999994,-0.732,True,results/posterior/cnn-4_mnist_learnt_gaussian_sig0.03_bounded-pmin1e-05_epoch10_bs250_lr0.001_mon0.95_dp0.2_objective-channel_norm-chan0.01-bec-outage0.5-kl0.01_perc-pri0.5_epoch-pri70_bs-pri250_lr-pri0.005_mom-pri0.99_dp-pri0.2_seed7/bounds/bec-outage0.5_chan-layer2_mcsamples500_norm-frob_seed7_bounds.json
cnn-4,mnist,20,channel_gradient,0.1,0.1,rayleigh_zf,,1.0,1.0,0.0,frob,0.268,0.28959999999999997,0.021599999999999953,False,results/posterior/cnn-4_mnist_learnt_gaussian_sig0.03_bounded-pmin1e-05_epoch20_bs250_lr0.001_mon0.95_dp0.2_objective-channel_gradient-chan0.1-rayleigh-zf-tx1.0-noise1.0-kl0.1_perc-pri0.5_epoch-pri70_bs-pri250_lr-pri0.005_mom-pri0.99_dp-pri0.2_seed7/bounds/rayleigh-zf-tx1.0-noise1.0_chan-layer2_mcsamples500_norm-frob_seed7_bounds.json
cnn-4,mnist,30,channel_norm,0.1,0.1,rayleigh_zf,,1.0,0.1,10.0,frob,0.0978,0.08220000000000005,-0.015599999999999947,True,results/posterior/cnn-4_mnist_learnt_gaussian_sig0.03_bounded-pmin1e-05_epoch30_bs250_lr0.001_mon0.95_dp0.2_objective-channel_norm-chan0.1-rayleigh-zf-tx1.0-noise0.1-kl0.1_perc-pri0.5_epoch-pri70_bs-pri250_lr-pri0.005_mom-pri0.99_dp-pri0.2_seed7/bounds/rayleigh-zf-tx1.0-noise0.1_chan-layer2_mcsamples500_norm-frob_seed7_bounds.json
cnn-9,cifar10,30,channel_norm,0.01,0.01,bec,0.1,,,,frob,0.9,,,False,results/posterior/cnn-9_cifar10_learnt_gaussian_sig0.03_bounded-pmin1e-05_epoch30_bs250_lr0.001_mon0.95_dp0.2_objective-channel_norm-chan0.01-bec-outage0.1-kl0.01_perc-pri0.5_epoch-pri70_bs-pri250_lr-pri0.005_mom-pri0.99_dp-pri0.2_seed7/bounds/bec-outage0.1_chan-layer4_mcsamples500_norm-frob_seed7_bounds.json
cnn-4,mnist,50,channel_norm,0.01,1.0,bec,0.1,,,,frob,0.01859999999999995,0.012900000000000023,-0.005699999999999927,True,results/posterior/cnn-4_mnist_learnt_gaussian_sig0.03_bounded-pmin1e-05_epoch50_bs250_lr0.001_mon0.95_dp0.2_objective-channel_norm-chan0.01-bec-outage0.1-kl1.0_perc-pri0.5_epoch-pri70_bs-pri250_lr-pri0.005_mom-pri0.99_dp-pri0.2_seed7/bounds/bec-outage0.1_chan-layer2_mcsamples500_norm-frob_seed7_bounds.json
cnn-4,mnist,50,channel_norm,1.0,0.1,bec,0.1,,,,frob,0.902,0.012900000000000023,-0.8891,False,results/posterior/cnn-4_mnist_learnt_gaussian_sig0.03_bounded-pmin1e-05_epoch50_bs250_lr0.001_mon0.95_dp0.2_objective-channel_norm-chan1.0-bec-outage0.1-kl0.1_perc-pri0.5_epoch-pri70_bs-pri250_lr-pri0.005_mom-pri0.99_dp-pri0.2_seed7/bounds/bec-outage0.1_chan-layer2_mcsamples500_norm-frob_seed7_bounds.json
cnn-9,cifar10,10,channel_gradient,1.0,1.0,bec,0.5,,,,frob,0.36129999999999995,0.3418,-0.019499999999999962,True,results/posterior/cnn-9_cifar10_learnt_gaussian_sig0.03_bounded-pmin1e-05_epoch10_bs250_lr0.001_mon0.95_dp0.2_objective-channel_gradient-chan1.0-bec-outage0.5-kl1.0_perc-pri0.5_epoch-pri70_bs-pri250_lr-pri0.005_mom-pri0.99_dp-pri0.2_seed7/bounds/bec-outage0.5_chan-layer4_mcsamples500_norm-frob_seed7_bounds.json
cnn-9,cifar10,50,channel_norm,0.01,1.0,rayleigh_zf,,1.0,0.1,10.0,frob,0.9,0.3829,-0.5171,False,results/posterior/cnn-9_cifar10_learnt_gaussian_sig0.03_bounded-pmin1e-05_epoch50_bs250_lr0.001_mon0.95_dp0.2_objective-channel_norm-chan0.01-rayleigh-zf-tx1.0-noise0.1-kl1.0_perc-pri0.5_epoch-pri70_bs-pri250_lr-pri0.005_mom-pri0.99_dp-pri0.2_seed7/bounds/rayleigh-zf-tx1.0-noise0.1_chan-layer4_mcsamples500_norm-frob_seed7_bounds.json
cnn-9,cifar10,50,channel_norm,0.1,0.1,bec,0.1,,,,frob,0.9,0.26680000000000004,-0.6332,False,results/posterior/cnn-9_cifar10_learnt_gaussian_sig0.03_bounded-pmin1e-05_epoch50_bs250_lr0.001_mon0.95_dp0.2_objective-channel_norm-chan0.1-bec-outage0.1-kl0.1_perc-pri0.5_epoch-pri70_bs-pri250_lr-pri0.005_mom-pri0.99_dp-pri0.2_seed7/bounds/bec-outage0.1_chan-layer4_mcsamples500_norm-frob_seed7_bounds.json
cnn-9,cifar10,30,channel_norm,1.0,0.1,rayleigh_zf,,1.0,0.1,10.0,frob,0.9,,,False,results/posterior/cnn-9_cifar10_learnt_gaussian_sig0.03_bounded-pmin1e-05_epoch30_bs250_lr0.001_mon0.95_dp0.2_objective-channel_norm-chan1.0-rayleigh-zf-tx1.0-noise0.1-kl0.1_perc-pri0.5_epoch-pri70_bs-pri250_lr-pri0.005_mom-pri0.99_dp-pri0.2_seed7/bounds/rayleigh-zf-tx1.0-noise0.1_chan-layer4_mcsamples500_norm-frob_seed7_bounds.json
cnn-4,mnist,30,channel_gradient,0.1,1.0,rayleigh_zf,,1.0,1.0,0.0,frob,0.2623,0.3106,0.04830000000000001,False,results/posterior/cnn-4_mnist_learnt_gaussian_sig0.03_bounded-pmin1e-05_epoch30_bs250_lr0.001_mon0.95_dp0.2_objective-channel_gradient-chan0.1-rayleigh-zf-tx1.0-noise1.0-kl1.0_perc-pri0.5_epoch-pri70_bs-pri250_lr-pri0.005_mom-pri0.99_dp-pri0.2_seed7/bounds/rayleigh-zf-tx1.0-noise1.0_chan-layer2_mcsamples500_norm-frob_seed7_bounds.json
fcn-4,mnist,20,channel_norm,0.01,1.0,bec,0.1,,,,frob,0.02969999999999995,0.02629999999999999,-0.0033999999999999586,True,results/posterior/fcn-4_mnist_learnt_gaussian_sig0.03_bounded-pmin1e-05_epoch20_bs250_lr0.001_mon0.95_dp0.2_objective-channel_norm-chan0.01-bec-outage0.1-kl1.0_perc-pri0.5_epoch-pri20_bs-pri250_lr-pri0.005_mom-pri0.99_dp-pri0.2_seed7/bounds/bec-outage0.1_chan-layer2_mcsamples500_norm-frob_seed7_bounds.json
cnn-9,cifar10,50,channel_gradient,0.01,0.01,bec,0.1,,,,frob,0.28469999999999995,0.26680000000000004,-0.017899999999999916,True,results/posterior/cnn-9_cifar10_learnt_gaussian_sig0.03_bounded-pmin1e-05_epoch50_bs250_lr0.001_mon0.95_dp0.2_objective-channel_gradient-chan0.01-bec-outage0.1-kl0.01_perc-pri0.5_epoch-pri70_bs-pri250_lr-pri0.005_mom-pri0.99_dp-pri0.2_seed7/bounds/bec-outage0.1_chan-layer4_mcsamples500_norm-frob_seed7_bounds.json
cnn-4,mnist,50,channel_norm,0.01,0.01,rayleigh_zf,,1.0,0.1,10.0,frob,0.09809999999999997,0.08420000000000005,-0.013899999999999912,True,results/posterior/cnn-4_mnist_learnt_gaussian_sig0.03_bounded-pmin1e-05_epoch50_bs250_lr0.001_mon0.95_dp0.2_objective-channel_norm-chan0.01-rayleigh-zf-tx1.0-noise0.1-kl0.01_perc-pri0.5_epoch-pri70_bs-pri250_lr-pri0.005_mom-pri0.99_dp-pri0.2_seed7/bounds/rayleigh-zf-tx1.0-noise0.1_chan-layer2_mcsamples500_norm-frob_seed7_bounds.json
cnn-4,mnist,30,channel_gradient,0.1,0.1,rayleigh_zf,,1.0,1.0,0.0,frob,0.2662,0.3106,0.044399999999999995,False,results/posterior/cnn-4_mnist_learnt_gaussian_sig0.03_bounded-pmin1e-05_epoch30_bs250_lr0.001_mon0.95_dp0.2_objective-channel_gradient-chan0.1-rayleigh-zf-tx1.0-noise1.0-kl0.1_perc-pri0.5_epoch-pri70_bs-pri250_lr-pri0.005_mom-pri0.99_dp-pri0.2_seed7/bounds/rayleigh-zf-tx1.0-noise1.0_chan-layer2_mcsamples500_norm-frob_seed7_bounds.json
cnn-9,cifar10,20,channel_gradient,1.0,0.01,rayleigh_zf,,1.0,1.0,0.0,frob,0.7030000000000001,0.5969,-0.10610000000000008,True,results/posterior/cnn-9_cifar10_learnt_gaussian_sig0.03_bounded-pmin1e-05_epoch20_bs250_lr0.001_mon0.95_dp0.2_objective-channel_gradient-chan1.0-rayleigh-zf-tx1.0-noise1.0-kl0.01_perc-pri0.5_epoch-pri70_bs-pri250_lr-pri0.005_mom-pri0.99_dp-pri0.2_seed7/bounds/rayleigh-zf-tx1.0-noise1.0_chan-layer4_mcsamples500_norm-frob_seed7_bounds.json
fcn-4,mnist,20,channel_norm,1.0,0.1,rayleigh_zf,,1.0,1.0,0.0,frob,0.8796,0.10629999999999995,-0.7733000000000001,True,results/posterior/fcn-4_mnist_learnt_gaussian_sig0.03_bounded-pmin1e-05_epoch20_bs250_lr0.001_mon0.95_dp0.2_objective-channel_norm-chan1.0-rayleigh-zf-tx1.0-noise1.0-kl0.1_perc-pri0.5_epoch-pri20_bs-pri250_lr-pri0.005_mom-pri0.99_dp-pri0.2_seed7/bounds/rayleigh-zf-tx1.0-noise1.0_chan-layer2_mcsamples500_norm-frob_seed7_bounds.json
cnn-9,cifar10,30,channel_gradient,0.1,0.1,bec,0.1,,,,frob,0.29469999999999996,,,True,results/posterior/cnn-9_cifar10_learnt_gaussian_sig0.03_bounded-pmin1e-05_epoch30_bs250_lr0.001_mon0.95_dp0.2_objective-channel_gradient-chan0.1-bec-outage0.1-kl0.1_perc-pri0.5_epoch-pri70_bs-pri250_lr-pri0.005_mom-pri0.99_dp-pri0.2_seed7/bounds/bec-outage0.1_chan-layer4_mcsamples500_norm-frob_seed7_bounds.json
cnn-4,mnist,50,channel_gradient,0.01,1.0,bec,0.5,,,,frob,0.018900000000000028,0.018299999999999983,-0.0006000000000000449,True,results/posterior/cnn-4_mnist_learnt_gaussian_sig0.03_bounded-pmin1e-05_epoch50_bs250_lr0.001_mon0.95_dp0.2_objective-channel_gradient-chan0.01-bec-outage0.5-kl1.0_perc-pri0.5_epoch-pri70_bs-pri250_lr-pri0.005_mom-pri0.99_dp-pri0.2_seed7/bounds/bec-outage0.5_chan-layer2_mcsamples500_norm-frob_seed7_bounds.json
cnn-4,mnist,20,channel_norm,1.0,1.0,rayleigh_zf,,1.0,0.1,10.0,frob,0.09960000000000002,0.07320000000000004,-0.02639999999999998,True,results/posterior/cnn-4_mnist_learnt_gaussian_sig0.03_bounded-pmin1e-05_epoch20_bs250_lr0.001_mon0.95_dp0.2_objective-channel_norm-chan1.0-rayleigh-zf-tx1.0-noise0.1-kl1.0_perc-pri0.5_epoch-pri70_bs-pri250_lr-pri0.005_mom-pri0.99_dp-pri0.2_seed7/bounds/rayleigh-zf-tx1.0-noise0.1_chan-layer2_mcsamples500_norm-frob_seed7_bounds.json
cnn-9,cifar10,10,channel_norm,0.1,0.01,bec,0.5,,,,frob,0.9,0.3418,-0.5582,False,results/posterior/cnn-9_cifar10_learnt_gaussian_sig0.03_bounded-pmin1e-05_epoch10_bs250_lr0.001_mon0.95_dp0.2_objective-channel_norm-chan0.1-bec-outage0.5-kl0.01_perc-pri0.5_epoch-pri70_bs-pri250_lr-pri0.005_mom-pri0.99_dp-pri0.2_seed7/bounds/bec-outage0.5_chan-layer4_mcsamples500_norm-frob_seed7_bounds.json
fcn-4,mnist,30,channel_gradient,1.0,1.0,bec,0.1,,,,frob,0.031100000000000017,,,True,results/posterior/fcn-4_mnist_learnt_gaussian_sig0.03_bounded-pmin1e-05_epoch30_bs250_lr0.001_mon0.95_dp0.2_objective-channel_gradient-chan1.0-bec-outage0.1-kl1.0_perc-pri0.5_epoch-pri20_bs-pri250_lr-pri0.005_mom-pri0.99_dp-pri0.2_seed7/bounds/bec-outage0.1_chan-layer2_mcsamples500_norm-frob_seed7_bounds.json
fcn-4,mnist,10,channel_gradient,1.0,0.1,rayleigh_zf,,1.0,0.1,10.0,frob,0.03969999999999996,0.03610000000000002,-0.0035999999999999366,True,results/posterior/fcn-4_mnist_learnt_gaussian_sig0.03_bounded-pmin1e-05_epoch10_bs250_lr0.001_mon0.95_dp0.2_objective-channel_gradient-chan1.0-rayleigh-zf-tx1.0-noise0.1-kl0.1_perc-pri0.5_epoch-pri20_bs-pri250_lr-pri0.005_mom-pri0.99_dp-pri0.2_seed7/bounds/rayleigh-zf-tx1.0-noise0.1_chan-layer2_mcsamples500_norm-frob_seed7_bounds.json
cnn-9,cifar10,50,channel_norm,0.01,0.1,rayleigh_zf,,1.0,1.0,0.0,frob,0.9,0.6052,-0.29480000000000006,False,results/posterior/cnn-9_cifar10_learnt_gaussian_sig0.03_bounded-pmin1e-05_epoch50_bs250_lr0.001_mon0.95_dp0.2_objective-channel_norm-chan0.01-rayleigh-zf-tx1.0-noise1.0-kl0.1_perc-pri0.5_epoch-pri70_bs-pri250_lr-pri0.005_mom-pri0.99_dp-pri0.2_seed7/bounds/rayleigh-zf-tx1.0-noise1.0_chan-layer4_mcsamples500_norm-frob_seed7_bounds.json
cnn-9,cifar10,10,channel_gradient,0.1,1.0,rayleigh_zf,,1.0,1.0,0.0,frob,0.499,0.5798,0.08079999999999998,True,results/posterior/cnn-9_cifar10_learnt_gaussian_sig0.03_bounded-pmin1e-05_epoch10_bs250_lr0.001_mon0.95_dp0.2_objective-channel_gradient-chan0.1-rayleigh-zf-tx1.0-noise1.0-kl1.0_perc-pri0.5_epoch-pri70_bs-pri250_lr-pri0.005_mom-pri0.99_dp-pri0.2_seed7/bounds/rayleigh-zf-tx1.0-noise1.0_chan-layer4_mcsamples500_norm-frob_seed7_bounds.json
cnn-4,mnist,30,channel_gradient,1.0,0.01,bec,0.1,,,,frob,0.011299999999999977,0.013299999999999979,0.0020000000000000018,True,results/posterior/cnn-4_mnist_learnt_gaussian_sig0.03_bounded-pmin1e-05_epoch30_bs250_lr0.001_mon0.95_dp0.2_objective-channel_gradient-chan1.0-bec-outage0.1-kl0.01_perc-pri0.5_epoch-pri70_bs-pri250_lr-pri0.005_mom-pri0.99_dp-pri0.2_seed7/bounds/bec-outage0.1_chan-layer2_mcsamples500_norm-frob_seed7_bounds.json
fcn-4,mnist,50,channel_gradient,0.1,0.01,rayleigh_zf,,1.0,1.0,0.0,frob,0.09689999999999999,0.11240000000000006,0.01550000000000007,True,results/posterior/fcn-4_mnist_learnt_gaussian_sig0.03_bounded-pmin1e-05_epoch50_bs250_lr0.001_mon0.95_dp0.2_objective-channel_gradient-chan0.1-rayleigh-zf-tx1.0-noise1.0-kl0.01_perc-pri0.5_epoch-pri20_bs-pri250_lr-pri0.005_mom-pri0.99_dp-pri0.2_seed7/bounds/rayleigh-zf-tx1.0-noise1.0_chan-layer2_mcsamples500_norm-frob_seed7_bounds.json
cnn-4,mnist,30,channel_norm,0.1,0.1,bec,0.1,,,,frob,0.8692,0.013299999999999979,-0.8559,True,results/posterior/cnn-4_mnist_learnt_gaussian_sig0.03_bounded-pmin1e-05_epoch30_bs250_lr0.001_mon0.95_dp0.2_objective-channel_norm-chan0.1-bec-outage0.1-kl0.1_perc-pri0.5_epoch-pri70_bs-pri250_lr-pri0.005_mom-pri0.99_dp-pri0.2_seed7/bounds/bec-outage0.1_chan-layer2_mcsamples500_norm-frob_seed7_bounds.json
cnn-9,cifar10,50,channel_gradient,1.0,0.01,rayleigh_zf,,1.0,1.0,0.0,frob,0.6956,0.6052,-0.09040000000000004,True,results/posterior/cnn-9_cifar10_learnt_gaussian_sig0.03_bounded-pmin1e-05_epoch50_bs250_lr0.001_mon0.95_dp0.2_objective-channel_gradient-chan1.0-rayleigh-zf-tx1.0-noise1.0-kl0.01_perc-pri0.5_epoch-pri70_bs-pri250_lr-pri0.005_mom-pri0.99_dp-pri0.2_seed7/bounds/rayleigh-zf-tx1.0-noise1.0_chan-layer4_mcsamples500_norm-frob_seed7_bounds.json
cnn-4,mnist,10,channel_gradient,0.1,0.01,bec,0.1,,,,frob,0.012199999999999989,0.013499999999999956,0.0012999999999999678,True,results/posterior/cnn-4_mnist_learnt_gaussian_sig0.03_bounded-pmin1e-05_epoch10_bs250_lr0.001_mon0.95_dp0.2_objective-channel_gradient-chan0.1-bec-outage0.1-kl0.01_perc-pri0.5_epoch-pri70_bs-pri250_lr-pri0.005_mom-pri0.99_dp-pri0.2_seed7/bounds/bec-outage0.1_chan-layer2_mcsamples500_norm-frob_seed7_bounds.json
fcn-4,mnist,30,channel_gradient,0.1,1.0,bec,0.1,,,,frob,0.02849999999999997,,,True,results/posterior/fcn-4_mnist_learnt_gaussian_sig0.03_bounded-pmin1e-05_epoch30_bs250_lr0.001_mon0.95_dp0.2_objective-channel_gradient-chan0.1-bec-outage0.1-kl1.0_perc-pri0.5_epoch-pri20_bs-pri250_lr-pri0.005_mom-pri0.99_dp-pri0.2_seed7/bounds/bec-outage0.1_chan-layer2_mcsamples500_norm-frob_seed7_bounds.json
fcn-4,mnist,50,channel_gradient,1.0,0.1,rayleigh_zf,,1.0,0.1,10.0,frob,0.03939999999999999,0.035599999999999965,-0.0038000000000000256,True,results/posterior/fcn-4_mnist_learnt_gaussian_sig0.03_bounded-pmin1e-05_epoch50_bs250_lr0.001_mon0.95_dp0.2_objective-channel_gradient-chan1.0-rayleigh-zf-tx1.0-noise0.1-kl0.1_perc-pri0.5_epoch-pri20_bs-pri250_lr-pri0.005_mom-pri0.99_dp-pri0.2_seed7/bounds/rayleigh-zf-tx1.0-noise0.1_chan-layer2_mcsamples500_norm-frob_seed7_bounds.json
fcn-4,mnist,30,channel_gradient,1.0,0.1,rayleigh_zf,,1.0,0.1,10.0,frob,0.04049999999999998,,,True,results/posterior/fcn-4_mnist_learnt_gaussian_sig0.03_bounded-pmin1e-05_epoch30_bs250_lr0.001_mon0.95_dp0.2_objective-channel_gradient-chan1.0-rayleigh-zf-tx1.0-noise0.1-kl0.1_perc-pri0.5_epoch-pri20_bs-pri250_lr-pri0.005_mom-pri0.99_dp-pri0.2_seed7/bounds/rayleigh-zf-tx1.0-noise0.1_chan-layer2_mcsamples500_norm-frob_seed7_bounds.json
cnn-9,cifar10,10,channel_norm,1.0,1.0,rayleigh_zf,,1.0,0.1,10.0,frob,0.9,0.3752,-0.5248,False,results/posterior/cnn-9_cifar10_learnt_gaussian_sig0.03_bounded-pmin1e-05_epoch10_bs250_lr0.001_mon0.95_dp0.2_objective-channel_norm-chan1.0-rayleigh-zf-tx1.0-noise0.1-kl1.0_perc-pri0.5_epoch-pri70_bs-pri250_lr-pri0.005_mom-pri0.99_dp-pri0.2_seed7/bounds/rayleigh-zf-tx1.0-noise0.1_chan-layer4_mcsamples500_norm-frob_seed7_bounds.json
fcn-4,mnist,50,channel_gradient,1.0,0.1,bec,0.5,,,,frob,0.0393,0.03249999999999997,-0.006800000000000028,True,results/posterior/fcn-4_mnist_learnt_gaussian_sig0.03_bounded-pmin1e-05_epoch50_bs250_lr0.001_mon0.95_dp0.2_objective-channel_gradient-chan1.0-bec-outage0.5-kl0.1_perc-pri0.5_epoch-pri20_bs-pri250_lr-pri0.005_mom-pri0.99_dp-pri0.2_seed7/bounds/bec-outage0.5_chan-layer2_mcsamples500_norm-frob_seed7_bounds.json
cnn-4,mnist,50,channel_norm,0.1,0.01,rayleigh_zf,,1.0,0.1,10.0,frob,0.7676000000000001,0.08420000000000005,-0.6834,True,results/posterior/cnn-4_mnist_learnt_gaussian_sig0.03_bounded-pmin1e-05_epoch50_bs250_lr0.001_mon0.95_dp0.2_objective-channel_norm-chan0.1-rayleigh-zf-tx1.0-noise0.1-kl0.01_perc-pri0.5_epoch-pri70_bs-pri250_lr-pri0.005_mom-pri0.99_dp-pri0.2_seed7/bounds/rayleigh-zf-tx1.0-noise0.1_chan-layer2_mcsamples500_norm-frob_seed7_bounds.json
fcn-4,mnist,10,channel_gradient,1.0,0.1,rayleigh_zf,,1.0,1.0,0.0,frob,0.10250000000000004,0.10240000000000005,-9.999999999998899e-05,True,results/posterior/fcn-4_mnist_learnt_gaussian_sig0.03_bounded-pmin1e-05_epoch10_bs250_lr0.001_mon0.95_dp0.2_objective-channel_gradient-chan1.0-rayleigh-zf-tx1.0-noise1.0-kl0.1_perc-pri0.5_epoch-pri20_bs-pri250_lr-pri0.005_mom-pri0.99_dp-pri0.2_seed7/bounds/rayleigh-zf-tx1.0-noise1.0_chan-layer2_mcsamples500_norm-frob_seed7_bounds.json
cnn-4,mnist,30,channel_norm,1.0,0.01,rayleigh_zf,,1.0,1.0,0.0,frob,0.8966,0.3106,-0.586,True,results/posterior/cnn-4_mnist_learnt_gaussian_sig0.03_bounded-pmin1e-05_epoch30_bs250_lr0.001_mon0.95_dp0.2_objective-channel_norm-chan1.0-rayleigh-zf-tx1.0-noise1.0-kl0.01_perc-pri0.5_epoch-pri70_bs-pri250_lr-pri0.005_mom-pri0.99_dp-pri0.2_seed7/bounds/rayleigh-zf-tx1.0-noise1.0_chan-layer2_mcsamples500_norm-frob_seed7_bounds.json
cnn-9,cifar10,30,channel_norm,0.1,1.0,rayleigh_zf,,1.0,1.0,0.0,frob,0.9,,,False,results/posterior/cnn-9_cifar10_learnt_gaussian_sig0.03_bounded-pmin1e-05_epoch30_bs250_lr0.001_mon0.95_dp0.2_objective-channel_norm-chan0.1-rayleigh-zf-tx1.0-noise1.0-kl1.0_perc-pri0.5_epoch-pri70_bs-pri250_lr-pri0.005_mom-pri0.99_dp-pri0.2_seed7/bounds/rayleigh-zf-tx1.0-noise1.0_chan-layer4_mcsamples500_norm-frob_seed7_bounds.json
cnn-9,cifar10,30,channel_gradient,0.1,0.1,rayleigh_zf,,1.0,1.0,0.0,frob,0.5156000000000001,,,True,results/posterior/cnn-9_cifar10_learnt_gaussian_sig0.03_bounded-pmin1e-05_epoch30_bs250_lr0.001_mon0.95_dp0.2_objective-channel_gradient-chan0.1-rayleigh-zf-tx1.0-noise1.0-kl0.1_perc-pri0.5_epoch-pri70_bs-pri250_lr-pri0.005_mom-pri0.99_dp-pri0.2_seed7/bounds/rayleigh-zf-tx1.0-noise1.0_chan-layer4_mcsamples500_norm-frob_seed7_bounds.json
cnn-4,mnist,50,channel_gradient,1.0,1.0,rayleigh_zf,,1.0,1.0,0.0,frob,0.26480000000000004,0.3228,0.05799999999999994,False,results/posterior/cnn-4_mnist_learnt_gaussian_sig0.03_bounded-pmin1e-05_epoch50_bs250_lr0.001_mon0.95_dp0.2_objective-channel_gradient-chan1.0-rayleigh-zf-tx1.0-noise1.0-kl1.0_perc-pri0.5_epoch-pri70_bs-pri250_lr-pri0.005_mom-pri0.99_dp-pri0.2_seed7/bounds/rayleigh-zf-tx1.0-noise1.0_chan-layer2_mcsamples500_norm-frob_seed7_bounds.json
cnn-4,mnist,50,channel_gradient,1.0,0.1,bec,0.5,,,,frob,0.021100000000000008,0.018299999999999983,-0.0028000000000000247,True,results/posterior/cnn-4_mnist_learnt_gaussian_sig0.03_bounded-pmin1e-05_epoch50_bs250_lr0.001_mon0.95_dp0.2_objective-channel_gradient-chan1.0-bec-outage0.5-kl0.1_perc-pri0.5_epoch-pri70_bs-pri250_lr-pri0.005_mom-pri0.99_dp-pri0.2_seed7/bounds/bec-outage0.5_chan-layer2_mcsamples500_norm-frob_seed7_bounds.json
cnn-4,mnist,30,channel_norm,0.01,0.1,rayleigh_zf,,1.0,1.0,0.0,frob,0.2693,0.3106,0.0413,True,results/posterior/cnn-4_mnist_learnt_gaussian_sig0.03_bounded-pmin1e-05_epoch30_bs250_lr0.001_mon0.95_dp0.2_objective-channel_norm-chan0.01-rayleigh-zf-tx1.0-noise1.0-kl0.1_perc-pri0.5_epoch-pri70_bs-pri250_lr-pri0.005_mom-pri0.99_dp-pri0.2_seed7/bounds/rayleigh-zf-tx1.0-noise1.0_chan-layer2_mcsamples500_norm-frob_seed7_bounds.json
fcn-4,mnist,10,channel_norm,1.0,0.01,rayleigh_zf,,1.0,1.0,0.0,frob,0.8996999999999999,0.10240000000000005,-0.7972999999999999,True,results/posterior/fcn-4_mnist_learnt_gaussian_sig0.03_bounded-pmin1e-05_epoch10_bs250_lr0.001_mon0.95_dp0.2_objective-channel_norm-chan1.0-rayleigh-zf-tx1.0-noise1.0-kl0.01_perc-pri0.5_epoch-pri20_bs-pri250_lr-pri0.005_mom-pri0.99_dp-pri0.2_seed7/bounds/rayleigh-zf-tx1.0-noise1.0_chan-layer2_mcsamples500_norm-frob_seed7_bounds.json
fcn-4,mnist,50,channel_norm,0.1,0.1,bec,0.5,,,,frob,0.8608,0.03249999999999997,-0.8283,True,results/posterior/fcn-4_mnist_learnt_gaussian_sig0.03_bounded-pmin1e-05_epoch50_bs250_lr0.001_mon0.95_dp0.2_objective-channel_norm-chan0.1-bec-outage0.5-kl0.1_perc-pri0.5_epoch-pri20_bs-pri250_lr-pri0.005_mom-pri0.99_dp-pri0.2_seed7/bounds/bec-outage0.5_chan-layer2_mcsamples500_norm-frob_seed7_bounds.json
cnn-4,mnist,10,channel_norm,0.01,0.01,rayleigh_zf,,1.0,0.1,10.0,frob,0.08889999999999998,0.06920000000000004,-0.01969999999999994,True,results/posterior/cnn-4_mnist_learnt_gaussian_sig0.03_bounded-pmin1e-05_epoch10_bs250_lr0.001_mon0.95_dp0.2_objective-channel_norm-chan0.01-rayleigh-zf-tx1.0-noise0.1-kl0.01_perc-pri0.5_epoch-pri70_bs-pri250_lr-pri0.005_mom-pri0.99_dp-pri0.2_seed7/bounds/rayleigh-zf-tx1.0-noise0.1_chan-layer2_mcsamples500_norm-frob_seed7_bounds.json
cnn-4,mnist,10,channel_gradient,1.0,0.1,rayleigh_zf,,1.0,0.1,10.0,frob,0.06979999999999997,0.06920000000000004,-0.0005999999999999339,True,results/posterior/cnn-4_mnist_learnt_gaussian_sig0.03_bounded-pmin1e-05_epoch10_bs250_lr0.001_mon0.95_dp0.2_objective-channel_gradient-chan1.0-rayleigh-zf-tx1.0-noise0.1-kl0.1_perc-pri0.5_epoch-pri70_bs-pri250_lr-pri0.005_mom-pri0.99_dp-pri0.2_seed7/bounds/rayleigh-zf-tx1.0-noise0.1_chan-layer2_mcsamples500_norm-frob_seed7_bounds.json
cnn-9,cifar10,10,channel_norm,0.01,1.0,rayleigh_zf,,1.0,0.1,10.0,frob,0.9,0.3752,-0.5248,False,results/posterior/cnn-9_cifar10_learnt_gaussian_sig0.03_bounded-pmin1e-05_epoch10_bs250_lr0.001_mon0.95_dp0.2_objective-channel_norm-chan0.01-rayleigh-zf-tx1.0-noise0.1-kl1.0_perc-pri0.5_epoch-pri70_bs-pri250_lr-pri0.005_mom-pri0.99_dp-pri0.2_seed7/bounds/rayleigh-zf-tx1.0-noise0.1_chan-layer4_mcsamples500_norm-frob_seed7_bounds.json
fcn-4,mnist,50,channel_norm,0.1,1.0,bec,0.5,,,,frob,0.06120000000000003,0.03249999999999997,-0.02870000000000006,True,results/posterior/fcn-4_mnist_learnt_gaussian_sig0.03_bounded-pmin1e-05_epoch50_bs250_lr0.001_mon0.95_dp0.2_objective-channel_norm-chan0.1-bec-outage0.5-kl1.0_perc-pri0.5_epoch-pri20_bs-pri250_lr-pri0.005_mom-pri0.99_dp-pri0.2_seed7/bounds/bec-outage0.5_chan-layer2_mcsamples500_norm-frob_seed7_bounds.json
fcn-4,mnist,10,channel_gradient,1.0,0.1,bec,0.1,,,,frob,0.026499999999999968,0.02629999999999999,-0.00019999999999997797,True,results/posterior/fcn-4_mnist_learnt_gaussian_sig0.03_bounded-pmin1e-05_epoch10_bs250_lr0.001_mon0.95_dp0.2_objective-channel_gradient-chan1.0-bec-outage0.1-kl0.1_perc-pri0.5_epoch-pri20_bs-pri250_lr-pri0.005_mom-pri0.99_dp-pri0.2_seed7/bounds/bec-outage0.1_chan-layer2_mcsamples500_norm-frob_seed7_bounds.json
cnn-9,cifar10,10,channel_norm,0.01,1.0,bec,0.5,,,,frob,0.9,0.3418,-0.5582,False,results/posterior/cnn-9_cifar10_learnt_gaussian_sig0.03_bounded-pmin1e-05_epoch10_bs250_lr0.001_mon0.95_dp0.2_objective-channel_norm-chan0.01-bec-outage0.5-kl1.0_perc-pri0.5_epoch-pri70_bs-pri250_lr-pri0.005_mom-pri0.99_dp-pri0.2_seed7/bounds/bec-outage0.5_chan-layer4_mcsamples500_norm-frob_seed7_bounds.json
cnn-4,mnist,10,channel_gradient,0.1,1.0,bec,0.1,,,,frob,0.015000000000000013,0.013499999999999956,-0.0015000000000000568,True,results/posterior/cnn-4_mnist_learnt_gaussian_sig0.03_bounded-pmin1e-05_epoch10_bs250_lr0.001_mon0.95_dp0.2_objective-channel_gradient-chan0.1-bec-outage0.1-kl1.0_perc-pri0.5_epoch-pri70_bs-pri250_lr-pri0.005_mom-pri0.99_dp-pri0.2_seed7/bounds/bec-outage0.1_chan-layer2_mcsamples500_norm-frob_seed7_bounds.json
cnn-4,mnist,50,channel_gradient,0.1,0.01,rayleigh_zf,,1.0,1.0,0.0,frob,0.2893,0.3228,0.033499999999999974,False,results/posterior/cnn-4_mnist_learnt_gaussian_sig0.03_bounded-pmin1e-05_epoch50_bs250_lr0.001_mon0.95_dp0.2_objective-channel_gradient-chan0.1-rayleigh-zf-tx1.0-noise1.0-kl0.01_perc-pri0.5_epoch-pri70_bs-pri250_lr-pri0.005_mom-pri0.99_dp-pri0.2_seed7/bounds/rayleigh-zf-tx1.0-noise1.0_chan-layer2_mcsamples500_norm-frob_seed7_bounds.json
cnn-9,cifar10,50,channel_gradient,0.01,1.0,bec,0.1,,,,frob,0.30110000000000003,0.26680000000000004,-0.0343,True,results/posterior/cnn-9_cifar10_learnt_gaussian_sig0.03_bounded-pmin1e-05_epoch50_bs250_lr0.001_mon0.95_dp0.2_objective-channel_gradient-chan0.01-bec-outage0.1-kl1.0_perc-pri0.5_epoch-pri70_bs-pri250_lr-pri0.005_mom-pri0.99_dp-pri0.2_seed7/bounds/bec-outage0.1_chan-layer4_mcsamples500_norm-frob_seed7_bounds.json
cnn-4,mnist,50,channel_gradient,0.01,0.1,bec,0.5,,,,frob,0.01870000000000005,0.018299999999999983,-0.00040000000000006697,True,results/posterior/cnn-4_mnist_learnt_gaussian_sig0.03_bounded-pmin1e-05_epoch50_bs250_lr0.001_mon0.95_dp0.2_objective-channel_gradient-chan0.01-bec-outage0.5-kl0.1_perc-pri0.5_epoch-pri70_bs-pri250_lr-pri0.005_mom-pri0.99_dp-pri0.2_seed7/bounds/bec-outage0.5_chan-layer2_mcsamples500_norm-frob_seed7_bounds.json
cnn-9,cifar10,50,channel_norm,1.0,1.0,rayleigh_zf,,1.0,1.0,0.0,frob,0.9,0.6052,-0.29480000000000006,False,results/posterior/cnn-9_cifar10_learnt_gaussian_sig0.03_bounded-pmin1e-05_epoch50_bs250_lr0.001_mon0.95_dp0.2_objective-channel_norm-chan1.0-rayleigh-zf-tx1.0-noise1.0-kl1.0_perc-pri0.5_epoch-pri70_bs-pri250_lr-pri0.005_mom-pri0.99_dp-pri0.2_seed7/bounds/rayleigh-zf-tx1.0-noise1.0_chan-layer4_mcsamples500_norm-frob_seed7_bounds.json
cnn-9,cifar10,30,channel_gradient,0.01,1.0,bec,0.5,,,,frob,0.33709999999999996,,,True,results/posterior/cnn-9_cifar10_learnt_gaussian_sig0.03_bounded-pmin1e-05_epoch30_bs250_lr0.001_mon0.95_dp0.2_objective-channel_gradient-chan0.01-bec-outage0.5-kl1.0_perc-pri0.5_epoch-pri70_bs-pri250_lr-pri0.005_mom-pri0.99_dp-pri0.2_seed7/bounds/bec-outage0.5_chan-layer4_mcsamples500_norm-frob_seed7_bounds.json
fcn-4,mnist,10,channel_norm,0.1,0.01,rayleigh_zf,,1.0,1.0,0.0,frob,0.8939,0.10240000000000005,-0.7915,True,results/posterior/fcn-4_mnist_learnt_gaussian_sig0.03_bounded-pmin1e-05_epoch10_bs250_lr0.001_mon0.95_dp0.2_objective-channel_norm-chan0.1-rayleigh-zf-tx1.0-noise1.0-kl0.01_perc-pri0.5_epoch-pri20_bs-pri250_lr-pri0.005_mom-pri0.99_dp-pri0.2_seed7/bounds/rayleigh-zf-tx1.0-noise1.0_chan-layer2_mcsamples500_norm-frob_seed7_bounds.json
cnn-9,cifar10,30,channel_norm,0.01,0.01,rayleigh_zf,,1.0,0.1,10.0,frob,0.9,,,False,results/posterior/cnn-9_cifar10_learnt_gaussian_sig0.03_bounded-pmin1e-05_epoch30_bs250_lr0.001_mon0.95_dp0.2_objective-channel_norm-chan0.01-rayleigh-zf-tx1.0-noise0.1-kl0.01_perc-pri0.5_epoch-pri70_bs-pri250_lr-pri0.005_mom-pri0.99_dp-pri0.2_seed7/bounds/rayleigh-zf-tx1.0-noise0.1_chan-layer4_mcsamples500_norm-frob_seed7_bounds.json
cnn-9,cifar10,20,channel_gradient,0.1,1.0,bec,0.1,,,,frob,0.29579999999999995,0.28290000000000004,-0.012899999999999912,True,results/posterior/cnn-9_cifar10_learnt_gaussian_sig0.03_bounded-pmin1e-05_epoch20_bs250_lr0.001_mon0.95_dp0.2_objective-channel_gradient-chan0.1-bec-outage0.1-kl1.0_perc-pri0.5_epoch-pri70_bs-pri250_lr-pri0.005_mom-pri0.99_dp-pri0.2_seed7/bounds/bec-outage0.1_chan-layer4_mcsamples500_norm-frob_seed7_bounds.json
cnn-9,cifar10,30,channel_norm,1.0,0.01,bec,0.5,,,,frob,0.9,,,False,results/posterior/cnn-9_cifar10_learnt_gaussian_sig0.03_bounded-pmin1e-05_epoch30_bs250_lr0.001_mon0.95_dp0.2_objective-channel_norm-chan1.0-bec-outage0.5-kl0.01_perc-pri0.5_epoch-pri70_bs-pri250_lr-pri0.005_mom-pri0.99_dp-pri0.2_seed7/bounds/bec-outage0.5_chan-layer4_mcsamples500_norm-frob_seed7_bounds.json
cnn-4,mnist,10,channel_gradient,0.1,0.01,bec,0.5,,,,frob,0.020000000000000018,0.018199999999999994,-0.0018000000000000238,True,results/posterior/cnn-4_mnist_learnt_gaussian_sig0.03_bounded-pmin1e-05_epoch10_bs250_lr0.001_mon0.95_dp0.2_objective-channel_gradient-chan0.1-bec-outage0.5-kl0.01_perc-pri0.5_epoch-pri70_bs-pri250_lr-pri0.005_mom-pri0.99_dp-pri0.2_seed7/bounds/bec-outage0.5_chan-layer2_mcsamples500_norm-frob_seed7_bounds.json
cnn-4,mnist,50,channel_norm,0.01,0.01,bec,0.1,,,,frob,0.33120000000000005,0.012900000000000023,-0.3183,True,results/posterior/cnn-4_mnist_learnt_gaussian_sig0.03_bounded-pmin1e-05_epoch50_bs250_lr0.001_mon0.95_dp0.2_objective-channel_norm-chan0.01-bec-outage0.1-kl0.01_perc-pri0.5_epoch-pri70_bs-pri250_lr-pri0.005_mom-pri0.99_dp-pri0.2_seed7/bounds/bec-outage0.1_chan-layer2_mcsamples500_norm-frob_seed7_bounds.json
fcn-4,mnist,10,channel_norm,0.01,0.1,bec,0.5,,,,frob,0.05300000000000005,0.03380000000000005,-0.019199999999999995,True,results/posterior/fcn-4_mnist_learnt_gaussian_sig0.03_bounded-pmin1e-05_epoch10_bs250_lr0.001_mon0.95_dp0.2_objective-channel_norm-chan0.01-bec-outage0.5-kl0.1_perc-pri0.5_epoch-pri20_bs-pri250_lr-pri0.005_mom-pri0.99_dp-pri0.2_seed7/bounds/bec-outage0.5_chan-layer2_mcsamples500_norm-frob_seed7_bounds.json
cnn-4,mnist,20,channel_norm,1.0,0.01,rayleigh_zf,,1.0,0.1,10.0,frob,0.7473000000000001,0.07320000000000004,-0.6741,True,results/posterior/cnn-4_mnist_learnt_gaussian_sig0.03_bounded-pmin1e-05_epoch20_bs250_lr0.001_mon0.95_dp0.2_objective-channel_norm-chan1.0-rayleigh-zf-tx1.0-noise0.1-kl0.01_perc-pri0.5_epoch-pri70_bs-pri250_lr-pri0.005_mom-pri0.99_dp-pri0.2_seed7/bounds/rayleigh-zf-tx1.0-noise0.1_chan-layer2_mcsamples500_norm-frob_seed7_bounds.json
cnn-4,mnist,50,channel_norm,1.0,0.01,rayleigh_zf,,1.0,1.0,0.0,frob,0.8958,0.3228,-0.5730000000000001,True,results/posterior/cnn-4_mnist_learnt_gaussian_sig0.03_bounded-pmin1e-05_epoch50_bs250_lr0.001_mon0.95_dp0.2_objective-channel_norm-chan1.0-rayleigh-zf-tx1.0-noise1.0-kl0.01_perc-pri0.5_epoch-pri70_bs-pri250_lr-pri0.005_mom-pri0.99_dp-pri0.2_seed7/bounds/rayleigh-zf-tx1.0-noise1.0_chan-layer2_mcsamples500_norm-frob_seed7_bounds.json
cnn-9,cifar10,20,channel_gradient,1.0,0.01,rayleigh_zf,,1.0,0.1,10.0,frob,0.41190000000000004,0.3813,-0.03060000000000007,True,results/posterior/cnn-9_cifar10_learnt_gaussian_sig0.03_bounded-pmin1e-05_epoch20_bs250_lr0.001_mon0.95_dp0.2_objective-channel_gradient-chan1.0-rayleigh-zf-tx1.0-noise0.1-kl0.01_perc-pri0.5_epoch-pri70_bs-pri250_lr-pri0.005_mom-pri0.99_dp-pri0.2_seed7/bounds/rayleigh-zf-tx1.0-noise0.1_chan-layer4_mcsamples500_norm-frob_seed7_bounds.json
cnn-4,mnist,10,channel_norm,0.01,0.01,bec,0.1,,,,frob,0.4578,0.013499999999999956,-0.44430000000000003,True,results/posterior/cnn-4_mnist_learnt_gaussian_sig0.03_bounded-pmin1e-05_epoch10_bs250_lr0.001_mon0.95_dp0.2_objective-channel_norm-chan0.01-bec-outage0.1-kl0.01_perc-pri0.5_epoch-pri70_bs-pri250_lr-pri0.005_mom-pri0.99_dp-pri0.2_seed7/bounds/bec-outage0.1_chan-layer2_mcsamples500_norm-frob_seed7_bounds.json
fcn-4,mnist,20,channel_gradient,0.01,1.0,rayleigh_zf,,1.0,1.0,0.0,frob,0.10270000000000001,0.10629999999999995,0.0035999999999999366,True,results/posterior/fcn-4_mnist_learnt_gaussian_sig0.03_bounded-pmin1e-05_epoch20_bs250_lr0.001_mon0.95_dp0.2_objective-channel_gradient-chan0.01-rayleigh-zf-tx1.0-noise1.0-kl1.0_perc-pri0.5_epoch-pri20_bs-pri250_lr-pri0.005_mom-pri0.99_dp-pri0.2_seed7/bounds/rayleigh-zf-tx1.0-noise1.0_chan-layer2_mcsamples500_norm-frob_seed7_bounds.json
fcn-4,mnist,20,channel_gradient,0.01,1.0,bec,0.1,,,,frob,0.02980000000000005,0.02629999999999999,-0.0035000000000000586,True,results/posterior/fcn-4_mnist_learnt_gaussian_sig0.03_bounded-pmin1e-05_epoch20_bs250_lr0.001_mon0.95_dp0.2_objective-channel_gradient-chan0.01-bec-outage0.1-kl1.0_perc-pri0.5_epoch-pri20_bs-pri250_lr-pri0.005_mom-pri0.99_dp-pri0.2_seed7/bounds/bec-outage0.1_chan-layer2_mcsamples500_norm-frob_seed7_bounds.json
cnn-4,mnist,10,channel_gradient,0.01,1.0,bec,0.1,,,,frob,0.01539999999999997,0.013499999999999956,-0.0019000000000000128,True,results/posterior/cnn-4_mnist_learnt_gaussian_sig0.03_bounded-pmin1e-05_epoch10_bs250_lr0.001_mon0.95_dp0.2_objective-channel_gradient-chan0.01-bec-outage0.1-kl1.0_perc-pri0.5_epoch-pri70_bs-pri250_lr-pri0.005_mom-pri0.99_dp-pri0.2_seed7/bounds/bec-outage0.1_chan-layer2_mcsamples500_norm-frob_seed7_bounds.json
cnn-4,mnist,10,channel_gradient,0.01,0.01,bec,0.5,,,,frob,0.01980000000000004,0.018199999999999994,-0.0016000000000000458,True,results/posterior/cnn-4_mnist_learnt_gaussian_sig0.03_bounded-pmin1e-05_epoch10_bs250_lr0.001_mon0.95_dp0.2_objective-channel_gradient-chan0.01-bec-outage0.5-kl0.01_perc-pri0.5_epoch-pri70_bs-pri250_lr-pri0.005_mom-pri0.99_dp-pri0.2_seed7/bounds/bec-outage0.5_chan-layer2_mcsamples500_norm-frob_seed7_bounds.json
cnn-4,mnist,10,channel_gradient,0.1,0.1,rayleigh_zf,,1.0,1.0,0.0,frob,0.2722,0.2764,0.0041999999999999815,False,results/posterior/cnn-4_mnist_learnt_gaussian_sig0.03_bounded-pmin1e-05_epoch10_bs250_lr0.001_mon0.95_dp0.2_objective-channel_gradient-chan0.1-rayleigh-zf-tx1.0-noise1.0-kl0.1_perc-pri0.5_epoch-pri70_bs-pri250_lr-pri0.005_mom-pri0.99_dp-pri0.2_seed7/bounds/rayleigh-zf-tx1.0-noise1.0_chan-layer2_mcsamples500_norm-frob_seed7_bounds.json
cnn-4,mnist,10,channel_gradient,0.01,0.1,rayleigh_zf,,1.0,0.1,10.0,frob,0.06740000000000002,0.06920000000000004,0.0018000000000000238,True,results/posterior/cnn-4_mnist_learnt_gaussian_sig0.03_bounded-pmin1e-05_epoch10_bs250_lr0.001_mon0.95_dp0.2_objective-channel_gradient-chan0.01-rayleigh-zf-tx1.0-noise0.1-kl0.1_perc-pri0.5_epoch-pri70_bs-pri250_lr-pri0.005_mom-pri0.99_dp-pri0.2_seed7/bounds/rayleigh-zf-tx1.0-noise0.1_chan-layer2_mcsamples500_norm-frob_seed7_bounds.json
cnn-9,cifar10,50,channel_gradient,0.01,0.01,rayleigh_zf,,1.0,1.0,0.0,frob,0.5423,0.6052,0.06289999999999996,True,results/posterior/cnn-9_cifar10_learnt_gaussian_sig0.03_bounded-pmin1e-05_epoch50_bs250_lr0.001_mon0.95_dp0.2_objective-channel_gradient-chan0.01-rayleigh-zf-tx1.0-noise1.0-kl0.01_perc-pri0.5_epoch-pri70_bs-pri250_lr-pri0.005_mom-pri0.99_dp-pri0.2_seed7/bounds/rayleigh-zf-tx1.0-noise1.0_chan-layer4_mcsamples500_norm-frob_seed7_bounds.json
cnn-9,cifar10,20,channel_norm,0.1,0.1,bec,0.5,,,,frob,0.9,0.33620000000000005,-0.5638,False,results/posterior/cnn-9_cifar10_learnt_gaussian_sig0.03_bounded-pmin1e-05_epoch20_bs250_lr0.001_mon0.95_dp0.2_objective-channel_norm-chan0.1-bec-outage0.5-kl0.1_perc-pri0.5_epoch-pri70_bs-pri250_lr-pri0.005_mom-pri0.99_dp-pri0.2_seed7/bounds/bec-outage0.5_chan-layer4_mcsamples500_norm-frob_seed7_bounds.json
cnn-4,mnist,20,channel_gradient,0.1,0.1,bec,0.1,,,,frob,0.013900000000000023,0.01319999999999999,-0.0007000000000000339,True,results/posterior/cnn-4_mnist_learnt_gaussian_sig0.03_bounded-pmin1e-05_epoch20_bs250_lr0.001_mon0.95_dp0.2_objective-channel_gradient-chan0.1-bec-outage0.1-kl0.1_perc-pri0.5_epoch-pri70_bs-pri250_lr-pri0.005_mom-pri0.99_dp-pri0.2_seed7/bounds/bec-outage0.1_chan-layer2_mcsamples500_norm-frob_seed7_bounds.json
cnn-9,cifar10,10,channel_gradient,1.0,1.0,bec,0.1,,,,frob,0.29259999999999997,0.2921,-0.0004999999999999449,True,results/posterior/cnn-9_cifar10_learnt_gaussian_sig0.03_bounded-pmin1e-05_epoch10_bs250_lr0.001_mon0.95_dp0.2_objective-channel_gradient-chan1.0-bec-outage0.1-kl1.0_perc-pri0.5_epoch-pri70_bs-pri250_lr-pri0.005_mom-pri0.99_dp-pri0.2_seed7/bounds/bec-outage0.1_chan-layer4_mcsamples500_norm-frob_seed7_bounds.json
cnn-4,mnist,30,channel_norm,0.01,0.01,bec,0.1,,,,frob,0.3265,0.013299999999999979,-0.31320000000000003,True,results/posterior/cnn-4_mnist_learnt_gaussian_sig0.03_bounded-pmin1e-05_epoch30_bs250_lr0.001_mon0.95_dp0.2_objective-channel_norm-chan0.01-bec-outage0.1-kl0.01_perc-pri0.5_epoch-pri70_bs-pri250_lr-pri0.005_mom-pri0.99_dp-pri0.2_seed7/bounds/bec-outage0.1_chan-layer2_mcsamples500_norm-frob_seed7_bounds.json
cnn-4,mnist,20,channel_gradient,0.01,1.0,bec,0.1,,,,frob,0.014800000000000035,0.01319999999999999,-0.0016000000000000458,True,results/posterior/cnn-4_mnist_learnt_gaussian_sig0.03_bounded-pmin1e-05_epoch20_bs250_lr0.001_mon0.95_dp0.2_objective-channel_gradient-chan0.01-bec-outage0.1-kl1.0_perc-pri0.5_epoch-pri70_bs-pri250_lr-pri0.005_mom-pri0.99_dp-pri0.2_seed7/bounds/bec-outage0.1_chan-layer2_mcsamples500_norm-frob_seed7_bounds.json
fcn-4,mnist,50,channel_norm,0.01,0.1,bec,0.5,,,,frob,0.05410000000000004,0.03249999999999997,-0.021600000000000064,True,results/posterior/fcn-4_mnist_learnt_gaussian_sig0.03_bounded-pmin1e-05_epoch50_bs250_lr0.001_mon0.95_dp0.2_objective-channel_norm-chan0.01-bec-outage0.5-kl0.1_perc-pri0.5_epoch-pri20_bs-pri250_lr-pri0.005_mom-pri0.99_dp-pri0.2_seed7/bounds/bec-outage0.5_chan-layer2_mcsamples500_norm-frob_seed7_bounds.json
cnn-9,cifar10,20,channel_norm,0.01,0.01,rayleigh_zf,,1.0,0.1,10.0,frob,0.9,0.3813,-0.5187,False,results/posterior/cnn-9_cifar10_learnt_gaussian_sig0.03_bounded-pmin1e-05_epoch20_bs250_lr0.001_mon0.95_dp0.2_objective-channel_norm-chan0.01-rayleigh-zf-tx1.0-noise0.1-kl0.01_perc-pri0.5_epoch-pri70_bs-pri250_lr-pri0.005_mom-pri0.99_dp-pri0.2_seed7/bounds/rayleigh-zf-tx1.0-noise0.1_chan-layer4_mcsamples500_norm-frob_seed7_bounds.json
cnn-9,cifar10,30,channel_gradient,0.1,0.01,bec,0.5,,,,frob,0.376,,,True,results/posterior/cnn-9_cifar10_learnt_gaussian_sig0.03_bounded-pmin1e-05_epoch30_bs250_lr0.001_mon0.95_dp0.2_objective-channel_gradient-chan0.1-bec-outage0.5-kl0.01_perc-pri0.5_epoch-pri70_bs-pri250_lr-pri0.005_mom-pri0.99_dp-pri0.2_seed7/bounds/bec-outage0.5_chan-layer4_mcsamples500_norm-frob_seed7_bounds.json
cnn-9,cifar10,20,channel_norm,1.0,1.0,bec,0.5,,,,frob,0.9,0.33620000000000005,-0.5638,False,results/posterior/cnn-9_cifar10_learnt_gaussian_sig0.03_bounded-pmin1e-05_epoch20_bs250_lr0.001_mon0.95_dp0.2_objective-channel_norm-chan1.0-bec-outage0.5-kl1.0_perc-pri0.5_epoch-pri70_bs-pri250_lr-pri0.005_mom-pri0.99_dp-pri0.2_seed7/bounds/bec-outage0.5_chan-layer4_mcsamples500_norm-frob_seed7_bounds.json
cnn-4,mnist,30,channel_gradient,0.01,0.1,rayleigh_zf,,1.0,1.0,0.0,frob,0.26359999999999995,0.3106,0.04700000000000004,False,results/posterior/cnn-4_mnist_learnt_gaussian_sig0.03_bounded-pmin1e-05_epoch30_bs250_lr0.001_mon0.95_dp0.2_objective-channel_gradient-chan0.01-rayleigh-zf-tx1.0-noise1.0-kl0.1_perc-pri0.5_epoch-pri70_bs-pri250_lr-pri0.005_mom-pri0.99_dp-pri0.2_seed7/bounds/rayleigh-zf-tx1.0-noise1.0_chan-layer2_mcsamples500_norm-frob_seed7_bounds.json
fcn-4,mnist,10,channel_norm,1.0,1.0,rayleigh_zf,,1.0,1.0,0.0,frob,0.12329999999999997,0.10240000000000005,-0.02089999999999992,True,results/posterior/fcn-4_mnist_learnt_gaussian_sig0.03_bounded-pmin1e-05_epoch10_bs250_lr0.001_mon0.95_dp0.2_objective-channel_norm-chan1.0-rayleigh-zf-tx1.0-noise1.0-kl1.0_perc-pri0.5_epoch-pri20_bs-pri250_lr-pri0.005_mom-pri0.99_dp-pri0.2_seed7/bounds/rayleigh-zf-tx1.0-noise1.0_chan-layer2_mcsamples500_norm-frob_seed7_bounds.json
fcn-4,mnist,10,channel_gradient,0.1,1.0,rayleigh_zf,,1.0,0.1,10.0,frob,0.04049999999999998,0.03610000000000002,-0.0043999999999999595,True,results/posterior/fcn-4_mnist_learnt_gaussian_sig0.03_bounded-pmin1e-05_epoch10_bs250_lr0.001_mon0.95_dp0.2_objective-channel_gradient-chan0.1-rayleigh-zf-tx1.0-noise0.1-kl1.0_perc-pri0.5_epoch-pri20_bs-pri250_lr-pri0.005_mom-pri0.99_dp-pri0.2_seed7/bounds/rayleigh-zf-tx1.0-noise0.1_chan-layer2_mcsamples500_norm-frob_seed7_bounds.json
cnn-9,cifar10,10,channel_gradient,1.0,0.1,rayleigh_zf,,1.0,0.1,10.0,frob,0.3637,0.3752,0.011499999999999955,True,results/posterior/cnn-9_cifar10_learnt_gaussian_sig0.03_bounded-pmin1e-05_epoch10_bs250_lr0.001_mon0.95_dp0.2_objective-channel_gradient-chan1.0-rayleigh-zf-tx1.0-noise0.1-kl0.1_perc-pri0.5_epoch-pri70_bs-pri250_lr-pri0.005_mom-pri0.99_dp-pri0.2_seed7/bounds/rayleigh-zf-tx1.0-noise0.1_chan-layer4_mcsamples500_norm-frob_seed7_bounds.json
cnn-4,mnist,50,channel_norm,1.0,0.1,rayleigh_zf,,1.0,1.0,0.0,frob,0.8958,0.3228,-0.5730000000000001,True,results/posterior/cnn-4_mnist_learnt_gaussian_sig0.03_bounded-pmin1e-05_epoch50_bs250_lr0.001_mon0.95_dp0.2_objective-channel_norm-chan1.0-rayleigh-zf-tx1.0-noise1.0-kl0.1_perc-pri0.5_epoch-pri70_bs-pri250_lr-pri0.005_mom-pri0.99_dp-pri0.2_seed7/bounds/rayleigh-zf-tx1.0-noise1.0_chan-layer2_mcsamples500_norm-frob_seed7_bounds.json
cnn-4,mnist,30,channel_gradient,1.0,0.1,bec,0.5,,,,frob,0.02100000000000002,0.019499999999999962,-0.0015000000000000568,True,results/posterior/cnn-4_mnist_learnt_gaussian_sig0.03_bounded-pmin1e-05_epoch30_bs250_lr0.001_mon0.95_dp0.2_objective-channel_gradient-chan1.0-bec-outage0.5-kl0.1_perc-pri0.5_epoch-pri70_bs-pri250_lr-pri0.005_mom-pri0.99_dp-pri0.2_seed7/bounds/bec-outage0.5_chan-layer2_mcsamples500_norm-frob_seed7_bounds.json
cnn-9,cifar10,50,channel_gradient,0.1,0.01,bec,0.5,,,,frob,0.39,0.3238,-0.06620000000000004,True,results/posterior/cnn-9_cifar10_learnt_gaussian_sig0.03_bounded-pmin1e-05_epoch50_bs250_lr0.001_mon0.95_dp0.2_objective-channel_gradient-chan0.1-bec-outage0.5-kl0.01_perc-pri0.5_epoch-pri70_bs-pri250_lr-pri0.005_mom-pri0.99_dp-pri0.2_seed7/bounds/bec-outage0.5_chan-layer4_mcsamples500_norm-frob_seed7_bounds.json
cnn-4,mnist,20,channel_gradient,1.0,0.01,bec,0.5,,,,frob,0.017900000000000027,0.017900000000000027,0.0,True,results/posterior/cnn-4_mnist_learnt_gaussian_sig0.03_bounded-pmin1e-05_epoch20_bs250_lr0.001_mon0.95_dp0.2_objective-channel_gradient-chan1.0-bec-outage0.5-kl0.01_perc-pri0.5_epoch-pri70_bs-pri250_lr-pri0.005_mom-pri0.99_dp-pri0.2_seed7/bounds/bec-outage0.5_chan-layer2_mcsamples500_norm-frob_seed7_bounds.json
cnn-9,cifar10,20,channel_norm,0.01,0.1,rayleigh_zf,,1.0,0.1,10.0,frob,0.9,0.3813,-0.5187,False,results/posterior/cnn-9_cifar10_learnt_gaussian_sig0.03_bounded-pmin1e-05_epoch20_bs250_lr0.001_mon0.95_dp0.2_objective-channel_norm-chan0.01-rayleigh-zf-tx1.0-noise0.1-kl0.1_perc-pri0.5_epoch-pri70_bs-pri250_lr-pri0.005_mom-pri0.99_dp-pri0.2_seed7/bounds/rayleigh-zf-tx1.0-noise0.1_chan-layer4_mcsamples500_norm-frob_seed7_bounds.json
cnn-4,mnist,50,channel_gradient,0.1,1.0,bec,0.5,,,,frob,0.019000000000000017,0.018299999999999983,-0.0007000000000000339,True,results/posterior/cnn-4_mnist_learnt_gaussian_sig0.03_bounded-pmin1e-05_epoch50_bs250_lr0.001_mon0.95_dp0.2_objective-channel_gradient-chan0.1-bec-outage0.5-kl1.0_perc-pri0.5_epoch-pri70_bs-pri250_lr-pri0.005_mom-pri0.99_dp-pri0.2_seed7/bounds/bec-outage0.5_chan-layer2_mcsamples500_norm-frob_seed7_bounds.json
cnn-9,cifar10,50,channel_norm,0.01,0.01,rayleigh_zf,,1.0,0.1,10.0,frob,0.9,0.3829,-0.5171,False,results/posterior/cnn-9_cifar10_learnt_gaussian_sig0.03_bounded-pmin1e-05_epoch50_bs250_lr0.001_mon0.95_dp0.2_objective-channel_norm-chan0.01-rayleigh-zf-tx1.0-noise0.1-kl0.01_perc-pri0.5_epoch-pri70_bs-pri250_lr-pri0.005_mom-pri0.99_dp-pri0.2_seed7/bounds/rayleigh-zf-tx1.0-noise0.1_chan-layer4_mcsamples500_norm-frob_seed7_bounds.json
fcn-4,mnist,30,channel_norm,1.0,0.1,rayleigh_zf,,1.0,1.0,0.0,frob,0.8867,,,True,results/posterior/fcn-4_mnist_learnt_gaussian_sig0.03_bounded-pmin1e-05_epoch30_bs250_lr0.001_mon0.95_dp0.2_objective-channel_norm-chan1.0-rayleigh-zf-tx1.0-noise1.0-kl0.1_perc-pri0.5_epoch-pri20_bs-pri250_lr-pri0.005_mom-pri0.99_dp-pri0.2_seed7/bounds/rayleigh-zf-tx1.0-noise1.0_chan-layer2_mcsamples500_norm-frob_seed7_bounds.json
cnn-9,cifar10,50,channel_norm,0.1,0.01,bec,0.1,,,,frob,0.9,0.26680000000000004,-0.6332,False,results/posterior/cnn-9_cifar10_learnt_gaussian_sig0.03_bounded-pmin1e-05_epoch50_bs250_lr0.001_mon0.95_dp0.2_objective-channel_norm-chan0.1-bec-outage0.1-kl0.01_perc-pri0.5_epoch-pri70_bs-pri250_lr-pri0.005_mom-pri0.99_dp-pri0.2_seed7/bounds/bec-outage0.1_chan-layer4_mcsamples500_norm-frob_seed7_bounds.json
cnn-4,mnist,50,channel_norm,0.01,0.01,rayleigh_zf,,1.0,1.0,0.0,frob,0.7482,0.3228,-0.4254,True,results/posterior/cnn-4_mnist_learnt_gaussian_sig0.03_bounded-pmin1e-05_epoch50_bs250_lr0.001_mon0.95_dp0.2_objective-channel_norm-chan0.01-rayleigh-zf-tx1.0-noise1.0-kl0.01_perc-pri0.5_epoch-pri70_bs-pri250_lr-pri0.005_mom-pri0.99_dp-pri0.2_seed7/bounds/rayleigh-zf-tx1.0-noise1.0_chan-layer2_mcsamples500_norm-frob_seed7_bounds.json
cnn-4,mnist,20,channel_gradient,1.0,0.01,rayleigh_zf,,1.0,1.0,0.0,frob,0.4095,0.28959999999999997,-0.1199,True,results/posterior/cnn-4_mnist_learnt_gaussian_sig0.03_bounded-pmin1e-05_epoch20_bs250_lr0.001_mon0.95_dp0.2_objective-channel_gradient-chan1.0-rayleigh-zf-tx1.0-noise1.0-kl0.01_perc-pri0.5_epoch-pri70_bs-pri250_lr-pri0.005_mom-pri0.99_dp-pri0.2_seed7/bounds/rayleigh-zf-tx1.0-noise1.0_chan-layer2_mcsamples500_norm-frob_seed7_bounds.json
cnn-4,mnist,20,channel_norm,1.0,0.1,rayleigh_zf,,1.0,0.1,10.0,frob,0.8904,0.07320000000000004,-0.8171999999999999,True,results/posterior/cnn-4_mnist_learnt_gaussian_sig0.03_bounded-pmin1e-05_epoch20_bs250_lr0.001_mon0.95_dp0.2_objective-channel_norm-chan1.0-rayleigh-zf-tx1.0-noise0.1-kl0.1_perc-pri0.5_epoch-pri70_bs-pri250_lr-pri0.005_mom-pri0.99_dp-pri0.2_seed7/bounds/rayleigh-zf-tx1.0-noise0.1_chan-layer2_mcsamples500_norm-frob_seed7_bounds.json
cnn-4,mnist,20,channel_gradient,0.01,0.1,bec,0.1,,,,frob,0.014499999999999957,0.01319999999999999,-0.0012999999999999678,True,results/posterior/cnn-4_mnist_learnt_gaussian_sig0.03_bounded-pmin1e-05_epoch20_bs250_lr0.001_mon0.95_dp0.2_objective-channel_gradient-chan0.01-bec-outage0.1-kl0.1_perc-pri0.5_epoch-pri70_bs-pri250_lr-pri0.005_mom-pri0.99_dp-pri0.2_seed7/bounds/bec-outage0.1_chan-layer2_mcsamples500_norm-frob_seed7_bounds.json
fcn-4,mnist,20,channel_gradient,0.1,1.0,rayleigh_zf,,1.0,1.0,0.0,frob,0.1028,0.10629999999999995,0.0034999999999999476,True,results/posterior/fcn-4_mnist_learnt_gaussian_sig0.03_bounded-pmin1e-05_epoch20_bs250_lr0.001_mon0.95_dp0.2_objective-channel_gradient-chan0.1-rayleigh-zf-tx1.0-noise1.0-kl1.0_perc-pri0.5_epoch-pri20_bs-pri250_lr-pri0.005_mom-pri0.99_dp-pri0.2_seed7/bounds/rayleigh-zf-tx1.0-noise1.0_chan-layer2_mcsamples500_norm-frob_seed7_bounds.json
cnn-9,cifar10,20,channel_norm,0.01,1.0,rayleigh_zf,,1.0,0.1,10.0,frob,0.9,0.3813,-0.5187,False,results/posterior/cnn-9_cifar10_learnt_gaussian_sig0.03_bounded-pmin1e-05_epoch20_bs250_lr0.001_mon0.95_dp0.2_objective-channel_norm-chan0.01-rayleigh-zf-tx1.0-noise0.1-kl1.0_perc-pri0.5_epoch-pri70_bs-pri250_lr-pri0.005_mom-pri0.99_dp-pri0.2_seed7/bounds/rayleigh-zf-tx1.0-noise0.1_chan-layer4_mcsamples500_norm-frob_seed7_bounds.json
cnn-9,cifar10,50,channel_gradient,0.01,0.1,rayleigh_zf,,1.0,0.1,10.0,frob,0.35209999999999997,0.3829,0.03080000000000005,True,results/posterior/cnn-9_cifar10_learnt_gaussian_sig0.03_bounded-pmin1e-05_epoch50_bs250_lr0.001_mon0.95_dp0.2_objective-channel_gradient-chan0.01-rayleigh-zf-tx1.0-noise0.1-kl0.1_perc-pri0.5_epoch-pri70_bs-pri250_lr-pri0.005_mom-pri0.99_dp-pri0.2_seed7/bounds/rayleigh-zf-tx1.0-noise0.1_chan-layer4_mcsamples500_norm-frob_seed7_bounds.json
cnn-4,mnist,30,channel_gradient,0.1,0.1,bec,0.5,,,,frob,0.018399999999999972,0.019499999999999962,0.0010999999999999899,True,results/posterior/cnn-4_mnist_learnt_gaussian_sig0.03_bounded-pmin1e-05_epoch30_bs250_lr0.001_mon0.95_dp0.2_objective-channel_gradient-chan0.1-bec-outage0.5-kl0.1_perc-pri0.5_epoch-pri70_bs-pri250_lr-pri0.005_mom-pri0.99_dp-pri0.2_seed7/bounds/bec-outage0.5_chan-layer2_mcsamples500_norm-frob_seed7_bounds.json
cnn-4,mnist,50,channel_gradient,0.01,0.01,rayleigh_zf,,1.0,0.1,10.0,frob,0.07069999999999999,0.08420000000000005,0.013500000000000068,True,results/posterior/cnn-4_mnist_learnt_gaussian_sig0.03_bounded-pmin1e-05_epoch50_bs250_lr0.001_mon0.95_dp0.2_objective-channel_gradient-chan0.01-rayleigh-zf-tx1.0-noise0.1-kl0.01_perc-pri0.5_epoch-pri70_bs-pri250_lr-pri0.005_mom-pri0.99_dp-pri0.2_seed7/bounds/rayleigh-zf-tx1.0-noise0.1_chan-layer2_mcsamples500_norm-frob_seed7_bounds.json
cnn-9,cifar10,50,channel_gradient,1.0,0.1,bec,0.5,,,,frob,0.3832,0.3238,-0.05940000000000001,True,results/posterior/cnn-9_cifar10_learnt_gaussian_sig0.03_bounded-pmin1e-05_epoch50_bs250_lr0.001_mon0.95_dp0.2_objective-channel_gradient-chan1.0-bec-outage0.5-kl0.1_perc-pri0.5_epoch-pri70_bs-pri250_lr-pri0.005_mom-pri0.99_dp-pri0.2_seed7/bounds/bec-outage0.5_chan-layer4_mcsamples500_norm-frob_seed7_bounds.json
cnn-9,cifar10,10,channel_gradient,1.0,0.1,rayleigh_zf,,1.0,1.0,0.0,frob,0.5769,0.5798,0.0029000000000000137,True,results/posterior/cnn-9_cifar10_learnt_gaussian_sig0.03_bounded-pmin1e-05_epoch10_bs250_lr0.001_mon0.95_dp0.2_objective-channel_gradient-chan1.0-rayleigh-zf-tx1.0-noise1.0-kl0.1_perc-pri0.5_epoch-pri70_bs-pri250_lr-pri0.005_mom-pri0.99_dp-pri0.2_seed7/bounds/rayleigh-zf-tx1.0-noise1.0_chan-layer4_mcsamples500_norm-frob_seed7_bounds.json
cnn-9,cifar10,20,channel_gradient,0.1,0.1,bec,0.5,,,,frob,0.35940000000000005,0.33620000000000005,-0.0232,True,results/posterior/cnn-9_cifar10_learnt_gaussian_sig0.03_bounded-pmin1e-05_epoch20_bs250_lr0.001_mon0.95_dp0.2_objective-channel_gradient-chan0.1-bec-outage0.5-kl0.1_perc-pri0.5_epoch-pri70_bs-pri250_lr-pri0.005_mom-pri0.99_dp-pri0.2_seed7/bounds/bec-outage0.5_chan-layer4_mcsamples500_norm-frob_seed7_bounds.json
cnn-9,cifar10,10,channel_norm,1.0,0.1,bec,0.1,,,,frob,0.9,0.2921,-0.6079,False,results/posterior/cnn-9_cifar10_learnt_gaussian_sig0.03_bounded-pmin1e-05_epoch10_bs250_lr0.001_mon0.95_dp0.2_objective-channel_norm-chan1.0-bec-outage0.1-kl0.1_perc-pri0.5_epoch-pri70_bs-pri250_lr-pri0.005_mom-pri0.99_dp-pri0.2_seed7/bounds/bec-outage0.1_chan-layer4_mcsamples500_norm-frob_seed7_bounds.json
fcn-4,mnist,50,channel_gradient,0.01,0.1,bec,0.1,,,,frob,0.028200000000000003,0.024599999999999955,-0.0036000000000000476,True,results/posterior/fcn-4_mnist_learnt_gaussian_sig0.03_bounded-pmin1e-05_epoch50_bs250_lr0.001_mon0.95_dp0.2_objective-channel_gradient-chan0.01-bec-outage0.1-kl0.1_perc-pri0.5_epoch-pri20_bs-pri250_lr-pri0.005_mom-pri0.99_dp-pri0.2_seed7/bounds/bec-outage0.1_chan-layer2_mcsamples500_norm-frob_seed7_bounds.json
fcn-4,mnist,10,channel_norm,1.0,0.01,bec,0.5,,,,frob,0.8989,0.03380000000000005,-0.8651,True,results/posterior/fcn-4_mnist_learnt_gaussian_sig0.03_bounded-pmin1e-05_epoch10_bs250_lr0.001_mon0.95_dp0.2_objective-channel_norm-chan1.0-bec-outage0.5-kl0.01_perc-pri0.5_epoch-pri20_bs-pri250_lr-pri0.005_mom-pri0.99_dp-pri0.2_seed7/bounds/bec-outage0.5_chan-layer2_mcsamples500_norm-frob_seed7_bounds.json
fcn-4,mnist,20,channel_gradient,0.1,0.1,rayleigh_zf,,1.0,0.1,10.0,frob,0.040000000000000036,0.035800000000000054,-0.0041999999999999815,True,results/posterior/fcn-4_mnist_learnt_gaussian_sig0.03_bounded-pmin1e-05_epoch20_bs250_lr0.001_mon0.95_dp0.2_objective-channel_gradient-chan0.1-rayleigh-zf-tx1.0-noise0.1-kl0.1_perc-pri0.5_epoch-pri20_bs-pri250_lr-pri0.005_mom-pri0.99_dp-pri0.2_seed7/bounds/rayleigh-zf-tx1.0-noise0.1_chan-layer2_mcsamples500_norm-frob_seed7_bounds.json
cnn-4,mnist,10,channel_gradient,0.1,0.01,rayleigh_zf,,1.0,1.0,0.0,frob,0.29179999999999995,0.2764,-0.01539999999999997,False,results/posterior/cnn-4_mnist_learnt_gaussian_sig0.03_bounded-pmin1e-05_epoch10_bs250_lr0.001_mon0.95_dp0.2_objective-channel_gradient-chan0.1-rayleigh-zf-tx1.0-noise1.0-kl0.01_perc-pri0.5_epoch-pri70_bs-pri250_lr-pri0.005_mom-pri0.99_dp-pri0.2_seed7/bounds/rayleigh-zf-tx1.0-noise1.0_chan-layer2_mcsamples500_norm-frob_seed7_bounds.json
fcn-4,mnist,20,channel_gradient,0.01,0.01,bec,0.1,,,,frob,0.027800000000000047,0.02629999999999999,-0.0015000000000000568,True,results/posterior/fcn-4_mnist_learnt_gaussian_sig0.03_bounded-pmin1e-05_epoch20_bs250_lr0.001_mon0.95_dp0.2_objective-channel_gradient-chan0.01-bec-outage0.1-kl0.01_perc-pri0.5_epoch-pri20_bs-pri250_lr-pri0.005_mom-pri0.99_dp-pri0.2_seed7/bounds/bec-outage0.1_chan-layer2_mcsamples500_norm-frob_seed7_bounds.json
cnn-9,cifar10,30,channel_gradient,0.01,0.01,rayleigh_zf,,1.0,1.0,0.0,frob,0.5446,,,True,results/posterior/cnn-9_cifar10_learnt_gaussian_sig0.03_bounded-pmin1e-05_epoch30_bs250_lr0.001_mon0.95_dp0.2_objective-channel_gradient-chan0.01-rayleigh-zf-tx1.0-noise1.0-kl0.01_perc-pri0.5_epoch-pri70_bs-pri250_lr-pri0.005_mom-pri0.99_dp-pri0.2_seed7/bounds/rayleigh-zf-tx1.0-noise1.0_chan-layer4_mcsamples500_norm-frob_seed7_bounds.json
cnn-4,mnist,50,channel_gradient,1.0,1.0,bec,0.1,,,,frob,0.015800000000000036,0.012900000000000023,-0.0029000000000000137,True,results/posterior/cnn-4_mnist_learnt_gaussian_sig0.03_bounded-pmin1e-05_epoch50_bs250_lr0.001_mon0.95_dp0.2_objective-channel_gradient-chan1.0-bec-outage0.1-kl1.0_perc-pri0.5_epoch-pri70_bs-pri250_lr-pri0.005_mom-pri0.99_dp-pri0.2_seed7/bounds/bec-outage0.1_chan-layer2_mcsamples500_norm-frob_seed7_bounds.json
cnn-4,mnist,10,channel_norm,0.1,1.0,bec,0.5,,,,frob,0.7919,0.018199999999999994,-0.7737,True,results/posterior/cnn-4_mnist_learnt_gaussian_sig0.03_bounded-pmin1e-05_epoch10_bs250_lr0.001_mon0.95_dp0.2_objective-channel_norm-chan0.1-bec-outage0.5-kl1.0_perc-pri0.5_epoch-pri70_bs-pri250_lr-pri0.005_mom-pri0.99_dp-pri0.2_seed7/bounds/bec-outage0.5_chan-layer2_mcsamples500_norm-frob_seed7_bounds.json
cnn-9,cifar10,50,channel_gradient,0.1,0.01,rayleigh_zf,,1.0,1.0,0.0,frob,0.5786,0.6052,0.026599999999999957,True,results/posterior/cnn-9_cifar10_learnt_gaussian_sig0.03_bounded-pmin1e-05_epoch50_bs250_lr0.001_mon0.95_dp0.2_objective-channel_gradient-chan0.1-rayleigh-zf-tx1.0-noise1.0-kl0.01_perc-pri0.5_epoch-pri70_bs-pri250_lr-pri0.005_mom-pri0.99_dp-pri0.2_seed7/bounds/rayleigh-zf-tx1.0-noise1.0_chan-layer4_mcsamples500_norm-frob_seed7_bounds.json
cnn-9,cifar10,50,channel_norm,1.0,0.01,rayleigh_zf,,1.0,0.1,10.0,frob,0.9,0.3829,-0.5171,False,results/posterior/cnn-9_cifar10_learnt_gaussian_sig0.03_bounded-pmin1e-05_epoch50_bs250_lr0.001_mon0.95_dp0.2_objective-channel_norm-chan1.0-rayleigh-zf-tx1.0-noise0.1-kl0.01_perc-pri0.5_epoch-pri70_bs-pri250_lr-pri0.005_mom-pri0.99_dp-pri0.2_seed7/bounds/rayleigh-zf-tx1.0-noise0.1_chan-layer4_mcsamples500_norm-frob_seed7_bounds.json
cnn-9,cifar10,30,channel_gradient,1.0,1.0,rayleigh_zf,,1.0,1.0,0.0,frob,0.5155000000000001,,,True,results/posterior/cnn-9_cifar10_learnt_gaussian_sig0.03_bounded-pmin1e-05_epoch30_bs250_lr0.001_mon0.95_dp0.2_objective-channel_gradient-chan1.0-rayleigh-zf-tx1.0-noise1.0-kl1.0_perc-pri0.5_epoch-pri70_bs-pri250_lr-pri0.005_mom-pri0.99_dp-pri0.2_seed7/bounds/rayleigh-zf-tx1.0-noise1.0_chan-layer4_mcsamples500_norm-frob_seed7_bounds.json
cnn-9,cifar10,10,channel_gradient,0.01,1.0,rayleigh_zf,,1.0,1.0,0.0,frob,0.49829999999999997,0.5798,0.08150000000000002,True,results/posterior/cnn-9_cifar10_learnt_gaussian_sig0.03_bounded-pmin1e-05_epoch10_bs250_lr0.001_mon0.95_dp0.2_objective-channel_gradient-chan0.01-rayleigh-zf-tx1.0-noise1.0-kl1.0_perc-pri0.5_epoch-pri70_bs-pri250_lr-pri0.005_mom-pri0.99_dp-pri0.2_seed7/bounds/rayleigh-zf-tx1.0-noise1.0_chan-layer4_mcsamples500_norm-frob_seed7_bounds.json
cnn-4,mnist,30,channel_norm,0.1,1.0,rayleigh_zf,,1.0,1.0,0.0,frob,0.27590000000000003,0.3106,0.03469999999999995,True,results/posterior/cnn-4_mnist_learnt_gaussian_sig0.03_bounded-pmin1e-05_epoch30_bs250_lr0.001_mon0.95_dp0.2_objective-channel_norm-chan0.1-rayleigh-zf-tx1.0-noise1.0-kl1.0_perc-pri0.5_epoch-pri70_bs-pri250_lr-pri0.005_mom-pri0.99_dp-pri0.2_seed7/bounds/rayleigh-zf-tx1.0-noise1.0_chan-layer2_mcsamples500_norm-frob_seed7_bounds.json
fcn-4,mnist,50,channel_norm,0.01,1.0,rayleigh_zf,,1.0,0.1,10.0,frob,0.04069999999999996,0.035599999999999965,-0.005099999999999993,True,results/posterior/fcn-4_mnist_learnt_gaussian_sig0.03_bounded-pmin1e-05_epoch50_bs250_lr0.001_mon0.95_dp0.2_objective-channel_norm-chan0.01-rayleigh-zf-tx1.0-noise0.1-kl1.0_perc-pri0.5_epoch-pri20_bs-pri250_lr-pri0.005_mom-pri0.99_dp-pri0.2_seed7/bounds/rayleigh-zf-tx1.0-noise0.1_chan-layer2_mcsamples500_norm-frob_seed7_bounds.json
fcn-4,mnist,20,channel_gradient,0.01,0.1,bec,0.1,,,,frob,0.029100000000000015,0.02629999999999999,-0.0028000000000000247,True,results/posterior/fcn-4_mnist_learnt_gaussian_sig0.03_bounded-pmin1e-05_epoch20_bs250_lr0.001_mon0.95_dp0.2_objective-channel_gradient-chan0.01-bec-outage0.1-kl0.1_perc-pri0.5_epoch-pri20_bs-pri250_lr-pri0.005_mom-pri0.99_dp-pri0.2_seed7/bounds/bec-outage0.1_chan-layer2_mcsamples500_norm-frob_seed7_bounds.json
fcn-4,mnist,20,channel_norm,1.0,1.0,bec,0.1,,,,frob,0.5469999999999999,0.02629999999999999,-0.5206999999999999,True,results/posterior/fcn-4_mnist_learnt_gaussian_sig0.03_bounded-pmin1e-05_epoch20_bs250_lr0.001_mon0.95_dp0.2_objective-channel_norm-chan1.0-bec-outage0.1-kl1.0_perc-pri0.5_epoch-pri20_bs-pri250_lr-pri0.005_mom-pri0.99_dp-pri0.2_seed7/bounds/bec-outage0.1_chan-layer2_mcsamples500_norm-frob_seed7_bounds.json
cnn-9,cifar10,20,channel_norm,0.1,1.0,rayleigh_zf,,1.0,1.0,0.0,frob,0.9,0.5969,-0.30310000000000004,False,results/posterior/cnn-9_cifar10_learnt_gaussian_sig0.03_bounded-pmin1e-05_epoch20_bs250_lr0.001_mon0.95_dp0.2_objective-channel_norm-chan0.1-rayleigh-zf-tx1.0-noise1.0-kl1.0_perc-pri0.5_epoch-pri70_bs-pri250_lr-pri0.005_mom-pri0.99_dp-pri0.2_seed7/bounds/rayleigh-zf-tx1.0-noise1.0_chan-layer4_mcsamples500_norm-frob_seed7_bounds.json
cnn-9,cifar10,10,channel_norm,1.0,1.0,bec,0.5,,,,frob,0.9,0.3418,-0.5582,False,results/posterior/cnn-9_cifar10_learnt_gaussian_sig0.03_bounded-pmin1e-05_epoch10_bs250_lr0.001_mon0.95_dp0.2_objective-channel_norm-chan1.0-bec-outage0.5-kl1.0_perc-pri0.5_epoch-pri70_bs-pri250_lr-pri0.005_mom-pri0.99_dp-pri0.2_seed7/bounds/bec-outage0.5_chan-layer4_mcsamples500_norm-frob_seed7_bounds.json
fcn-4,mnist,10,channel_norm,0.1,0.01,bec,0.5,,,,frob,0.8802,0.03380000000000005,-0.8463999999999999,True,results/posterior/fcn-4_mnist_learnt_gaussian_sig0.03_bounded-pmin1e-05_epoch10_bs250_lr0.001_mon0.95_dp0.2_objective-channel_norm-chan0.1-bec-outage0.5-kl0.01_perc-pri0.5_epoch-pri20_bs-pri250_lr-pri0.005_mom-pri0.99_dp-pri0.2_seed7/bounds/bec-outage0.5_chan-layer2_mcsamples500_norm-frob_seed7_bounds.json
fcn-4,mnist,20,channel_norm,0.1,0.1,bec,0.1,,,,frob,0.8261000000000001,0.02629999999999999,-0.7998000000000001,True,results/posterior/fcn-4_mnist_learnt_gaussian_sig0.03_bounded-pmin1e-05_epoch20_bs250_lr0.001_mon0.95_dp0.2_objective-channel_norm-chan0.1-bec-outage0.1-kl0.1_perc-pri0.5_epoch-pri20_bs-pri250_lr-pri0.005_mom-pri0.99_dp-pri0.2_seed7/bounds/bec-outage0.1_chan-layer2_mcsamples500_norm-frob_seed7_bounds.json
fcn-4,mnist,10,channel_norm,1.0,1.0,bec,0.1,,,,frob,0.5211,0.02629999999999999,-0.4948,True,results/posterior/fcn-4_mnist_learnt_gaussian_sig0.03_bounded-pmin1e-05_epoch10_bs250_lr0.001_mon0.95_dp0.2_objective-channel_norm-chan1.0-bec-outage0.1-kl1.0_perc-pri0.5_epoch-pri20_bs-pri250_lr-pri0.005_mom-pri0.99_dp-pri0.2_seed7/bounds/bec-outage0.1_chan-layer2_mcsamples500_norm-frob_seed7_bounds.json
cnn-4,mnist,10,channel_norm,0.1,0.01,rayleigh_zf,,1.0,0.1,10.0,frob,0.6417999999999999,0.06920000000000004,-0.5725999999999999,True,results/posterior/cnn-4_mnist_learnt_gaussian_sig0.03_bounded-pmin1e-05_epoch10_bs250_lr0.001_mon0.95_dp0.2_objective-channel_norm-chan0.1-rayleigh-zf-tx1.0-noise0.1-kl0.01_perc-pri0.5_epoch-pri70_bs-pri250_lr-pri0.005_mom-pri0.99_dp-pri0.2_seed7/bounds/rayleigh-zf-tx1.0-noise0.1_chan-layer2_mcsamples500_norm-frob_seed7_bounds.json
cnn-9,cifar10,50,channel_norm,0.01,1.0,bec,0.1,,,,frob,0.9,0.26680000000000004,-0.6332,False,results/posterior/cnn-9_cifar10_learnt_gaussian_sig0.03_bounded-pmin1e-05_epoch50_bs250_lr0.001_mon0.95_dp0.2_objective-channel_norm-chan0.01-bec-outage0.1-kl1.0_perc-pri0.5_epoch-pri70_bs-pri250_lr-pri0.005_mom-pri0.99_dp-pri0.2_seed7/bounds/bec-outage0.1_chan-layer4_mcsamples500_norm-frob_seed7_bounds.json
cnn-9,cifar10,30,channel_gradient,0.01,0.1,bec,0.1,,,,frob,0.29510000000000003,,,True,results/posterior/cnn-9_cifar10_learnt_gaussian_sig0.03_bounded-pmin1e-05_epoch30_bs250_lr0.001_mon0.95_dp0.2_objective-channel_gradient-chan0.01-bec-outage0.1-kl0.1_perc-pri0.5_epoch-pri70_bs-pri250_lr-pri0.005_mom-pri0.99_dp-pri0.2_seed7/bounds/bec-outage0.1_chan-layer4_mcsamples500_norm-frob_seed7_bounds.json
cnn-4,mnist,10,channel_norm,0.1,0.1,bec,0.5,,,,frob,0.8793,0.018199999999999994,-0.8611,True,results/posterior/cnn-4_mnist_learnt_gaussian_sig0.03_bounded-pmin1e-05_epoch10_bs250_lr0.001_mon0.95_dp0.2_objective-channel_norm-chan0.1-bec-outage0.5-kl0.1_perc-pri0.5_epoch-pri70_bs-pri250_lr-pri0.005_mom-pri0.99_dp-pri0.2_seed7/bounds/bec-outage0.5_chan-layer2_mcsamples500_norm-frob_seed7_bounds.json
fcn-4,mnist,30,channel_norm,0.1,1.0,bec,0.1,,,,frob,0.03520000000000001,,,True,results/posterior/fcn-4_mnist_learnt_gaussian_sig0.03_bounded-pmin1e-05_epoch30_bs250_lr0.001_mon0.95_dp0.2_objective-channel_norm-chan0.1-bec-outage0.1-kl1.0_perc-pri0.5_epoch-pri20_bs-pri250_lr-pri0.005_mom-pri0.99_dp-pri0.2_seed7/bounds/bec-outage0.1_chan-layer2_mcsamples500_norm-frob_seed7_bounds.json
fcn-4,mnist,20,channel_norm,0.01,0.1,rayleigh_zf,,1.0,0.1,10.0,frob,0.04139999999999999,0.035800000000000054,-0.005599999999999938,True,results/posterior/fcn-4_mnist_learnt_gaussian_sig0.03_bounded-pmin1e-05_epoch20_bs250_lr0.001_mon0.95_dp0.2_objective-channel_norm-chan0.01-rayleigh-zf-tx1.0-noise0.1-kl0.1_perc-pri0.5_epoch-pri20_bs-pri250_lr-pri0.005_mom-pri0.99_dp-pri0.2_seed7/bounds/rayleigh-zf-tx1.0-noise0.1_chan-layer2_mcsamples500_norm-frob_seed7_bounds.json
cnn-4,mnist,30,channel_gradient,0.01,0.01,bec,0.1,,,,frob,0.013000000000000012,0.013299999999999979,0.00029999999999996696,True,results/posterior/cnn-4_mnist_learnt_gaussian_sig0.03_bounded-pmin1e-05_epoch30_bs250_lr0.001_mon0.95_dp0.2_objective-channel_gradient-chan0.01-bec-outage0.1-kl0.01_perc-pri0.5_epoch-pri70_bs-pri250_lr-pri0.005_mom-pri0.99_dp-pri0.2_seed7/bounds/bec-outage0.1_chan-layer2_mcsamples500_norm-frob_seed7_bounds.json
cnn-9,cifar10,10,channel_gradient,1.0,0.1,bec,0.5,,,,frob,0.34809999999999997,0.3418,-0.006299999999999972,True,results/posterior/cnn-9_cifar10_learnt_gaussian_sig0.03_bounded-pmin1e-05_epoch10_bs250_lr0.001_mon0.95_dp0.2_objective-channel_gradient-chan1.0-bec-outage0.5-kl0.1_perc-pri0.5_epoch-pri70_bs-pri250_lr-pri0.005_mom-pri0.99_dp-pri0.2_seed7/bounds/bec-outage0.5_chan-layer4_mcsamples500_norm-frob_seed7_bounds.json
fcn-4,mnist,50,channel_gradient,0.01,0.01,bec,0.5,,,,frob,0.035800000000000054,0.03249999999999997,-0.0033000000000000806,True,results/posterior/fcn-4_mnist_learnt_gaussian_sig0.03_bounded-pmin1e-05_epoch50_bs250_lr0.001_mon0.95_dp0.2_objective-channel_gradient-chan0.01-bec-outage0.5-kl0.01_perc-pri0.5_epoch-pri20_bs-pri250_lr-pri0.005_mom-pri0.99_dp-pri0.2_seed7/bounds/bec-outage0.5_chan-layer2_mcsamples500_norm-frob_seed7_bounds.json
cnn-4,mnist,50,channel_norm,1.0,0.1,bec,0.5,,,,frob,0.902,0.018299999999999983,-0.8837,False,results/posterior/cnn-4_mnist_learnt_gaussian_sig0.03_bounded-pmin1e-05_epoch50_bs250_lr0.001_mon0.95_dp0.2_objective-channel_norm-chan1.0-bec-outage0.5-kl0.1_perc-pri0.5_epoch-pri70_bs-pri250_lr-pri0.005_mom-pri0.99_dp-pri0.2_seed7/bounds/bec-outage0.5_chan-layer2_mcsamples500_norm-frob_seed7_bounds.json
cnn-4,mnist,20,channel_norm,1.0,1.0,bec,0.5,,,,frob,0.902,0.017900000000000027,-0.8841,False,results/posterior/cnn-4_mnist_learnt_gaussian_sig0.03_bounded-pmin1e-05_epoch20_bs250_lr0.001_mon0.95_dp0.2_objective-channel_norm-chan1.0-bec-outage0.5-kl1.0_perc-pri0.5_epoch-pri70_bs-pri250_lr-pri0.005_mom-pri0.99_dp-pri0.2_seed7/bounds/bec-outage0.5_chan-layer2_mcsamples500_norm-frob_seed7_bounds.json
cnn-9,cifar10,30,channel_gradient,0.1,0.01,rayleigh_zf,,1.0,0.1,10.0,frob,0.3709,,,True,results/posterior/cnn-9_cifar10_learnt_gaussian_sig0.03_bounded-pmin1e-05_epoch30_bs250_lr0.001_mon0.95_dp0.2_objective-channel_gradient-chan0.1-rayleigh-zf-tx1.0-noise0.1-kl0.01_perc-pri0.5_epoch-pri70_bs-pri250_lr-pri0.005_mom-pri0.99_dp-pri0.2_seed7/bounds/rayleigh-zf-tx1.0-noise0.1_chan-layer4_mcsamples500_norm-frob_seed7_bounds.json
cnn-9,cifar10,30,channel_norm,0.1,0.01,rayleigh_zf,,1.0,1.0,0.0,frob,0.9,,,False,results/posterior/cnn-9_cifar10_learnt_gaussian_sig0.03_bounded-pmin1e-05_epoch30_bs250_lr0.001_mon0.95_dp0.2_objective-channel_norm-chan0.1-rayleigh-zf-tx1.0-noise1.0-kl0.01_perc-pri0.5_epoch-pri70_bs-pri250_lr-pri0.005_mom-pri0.99_dp-pri0.2_seed7/bounds/rayleigh-zf-tx1.0-noise1.0_chan-layer4_mcsamples500_norm-frob_seed7_bounds.json
fcn-4,mnist,30,channel_gradient,1.0,0.01,bec,0.1,,,,frob,0.023900000000000032,,,True,results/posterior/fcn-4_mnist_learnt_gaussian_sig0.03_bounded-pmin1e-05_epoch30_bs250_lr0.001_mon0.95_dp0.2_objective-channel_gradient-chan1.0-bec-outage0.1-kl0.01_perc-pri0.5_epoch-pri20_bs-pri250_lr-pri0.005_mom-pri0.99_dp-pri0.2_seed7/bounds/bec-outage0.1_chan-layer2_mcsamples500_norm-frob_seed7_bounds.json
cnn-9,cifar10,10,channel_gradient,0.01,0.01,bec,0.1,,,,frob,0.2892,0.2921,0.0029000000000000137,True,results/posterior/cnn-9_cifar10_learnt_gaussian_sig0.03_bounded-pmin1e-05_epoch10_bs250_lr0.001_mon0.95_dp0.2_objective-channel_gradient-chan0.01-bec-outage0.1-kl0.01_perc-pri0.5_epoch-pri70_bs-pri250_lr-pri0.005_mom-pri0.99_dp-pri0.2_seed7/bounds/bec-outage0.1_chan-layer4_mcsamples500_norm-frob_seed7_bounds.json
cnn-9,cifar10,30,channel_gradient,1.0,1.0,bec,0.1,,,,frob,0.30210000000000004,,,True,results/posterior/cnn-9_cifar10_learnt_gaussian_sig0.03_bounded-pmin1e-05_epoch30_bs250_lr0.001_mon0.95_dp0.2_objective-channel_gradient-chan1.0-bec-outage0.1-kl1.0_perc-pri0.5_epoch-pri70_bs-pri250_lr-pri0.005_mom-pri0.99_dp-pri0.2_seed7/bounds/bec-outage0.1_chan-layer4_mcsamples500_norm-frob_seed7_bounds.json
fcn-4,mnist,20,channel_gradient,0.1,0.01,bec,0.5,,,,frob,0.03600000000000003,0.03320000000000001,-0.0028000000000000247,True,results/posterior/fcn-4_mnist_learnt_gaussian_sig0.03_bounded-pmin1e-05_epoch20_bs250_lr0.001_mon0.95_dp0.2_objective-channel_gradient-chan0.1-bec-outage0.5-kl0.01_perc-pri0.5_epoch-pri20_bs-pri250_lr-pri0.005_mom-pri0.99_dp-pri0.2_seed7/bounds/bec-outage0.5_chan-layer2_mcsamples500_norm-frob_seed7_bounds.json
fcn-4,mnist,30,channel_norm,1.0,1.0,rayleigh_zf,,1.0,0.1,10.0,frob,0.04520000000000002,,,True,results/posterior/fcn-4_mnist_learnt_gaussian_sig0.03_bounded-pmin1e-05_epoch30_bs250_lr0.001_mon0.95_dp0.2_objective-channel_norm-chan1.0-rayleigh-zf-tx1.0-noise0.1-kl1.0_perc-pri0.5_epoch-pri20_bs-pri250_lr-pri0.005_mom-pri0.99_dp-pri0.2_seed7/bounds/rayleigh-zf-tx1.0-noise0.1_chan-layer2_mcsamples500_norm-frob_seed7_bounds.json
cnn-4,mnist,10,channel_norm,0.01,0.1,rayleigh_zf,,1.0,1.0,0.0,frob,0.26049999999999995,0.2764,0.015900000000000025,True,results/posterior/cnn-4_mnist_learnt_gaussian_sig0.03_bounded-pmin1e-05_epoch10_bs250_lr0.001_mon0.95_dp0.2_objective-channel_norm-chan0.01-rayleigh-zf-tx1.0-noise1.0-kl0.1_perc-pri0.5_epoch-pri70_bs-pri250_lr-pri0.005_mom-pri0.99_dp-pri0.2_seed7/bounds/rayleigh-zf-tx1.0-noise1.0_chan-layer2_mcsamples500_norm-frob_seed7_bounds.json
cnn-4,mnist,10,channel_gradient,1.0,0.01,bec,0.5,,,,frob,0.018199999999999994,0.018199999999999994,0.0,True,results/posterior/cnn-4_mnist_learnt_gaussian_sig0.03_bounded-pmin1e-05_epoch10_bs250_lr0.001_mon0.95_dp0.2_objective-channel_gradient-chan1.0-bec-outage0.5-kl0.01_perc-pri0.5_epoch-pri70_bs-pri250_lr-pri0.005_mom-pri0.99_dp-pri0.2_seed7/bounds/bec-outage0.5_chan-layer2_mcsamples500_norm-frob_seed7_bounds.json
cnn-9,cifar10,30,channel_norm,0.01,0.1,bec,0.1,,,,frob,0.9,,,False,results/posterior/cnn-9_cifar10_learnt_gaussian_sig0.03_bounded-pmin1e-05_epoch30_bs250_lr0.001_mon0.95_dp0.2_objective-channel_norm-chan0.01-bec-outage0.1-kl0.1_perc-pri0.5_epoch-pri70_bs-pri250_lr-pri0.005_mom-pri0.99_dp-pri0.2_seed7/bounds/bec-outage0.1_chan-layer4_mcsamples500_norm-frob_seed7_bounds.json
cnn-9,cifar10,50,channel_gradient,0.01,1.0,rayleigh_zf,,1.0,1.0,0.0,frob,0.4991,0.6052,0.10609999999999997,True,results/posterior/cnn-9_cifar10_learnt_gaussian_sig0.03_bounded-pmin1e-05_epoch50_bs250_lr0.001_mon0.95_dp0.2_objective-channel_gradient-chan0.01-rayleigh-zf-tx1.0-noise1.0-kl1.0_perc-pri0.5_epoch-pri70_bs-pri250_lr-pri0.005_mom-pri0.99_dp-pri0.2_seed7/bounds/rayleigh-zf-tx1.0-noise1.0_chan-layer4_mcsamples500_norm-frob_seed7_bounds.json
cnn-9,cifar10,10,channel_gradient,0.01,1.0,rayleigh_zf,,1.0,0.1,10.0,frob,0.35409999999999997,0.3752,0.021100000000000008,True,results/posterior/cnn-9_cifar10_learnt_gaussian_sig0.03_bounded-pmin1e-05_epoch10_bs250_lr0.001_mon0.95_dp0.2_objective-channel_gradient-chan0.01-rayleigh-zf-tx1.0-noise0.1-kl1.0_perc-pri0.5_epoch-pri70_bs-pri250_lr-pri0.005_mom-pri0.99_dp-pri0.2_seed7/bounds/rayleigh-zf-tx1.0-noise0.1_chan-layer4_mcsamples500_norm-frob_seed7_bounds.json
cnn-9,cifar10,30,channel_norm,0.1,0.1,bec,0.5,,,,frob,0.9,,,False,results/posterior/cnn-9_cifar10_learnt_gaussian_sig0.03_bounded-pmin1e-05_epoch30_bs250_lr0.001_mon0.95_dp0.2_objective-channel_norm-chan0.1-bec-outage0.5-kl0.1_perc-pri0.5_epoch-pri70_bs-pri250_lr-pri0.005_mom-pri0.99_dp-pri0.2_seed7/bounds/bec-outage0.5_chan-layer4_mcsamples500_norm-frob_seed7_bounds.json
fcn-4,mnist,10,channel_norm,0.01,1.0,rayleigh_zf,,1.0,0.1,10.0,frob,0.040200000000000014,0.03610000000000002,-0.0040999999999999925,True,results/posterior/fcn-4_mnist_learnt_gaussian_sig0.03_bounded-pmin1e-05_epoch10_bs250_lr0.001_mon0.95_dp0.2_objective-channel_norm-chan0.01-rayleigh-zf-tx1.0-noise0.1-kl1.0_perc-pri0.5_epoch-pri20_bs-pri250_lr-pri0.005_mom-pri0.99_dp-pri0.2_seed7/bounds/rayleigh-zf-tx1.0-noise0.1_chan-layer2_mcsamples500_norm-frob_seed7_bounds.json
fcn-4,mnist,30,channel_norm,0.01,0.01,rayleigh_zf,,1.0,0.1,10.0,frob,0.04149999999999998,,,True,results/posterior/fcn-4_mnist_learnt_gaussian_sig0.03_bounded-pmin1e-05_epoch30_bs250_lr0.001_mon0.95_dp0.2_objective-channel_norm-chan0.01-rayleigh-zf-tx1.0-noise0.1-kl0.01_perc-pri0.5_epoch-pri20_bs-pri250_lr-pri0.005_mom-pri0.99_dp-pri0.2_seed7/bounds/rayleigh-zf-tx1.0-noise0.1_chan-layer2_mcsamples500_norm-frob_seed7_bounds.json
cnn-9,cifar10,10,channel_norm,0.01,1.0,rayleigh_zf,,1.0,1.0,0.0,frob,0.9,0.5798,-0.32020000000000004,False,results/posterior/cnn-9_cifar10_learnt_gaussian_sig0.03_bounded-pmin1e-05_epoch10_bs250_lr0.001_mon0.95_dp0.2_objective-channel_norm-chan0.01-rayleigh-zf-tx1.0-noise1.0-kl1.0_perc-pri0.5_epoch-pri70_bs-pri250_lr-pri0.005_mom-pri0.99_dp-pri0.2_seed7/bounds/rayleigh-zf-tx1.0-noise1.0_chan-layer4_mcsamples500_norm-frob_seed7_bounds.json
fcn-4,mnist,50,channel_gradient,1.0,0.01,rayleigh_zf,,1.0,0.1,10.0,frob,0.039000000000000035,0.035599999999999965,-0.0034000000000000696,True,results/posterior/fcn-4_mnist_learnt_gaussian_sig0.03_bounded-pmin1e-05_epoch50_bs250_lr0.001_mon0.95_dp0.2_objective-channel_gradient-chan1.0-rayleigh-zf-tx1.0-noise0.1-kl0.01_perc-pri0.5_epoch-pri20_bs-pri250_lr-pri0.005_mom-pri0.99_dp-pri0.2_seed7/bounds/rayleigh-zf-tx1.0-noise0.1_chan-layer2_mcsamples500_norm-frob_seed7_bounds.json
fcn-4,mnist,30,channel_norm,0.1,1.0,rayleigh_zf,,1.0,1.0,0.0,frob,0.10350000000000004,,,True,results/posterior/fcn-4_mnist_learnt_gaussian_sig0.03_bounded-pmin1e-05_epoch30_bs250_lr0.001_mon0.95_dp0.2_objective-channel_norm-chan0.1-rayleigh-zf-tx1.0-noise1.0-kl1.0_perc-pri0.5_epoch-pri20_bs-pri250_lr-pri0.005_mom-pri0.99_dp-pri0.2_seed7/bounds/rayleigh-zf-tx1.0-noise1.0_chan-layer2_mcsamples500_norm-frob_seed7_bounds.json
cnn-4,mnist,30,channel_gradient,1.0,1.0,bec,0.5,,,,frob,0.02300000000000002,0.019499999999999962,-0.0035000000000000586,True,results/posterior/cnn-4_mnist_learnt_gaussian_sig0.03_bounded-pmin1e-05_epoch30_bs250_lr0.001_mon0.95_dp0.2_objective-channel_gradient-chan1.0-bec-outage0.5-kl1.0_perc-pri0.5_epoch-pri70_bs-pri250_lr-pri0.005_mom-pri0.99_dp-pri0.2_seed7/bounds/bec-outage0.5_chan-layer2_mcsamples500_norm-frob_seed7_bounds.json
cnn-4,mnist,10,channel_gradient,0.1,0.1,bec,0.1,,,,frob,0.013299999999999979,0.013499999999999956,0.00019999999999997797,True,results/posterior/cnn-4_mnist_learnt_gaussian_sig0.03_bounded-pmin1e-05_epoch10_bs250_lr0.001_mon0.95_dp0.2_objective-channel_gradient-chan0.1-bec-outage0.1-kl0.1_perc-pri0.5_epoch-pri70_bs-pri250_lr-pri0.005_mom-pri0.99_dp-pri0.2_seed7/bounds/bec-outage0.1_chan-layer2_mcsamples500_norm-frob_seed7_bounds.json
cnn-4,mnist,10,channel_gradient,1.0,0.1,bec,0.5,,,,frob,0.02200000000000002,0.018199999999999994,-0.0038000000000000256,True,results/posterior/cnn-4_mnist_learnt_gaussian_sig0.03_bounded-pmin1e-05_epoch10_bs250_lr0.001_mon0.95_dp0.2_objective-channel_gradient-chan1.0-bec-outage0.5-kl0.1_perc-pri0.5_epoch-pri70_bs-pri250_lr-pri0.005_mom-pri0.99_dp-pri0.2_seed7/bounds/bec-outage0.5_chan-layer2_mcsamples500_norm-frob_seed7_bounds.json
fcn-4,mnist,10,channel_gradient,0.1,1.0,rayleigh_zf,,1.0,1.0,0.0,frob,0.1028,0.10240000000000005,-0.00039999999999995595,True,results/posterior/fcn-4_mnist_learnt_gaussian_sig0.03_bounded-pmin1e-05_epoch10_bs250_lr0.001_mon0.95_dp0.2_objective-channel_gradient-chan0.1-rayleigh-zf-tx1.0-noise1.0-kl1.0_perc-pri0.5_epoch-pri20_bs-pri250_lr-pri0.005_mom-pri0.99_dp-pri0.2_seed7/bounds/rayleigh-zf-tx1.0-noise1.0_chan-layer2_mcsamples500_norm-frob_seed7_bounds.json
cnn-9,cifar10,50,channel_norm,1.0,1.0,bec,0.1,,,,frob,0.9,0.26680000000000004,-0.6332,False,results/posterior/cnn-9_cifar10_learnt_gaussian_sig0.03_bounded-pmin1e-05_epoch50_bs250_lr0.001_mon0.95_dp0.2_objective-channel_norm-chan1.0-bec-outage0.1-kl1.0_perc-pri0.5_epoch-pri70_bs-pri250_lr-pri0.005_mom-pri0.99_dp-pri0.2_seed7/bounds/bec-outage0.1_chan-layer4_mcsamples500_norm-frob_seed7_bounds.json
cnn-9,cifar10,10,channel_norm,1.0,0.01,bec,0.1,,,,frob,0.9,0.2921,-0.6079,False,results/posterior/cnn-9_cifar10_learnt_gaussian_sig0.03_bounded-pmin1e-05_epoch10_bs250_lr0.001_mon0.95_dp0.2_objective-channel_norm-chan1.0-bec-outage0.1-kl0.01_perc-pri0.5_epoch-pri70_bs-pri250_lr-pri0.005_mom-pri0.99_dp-pri0.2_seed7/bounds/bec-outage0.1_chan-layer4_mcsamples500_norm-frob_seed7_bounds.json
cnn-4,mnist,50,channel_norm,0.1,0.1,rayleigh_zf,,1.0,0.1,10.0,frob,0.09830000000000005,0.08420000000000005,-0.014100000000000001,True,results/posterior/cnn-4_mnist_learnt_gaussian_sig0.03_bounded-pmin1e-05_epoch50_bs250_lr0.001_mon0.95_dp0.2_objective-channel_norm-chan0.1-rayleigh-zf-tx1.0-noise0.1-kl0.1_perc-pri0.5_epoch-pri70_bs-pri250_lr-pri0.005_mom-pri0.99_dp-pri0.2_seed7/bounds/rayleigh-zf-tx1.0-noise0.1_chan-layer2_mcsamples500_norm-frob_seed7_bounds.json
cnn-4,mnist,10,channel_gradient,0.1,0.1,rayleigh_zf,,1.0,0.1,10.0,frob,0.06779999999999997,0.06920000000000004,0.0014000000000000679,True,results/posterior/cnn-4_mnist_learnt_gaussian_sig0.03_bounded-pmin1e-05_epoch10_bs250_lr0.001_mon0.95_dp0.2_objective-channel_gradient-chan0.1-rayleigh-zf-tx1.0-noise0.1-kl0.1_perc-pri0.5_epoch-pri70_bs-pri250_lr-pri0.005_mom-pri0.99_dp-pri0.2_seed7/bounds/rayleigh-zf-tx1.0-noise0.1_chan-layer2_mcsamples500_norm-frob_seed7_bounds.json
fcn-4,mnist,20,channel_gradient,1.0,1.0,rayleigh_zf,,1.0,0.1,10.0,frob,0.03959999999999997,0.035800000000000054,-0.0037999999999999146,True,results/posterior/fcn-4_mnist_learnt_gaussian_sig0.03_bounded-pmin1e-05_epoch20_bs250_lr0.001_mon0.95_dp0.2_objective-channel_gradient-chan1.0-rayleigh-zf-tx1.0-noise0.1-kl1.0_perc-pri0.5_epoch-pri20_bs-pri250_lr-pri0.005_mom-pri0.99_dp-pri0.2_seed7/bounds/rayleigh-zf-tx1.0-noise0.1_chan-layer2_mcsamples500_norm-frob_seed7_bounds.json
fcn-4,mnist,30,channel_norm,0.1,0.01,bec,0.5,,,,frob,0.8967,,,True,results/posterior/fcn-4_mnist_learnt_gaussian_sig0.03_bounded-pmin1e-05_epoch30_bs250_lr0.001_mon0.95_dp0.2_objective-channel_norm-chan0.1-bec-outage0.5-kl0.01_perc-pri0.5_epoch-pri20_bs-pri250_lr-pri0.005_mom-pri0.99_dp-pri0.2_seed7/bounds/bec-outage0.5_chan-layer2_mcsamples500_norm-frob_seed7_bounds.json
cnn-4,mnist,30,channel_gradient,1.0,0.1,rayleigh_zf,,1.0,0.1,10.0,frob,0.06840000000000002,0.08220000000000005,0.013800000000000034,True,results/posterior/cnn-4_mnist_learnt_gaussian_sig0.03_bounded-pmin1e-05_epoch30_bs250_lr0.001_mon0.95_dp0.2_objective-channel_gradient-chan1.0-rayleigh-zf-tx1.0-noise0.1-kl0.1_perc-pri0.5_epoch-pri70_bs-pri250_lr-pri0.005_mom-pri0.99_dp-pri0.2_seed7/bounds/rayleigh-zf-tx1.0-noise0.1_chan-layer2_mcsamples500_norm-frob_seed7_bounds.json
fcn-4,mnist,10,channel_gradient,0.1,0.1,rayleigh_zf,,1.0,0.1,10.0,frob,0.0403,0.03610000000000002,-0.0041999999999999815,True,results/posterior/fcn-4_mnist_learnt_gaussian_sig0.03_bounded-pmin1e-05_epoch10_bs250_lr0.001_mon0.95_dp0.2_objective-channel_gradient-chan0.1-rayleigh-zf-tx1.0-noise0.1-kl0.1_perc-pri0.5_epoch-pri20_bs-pri250_lr-pri0.005_mom-pri0.99_dp-pri0.2_seed7/bounds/rayleigh-zf-tx1.0-noise0.1_chan-layer2_mcsamples500_norm-frob_seed7_bounds.json
cnn-9,cifar10,30,channel_norm,1.0,0.01,bec,0.1,,,,frob,0.9,,,False,results/posterior/cnn-9_cifar10_learnt_gaussian_sig0.03_bounded-pmin1e-05_epoch30_bs250_lr0.001_mon0.95_dp0.2_objective-channel_norm-chan1.0-bec-outage0.1-kl0.01_perc-pri0.5_epoch-pri70_bs-pri250_lr-pri0.005_mom-pri0.99_dp-pri0.2_seed7/bounds/bec-outage0.1_chan-layer4_mcsamples500_norm-frob_seed7_bounds.json
fcn-4,mnist,30,channel_norm,1.0,0.1,rayleigh_zf,,1.0,0.1,10.0,frob,0.8107,,,True,results/posterior/fcn-4_mnist_learnt_gaussian_sig0.03_bounded-pmin1e-05_epoch30_bs250_lr0.001_mon0.95_dp0.2_objective-channel_norm-chan1.0-rayleigh-zf-tx1.0-noise0.1-kl0.1_perc-pri0.5_epoch-pri20_bs-pri250_lr-pri0.005_mom-pri0.99_dp-pri0.2_seed7/bounds/rayleigh-zf-tx1.0-noise0.1_chan-layer2_mcsamples500_norm-frob_seed7_bounds.json
cnn-4,mnist,10,channel_norm,1.0,1.0,rayleigh_zf,,1.0,0.1,10.0,frob,0.09179999999999999,0.06920000000000004,-0.022599999999999953,True,results/posterior/cnn-4_mnist_learnt_gaussian_sig0.03_bounded-pmin1e-05_epoch10_bs250_lr0.001_mon0.95_dp0.2_objective-channel_norm-chan1.0-rayleigh-zf-tx1.0-noise0.1-kl1.0_perc-pri0.5_epoch-pri70_bs-pri250_lr-pri0.005_mom-pri0.99_dp-pri0.2_seed7/bounds/rayleigh-zf-tx1.0-noise0.1_chan-layer2_mcsamples500_norm-frob_seed7_bounds.json
cnn-9,cifar10,10,channel_norm,0.1,1.0,rayleigh_zf,,1.0,1.0,0.0,frob,0.9,0.5798,-0.32020000000000004,False,results/posterior/cnn-9_cifar10_learnt_gaussian_sig0.03_bounded-pmin1e-05_epoch10_bs250_lr0.001_mon0.95_dp0.2_objective-channel_norm-chan0.1-rayleigh-zf-tx1.0-noise1.0-kl1.0_perc-pri0.5_epoch-pri70_bs-pri250_lr-pri0.005_mom-pri0.99_dp-pri0.2_seed7/bounds/rayleigh-zf-tx1.0-noise1.0_chan-layer4_mcsamples500_norm-frob_seed7_bounds.json
fcn-4,mnist,30,channel_gradient,0.01,0.01,rayleigh_zf,,1.0,1.0,0.0,frob,0.1059,,,True,results/posterior/fcn-4_mnist_learnt_gaussian_sig0.03_bounded-pmin1e-05_epoch30_bs250_lr0.001_mon0.95_dp0.2_objective-channel_gradient-chan0.01-rayleigh-zf-tx1.0-noise1.0-kl0.01_perc-pri0.5_epoch-pri20_bs-pri250_lr-pri0.005_mom-pri0.99_dp-pri0.2_seed7/bounds/rayleigh-zf-tx1.0-noise1.0_chan-layer2_mcsamples500_norm-frob_seed7_bounds.json
cnn-4,mnist,50,channel_norm,0.1,0.01,rayleigh_zf,,1.0,1.0,0.0,frob,0.8729,0.3228,-0.5501,True,results/posterior/cnn-4_mnist_learnt_gaussian_sig0.03_bounded-pmin1e-05_epoch50_bs250_lr0.001_mon0.95_dp0.2_objective-channel_norm-chan0.1-rayleigh-zf-tx1.0-noise1.0-kl0.01_perc-pri0.5_epoch-pri70_bs-pri250_lr-pri0.005_mom-pri0.99_dp-pri0.2_seed7/bounds/rayleigh-zf-tx1.0-noise1.0_chan-layer2_mcsamples500_norm-frob_seed7_bounds.json
cnn-4,mnist,50,channel_gradient,1.0,1.0,bec,0.5,,,,frob,0.028100000000000014,0.018299999999999983,-0.009800000000000031,True,results/posterior/cnn-4_mnist_learnt_gaussian_sig0.03_bounded-pmin1e-05_epoch50_bs250_lr0.001_mon0.95_dp0.2_objective-channel_gradient-chan1.0-bec-outage0.5-kl1.0_perc-pri0.5_epoch-pri70_bs-pri250_lr-pri0.005_mom-pri0.99_dp-pri0.2_seed7/bounds/bec-outage0.5_chan-layer2_mcsamples500_norm-frob_seed7_bounds.json
cnn-9,cifar10,30,channel_gradient,0.1,0.01,rayleigh_zf,,1.0,1.0,0.0,frob,0.5860000000000001,,,True,results/posterior/cnn-9_cifar10_learnt_gaussian_sig0.03_bounded-pmin1e-05_epoch30_bs250_lr0.001_mon0.95_dp0.2_objective-channel_gradient-chan0.1-rayleigh-zf-tx1.0-noise1.0-kl0.01_perc-pri0.5_epoch-pri70_bs-pri250_lr-pri0.005_mom-pri0.99_dp-pri0.2_seed7/bounds/rayleigh-zf-tx1.0-noise1.0_chan-layer4_mcsamples500_norm-frob_seed7_bounds.json
fcn-4,mnist,50,channel_norm,0.01,0.01,bec,0.5,,,,frob,0.8904,0.03249999999999997,-0.8579,True,results/posterior/fcn-4_mnist_learnt_gaussian_sig0.03_bounded-pmin1e-05_epoch50_bs250_lr0.001_mon0.95_dp0.2_objective-channel_norm-chan0.01-bec-outage0.5-kl0.01_perc-pri0.5_epoch-pri20_bs-pri250_lr-pri0.005_mom-pri0.99_dp-pri0.2_seed7/bounds/bec-outage0.5_chan-layer2_mcsamples500_norm-frob_seed7_bounds.json
cnn-4,mnist,10,channel_norm,0.01,0.1,bec,0.5,,,,frob,0.8788,0.018199999999999994,-0.8606,True,results/posterior/cnn-4_mnist_learnt_gaussian_sig0.03_bounded-pmin1e-05_epoch10_bs250_lr0.001_mon0.95_dp0.2_objective-channel_norm-chan0.01-bec-outage0.5-kl0.1_perc-pri0.5_epoch-pri70_bs-pri250_lr-pri0.005_mom-pri0.99_dp-pri0.2_seed7/bounds/bec-outage0.5_chan-layer2_mcsamples500_norm-frob_seed7_bounds.json
fcn-4,mnist,50,channel_norm,0.1,0.01,bec,0.1,,,,frob,0.8843,0.024599999999999955,-0.8597,True,results/posterior/fcn-4_mnist_learnt_gaussian_sig0.03_bounded-pmin1e-05_epoch50_bs250_lr0.001_mon0.95_dp0.2_objective-channel_norm-chan0.1-bec-outage0.1-kl0.01_perc-pri0.5_epoch-pri20_bs-pri250_lr-pri0.005_mom-pri0.99_dp-pri0.2_seed7/bounds/bec-outage0.1_chan-layer2_mcsamples500_norm-frob_seed7_bounds.json
fcn-4,mnist,20,channel_norm,1.0,1.0,rayleigh_zf,,1.0,1.0,0.0,frob,0.12629999999999997,0.10629999999999995,-0.020000000000000018,True,results/posterior/fcn-4_mnist_learnt_gaussian_sig0.03_bounded-pmin1e-05_epoch20_bs250_lr0.001_mon0.95_dp0.2_objective-channel_norm-chan1.0-rayleigh-zf-tx1.0-noise1.0-kl1.0_perc-pri0.5_epoch-pri20_bs-pri250_lr-pri0.005_mom-pri0.99_dp-pri0.2_seed7/bounds/rayleigh-zf-tx1.0-noise1.0_chan-layer2_mcsamples500_norm-frob_seed7_bounds.json
fcn-4,mnist,30,channel_norm,1.0,1.0,bec,0.5,,,,frob,0.7491,,,True,results/posterior/fcn-4_mnist_learnt_gaussian_sig0.03_bounded-pmin1e-05_epoch30_bs250_lr0.001_mon0.95_dp0.2_objective-channel_norm-chan1.0-bec-outage0.5-kl1.0_perc-pri0.5_epoch-pri20_bs-pri250_lr-pri0.005_mom-pri0.99_dp-pri0.2_seed7/bounds/bec-outage0.5_chan-layer2_mcsamples500_norm-frob_seed7_bounds.json
fcn-4,mnist,50,channel_norm,1.0,0.01,bec,0.1,,,,frob,0.8946000000000001,0.024599999999999955,-0.8700000000000001,True,results/posterior/fcn-4_mnist_learnt_gaussian_sig0.03_bounded-pmin1e-05_epoch50_bs250_lr0.001_mon0.95_dp0.2_objective-channel_norm-chan1.0-bec-outage0.1-kl0.01_perc-pri0.5_epoch-pri20_bs-pri250_lr-pri0.005_mom-pri0.99_dp-pri0.2_seed7/bounds/bec-outage0.1_chan-layer2_mcsamples500_norm-frob_seed7_bounds.json
cnn-4,mnist,10,channel_norm,0.1,1.0,bec,0.1,,,,frob,0.41800000000000004,0.013499999999999956,-0.4045000000000001,True,results/posterior/cnn-4_mnist_learnt_gaussian_sig0.03_bounded-pmin1e-05_epoch10_bs250_lr0.001_mon0.95_dp0.2_objective-channel_norm-chan0.1-bec-outage0.1-kl1.0_perc-pri0.5_epoch-pri70_bs-pri250_lr-pri0.005_mom-pri0.99_dp-pri0.2_seed7/bounds/bec-outage0.1_chan-layer2_mcsamples500_norm-frob_seed7_bounds.json
fcn-4,mnist,20,channel_norm,0.1,1.0,rayleigh_zf,,1.0,0.1,10.0,frob,0.041200000000000014,0.035800000000000054,-0.00539999999999996,True,results/posterior/fcn-4_mnist_learnt_gaussian_sig0.03_bounded-pmin1e-05_epoch20_bs250_lr0.001_mon0.95_dp0.2_objective-channel_norm-chan0.1-rayleigh-zf-tx1.0-noise0.1-kl1.0_perc-pri0.5_epoch-pri20_bs-pri250_lr-pri0.005_mom-pri0.99_dp-pri0.2_seed7/bounds/rayleigh-zf-tx1.0-noise0.1_chan-layer2_mcsamples500_norm-frob_seed7_bounds.json
fcn-4,mnist,50,channel_gradient,0.01,0.1,bec,0.5,,,,frob,0.036900000000000044,0.03249999999999997,-0.0044000000000000705,True,results/posterior/fcn-4_mnist_learnt_gaussian_sig0.03_bounded-pmin1e-05_epoch50_bs250_lr0.001_mon0.95_dp0.2_objective-channel_gradient-chan0.01-bec-outage0.5-kl0.1_perc-pri0.5_epoch-pri20_bs-pri250_lr-pri0.005_mom-pri0.99_dp-pri0.2_seed7/bounds/bec-outage0.5_chan-layer2_mcsamples500_norm-frob_seed7_bounds.json
cnn-4,mnist,30,channel_gradient,0.01,1.0,bec,0.5,,,,frob,0.018199999999999994,0.019499999999999962,0.0012999999999999678,True,results/posterior/cnn-4_mnist_learnt_gaussian_sig0.03_bounded-pmin1e-05_epoch30_bs250_lr0.001_mon0.95_dp0.2_objective-channel_gradient-chan0.01-bec-outage0.5-kl1.0_perc-pri0.5_epoch-pri70_bs-pri250_lr-pri0.005_mom-pri0.99_dp-pri0.2_seed7/bounds/bec-outage0.5_chan-layer2_mcsamples500_norm-frob_seed7_bounds.json
fcn-4,mnist,30,channel_gradient,0.1,0.01,bec,0.5,,,,frob,0.036599999999999966,,,True,results/posterior/fcn-4_mnist_learnt_gaussian_sig0.03_bounded-pmin1e-05_epoch30_bs250_lr0.001_mon0.95_dp0.2_objective-channel_gradient-chan0.1-bec-outage0.5-kl0.01_perc-pri0.5_epoch-pri20_bs-pri250_lr-pri0.005_mom-pri0.99_dp-pri0.2_seed7/bounds/bec-outage0.5_chan-layer2_mcsamples500_norm-frob_seed7_bounds.json
cnn-9,cifar10,30,channel_gradient,1.0,0.01,bec,0.5,,,,frob,0.6593,,,True,results/posterior/cnn-9_cifar10_learnt_gaussian_sig0.03_bounded-pmin1e-05_epoch30_bs250_lr0.001_mon0.95_dp0.2_objective-channel_gradient-chan1.0-bec-outage0.5-kl0.01_perc-pri0.5_epoch-pri70_bs-pri250_lr-pri0.005_mom-pri0.99_dp-pri0.2_seed7/bounds/bec-outage0.5_chan-layer4_mcsamples500_norm-frob_seed7_bounds.json
cnn-9,cifar10,30,channel_norm,0.01,1.0,bec,0.5,,,,frob,0.9,,,False,results/posterior/cnn-9_cifar10_learnt_gaussian_sig0.03_bounded-pmin1e-05_epoch30_bs250_lr0.001_mon0.95_dp0.2_objective-channel_norm-chan0.01-bec-outage0.5-kl1.0_perc-pri0.5_epoch-pri70_bs-pri250_lr-pri0.005_mom-pri0.99_dp-pri0.2_seed7/bounds/bec-outage0.5_chan-layer4_mcsamples500_norm-frob_seed7_bounds.json
cnn-9,cifar10,20,channel_gradient,0.01,0.1,rayleigh_zf,,1.0,1.0,0.0,frob,0.5008,0.5969,0.09609999999999996,True,results/posterior/cnn-9_cifar10_learnt_gaussian_sig0.03_bounded-pmin1e-05_epoch20_bs250_lr0.001_mon0.95_dp0.2_objective-channel_gradient-chan0.01-rayleigh-zf-tx1.0-noise1.0-kl0.1_perc-pri0.5_epoch-pri70_bs-pri250_lr-pri0.005_mom-pri0.99_dp-pri0.2_seed7/bounds/rayleigh-zf-tx1.0-noise1.0_chan-layer4_mcsamples500_norm-frob_seed7_bounds.json
fcn-4,mnist,30,channel_gradient,0.01,0.1,rayleigh_zf,,1.0,0.1,10.0,frob,0.041200000000000014,,,True,results/posterior/fcn-4_mnist_learnt_gaussian_sig0.03_bounded-pmin1e-05_epoch30_bs250_lr0.001_mon0.95_dp0.2_objective-channel_gradient-chan0.01-rayleigh-zf-tx1.0-noise0.1-kl0.1_perc-pri0.5_epoch-pri20_bs-pri250_lr-pri0.005_mom-pri0.99_dp-pri0.2_seed7/bounds/rayleigh-zf-tx1.0-noise0.1_chan-layer2_mcsamples500_norm-frob_seed7_bounds.json
cnn-4,mnist,50,channel_gradient,0.1,0.1,bec,0.5,,,,frob,0.018299999999999983,0.018299999999999983,0.0,True,results/posterior/cnn-4_mnist_learnt_gaussian_sig0.03_bounded-pmin1e-05_epoch50_bs250_lr0.001_mon0.95_dp0.2_objective-channel_gradient-chan0.1-bec-outage0.5-kl0.1_perc-pri0.5_epoch-pri70_bs-pri250_lr-pri0.005_mom-pri0.99_dp-pri0.2_seed7/bounds/bec-outage0.5_chan-layer2_mcsamples500_norm-frob_seed7_bounds.json
cnn-4,mnist,50,channel_gradient,0.01,0.01,bec,0.1,,,,frob,0.011700000000000044,0.012900000000000023,0.0011999999999999789,True,results/posterior/cnn-4_mnist_learnt_gaussian_sig0.03_bounded-pmin1e-05_epoch50_bs250_lr0.001_mon0.95_dp0.2_objective-channel_gradient-chan0.01-bec-outage0.1-kl0.01_perc-pri0.5_epoch-pri70_bs-pri250_lr-pri0.005_mom-pri0.99_dp-pri0.2_seed7/bounds/bec-outage0.1_chan-layer2_mcsamples500_norm-frob_seed7_bounds.json
cnn-4,mnist,30,channel_norm,0.01,0.01,rayleigh_zf,,1.0,1.0,0.0,frob,0.6973,0.3106,-0.38670000000000004,True,results/posterior/cnn-4_mnist_learnt_gaussian_sig0.03_bounded-pmin1e-05_epoch30_bs250_lr0.001_mon0.95_dp0.2_objective-channel_norm-chan0.01-rayleigh-zf-tx1.0-noise1.0-kl0.01_perc-pri0.5_epoch-pri70_bs-pri250_lr-pri0.005_mom-pri0.99_dp-pri0.2_seed7/bounds/rayleigh-zf-tx1.0-noise1.0_chan-layer2_mcsamples500_norm-frob_seed7_bounds.json
fcn-4,mnist,30,channel_gradient,0.01,1.0,bec,0.1,,,,frob,0.028299999999999992,,,True,results/posterior/fcn-4_mnist_learnt_gaussian_sig0.03_bounded-pmin1e-05_epoch30_bs250_lr0.001_mon0.95_dp0.2_objective-channel_gradient-chan0.01-bec-outage0.1-kl1.0_perc-pri0.5_epoch-pri20_bs-pri250_lr-pri0.005_mom-pri0.99_dp-pri0.2_seed7/bounds/bec-outage0.1_chan-layer2_mcsamples500_norm-frob_seed7_bounds.json
fcn-4,mnist,20,channel_gradient,1.0,1.0,bec,0.1,,,,frob,0.028200000000000003,0.02629999999999999,-0.0019000000000000128,True,results/posterior/fcn-4_mnist_learnt_gaussian_sig0.03_bounded-pmin1e-05_epoch20_bs250_lr0.001_mon0.95_dp0.2_objective-channel_gradient-chan1.0-bec-outage0.1-kl1.0_perc-pri0.5_epoch-pri20_bs-pri250_lr-pri0.005_mom-pri0.99_dp-pri0.2_seed7/bounds/bec-outage0.1_chan-layer2_mcsamples500_norm-frob_seed7_bounds.json
cnn-4,mnist,20,channel_norm,0.1,0.01,bec,0.1,,,,frob,0.8866,0.01319999999999999,-0.8734000000000001,True,results/posterior/cnn-4_mnist_learnt_gaussian_sig0.03_bounded-pmin1e-05_epoch20_bs250_lr0.001_mon0.95_dp0.2_objective-channel_norm-chan0.1-bec-outage0.1-kl0.01_perc-pri0.5_epoch-pri70_bs-pri250_lr-pri0.005_mom-pri0.99_dp-pri0.2_seed7/bounds/bec-outage0.1_chan-layer2_mcsamples500_norm-frob_seed7_bounds.json
cnn-9,cifar10,20,channel_norm,0.01,0.1,rayleigh_zf,,1.0,1.0,0.0,frob,0.9,0.5969,-0.30310000000000004,False,results/posterior/cnn-9_cifar10_learnt_gaussian_sig0.03_bounded-pmin1e-05_epoch20_bs250_lr0.001_mon0.95_dp0.2_objective-channel_norm-chan0.01-rayleigh-zf-tx1.0-noise1.0-kl0.1_perc-pri0.5_epoch-pri70_bs-pri250_lr-pri0.005_mom-pri0.99_dp-pri0.2_seed7/bounds/rayleigh-zf-tx1.0-noise1.0_chan-layer4_mcsamples500_norm-frob_seed7_bounds.json
cnn-9,cifar10,10,channel_gradient,0.1,0.01,rayleigh_zf,,1.0,1.0,0.0,frob,0.5806,0.5798,-0.0008000000000000229,True,results/posterior/cnn-9_cifar10_learnt_gaussian_sig0.03_bounded-pmin1e-05_epoch10_bs250_lr0.001_mon0.95_dp0.2_objective-channel_gradient-chan0.1-rayleigh-zf-tx1.0-noise1.0-kl0.01_perc-pri0.5_epoch-pri70_bs-pri250_lr-pri0.005_mom-pri0.99_dp-pri0.2_seed7/bounds/rayleigh-zf-tx1.0-noise1.0_chan-layer4_mcsamples500_norm-frob_seed7_bounds.json
cnn-9,cifar10,20,channel_gradient,0.1,0.01,bec,0.5,,,,frob,0.37050000000000005,0.33620000000000005,-0.0343,True,results/posterior/cnn-9_cifar10_learnt_gaussian_sig0.03_bounded-pmin1e-05_epoch20_bs250_lr0.001_mon0.95_dp0.2_objective-channel_gradient-chan0.1-bec-outage0.5-kl0.01_perc-pri0.5_epoch-pri70_bs-pri250_lr-pri0.005_mom-pri0.99_dp-pri0.2_seed7/bounds/bec-outage0.5_chan-layer4_mcsamples500_norm-frob_seed7_bounds.json
fcn-4,mnist,30,channel_gradient,1.0,0.01,rayleigh_zf,,1.0,0.1,10.0,frob,0.04090000000000005,,,True,results/posterior/fcn-4_mnist_learnt_gaussian_sig0.03_bounded-pmin1e-05_epoch30_bs250_lr0.001_mon0.95_dp0.2_objective-channel_gradient-chan1.0-rayleigh-zf-tx1.0-noise0.1-kl0.01_perc-pri0.5_epoch-pri20_bs-pri250_lr-pri0.005_mom-pri0.99_dp-pri0.2_seed7/bounds/rayleigh-zf-tx1.0-noise0.1_chan-layer2_mcsamples500_norm-frob_seed7_bounds.json
fcn-4,mnist,50,channel_gradient,0.01,1.0,rayleigh_zf,,1.0,0.1,10.0,frob,0.041200000000000014,0.035599999999999965,-0.005600000000000049,True,results/posterior/fcn-4_mnist_learnt_gaussian_sig0.03_bounded-pmin1e-05_epoch50_bs250_lr0.001_mon0.95_dp0.2_objective-channel_gradient-chan0.01-rayleigh-zf-tx1.0-noise0.1-kl1.0_perc-pri0.5_epoch-pri20_bs-pri250_lr-pri0.005_mom-pri0.99_dp-pri0.2_seed7/bounds/rayleigh-zf-tx1.0-noise0.1_chan-layer2_mcsamples500_norm-frob_seed7_bounds.json
cnn-9,cifar10,50,channel_gradient,0.01,0.1,rayleigh_zf,,1.0,1.0,0.0,frob,0.5037,0.6052,0.10149999999999992,True,results/posterior/cnn-9_cifar10_learnt_gaussian_sig0.03_bounded-pmin1e-05_epoch50_bs250_lr0.001_mon0.95_dp0.2_objective-channel_gradient-chan0.01-rayleigh-zf-tx1.0-noise1.0-kl0.1_perc-pri0.5_epoch-pri70_bs-pri250_lr-pri0.005_mom-pri0.99_dp-pri0.2_seed7/bounds/rayleigh-zf-tx1.0-noise1.0_chan-layer4_mcsamples500_norm-frob_seed7_bounds.json
cnn-4,mnist,50,channel_norm,0.01,0.1,bec,0.5,,,,frob,0.8739,0.018299999999999983,-0.8556,True,results/posterior/cnn-4_mnist_learnt_gaussian_sig0.03_bounded-pmin1e-05_epoch50_bs250_lr0.001_mon0.95_dp0.2_objective-channel_norm-chan0.01-bec-outage0.5-kl0.1_perc-pri0.5_epoch-pri70_bs-pri250_lr-pri0.005_mom-pri0.99_dp-pri0.2_seed7/bounds/bec-outage0.5_chan-layer2_mcsamples500_norm-frob_seed7_bounds.json
cnn-4,mnist,20,channel_norm,1.0,0.1,bec,0.1,,,,frob,0.902,0.01319999999999999,-0.8888,False,results/posterior/cnn-4_mnist_learnt_gaussian_sig0.03_bounded-pmin1e-05_epoch20_bs250_lr0.001_mon0.95_dp0.2_objective-channel_norm-chan1.0-bec-outage0.1-kl0.1_perc-pri0.5_epoch-pri70_bs-pri250_lr-pri0.005_mom-pri0.99_dp-pri0.2_seed7/bounds/bec-outage0.1_chan-layer2_mcsamples500_norm-frob_seed7_bounds.json
fcn-4,mnist,30,channel_norm,0.01,0.1,bec,0.1,,,,frob,0.032200000000000006,,,True,results/posterior/fcn-4_mnist_learnt_gaussian_sig0.03_bounded-pmin1e-05_epoch30_bs250_lr0.001_mon0.95_dp0.2_objective-channel_norm-chan0.01-bec-outage0.1-kl0.1_perc-pri0.5_epoch-pri20_bs-pri250_lr-pri0.005_mom-pri0.99_dp-pri0.2_seed7/bounds/bec-outage0.1_chan-layer2_mcsamples500_norm-frob_seed7_bounds.json
fcn-4,mnist,20,channel_gradient,0.01,0.1,rayleigh_zf,,1.0,1.0,0.0,frob,0.10260000000000002,0.10629999999999995,0.0036999999999999256,True,results/posterior/fcn-4_mnist_learnt_gaussian_sig0.03_bounded-pmin1e-05_epoch20_bs250_lr0.001_mon0.95_dp0.2_objective-channel_gradient-chan0.01-rayleigh-zf-tx1.0-noise1.0-kl0.1_perc-pri0.5_epoch-pri20_bs-pri250_lr-pri0.005_mom-pri0.99_dp-pri0.2_seed7/bounds/rayleigh-zf-tx1.0-noise1.0_chan-layer2_mcsamples500_norm-frob_seed7_bounds.json
fcn-4,mnist,50,channel_norm,1.0,1.0,bec,0.1,,,,frob,0.5838,0.024599999999999955,-0.5592,True,results/posterior/fcn-4_mnist_learnt_gaussian_sig0.03_bounded-pmin1e-05_epoch50_bs250_lr0.001_mon0.95_dp0.2_objective-channel_norm-chan1.0-bec-outage0.1-kl1.0_perc-pri0.5_epoch-pri20_bs-pri250_lr-pri0.005_mom-pri0.99_dp-pri0.2_seed7/bounds/bec-outage0.1_chan-layer2_mcsamples500_norm-frob_seed7_bounds.json
cnn-4,mnist,20,channel_norm,0.1,0.1,rayleigh_zf,,1.0,1.0,0.0,frob,0.8952,0.28959999999999997,-0.6056,True,results/posterior/cnn-4_mnist_learnt_gaussian_sig0.03_bounded-pmin1e-05_epoch20_bs250_lr0.001_mon0.95_dp0.2_objective-channel_norm-chan0.1-rayleigh-zf-tx1.0-noise1.0-kl0.1_perc-pri0.5_epoch-pri70_bs-pri250_lr-pri0.005_mom-pri0.99_dp-pri0.2_seed7/bounds/rayleigh-zf-tx1.0-noise1.0_chan-layer2_mcsamples500_norm-frob_seed7_bounds.json
fcn-4,mnist,10,channel_norm,0.01,0.1,rayleigh_zf,,1.0,1.0,0.0,frob,0.09250000000000003,0.10240000000000005,0.00990000000000002,True,results/posterior/fcn-4_mnist_learnt_gaussian_sig0.03_bounded-pmin1e-05_epoch10_bs250_lr0.001_mon0.95_dp0.2_objective-channel_norm-chan0.01-rayleigh-zf-tx1.0-noise1.0-kl0.1_perc-pri0.5_epoch-pri20_bs-pri250_lr-pri0.005_mom-pri0.99_dp-pri0.2_seed7/bounds/rayleigh-zf-tx1.0-noise1.0_chan-layer2_mcsamples500_norm-frob_seed7_bounds.json
fcn-4,mnist,20,channel_gradient,0.1,1.0,bec,0.5,,,,frob,0.037799999999999945,0.03320000000000001,-0.0045999999999999375,True,results/posterior/fcn-4_mnist_learnt_gaussian_sig0.03_bounded-pmin1e-05_epoch20_bs250_lr0.001_mon0.95_dp0.2_objective-channel_gradient-chan0.1-bec-outage0.5-kl1.0_perc-pri0.5_epoch-pri20_bs-pri250_lr-pri0.005_mom-pri0.99_dp-pri0.2_seed7/bounds/bec-outage0.5_chan-layer2_mcsamples500_norm-frob_seed7_bounds.json
cnn-9,cifar10,20,channel_norm,1.0,0.1,rayleigh_zf,,1.0,1.0,0.0,frob,0.9,0.5969,-0.30310000000000004,False,results/posterior/cnn-9_cifar10_learnt_gaussian_sig0.03_bounded-pmin1e-05_epoch20_bs250_lr0.001_mon0.95_dp0.2_objective-channel_norm-chan1.0-rayleigh-zf-tx1.0-noise1.0-kl0.1_perc-pri0.5_epoch-pri70_bs-pri250_lr-pri0.005_mom-pri0.99_dp-pri0.2_seed7/bounds/rayleigh-zf-tx1.0-noise1.0_chan-layer4_mcsamples500_norm-frob_seed7_bounds.json
cnn-4,mnist,50,channel_norm,0.1,0.1,rayleigh_zf,,1.0,1.0,0.0,frob,0.8985,0.3228,-0.5757,True,results/posterior/cnn-4_mnist_learnt_gaussian_sig0.03_bounded-pmin1e-05_epoch50_bs250_lr0.001_mon0.95_dp0.2_objective-channel_norm-chan0.1-rayleigh-zf-tx1.0-noise1.0-kl0.1_perc-pri0.5_epoch-pri70_bs-pri250_lr-pri0.005_mom-pri0.99_dp-pri0.2_seed7/bounds/rayleigh-zf-tx1.0-noise1.0_chan-layer2_mcsamples500_norm-frob_seed7_bounds.json
fcn-4,mnist,50,channel_gradient,0.1,0.1,rayleigh_zf,,1.0,0.1,10.0,frob,0.040000000000000036,0.035599999999999965,-0.0044000000000000705,True,results/posterior/fcn-4_mnist_learnt_gaussian_sig0.03_bounded-pmin1e-05_epoch50_bs250_lr0.001_mon0.95_dp0.2_objective-channel_gradient-chan0.1-rayleigh-zf-tx1.0-noise0.1-kl0.1_perc-pri0.5_epoch-pri20_bs-pri250_lr-pri0.005_mom-pri0.99_dp-pri0.2_seed7/bounds/rayleigh-zf-tx1.0-noise0.1_chan-layer2_mcsamples500_norm-frob_seed7_bounds.json
cnn-9,cifar10,10,channel_norm,0.1,1.0,bec,0.5,,,,frob,0.9,0.3418,-0.5582,False,results/posterior/cnn-9_cifar10_learnt_gaussian_sig0.03_bounded-pmin1e-05_epoch10_bs250_lr0.001_mon0.95_dp0.2_objective-channel_norm-chan0.1-bec-outage0.5-kl1.0_perc-pri0.5_epoch-pri70_bs-pri250_lr-pri0.005_mom-pri0.99_dp-pri0.2_seed7/bounds/bec-outage0.5_chan-layer4_mcsamples500_norm-frob_seed7_bounds.json
fcn-4,mnist,20,channel_norm,1.0,0.01,rayleigh_zf,,1.0,0.1,10.0,frob,0.8789,0.035800000000000054,-0.8431,True,results/posterior/fcn-4_mnist_learnt_gaussian_sig0.03_bounded-pmin1e-05_epoch20_bs250_lr0.001_mon0.95_dp0.2_objective-channel_norm-chan1.0-rayleigh-zf-tx1.0-noise0.1-kl0.01_perc-pri0.5_epoch-pri20_bs-pri250_lr-pri0.005_mom-pri0.99_dp-pri0.2_seed7/bounds/rayleigh-zf-tx1.0-noise0.1_chan-layer2_mcsamples500_norm-frob_seed7_bounds.json
fcn-4,mnist,10,channel_gradient,0.01,1.0,rayleigh_zf,,1.0,0.1,10.0,frob,0.04049999999999998,0.03610000000000002,-0.0043999999999999595,True,results/posterior/fcn-4_mnist_learnt_gaussian_sig0.03_bounded-pmin1e-05_epoch10_bs250_lr0.001_mon0.95_dp0.2_objective-channel_gradient-chan0.01-rayleigh-zf-tx1.0-noise0.1-kl1.0_perc-pri0.5_epoch-pri20_bs-pri250_lr-pri0.005_mom-pri0.99_dp-pri0.2_seed7/bounds/rayleigh-zf-tx1.0-noise0.1_chan-layer2_mcsamples500_norm-frob_seed7_bounds.json
cnn-9,cifar10,10,channel_gradient,1.0,0.01,bec,0.5,,,,frob,0.6915,0.3418,-0.3497,True,results/posterior/cnn-9_cifar10_learnt_gaussian_sig0.03_bounded-pmin1e-05_epoch10_bs250_lr0.001_mon0.95_dp0.2_objective-channel_gradient-chan1.0-bec-outage0.5-kl0.01_perc-pri0.5_epoch-pri70_bs-pri250_lr-pri0.005_mom-pri0.99_dp-pri0.2_seed7/bounds/bec-outage0.5_chan-layer4_mcsamples500_norm-frob_seed7_bounds.json
fcn-4,mnist,20,channel_gradient,1.0,0.1,rayleigh_zf,,1.0,0.1,10.0,frob,0.038799999999999946,0.035800000000000054,-0.0029999999999998916,True,results/posterior/fcn-4_mnist_learnt_gaussian_sig0.03_bounded-pmin1e-05_epoch20_bs250_lr0.001_mon0.95_dp0.2_objective-channel_gradient-chan1.0-rayleigh-zf-tx1.0-noise0.1-kl0.1_perc-pri0.5_epoch-pri20_bs-pri250_lr-pri0.005_mom-pri0.99_dp-pri0.2_seed7/bounds/rayleigh-zf-tx1.0-noise0.1_chan-layer2_mcsamples500_norm-frob_seed7_bounds.json
cnn-9,cifar10,10,channel_norm,0.1,1.0,bec,0.1,,,,frob,0.9,0.2921,-0.6079,False,results/posterior/cnn-9_cifar10_learnt_gaussian_sig0.03_bounded-pmin1e-05_epoch10_bs250_lr0.001_mon0.95_dp0.2_objective-channel_norm-chan0.1-bec-outage0.1-kl1.0_perc-pri0.5_epoch-pri70_bs-pri250_lr-pri0.005_mom-pri0.99_dp-pri0.2_seed7/bounds/bec-outage0.1_chan-layer4_mcsamples500_norm-frob_seed7_bounds.json
cnn-9,cifar10,10,channel_gradient,0.01,0.01,bec,0.5,,,,frob,0.35640000000000005,0.3418,-0.014600000000000057,True,results/posterior/cnn-9_cifar10_learnt_gaussian_sig0.03_bounded-pmin1e-05_epoch10_bs250_lr0.001_mon0.95_dp0.2_objective-channel_gradient-chan0.01-bec-outage0.5-kl0.01_perc-pri0.5_epoch-pri70_bs-pri250_lr-pri0.005_mom-pri0.99_dp-pri0.2_seed7/bounds/bec-outage0.5_chan-layer4_mcsamples500_norm-frob_seed7_bounds.json
cnn-9,cifar10,10,channel_norm,0.01,0.1,rayleigh_zf,,1.0,1.0,0.0,frob,0.9,0.5798,-0.32020000000000004,False,results/posterior/cnn-9_cifar10_learnt_gaussian_sig0.03_bounded-pmin1e-05_epoch10_bs250_lr0.001_mon0.95_dp0.2_objective-channel_norm-chan0.01-rayleigh-zf-tx1.0-noise1.0-kl0.1_perc-pri0.5_epoch-pri70_bs-pri250_lr-pri0.005_mom-pri0.99_dp-pri0.2_seed7/bounds/rayleigh-zf-tx1.0-noise1.0_chan-layer4_mcsamples500_norm-frob_seed7_bounds.json
cnn-9,cifar10,50,channel_norm,1.0,1.0,bec,0.5,,,,frob,0.9,0.3238,-0.5762,False,results/posterior/cnn-9_cifar10_learnt_gaussian_sig0.03_bounded-pmin1e-05_epoch50_bs250_lr0.001_mon0.95_dp0.2_objective-channel_norm-chan1.0-bec-outage0.5-kl1.0_perc-pri0.5_epoch-pri70_bs-pri250_lr-pri0.005_mom-pri0.99_dp-pri0.2_seed7/bounds/bec-outage0.5_chan-layer4_mcsamples500_norm-frob_seed7_bounds.json
cnn-9,cifar10,10,channel_norm,0.1,0.1,bec,0.5,,,,frob,0.9,0.3418,-0.5582,False,results/posterior/cnn-9_cifar10_learnt_gaussian_sig0.03_bounded-pmin1e-05_epoch10_bs250_lr0.001_mon0.95_dp0.2_objective-channel_norm-chan0.1-bec-outage0.5-kl0.1_perc-pri0.5_epoch-pri70_bs-pri250_lr-pri0.005_mom-pri0.99_dp-pri0.2_seed7/bounds/bec-outage0.5_chan-layer4_mcsamples500_norm-frob_seed7_bounds.json
cnn-9,cifar10,20,channel_norm,0.01,1.0,bec,0.1,,,,frob,0.9,0.28290000000000004,-0.6171,False,results/posterior/cnn-9_cifar10_learnt_gaussian_sig0.03_bounded-pmin1e-05_epoch20_bs250_lr0.001_mon0.95_dp0.2_objective-channel_norm-chan0.01-bec-outage0.1-kl1.0_perc-pri0.5_epoch-pri70_bs-pri250_lr-pri0.005_mom-pri0.99_dp-pri0.2_seed7/bounds/bec-outage0.1_chan-layer4_mcsamples500_norm-frob_seed7_bounds.json
fcn-4,mnist,50,channel_gradient,1.0,0.01,bec,0.5,,,,frob,0.032200000000000006,0.03249999999999997,0.00029999999999996696,True,results/posterior/fcn-4_mnist_learnt_gaussian_sig0.03_bounded-pmin1e-05_epoch50_bs250_lr0.001_mon0.95_dp0.2_objective-channel_gradient-chan1.0-bec-outage0.5-kl0.01_perc-pri0.5_epoch-pri20_bs-pri250_lr-pri0.005_mom-pri0.99_dp-pri0.2_seed7/bounds/bec-outage0.5_chan-layer2_mcsamples500_norm-frob_seed7_bounds.json
fcn-4,mnist,10,channel_gradient,0.01,0.01,rayleigh_zf,,1.0,0.1,10.0,frob,0.03949999999999998,0.03610000000000002,-0.0033999999999999586,True,results/posterior/fcn-4_mnist_learnt_gaussian_sig0.03_bounded-pmin1e-05_epoch10_bs250_lr0.001_mon0.95_dp0.2_objective-channel_gradient-chan0.01-rayleigh-zf-tx1.0-noise0.1-kl0.01_perc-pri0.5_epoch-pri20_bs-pri250_lr-pri0.005_mom-pri0.99_dp-pri0.2_seed7/bounds/rayleigh-zf-tx1.0-noise0.1_chan-layer2_mcsamples500_norm-frob_seed7_bounds.json
fcn-4,mnist,10,channel_gradient,1.0,1.0,bec,0.1,,,,frob,0.028000000000000025,0.02629999999999999,-0.0017000000000000348,True,results/posterior/fcn-4_mnist_learnt_gaussian_sig0.03_bounded-pmin1e-05_epoch10_bs250_lr0.001_mon0.95_dp0.2_objective-channel_gradient-chan1.0-bec-outage0.1-kl1.0_perc-pri0.5_epoch-pri20_bs-pri250_lr-pri0.005_mom-pri0.99_dp-pri0.2_seed7/bounds/bec-outage0.1_chan-layer2_mcsamples500_norm-frob_seed7_bounds.json
cnn-4,mnist,10,channel_norm,1.0,0.01,rayleigh_zf,,1.0,0.1,10.0,frob,0.8141,0.06920000000000004,-0.7449,True,results/posterior/cnn-4_mnist_learnt_gaussian_sig0.03_bounded-pmin1e-05_epoch10_bs250_lr0.001_mon0.95_dp0.2_objective-channel_norm-chan1.0-rayleigh-zf-tx1.0-noise0.1-kl0.01_perc-pri0.5_epoch-pri70_bs-pri250_lr-pri0.005_mom-pri0.99_dp-pri0.2_seed7/bounds/rayleigh-zf-tx1.0-noise0.1_chan-layer2_mcsamples500_norm-frob_seed7_bounds.json
fcn-4,mnist,10,channel_gradient,0.1,1.0,bec,0.1,,,,frob,0.028100000000000014,0.02629999999999999,-0.0018000000000000238,True,results/posterior/fcn-4_mnist_learnt_gaussian_sig0.03_bounded-pmin1e-05_epoch10_bs250_lr0.001_mon0.95_dp0.2_objective-channel_gradient-chan0.1-bec-outage0.1-kl1.0_perc-pri0.5_epoch-pri20_bs-pri250_lr-pri0.005_mom-pri0.99_dp-pri0.2_seed7/bounds/bec-outage0.1_chan-layer2_mcsamples500_norm-frob_seed7_bounds.json
fcn-4,mnist,50,channel_norm,0.1,0.01,bec,0.5,,,,frob,0.8864,0.03249999999999997,-0.8539,True,results/posterior/fcn-4_mnist_learnt_gaussian_sig0.03_bounded-pmin1e-05_epoch50_bs250_lr0.001_mon0.95_dp0.2_objective-channel_norm-chan0.1-bec-outage0.5-kl0.01_perc-pri0.5_epoch-pri20_bs-pri250_lr-pri0.005_mom-pri0.99_dp-pri0.2_seed7/bounds/bec-outage0.5_chan-layer2_mcsamples500_norm-frob_seed7_bounds.json
cnn-9,cifar10,50,channel_gradient,0.01,0.1,bec,0.1,,,,frob,0.29690000000000005,0.26680000000000004,-0.030100000000000016,True,results/posterior/cnn-9_cifar10_learnt_gaussian_sig0.03_bounded-pmin1e-05_epoch50_bs250_lr0.001_mon0.95_dp0.2_objective-channel_gradient-chan0.01-bec-outage0.1-kl0.1_perc-pri0.5_epoch-pri70_bs-pri250_lr-pri0.005_mom-pri0.99_dp-pri0.2_seed7/bounds/bec-outage0.1_chan-layer4_mcsamples500_norm-frob_seed7_bounds.json
fcn-4,mnist,10,channel_norm,0.1,1.0,bec,0.5,,,,frob,0.055499999999999994,0.03380000000000005,-0.02169999999999994,True,results/posterior/fcn-4_mnist_learnt_gaussian_sig0.03_bounded-pmin1e-05_epoch10_bs250_lr0.001_mon0.95_dp0.2_objective-channel_norm-chan0.1-bec-outage0.5-kl1.0_perc-pri0.5_epoch-pri20_bs-pri250_lr-pri0.005_mom-pri0.99_dp-pri0.2_seed7/bounds/bec-outage0.5_chan-layer2_mcsamples500_norm-frob_seed7_bounds.json
cnn-4,mnist,30,channel_gradient,0.01,0.1,bec,0.1,,,,frob,0.013599999999999945,0.013299999999999979,-0.00029999999999996696,True,results/posterior/cnn-4_mnist_learnt_gaussian_sig0.03_bounded-pmin1e-05_epoch30_bs250_lr0.001_mon0.95_dp0.2_objective-channel_gradient-chan0.01-bec-outage0.1-kl0.1_perc-pri0.5_epoch-pri70_bs-pri250_lr-pri0.005_mom-pri0.99_dp-pri0.2_seed7/bounds/bec-outage0.1_chan-layer2_mcsamples500_norm-frob_seed7_bounds.json
cnn-9,cifar10,50,channel_gradient,0.01,1.0,rayleigh_zf,,1.0,0.1,10.0,frob,0.3518,0.3829,0.031100000000000017,True,results/posterior/cnn-9_cifar10_learnt_gaussian_sig0.03_bounded-pmin1e-05_epoch50_bs250_lr0.001_mon0.95_dp0.2_objective-channel_gradient-chan0.01-rayleigh-zf-tx1.0-noise0.1-kl1.0_perc-pri0.5_epoch-pri70_bs-pri250_lr-pri0.005_mom-pri0.99_dp-pri0.2_seed7/bounds/rayleigh-zf-tx1.0-noise0.1_chan-layer4_mcsamples500_norm-frob_seed7_bounds.json
fcn-4,mnist,30,channel_norm,0.01,1.0,bec,0.1,,,,frob,0.030299999999999994,,,True,results/posterior/fcn-4_mnist_learnt_gaussian_sig0.03_bounded-pmin1e-05_epoch30_bs250_lr0.001_mon0.95_dp0.2_objective-channel_norm-chan0.01-bec-outage0.1-kl1.0_perc-pri0.5_epoch-pri20_bs-pri250_lr-pri0.005_mom-pri0.99_dp-pri0.2_seed7/bounds/bec-outage0.1_chan-layer2_mcsamples500_norm-frob_seed7_bounds.json
fcn-4,mnist,30,channel_gradient,0.01,0.1,rayleigh_zf,,1.0,1.0,0.0,frob,0.10609999999999997,,,True,results/posterior/fcn-4_mnist_learnt_gaussian_sig0.03_bounded-pmin1e-05_epoch30_bs250_lr0.001_mon0.95_dp0.2_objective-channel_gradient-chan0.01-rayleigh-zf-tx1.0-noise1.0-kl0.1_perc-pri0.5_epoch-pri20_bs-pri250_lr-pri0.005_mom-pri0.99_dp-pri0.2_seed7/bounds/rayleigh-zf-tx1.0-noise1.0_chan-layer2_mcsamples500_norm-frob_seed7_bounds.json
fcn-4,mnist,50,channel_norm,1.0,0.1,bec,0.1,,,,frob,0.8648,0.024599999999999955,-0.8402000000000001,True,results/posterior/fcn-4_mnist_learnt_gaussian_sig0.03_bounded-pmin1e-05_epoch50_bs250_lr0.001_mon0.95_dp0.2_objective-channel_norm-chan1.0-bec-outage0.1-kl0.1_perc-pri0.5_epoch-pri20_bs-pri250_lr-pri0.005_mom-pri0.99_dp-pri0.2_seed7/bounds/bec-outage0.1_chan-layer2_mcsamples500_norm-frob_seed7_bounds.json
cnn-4,mnist,20,channel_gradient,0.01,0.01,bec,0.5,,,,frob,0.01870000000000005,0.017900000000000027,-0.0008000000000000229,True,results/posterior/cnn-4_mnist_learnt_gaussian_sig0.03_bounded-pmin1e-05_epoch20_bs250_lr0.001_mon0.95_dp0.2_objective-channel_gradient-chan0.01-bec-outage0.5-kl0.01_perc-pri0.5_epoch-pri70_bs-pri250_lr-pri0.005_mom-pri0.99_dp-pri0.2_seed7/bounds/bec-outage0.5_chan-layer2_mcsamples500_norm-frob_seed7_bounds.json
fcn-4,mnist,10,channel_norm,0.01,0.01,rayleigh_zf,,1.0,1.0,0.0,frob,0.11409999999999998,0.10240000000000005,-0.011699999999999933,True,results/posterior/fcn-4_mnist_learnt_gaussian_sig0.03_bounded-pmin1e-05_epoch10_bs250_lr0.001_mon0.95_dp0.2_objective-channel_norm-chan0.01-rayleigh-zf-tx1.0-noise1.0-kl0.01_perc-pri0.5_epoch-pri20_bs-pri250_lr-pri0.005_mom-pri0.99_dp-pri0.2_seed7/bounds/rayleigh-zf-tx1.0-noise1.0_chan-layer2_mcsamples500_norm-frob_seed7_bounds.json
fcn-4,mnist,50,channel_gradient,1.0,0.01,bec,0.1,,,,frob,0.0242,0.024599999999999955,0.00039999999999995595,True,results/posterior/fcn-4_mnist_learnt_gaussian_sig0.03_bounded-pmin1e-05_epoch50_bs250_lr0.001_mon0.95_dp0.2_objective-channel_gradient-chan1.0-bec-outage0.1-kl0.01_perc-pri0.5_epoch-pri20_bs-pri250_lr-pri0.005_mom-pri0.99_dp-pri0.2_seed7/bounds/bec-outage0.1_chan-layer2_mcsamples500_norm-frob_seed7_bounds.json
fcn-4,mnist,30,channel_norm,0.1,0.1,bec,0.5,,,,frob,0.859,,,True,results/posterior/fcn-4_mnist_learnt_gaussian_sig0.03_bounded-pmin1e-05_epoch30_bs250_lr0.001_mon0.95_dp0.2_objective-channel_norm-chan0.1-bec-outage0.5-kl0.1_perc-pri0.5_epoch-pri20_bs-pri250_lr-pri0.005_mom-pri0.99_dp-pri0.2_seed7/bounds/bec-outage0.5_chan-layer2_mcsamples500_norm-frob_seed7_bounds.json
cnn-4,mnist,50,channel_gradient,0.01,1.0,rayleigh_zf,,1.0,1.0,0.0,frob,0.26339999999999997,0.3228,0.05940000000000001,False,results/posterior/cnn-4_mnist_learnt_gaussian_sig0.03_bounded-pmin1e-05_epoch50_bs250_lr0.001_mon0.95_dp0.2_objective-channel_gradient-chan0.01-rayleigh-zf-tx1.0-noise1.0-kl1.0_perc-pri0.5_epoch-pri70_bs-pri250_lr-pri0.005_mom-pri0.99_dp-pri0.2_seed7/bounds/rayleigh-zf-tx1.0-noise1.0_chan-layer2_mcsamples500_norm-frob_seed7_bounds.json
fcn-4,mnist,50,channel_gradient,0.1,0.01,bec,0.5,,,,frob,0.034499999999999975,0.03249999999999997,-0.0020000000000000018,True,results/posterior/fcn-4_mnist_learnt_gaussian_sig0.03_bounded-pmin1e-05_epoch50_bs250_lr0.001_mon0.95_dp0.2_objective-channel_gradient-chan0.1-bec-outage0.5-kl0.01_perc-pri0.5_epoch-pri20_bs-pri250_lr-pri0.005_mom-pri0.99_dp-pri0.2_seed7/bounds/bec-outage0.5_chan-layer2_mcsamples500_norm-frob_seed7_bounds.json
cnn-4,mnist,50,channel_norm,0.01,0.1,rayleigh_zf,,1.0,0.1,10.0,frob,0.06410000000000005,0.08420000000000005,0.020100000000000007,True,results/posterior/cnn-4_mnist_learnt_gaussian_sig0.03_bounded-pmin1e-05_epoch50_bs250_lr0.001_mon0.95_dp0.2_objective-channel_norm-chan0.01-rayleigh-zf-tx1.0-noise0.1-kl0.1_perc-pri0.5_epoch-pri70_bs-pri250_lr-pri0.005_mom-pri0.99_dp-pri0.2_seed7/bounds/rayleigh-zf-tx1.0-noise0.1_chan-layer2_mcsamples500_norm-frob_seed7_bounds.json
cnn-9,cifar10,30,channel_norm,1.0,1.0,bec,0.5,,,,frob,0.9,,,False,results/posterior/cnn-9_cifar10_learnt_gaussian_sig0.03_bounded-pmin1e-05_epoch30_bs250_lr0.001_mon0.95_dp0.2_objective-channel_norm-chan1.0-bec-outage0.5-kl1.0_perc-pri0.5_epoch-pri70_bs-pri250_lr-pri0.005_mom-pri0.99_dp-pri0.2_seed7/bounds/bec-outage0.5_chan-layer4_mcsamples500_norm-frob_seed7_bounds.json
fcn-4,mnist,10,channel_gradient,1.0,1.0,rayleigh_zf,,1.0,0.1,10.0,frob,0.04049999999999998,0.03610000000000002,-0.0043999999999999595,True,results/posterior/fcn-4_mnist_learnt_gaussian_sig0.03_bounded-pmin1e-05_epoch10_bs250_lr0.001_mon0.95_dp0.2_objective-channel_gradient-chan1.0-rayleigh-zf-tx1.0-noise0.1-kl1.0_perc-pri0.5_epoch-pri20_bs-pri250_lr-pri0.005_mom-pri0.99_dp-pri0.2_seed7/bounds/rayleigh-zf-tx1.0-noise0.1_chan-layer2_mcsamples500_norm-frob_seed7_bounds.json
cnn-4,mnist,20,channel_gradient,1.0,0.1,rayleigh_zf,,1.0,1.0,0.0,frob,0.28480000000000005,0.28959999999999997,0.0047999999999999154,False,results/posterior/cnn-4_mnist_learnt_gaussian_sig0.03_bounded-pmin1e-05_epoch20_bs250_lr0.001_mon0.95_dp0.2_objective-channel_gradient-chan1.0-rayleigh-zf-tx1.0-noise1.0-kl0.1_perc-pri0.5_epoch-pri70_bs-pri250_lr-pri0.005_mom-pri0.99_dp-pri0.2_seed7/bounds/rayleigh-zf-tx1.0-noise1.0_chan-layer2_mcsamples500_norm-frob_seed7_bounds.json
fcn-4,mnist,30,channel_norm,0.1,1.0,bec,0.5,,,,frob,0.0645,,,True,results/posterior/fcn-4_mnist_learnt_gaussian_sig0.03_bounded-pmin1e-05_epoch30_bs250_lr0.001_mon0.95_dp0.2_objective-channel_norm-chan0.1-bec-outage0.5-kl1.0_perc-pri0.5_epoch-pri20_bs-pri250_lr-pri0.005_mom-pri0.99_dp-pri0.2_seed7/bounds/bec-outage0.5_chan-layer2_mcsamples500_norm-frob_seed7_bounds.json
fcn-4,mnist,20,channel_norm,0.01,0.1,rayleigh_zf,,1.0,1.0,0.0,frob,0.09770000000000001,0.10629999999999995,0.008599999999999941,True,results/posterior/fcn-4_mnist_learnt_gaussian_sig0.03_bounded-pmin1e-05_epoch20_bs250_lr0.001_mon0.95_dp0.2_objective-channel_norm-chan0.01-rayleigh-zf-tx1.0-noise1.0-kl0.1_perc-pri0.5_epoch-pri20_bs-pri250_lr-pri0.005_mom-pri0.99_dp-pri0.2_seed7/bounds/rayleigh-zf-tx1.0-noise1.0_chan-layer2_mcsamples500_norm-frob_seed7_bounds.json
fcn-4,mnist,50,channel_norm,0.1,0.1,bec,0.1,,,,frob,0.8497,0.024599999999999955,-0.8251000000000001,True,results/posterior/fcn-4_mnist_learnt_gaussian_sig0.03_bounded-pmin1e-05_epoch50_bs250_lr0.001_mon0.95_dp0.2_objective-channel_norm-chan0.1-bec-outage0.1-kl0.1_perc-pri0.5_epoch-pri20_bs-pri250_lr-pri0.005_mom-pri0.99_dp-pri0.2_seed7/bounds/bec-outage0.1_chan-layer2_mcsamples500_norm-frob_seed7_bounds.json
cnn-4,mnist,50,channel_norm,0.01,0.01,bec,0.5,,,,frob,0.4414,0.018299999999999983,-0.42310000000000003,True,results/posterior/cnn-4_mnist_learnt_gaussian_sig0.03_bounded-pmin1e-05_epoch50_bs250_lr0.001_mon0.95_dp0.2_objective-channel_norm-chan0.01-bec-outage0.5-kl0.01_perc-pri0.5_epoch-pri70_bs-pri250_lr-pri0.005_mom-pri0.99_dp-pri0.2_seed7/bounds/bec-outage0.5_chan-layer2_mcsamples500_norm-frob_seed7_bounds.json
fcn-4,mnist,30,channel_gradient,0.01,0.01,rayleigh_zf,,1.0,0.1,10.0,frob,0.040000000000000036,,,True,results/posterior/fcn-4_mnist_learnt_gaussian_sig0.03_bounded-pmin1e-05_epoch30_bs250_lr0.001_mon0.95_dp0.2_objective-channel_gradient-chan0.01-rayleigh-zf-tx1.0-noise0.1-kl0.01_perc-pri0.5_epoch-pri20_bs-pri250_lr-pri0.005_mom-pri0.99_dp-pri0.2_seed7/bounds/rayleigh-zf-tx1.0-noise0.1_chan-layer2_mcsamples500_norm-frob_seed7_bounds.json
cnn-4,mnist,10,channel_norm,0.1,0.1,rayleigh_zf,,1.0,0.1,10.0,frob,0.09260000000000002,0.06920000000000004,-0.023399999999999976,True,results/posterior/cnn-4_mnist_learnt_gaussian_sig0.03_bounded-pmin1e-05_epoch10_bs250_lr0.001_mon0.95_dp0.2_objective-channel_norm-chan0.1-rayleigh-zf-tx1.0-noise0.1-kl0.1_perc-pri0.5_epoch-pri70_bs-pri250_lr-pri0.005_mom-pri0.99_dp-pri0.2_seed7/bounds/rayleigh-zf-tx1.0-noise0.1_chan-layer2_mcsamples500_norm-frob_seed7_bounds.json
fcn-4,mnist,10,channel_norm,0.1,0.01,bec,0.1,,,,frob,0.8936999999999999,0.02629999999999999,-0.8674,True,results/posterior/fcn-4_mnist_learnt_gaussian_sig0.03_bounded-pmin1e-05_epoch10_bs250_lr0.001_mon0.95_dp0.2_objective-channel_norm-chan0.1-bec-outage0.1-kl0.01_perc-pri0.5_epoch-pri20_bs-pri250_lr-pri0.005_mom-pri0.99_dp-pri0.2_seed7/bounds/bec-outage0.1_chan-layer2_mcsamples500_norm-frob_seed7_bounds.json
cnn-4,mnist,10,channel_gradient,1.0,1.0,bec,0.1,,,,frob,0.014000000000000012,0.013499999999999956,-0.000500000000000056,True,results/posterior/cnn-4_mnist_learnt_gaussian_sig0.03_bounded-pmin1e-05_epoch10_bs250_lr0.001_mon0.95_dp0.2_objective-channel_gradient-chan1.0-bec-outage0.1-kl1.0_perc-pri0.5_epoch-pri70_bs-pri250_lr-pri0.005_mom-pri0.99_dp-pri0.2_seed7/bounds/bec-outage0.1_chan-layer2_mcsamples500_norm-frob_seed7_bounds.json
cnn-4,mnist,10,channel_gradient,1.0,0.01,rayleigh_zf,,1.0,0.1,10.0,frob,0.0867,0.06920000000000004,-0.01749999999999996,True,results/posterior/cnn-4_mnist_learnt_gaussian_sig0.03_bounded-pmin1e-05_epoch10_bs250_lr0.001_mon0.95_dp0.2_objective-channel_gradient-chan1.0-rayleigh-zf-tx1.0-noise0.1-kl0.01_perc-pri0.5_epoch-pri70_bs-pri250_lr-pri0.005_mom-pri0.99_dp-pri0.2_seed7/bounds/rayleigh-zf-tx1.0-noise0.1_chan-layer2_mcsamples500_norm-frob_seed7_bounds.json
fcn-4,mnist,30,channel_gradient,0.01,0.01,bec,0.1,,,,frob,0.027100000000000013,,,True,results/posterior/fcn-4_mnist_learnt_gaussian_sig0.03_bounded-pmin1e-05_epoch30_bs250_lr0.001_mon0.95_dp0.2_objective-channel_gradient-chan0.01-bec-outage0.1-kl0.01_perc-pri0.5_epoch-pri20_bs-pri250_lr-pri0.005_mom-pri0.99_dp-pri0.2_seed7/bounds/bec-outage0.1_chan-layer2_mcsamples500_norm-frob_seed7_bounds.json
cnn-4,mnist,30,channel_norm,0.01,0.1,bec,0.1,,,,frob,0.8657,0.013299999999999979,-0.8524,True,results/posterior/cnn-4_mnist_learnt_gaussian_sig0.03_bounded-pmin1e-05_epoch30_bs250_lr0.001_mon0.95_dp0.2_objective-channel_norm-chan0.01-bec-outage0.1-kl0.1_perc-pri0.5_epoch-pri70_bs-pri250_lr-pri0.005_mom-pri0.99_dp-pri0.2_seed7/bounds/bec-outage0.1_chan-layer2_mcsamples500_norm-frob_seed7_bounds.json
cnn-9,cifar10,10,channel_gradient,0.1,0.01,rayleigh_zf,,1.0,0.1,10.0,frob,0.3687,0.3752,0.00649999999999995,True,results/posterior/cnn-9_cifar10_learnt_gaussian_sig0.03_bounded-pmin1e-05_epoch10_bs250_lr0.001_mon0.95_dp0.2_objective-channel_gradient-chan0.1-rayleigh-zf-tx1.0-noise0.1-kl0.01_perc-pri0.5_epoch-pri70_bs-pri250_lr-pri0.005_mom-pri0.99_dp-pri0.2_seed7/bounds/rayleigh-zf-tx1.0-noise0.1_chan-layer4_mcsamples500_norm-frob_seed7_bounds.json
cnn-9,cifar10,50,channel_gradient,1.0,0.1,rayleigh_zf,,1.0,0.1,10.0,frob,0.3631,0.3829,0.01980000000000004,True,results/posterior/cnn-9_cifar10_learnt_gaussian_sig0.03_bounded-pmin1e-05_epoch50_bs250_lr0.001_mon0.95_dp0.2_objective-channel_gradient-chan1.0-rayleigh-zf-tx1.0-noise0.1-kl0.1_perc-pri0.5_epoch-pri70_bs-pri250_lr-pri0.005_mom-pri0.99_dp-pri0.2_seed7/bounds/rayleigh-zf-tx1.0-noise0.1_chan-layer4_mcsamples500_norm-frob_seed7_bounds.json
cnn-4,mnist,20,channel_norm,0.01,0.1,rayleigh_zf,,1.0,1.0,0.0,frob,0.25239999999999996,0.28959999999999997,0.03720000000000001,True,results/posterior/cnn-4_mnist_learnt_gaussian_sig0.03_bounded-pmin1e-05_epoch20_bs250_lr0.001_mon0.95_dp0.2_objective-channel_norm-chan0.01-rayleigh-zf-tx1.0-noise1.0-kl0.1_perc-pri0.5_epoch-pri70_bs-pri250_lr-pri0.005_mom-pri0.99_dp-pri0.2_seed7/bounds/rayleigh-zf-tx1.0-noise1.0_chan-layer2_mcsamples500_norm-frob_seed7_bounds.json
cnn-9,cifar10,30,channel_norm,0.01,0.01,rayleigh_zf,,1.0,1.0,0.0,frob,0.9,,,False,results/posterior/cnn-9_cifar10_learnt_gaussian_sig0.03_bounded-pmin1e-05_epoch30_bs250_lr0.001_mon0.95_dp0.2_objective-channel_norm-chan0.01-rayleigh-zf-tx1.0-noise1.0-kl0.01_perc-pri0.5_epoch-pri70_bs-pri250_lr-pri0.005_mom-pri0.99_dp-pri0.2_seed7/bounds/rayleigh-zf-tx1.0-noise1.0_chan-layer4_mcsamples500_norm-frob_seed7_bounds.json
cnn-4,mnist,20,channel_gradient,0.1,0.01,bec,0.1,,,,frob,0.013700000000000045,0.01319999999999999,-0.000500000000000056,True,results/posterior/cnn-4_mnist_learnt_gaussian_sig0.03_bounded-pmin1e-05_epoch20_bs250_lr0.001_mon0.95_dp0.2_objective-channel_gradient-chan0.1-bec-outage0.1-kl0.01_perc-pri0.5_epoch-pri70_bs-pri250_lr-pri0.005_mom-pri0.99_dp-pri0.2_seed7/bounds/bec-outage0.1_chan-layer2_mcsamples500_norm-frob_seed7_bounds.json
cnn-9,cifar10,50,channel_norm,0.01,0.01,bec,0.5,,,,frob,0.9,0.3238,-0.5762,False,results/posterior/cnn-9_cifar10_learnt_gaussian_sig0.03_bounded-pmin1e-05_epoch50_bs250_lr0.001_mon0.95_dp0.2_objective-channel_norm-chan0.01-bec-outage0.5-kl0.01_perc-pri0.5_epoch-pri70_bs-pri250_lr-pri0.005_mom-pri0.99_dp-pri0.2_seed7/bounds/bec-outage0.5_chan-layer4_mcsamples500_norm-frob_seed7_bounds.json
fcn-4,mnist,10,channel_norm,1.0,1.0,rayleigh_zf,,1.0,0.1,10.0,frob,0.04369999999999996,0.03610000000000002,-0.00759999999999994,True,results/posterior/fcn-4_mnist_learnt_gaussian_sig0.03_bounded-pmin1e-05_epoch10_bs250_lr0.001_mon0.95_dp0.2_objective-channel_norm-chan1.0-rayleigh-zf-tx1.0-noise0.1-kl1.0_perc-pri0.5_epoch-pri20_bs-pri250_lr-pri0.005_mom-pri0.99_dp-pri0.2_seed7/bounds/rayleigh-zf-tx1.0-noise0.1_chan-layer2_mcsamples500_norm-frob_seed7_bounds.json
cnn-9,cifar10,30,channel_norm,0.01,0.1,rayleigh_zf,,1.0,0.1,10.0,frob,0.9,,,False,results/posterior/cnn-9_cifar10_learnt_gaussian_sig0.03_bounded-pmin1e-05_epoch30_bs250_lr0.001_mon0.95_dp0.2_objective-channel_norm-chan0.01-rayleigh-zf-tx1.0-noise0.1-kl0.1_perc-pri0.5_epoch-pri70_bs-pri250_lr-pri0.005_mom-pri0.99_dp-pri0.2_seed7/bounds/rayleigh-zf-tx1.0-noise0.1_chan-layer4_mcsamples500_norm-frob_seed7_bounds.json
cnn-9,cifar10,10,channel_gradient,0.01,0.1,bec,0.1,,,,frob,0.2924,0.2921,-0.00029999999999996696,True,results/posterior/cnn-9_cifar10_learnt_gaussian_sig0.03_bounded-pmin1e-05_epoch10_bs250_lr0.001_mon0.95_dp0.2_objective-channel_gradient-chan0.01-bec-outage0.1-kl0.1_perc-pri0.5_epoch-pri70_bs-pri250_lr-pri0.005_mom-pri0.99_dp-pri0.2_seed7/bounds/bec-outage0.1_chan-layer4_mcsamples500_norm-frob_seed7_bounds.json
cnn-4,mnist,20,channel_gradient,1.0,1.0,bec,0.1,,,,frob,0.017100000000000004,0.01319999999999999,-0.0039000000000000146,True,results/posterior/cnn-4_mnist_learnt_gaussian_sig0.03_bounded-pmin1e-05_epoch20_bs250_lr0.001_mon0.95_dp0.2_objective-channel_gradient-chan1.0-bec-outage0.1-kl1.0_perc-pri0.5_epoch-pri70_bs-pri250_lr-pri0.005_mom-pri0.99_dp-pri0.2_seed7/bounds/bec-outage0.1_chan-layer2_mcsamples500_norm-frob_seed7_bounds.json
cnn-4,mnist,50,channel_norm,0.01,0.1,bec,0.1,,,,frob,0.8735999999999999,0.012900000000000023,-0.8606999999999999,True,results/posterior/cnn-4_mnist_learnt_gaussian_sig0.03_bounded-pmin1e-05_epoch50_bs250_lr0.001_mon0.95_dp0.2_objective-channel_norm-chan0.01-bec-outage0.1-kl0.1_perc-pri0.5_epoch-pri70_bs-pri250_lr-pri0.005_mom-pri0.99_dp-pri0.2_seed7/bounds/bec-outage0.1_chan-layer2_mcsamples500_norm-frob_seed7_bounds.json
fcn-4,mnist,30,channel_norm,1.0,1.0,bec,0.1,,,,frob,0.5695,,,True,results/posterior/fcn-4_mnist_learnt_gaussian_sig0.03_bounded-pmin1e-05_epoch30_bs250_lr0.001_mon0.95_dp0.2_objective-channel_norm-chan1.0-bec-outage0.1-kl1.0_perc-pri0.5_epoch-pri20_bs-pri250_lr-pri0.005_mom-pri0.99_dp-pri0.2_seed7/bounds/bec-outage0.1_chan-layer2_mcsamples500_norm-frob_seed7_bounds.json
fcn-4,mnist,30,channel_norm,0.1,0.1,rayleigh_zf,,1.0,0.1,10.0,frob,0.04249999999999998,,,True,results/posterior/fcn-4_mnist_learnt_gaussian_sig0.03_bounded-pmin1e-05_epoch30_bs250_lr0.001_mon0.95_dp0.2_objective-channel_norm-chan0.1-rayleigh-zf-tx1.0-noise0.1-kl0.1_perc-pri0.5_epoch-pri20_bs-pri250_lr-pri0.005_mom-pri0.99_dp-pri0.2_seed7/bounds/rayleigh-zf-tx1.0-noise0.1_chan-layer2_mcsamples500_norm-frob_seed7_bounds.json
fcn-4,mnist,10,channel_norm,0.01,1.0,bec,0.1,,,,frob,0.02939999999999998,0.02629999999999999,-0.0030999999999999917,True,results/posterior/fcn-4_mnist_learnt_gaussian_sig0.03_bounded-pmin1e-05_epoch10_bs250_lr0.001_mon0.95_dp0.2_objective-channel_norm-chan0.01-bec-outage0.1-kl1.0_perc-pri0.5_epoch-pri20_bs-pri250_lr-pri0.005_mom-pri0.99_dp-pri0.2_seed7/bounds/bec-outage0.1_chan-layer2_mcsamples500_norm-frob_seed7_bounds.json
fcn-4,mnist,50,channel_norm,0.1,1.0,rayleigh_zf,,1.0,0.1,10.0,frob,0.03959999999999997,0.035599999999999965,-0.0040000000000000036,True,results/posterior/fcn-4_mnist_learnt_gaussian_sig0.03_bounded-pmin1e-05_epoch50_bs250_lr0.001_mon0.95_dp0.2_objective-channel_norm-chan0.1-rayleigh-zf-tx1.0-noise0.1-kl1.0_perc-pri0.5_epoch-pri20_bs-pri250_lr-pri0.005_mom-pri0.99_dp-pri0.2_seed7/bounds/rayleigh-zf-tx1.0-noise0.1_chan-layer2_mcsamples500_norm-frob_seed7_bounds.json
cnn-4,mnist,30,channel_norm,0.01,1.0,rayleigh_zf,,1.0,1.0,0.0,frob,0.2599,0.3106,0.05069999999999997,True,results/posterior/cnn-4_mnist_learnt_gaussian_sig0.03_bounded-pmin1e-05_epoch30_bs250_lr0.001_mon0.95_dp0.2_objective-channel_norm-chan0.01-rayleigh-zf-tx1.0-noise1.0-kl1.0_perc-pri0.5_epoch-pri70_bs-pri250_lr-pri0.005_mom-pri0.99_dp-pri0.2_seed7/bounds/rayleigh-zf-tx1.0-noise1.0_chan-layer2_mcsamples500_norm-frob_seed7_bounds.json
fcn-4,mnist,50,channel_norm,0.1,1.0,rayleigh_zf,,1.0,1.0,0.0,frob,0.11109999999999998,0.11240000000000006,0.0013000000000000789,True,results/posterior/fcn-4_mnist_learnt_gaussian_sig0.03_bounded-pmin1e-05_epoch50_bs250_lr0.001_mon0.95_dp0.2_objective-channel_norm-chan0.1-rayleigh-zf-tx1.0-noise1.0-kl1.0_perc-pri0.5_epoch-pri20_bs-pri250_lr-pri0.005_mom-pri0.99_dp-pri0.2_seed7/bounds/rayleigh-zf-tx1.0-noise1.0_chan-layer2_mcsamples500_norm-frob_seed7_bounds.json
fcn-4,mnist,30,channel_gradient,0.1,0.1,bec,0.5,,,,frob,0.037900000000000045,,,True,results/posterior/fcn-4_mnist_learnt_gaussian_sig0.03_bounded-pmin1e-05_epoch30_bs250_lr0.001_mon0.95_dp0.2_objective-channel_gradient-chan0.1-bec-outage0.5-kl0.1_perc-pri0.5_epoch-pri20_bs-pri250_lr-pri0.005_mom-pri0.99_dp-pri0.2_seed7/bounds/bec-outage0.5_chan-layer2_mcsamples500_norm-frob_seed7_bounds.json
cnn-9,cifar10,50,channel_norm,0.01,0.1,bec,0.1,,,,frob,0.9,0.26680000000000004,-0.6332,False,results/posterior/cnn-9_cifar10_learnt_gaussian_sig0.03_bounded-pmin1e-05_epoch50_bs250_lr0.001_mon0.95_dp0.2_objective-channel_norm-chan0.01-bec-outage0.1-kl0.1_perc-pri0.5_epoch-pri70_bs-pri250_lr-pri0.005_mom-pri0.99_dp-pri0.2_seed7/bounds/bec-outage0.1_chan-layer4_mcsamples500_norm-frob_seed7_bounds.json
cnn-4,mnist,30,channel_norm,0.01,0.1,rayleigh_zf,,1.0,0.1,10.0,frob,0.06379999999999997,0.08220000000000005,0.018400000000000083,True,results/posterior/cnn-4_mnist_learnt_gaussian_sig0.03_bounded-pmin1e-05_epoch30_bs250_lr0.001_mon0.95_dp0.2_objective-channel_norm-chan0.01-rayleigh-zf-tx1.0-noise0.1-kl0.1_perc-pri0.5_epoch-pri70_bs-pri250_lr-pri0.005_mom-pri0.99_dp-pri0.2_seed7/bounds/rayleigh-zf-tx1.0-noise0.1_chan-layer2_mcsamples500_norm-frob_seed7_bounds.json
cnn-4,mnist,30,channel_norm,0.1,1.0,bec,0.1,,,,frob,0.3115,0.013299999999999979,-0.2982,True,results/posterior/cnn-4_mnist_learnt_gaussian_sig0.03_bounded-pmin1e-05_epoch30_bs250_lr0.001_mon0.95_dp0.2_objective-channel_norm-chan0.1-bec-outage0.1-kl1.0_perc-pri0.5_epoch-pri70_bs-pri250_lr-pri0.005_mom-pri0.99_dp-pri0.2_seed7/bounds/bec-outage0.1_chan-layer2_mcsamples500_norm-frob_seed7_bounds.json
cnn-4,mnist,20,channel_norm,0.1,1.0,rayleigh_zf,,1.0,1.0,0.0,frob,0.25739999999999996,0.28959999999999997,0.032200000000000006,True,results/posterior/cnn-4_mnist_learnt_gaussian_sig0.03_bounded-pmin1e-05_epoch20_bs250_lr0.001_mon0.95_dp0.2_objective-channel_norm-chan0.1-rayleigh-zf-tx1.0-noise1.0-kl1.0_perc-pri0.5_epoch-pri70_bs-pri250_lr-pri0.005_mom-pri0.99_dp-pri0.2_seed7/bounds/rayleigh-zf-tx1.0-noise1.0_chan-layer2_mcsamples500_norm-frob_seed7_bounds.json
cnn-9,cifar10,20,channel_norm,1.0,0.1,bec,0.1,,,,frob,0.9,0.28290000000000004,-0.6171,False,results/posterior/cnn-9_cifar10_learnt_gaussian_sig0.03_bounded-pmin1e-05_epoch20_bs250_lr0.001_mon0.95_dp0.2_objective-channel_norm-chan1.0-bec-outage0.1-kl0.1_perc-pri0.5_epoch-pri70_bs-pri250_lr-pri0.005_mom-pri0.99_dp-pri0.2_seed7/bounds/bec-outage0.1_chan-layer4_mcsamples500_norm-frob_seed7_bounds.json
cnn-4,mnist,10,channel_gradient,1.0,0.1,bec,0.1,,,,frob,0.01429999999999998,0.013499999999999956,-0.0008000000000000229,True,results/posterior/cnn-4_mnist_learnt_gaussian_sig0.03_bounded-pmin1e-05_epoch10_bs250_lr0.001_mon0.95_dp0.2_objective-channel_gradient-chan1.0-bec-outage0.1-kl0.1_perc-pri0.5_epoch-pri70_bs-pri250_lr-pri0.005_mom-pri0.99_dp-pri0.2_seed7/bounds/bec-outage0.1_chan-layer2_mcsamples500_norm-frob_seed7_bounds.json
cnn-4,mnist,20,channel_norm,1.0,0.1,rayleigh_zf,,1.0,1.0,0.0,frob,0.897,0.28959999999999997,-0.6074,True,results/posterior/cnn-4_mnist_learnt_gaussian_sig0.03_bounded-pmin1e-05_epoch20_bs250_lr0.001_mon0.95_dp0.2_objective-channel_norm-chan1.0-rayleigh-zf-tx1.0-noise1.0-kl0.1_perc-pri0.5_epoch-pri70_bs-pri250_lr-pri0.005_mom-pri0.99_dp-pri0.2_seed7/bounds/rayleigh-zf-tx1.0-noise1.0_chan-layer2_mcsamples500_norm-frob_seed7_bounds.json
cnn-9,cifar10,20,channel_gradient,0.01,0.01,bec,0.5,,,,frob,0.35019999999999996,0.33620000000000005,-0.013999999999999901,True,results/posterior/cnn-9_cifar10_learnt_gaussian_sig0.03_bounded-pmin1e-05_epoch20_bs250_lr0.001_mon0.95_dp0.2_objective-channel_gradient-chan0.01-bec-outage0.5-kl0.01_perc-pri0.5_epoch-pri70_bs-pri250_lr-pri0.005_mom-pri0.99_dp-pri0.2_seed7/bounds/bec-outage0.5_chan-layer4_mcsamples500_norm-frob_seed7_bounds.json
cnn-4,mnist,10,channel_norm,0.1,1.0,rayleigh_zf,,1.0,1.0,0.0,frob,0.26049999999999995,0.2764,0.015900000000000025,True,results/posterior/cnn-4_mnist_learnt_gaussian_sig0.03_bounded-pmin1e-05_epoch10_bs250_lr0.001_mon0.95_dp0.2_objective-channel_norm-chan0.1-rayleigh-zf-tx1.0-noise1.0-kl1.0_perc-pri0.5_epoch-pri70_bs-pri250_lr-pri0.005_mom-pri0.99_dp-pri0.2_seed7/bounds/rayleigh-zf-tx1.0-noise1.0_chan-layer2_mcsamples500_norm-frob_seed7_bounds.json
cnn-4,mnist,20,channel_gradient,1.0,1.0,rayleigh_zf,,1.0,0.1,10.0,frob,0.06820000000000004,0.07320000000000004,0.0050000000000000044,True,results/posterior/cnn-4_mnist_learnt_gaussian_sig0.03_bounded-pmin1e-05_epoch20_bs250_lr0.001_mon0.95_dp0.2_objective-channel_gradient-chan1.0-rayleigh-zf-tx1.0-noise0.1-kl1.0_perc-pri0.5_epoch-pri70_bs-pri250_lr-pri0.005_mom-pri0.99_dp-pri0.2_seed7/bounds/rayleigh-zf-tx1.0-noise0.1_chan-layer2_mcsamples500_norm-frob_seed7_bounds.json
fcn-4,mnist,30,channel_norm,1.0,0.01,rayleigh_zf,,1.0,1.0,0.0,frob,0.8889,,,True,results/posterior/fcn-4_mnist_learnt_gaussian_sig0.03_bounded-pmin1e-05_epoch30_bs250_lr0.001_mon0.95_dp0.2_objective-channel_norm-chan1.0-rayleigh-zf-tx1.0-noise1.0-kl0.01_perc-pri0.5_epoch-pri20_bs-pri250_lr-pri0.005_mom-pri0.99_dp-pri0.2_seed7/bounds/rayleigh-zf-tx1.0-noise1.0_chan-layer2_mcsamples500_norm-frob_seed7_bounds.json
fcn-4,mnist,50,channel_gradient,1.0,1.0,rayleigh_zf,,1.0,0.1,10.0,frob,0.040200000000000014,0.035599999999999965,-0.0046000000000000485,True,results/posterior/fcn-4_mnist_learnt_gaussian_sig0.03_bounded-pmin1e-05_epoch50_bs250_lr0.001_mon0.95_dp0.2_objective-channel_gradient-chan1.0-rayleigh-zf-tx1.0-noise0.1-kl1.0_perc-pri0.5_epoch-pri20_bs-pri250_lr-pri0.005_mom-pri0.99_dp-pri0.2_seed7/bounds/rayleigh-zf-tx1.0-noise0.1_chan-layer2_mcsamples500_norm-frob_seed7_bounds.json
cnn-9,cifar10,10,channel_norm,1.0,0.1,rayleigh_zf,,1.0,1.0,0.0,frob,0.9,0.5798,-0.32020000000000004,False,results/posterior/cnn-9_cifar10_learnt_gaussian_sig0.03_bounded-pmin1e-05_epoch10_bs250_lr0.001_mon0.95_dp0.2_objective-channel_norm-chan1.0-rayleigh-zf-tx1.0-noise1.0-kl0.1_perc-pri0.5_epoch-pri70_bs-pri250_lr-pri0.005_mom-pri0.99_dp-pri0.2_seed7/bounds/rayleigh-zf-tx1.0-noise1.0_chan-layer4_mcsamples500_norm-frob_seed7_bounds.json
cnn-4,mnist,10,channel_gradient,0.1,0.1,bec,0.5,,,,frob,0.01970000000000005,0.018199999999999994,-0.0015000000000000568,True,results/posterior/cnn-4_mnist_learnt_gaussian_sig0.03_bounded-pmin1e-05_epoch10_bs250_lr0.001_mon0.95_dp0.2_objective-channel_gradient-chan0.1-bec-outage0.5-kl0.1_perc-pri0.5_epoch-pri70_bs-pri250_lr-pri0.005_mom-pri0.99_dp-pri0.2_seed7/bounds/bec-outage0.5_chan-layer2_mcsamples500_norm-frob_seed7_bounds.json
cnn-4,mnist,20,channel_gradient,0.01,0.1,rayleigh_zf,,1.0,1.0,0.0,frob,0.2669,0.28959999999999997,0.022699999999999942,False,results/posterior/cnn-4_mnist_learnt_gaussian_sig0.03_bounded-pmin1e-05_epoch20_bs250_lr0.001_mon0.95_dp0.2_objective-channel_gradient-chan0.01-rayleigh-zf-tx1.0-noise1.0-kl0.1_perc-pri0.5_epoch-pri70_bs-pri250_lr-pri0.005_mom-pri0.99_dp-pri0.2_seed7/bounds/rayleigh-zf-tx1.0-noise1.0_chan-layer2_mcsamples500_norm-frob_seed7_bounds.json
fcn-4,mnist,20,channel_norm,1.0,0.01,bec,0.1,,,,frob,0.8928,0.02629999999999999,-0.8665,True,results/posterior/fcn-4_mnist_learnt_gaussian_sig0.03_bounded-pmin1e-05_epoch20_bs250_lr0.001_mon0.95_dp0.2_objective-channel_norm-chan1.0-bec-outage0.1-kl0.01_perc-pri0.5_epoch-pri20_bs-pri250_lr-pri0.005_mom-pri0.99_dp-pri0.2_seed7/bounds/bec-outage0.1_chan-layer2_mcsamples500_norm-frob_seed7_bounds.json
cnn-4,mnist,10,channel_norm,1.0,0.01,rayleigh_zf,,1.0,1.0,0.0,frob,0.8902,0.2764,-0.6138,True,results/posterior/cnn-4_mnist_learnt_gaussian_sig0.03_bounded-pmin1e-05_epoch10_bs250_lr0.001_mon0.95_dp0.2_objective-channel_norm-chan1.0-rayleigh-zf-tx1.0-noise1.0-kl0.01_perc-pri0.5_epoch-pri70_bs-pri250_lr-pri0.005_mom-pri0.99_dp-pri0.2_seed7/bounds/rayleigh-zf-tx1.0-noise1.0_chan-layer2_mcsamples500_norm-frob_seed7_bounds.json
cnn-9,cifar10,20,channel_norm,1.0,0.1,bec,0.5,,,,frob,0.9,0.33620000000000005,-0.5638,False,results/posterior/cnn-9_cifar10_learnt_gaussian_sig0.03_bounded-pmin1e-05_epoch20_bs250_lr0.001_mon0.95_dp0.2_objective-channel_norm-chan1.0-bec-outage0.5-kl0.1_perc-pri0.5_epoch-pri70_bs-pri250_lr-pri0.005_mom-pri0.99_dp-pri0.2_seed7/bounds/bec-outage0.5_chan-layer4_mcsamples500_norm-frob_seed7_bounds.json
cnn-9,cifar10,50,channel_gradient,1.0,0.01,bec,0.5,,,,frob,0.7348,0.3238,-0.41100000000000003,True,results/posterior/cnn-9_cifar10_learnt_gaussian_sig0.03_bounded-pmin1e-05_epoch50_bs250_lr0.001_mon0.95_dp0.2_objective-channel_gradient-chan1.0-bec-outage0.5-kl0.01_perc-pri0.5_epoch-pri70_bs-pri250_lr-pri0.005_mom-pri0.99_dp-pri0.2_seed7/bounds/bec-outage0.5_chan-layer4_mcsamples500_norm-frob_seed7_bounds.json
cnn-4,mnist,30,channel_gradient,0.1,1.0,bec,0.5,,,,frob,0.018399999999999972,0.019499999999999962,0.0010999999999999899,True,results/posterior/cnn-4_mnist_learnt_gaussian_sig0.03_bounded-pmin1e-05_epoch30_bs250_lr0.001_mon0.95_dp0.2_objective-channel_gradient-chan0.1-bec-outage0.5-kl1.0_perc-pri0.5_epoch-pri70_bs-pri250_lr-pri0.005_mom-pri0.99_dp-pri0.2_seed7/bounds/bec-outage0.5_chan-layer2_mcsamples500_norm-frob_seed7_bounds.json
cnn-4,mnist,50,channel_gradient,1.0,0.01,bec,0.1,,,,frob,0.012499999999999956,0.012900000000000023,0.00040000000000006697,True,results/posterior/cnn-4_mnist_learnt_gaussian_sig0.03_bounded-pmin1e-05_epoch50_bs250_lr0.001_mon0.95_dp0.2_objective-channel_gradient-chan1.0-bec-outage0.1-kl0.01_perc-pri0.5_epoch-pri70_bs-pri250_lr-pri0.005_mom-pri0.99_dp-pri0.2_seed7/bounds/bec-outage0.1_chan-layer2_mcsamples500_norm-frob_seed7_bounds.json
cnn-4,mnist,30,channel_norm,0.1,0.1,bec,0.5,,,,frob,0.8833,0.019499999999999962,-0.8638,True,results/posterior/cnn-4_mnist_learnt_gaussian_sig0.03_bounded-pmin1e-05_epoch30_bs250_lr0.001_mon0.95_dp0.2_objective-channel_norm-chan0.1-bec-outage0.5-kl0.1_perc-pri0.5_epoch-pri70_bs-pri250_lr-pri0.005_mom-pri0.99_dp-pri0.2_seed7/bounds/bec-outage0.5_chan-layer2_mcsamples500_norm-frob_seed7_bounds.json
fcn-4,mnist,30,channel_norm,0.01,0.1,rayleigh_zf,,1.0,0.1,10.0,frob,0.03859999999999997,,,True,results/posterior/fcn-4_mnist_learnt_gaussian_sig0.03_bounded-pmin1e-05_epoch30_bs250_lr0.001_mon0.95_dp0.2_objective-channel_norm-chan0.01-rayleigh-zf-tx1.0-noise0.1-kl0.1_perc-pri0.5_epoch-pri20_bs-pri250_lr-pri0.005_mom-pri0.99_dp-pri0.2_seed7/bounds/rayleigh-zf-tx1.0-noise0.1_chan-layer2_mcsamples500_norm-frob_seed7_bounds.json
cnn-9,cifar10,30,channel_norm,1.0,0.01,rayleigh_zf,,1.0,0.1,10.0,frob,0.9,,,False,results/posterior/cnn-9_cifar10_learnt_gaussian_sig0.03_bounded-pmin1e-05_epoch30_bs250_lr0.001_mon0.95_dp0.2_objective-channel_norm-chan1.0-rayleigh-zf-tx1.0-noise0.1-kl0.01_perc-pri0.5_epoch-pri70_bs-pri250_lr-pri0.005_mom-pri0.99_dp-pri0.2_seed7/bounds/rayleigh-zf-tx1.0-noise0.1_chan-layer4_mcsamples500_norm-frob_seed7_bounds.json
fcn-4,mnist,20,channel_gradient,1.0,0.01,bec,0.1,,,,frob,0.02529999999999999,0.02629999999999999,0.0010000000000000009,True,results/posterior/fcn-4_mnist_learnt_gaussian_sig0.03_bounded-pmin1e-05_epoch20_bs250_lr0.001_mon0.95_dp0.2_objective-channel_gradient-chan1.0-bec-outage0.1-kl0.01_perc-pri0.5_epoch-pri20_bs-pri250_lr-pri0.005_mom-pri0.99_dp-pri0.2_seed7/bounds/bec-outage0.1_chan-layer2_mcsamples500_norm-frob_seed7_bounds.json
cnn-4,mnist,30,channel_gradient,0.1,0.1,rayleigh_zf,,1.0,0.1,10.0,frob,0.06689999999999996,0.08220000000000005,0.015300000000000091,True,results/posterior/cnn-4_mnist_learnt_gaussian_sig0.03_bounded-pmin1e-05_epoch30_bs250_lr0.001_mon0.95_dp0.2_objective-channel_gradient-chan0.1-rayleigh-zf-tx1.0-noise0.1-kl0.1_perc-pri0.5_epoch-pri70_bs-pri250_lr-pri0.005_mom-pri0.99_dp-pri0.2_seed7/bounds/rayleigh-zf-tx1.0-noise0.1_chan-layer2_mcsamples500_norm-frob_seed7_bounds.json
cnn-9,cifar10,20,channel_gradient,0.1,0.01,rayleigh_zf,,1.0,1.0,0.0,frob,0.5908,0.5969,0.006099999999999994,True,results/posterior/cnn-9_cifar10_learnt_gaussian_sig0.03_bounded-pmin1e-05_epoch20_bs250_lr0.001_mon0.95_dp0.2_objective-channel_gradient-chan0.1-rayleigh-zf-tx1.0-noise1.0-kl0.01_perc-pri0.5_epoch-pri70_bs-pri250_lr-pri0.005_mom-pri0.99_dp-pri0.2_seed7/bounds/rayleigh-zf-tx1.0-noise1.0_chan-layer4_mcsamples500_norm-frob_seed7_bounds.json
cnn-9,cifar10,30,channel_gradient,0.01,0.1,rayleigh_zf,,1.0,1.0,0.0,frob,0.5077,,,True,results/posterior/cnn-9_cifar10_learnt_gaussian_sig0.03_bounded-pmin1e-05_epoch30_bs250_lr0.001_mon0.95_dp0.2_objective-channel_gradient-chan0.01-rayleigh-zf-tx1.0-noise1.0-kl0.1_perc-pri0.5_epoch-pri70_bs-pri250_lr-pri0.005_mom-pri0.99_dp-pri0.2_seed7/bounds/rayleigh-zf-tx1.0-noise1.0_chan-layer4_mcsamples500_norm-frob_seed7_bounds.json
fcn-4,mnist,50,channel_gradient,0.01,0.01,rayleigh_zf,,1.0,0.1,10.0,frob,0.03949999999999998,0.035599999999999965,-0.0039000000000000146,True,results/posterior/fcn-4_mnist_learnt_gaussian_sig0.03_bounded-pmin1e-05_epoch50_bs250_lr0.001_mon0.95_dp0.2_objective-channel_gradient-chan0.01-rayleigh-zf-tx1.0-noise0.1-kl0.01_perc-pri0.5_epoch-pri20_bs-pri250_lr-pri0.005_mom-pri0.99_dp-pri0.2_seed7/bounds/rayleigh-zf-tx1.0-noise0.1_chan-layer2_mcsamples500_norm-frob_seed7_bounds.json
fcn-4,mnist,50,channel_gradient,0.1,0.1,rayleigh_zf,,1.0,1.0,0.0,frob,0.09550000000000003,0.11240000000000006,0.016900000000000026,True,results/posterior/fcn-4_mnist_learnt_gaussian_sig0.03_bounded-pmin1e-05_epoch50_bs250_lr0.001_mon0.95_dp0.2_objective-channel_gradient-chan0.1-rayleigh-zf-tx1.0-noise1.0-kl0.1_perc-pri0.5_epoch-pri20_bs-pri250_lr-pri0.005_mom-pri0.99_dp-pri0.2_seed7/bounds/rayleigh-zf-tx1.0-noise1.0_chan-layer2_mcsamples500_norm-frob_seed7_bounds.json
cnn-9,cifar10,10,channel_gradient,0.1,0.1,rayleigh_zf,,1.0,0.1,10.0,frob,0.35629999999999995,0.3752,0.018900000000000028,True,results/posterior/cnn-9_cifar10_learnt_gaussian_sig0.03_bounded-pmin1e-05_epoch10_bs250_lr0.001_mon0.95_dp0.2_objective-channel_gradient-chan0.1-rayleigh-zf-tx1.0-noise0.1-kl0.1_perc-pri0.5_epoch-pri70_bs-pri250_lr-pri0.005_mom-pri0.99_dp-pri0.2_seed7/bounds/rayleigh-zf-tx1.0-noise0.1_chan-layer4_mcsamples500_norm-frob_seed7_bounds.json
cnn-9,cifar10,20,channel_gradient,0.01,0.1,bec,0.5,,,,frob,0.3328,0.33620000000000005,0.0034000000000000696,True,results/posterior/cnn-9_cifar10_learnt_gaussian_sig0.03_bounded-pmin1e-05_epoch20_bs250_lr0.001_mon0.95_dp0.2_objective-channel_gradient-chan0.01-bec-outage0.5-kl0.1_perc-pri0.5_epoch-pri70_bs-pri250_lr-pri0.005_mom-pri0.99_dp-pri0.2_seed7/bounds/bec-outage0.5_chan-layer4_mcsamples500_norm-frob_seed7_bounds.json
fcn-4,mnist,50,channel_norm,0.01,0.01,rayleigh_zf,,1.0,0.1,10.0,frob,0.03990000000000005,0.035599999999999965,-0.0043000000000000815,True,results/posterior/fcn-4_mnist_learnt_gaussian_sig0.03_bounded-pmin1e-05_epoch50_bs250_lr0.001_mon0.95_dp0.2_objective-channel_norm-chan0.01-rayleigh-zf-tx1.0-noise0.1-kl0.01_perc-pri0.5_epoch-pri20_bs-pri250_lr-pri0.005_mom-pri0.99_dp-pri0.2_seed7/bounds/rayleigh-zf-tx1.0-noise0.1_chan-layer2_mcsamples500_norm-frob_seed7_bounds.json
cnn-9,cifar10,50,channel_norm,1.0,0.1,rayleigh_zf,,1.0,0.1,10.0,frob,0.9,0.3829,-0.5171,False,results/posterior/cnn-9_cifar10_learnt_gaussian_sig0.03_bounded-pmin1e-05_epoch50_bs250_lr0.001_mon0.95_dp0.2_objective-channel_norm-chan1.0-rayleigh-zf-tx1.0-noise0.1-kl0.1_perc-pri0.5_epoch-pri70_bs-pri250_lr-pri0.005_mom-pri0.99_dp-pri0.2_seed7/bounds/rayleigh-zf-tx1.0-noise0.1_chan-layer4_mcsamples500_norm-frob_seed7_bounds.json
cnn-4,mnist,20,channel_norm,1.0,0.1,bec,0.5,,,,frob,0.902,0.017900000000000027,-0.8841,False,results/posterior/cnn-4_mnist_learnt_gaussian_sig0.03_bounded-pmin1e-05_epoch20_bs250_lr0.001_mon0.95_dp0.2_objective-channel_norm-chan1.0-bec-outage0.5-kl0.1_perc-pri0.5_epoch-pri70_bs-pri250_lr-pri0.005_mom-pri0.99_dp-pri0.2_seed7/bounds/bec-outage0.5_chan-layer2_mcsamples500_norm-frob_seed7_bounds.json
cnn-4,mnist,50,channel_gradient,0.1,0.01,bec,0.5,,,,frob,0.01970000000000005,0.018299999999999983,-0.0014000000000000679,True,results/posterior/cnn-4_mnist_learnt_gaussian_sig0.03_bounded-pmin1e-05_epoch50_bs250_lr0.001_mon0.95_dp0.2_objective-channel_gradient-chan0.1-bec-outage0.5-kl0.01_perc-pri0.5_epoch-pri70_bs-pri250_lr-pri0.005_mom-pri0.99_dp-pri0.2_seed7/bounds/bec-outage0.5_chan-layer2_mcsamples500_norm-frob_seed7_bounds.json
cnn-9,cifar10,20,channel_norm,0.01,1.0,rayleigh_zf,,1.0,1.0,0.0,frob,0.9,0.5969,-0.30310000000000004,False,results/posterior/cnn-9_cifar10_learnt_gaussian_sig0.03_bounded-pmin1e-05_epoch20_bs250_lr0.001_mon0.95_dp0.2_objective-channel_norm-chan0.01-rayleigh-zf-tx1.0-noise1.0-kl1.0_perc-pri0.5_epoch-pri70_bs-pri250_lr-pri0.005_mom-pri0.99_dp-pri0.2_seed7/bounds/rayleigh-zf-tx1.0-noise1.0_chan-layer4_mcsamples500_norm-frob_seed7_bounds.json
fcn-4,mnist,30,channel_gradient,1.0,1.0,rayleigh_zf,,1.0,0.1,10.0,frob,0.04169999999999996,,,True,results/posterior/fcn-4_mnist_learnt_gaussian_sig0.03_bounded-pmin1e-05_epoch30_bs250_lr0.001_mon0.95_dp0.2_objective-channel_gradient-chan1.0-rayleigh-zf-tx1.0-noise0.1-kl1.0_perc-pri0.5_epoch-pri20_bs-pri250_lr-pri0.005_mom-pri0.99_dp-pri0.2_seed7/bounds/rayleigh-zf-tx1.0-noise0.1_chan-layer2_mcsamples500_norm-frob_seed7_bounds.json
cnn-9,cifar10,50,channel_norm,0.1,0.1,rayleigh_zf,,1.0,0.1,10.0,frob,0.9,0.3829,-0.5171,False,results/posterior/cnn-9_cifar10_learnt_gaussian_sig0.03_bounded-pmin1e-05_epoch50_bs250_lr0.001_mon0.95_dp0.2_objective-channel_norm-chan0.1-rayleigh-zf-tx1.0-noise0.1-kl0.1_perc-pri0.5_epoch-pri70_bs-pri250_lr-pri0.005_mom-pri0.99_dp-pri0.2_seed7/bounds/rayleigh-zf-tx1.0-noise0.1_chan-layer4_mcsamples500_norm-frob_seed7_bounds.json
cnn-4,mnist,10,channel_gradient,0.01,1.0,rayleigh_zf,,1.0,1.0,0.0,frob,0.26890000000000003,0.2764,0.007499999999999951,False,results/posterior/cnn-4_mnist_learnt_gaussian_sig0.03_bounded-pmin1e-05_epoch10_bs250_lr0.001_mon0.95_dp0.2_objective-channel_gradient-chan0.01-rayleigh-zf-tx1.0-noise1.0-kl1.0_perc-pri0.5_epoch-pri70_bs-pri250_lr-pri0.005_mom-pri0.99_dp-pri0.2_seed7/bounds/rayleigh-zf-tx1.0-noise1.0_chan-layer2_mcsamples500_norm-frob_seed7_bounds.json
fcn-4,mnist,30,channel_gradient,0.01,1.0,rayleigh_zf,,1.0,1.0,0.0,frob,0.10599999999999998,,,True,results/posterior/fcn-4_mnist_learnt_gaussian_sig0.03_bounded-pmin1e-05_epoch30_bs250_lr0.001_mon0.95_dp0.2_objective-channel_gradient-chan0.01-rayleigh-zf-tx1.0-noise1.0-kl1.0_perc-pri0.5_epoch-pri20_bs-pri250_lr-pri0.005_mom-pri0.99_dp-pri0.2_seed7/bounds/rayleigh-zf-tx1.0-noise1.0_chan-layer2_mcsamples500_norm-frob_seed7_bounds.json
cnn-9,cifar10,20,channel_gradient,0.01,0.1,bec,0.1,,,,frob,0.29379999999999995,0.28290000000000004,-0.01089999999999991,True,results/posterior/cnn-9_cifar10_learnt_gaussian_sig0.03_bounded-pmin1e-05_epoch20_bs250_lr0.001_mon0.95_dp0.2_objective-channel_gradient-chan0.01-bec-outage0.1-kl0.1_perc-pri0.5_epoch-pri70_bs-pri250_lr-pri0.005_mom-pri0.99_dp-pri0.2_seed7/bounds/bec-outage0.1_chan-layer4_mcsamples500_norm-frob_seed7_bounds.json
cnn-4,mnist,10,channel_norm,1.0,1.0,bec,0.1,,,,frob,0.902,0.013499999999999956,-0.8885000000000001,False,results/posterior/cnn-4_mnist_learnt_gaussian_sig0.03_bounded-pmin1e-05_epoch10_bs250_lr0.001_mon0.95_dp0.2_objective-channel_norm-chan1.0-bec-outage0.1-kl1.0_perc-pri0.5_epoch-pri70_bs-pri250_lr-pri0.005_mom-pri0.99_dp-pri0.2_seed7/bounds/bec-outage0.1_chan-layer2_mcsamples500_norm-frob_seed7_bounds.json
cnn-4,mnist,20,channel_norm,0.1,1.0,bec,0.1,,,,frob,0.3207,0.01319999999999999,-0.3075,True,results/posterior/cnn-4_mnist_learnt_gaussian_sig0.03_bounded-pmin1e-05_epoch20_bs250_lr0.001_mon0.95_dp0.2_objective-channel_norm-chan0.1-bec-outage0.1-kl1.0_perc-pri0.5_epoch-pri70_bs-pri250_lr-pri0.005_mom-pri0.99_dp-pri0.2_seed7/bounds/bec-outage0.1_chan-layer2_mcsamples500_norm-frob_seed7_bounds.json
cnn-4,mnist,30,channel_norm,1.0,0.1,rayleigh_zf,,1.0,0.1,10.0,frob,0.884,0.08220000000000005,-0.8018,True,results/posterior/cnn-4_mnist_learnt_gaussian_sig0.03_bounded-pmin1e-05_epoch30_bs250_lr0.001_mon0.95_dp0.2_objective-channel_norm-chan1.0-rayleigh-zf-tx1.0-noise0.1-kl0.1_perc-pri0.5_epoch-pri70_bs-pri250_lr-pri0.005_mom-pri0.99_dp-pri0.2_seed7/bounds/rayleigh-zf-tx1.0-noise0.1_chan-layer2_mcsamples500_norm-frob_seed7_bounds.json
cnn-4,mnist,30,channel_norm,1.0,0.1,bec,0.5,,,,frob,0.902,0.019499999999999962,-0.8825000000000001,False,results/posterior/cnn-4_mnist_learnt_gaussian_sig0.03_bounded-pmin1e-05_epoch30_bs250_lr0.001_mon0.95_dp0.2_objective-channel_norm-chan1.0-bec-outage0.5-kl0.1_perc-pri0.5_epoch-pri70_bs-pri250_lr-pri0.005_mom-pri0.99_dp-pri0.2_seed7/bounds/bec-outage0.5_chan-layer2_mcsamples500_norm-frob_seed7_bounds.json
fcn-4,mnist,30,channel_norm,0.01,0.01,bec,0.5,,,,frob,0.8835,,,True,results/posterior/fcn-4_mnist_learnt_gaussian_sig0.03_bounded-pmin1e-05_epoch30_bs250_lr0.001_mon0.95_dp0.2_objective-channel_norm-chan0.01-bec-outage0.5-kl0.01_perc-pri0.5_epoch-pri20_bs-pri250_lr-pri0.005_mom-pri0.99_dp-pri0.2_seed7/bounds/bec-outage0.5_chan-layer2_mcsamples500_norm-frob_seed7_bounds.json
fcn-4,mnist,20,channel_norm,0.01,0.01,rayleigh_zf,,1.0,1.0,0.0,frob,0.11409999999999998,0.10629999999999995,-0.007800000000000029,True,results/posterior/fcn-4_mnist_learnt_gaussian_sig0.03_bounded-pmin1e-05_epoch20_bs250_lr0.001_mon0.95_dp0.2_objective-channel_norm-chan0.01-rayleigh-zf-tx1.0-noise1.0-kl0.01_perc-pri0.5_epoch-pri20_bs-pri250_lr-pri0.005_mom-pri0.99_dp-pri0.2_seed7/bounds/rayleigh-zf-tx1.0-noise1.0_chan-layer2_mcsamples500_norm-frob_seed7_bounds.json
fcn-4,mnist,10,channel_gradient,0.01,0.1,rayleigh_zf,,1.0,0.1,10.0,frob,0.0403,0.03610000000000002,-0.0041999999999999815,True,results/posterior/fcn-4_mnist_learnt_gaussian_sig0.03_bounded-pmin1e-05_epoch10_bs250_lr0.001_mon0.95_dp0.2_objective-channel_gradient-chan0.01-rayleigh-zf-tx1.0-noise0.1-kl0.1_perc-pri0.5_epoch-pri20_bs-pri250_lr-pri0.005_mom-pri0.99_dp-pri0.2_seed7/bounds/rayleigh-zf-tx1.0-noise0.1_chan-layer2_mcsamples500_norm-frob_seed7_bounds.json
cnn-4,mnist,50,channel_gradient,0.1,1.0,bec,0.1,,,,frob,0.013299999999999979,0.012900000000000023,-0.00039999999999995595,True,results/posterior/cnn-4_mnist_learnt_gaussian_sig0.03_bounded-pmin1e-05_epoch50_bs250_lr0.001_mon0.95_dp0.2_objective-channel_gradient-chan0.1-bec-outage0.1-kl1.0_perc-pri0.5_epoch-pri70_bs-pri250_lr-pri0.005_mom-pri0.99_dp-pri0.2_seed7/bounds/bec-outage0.1_chan-layer2_mcsamples500_norm-frob_seed7_bounds.json
cnn-9,cifar10,10,channel_norm,0.01,0.01,rayleigh_zf,,1.0,1.0,0.0,frob,0.9,0.5798,-0.32020000000000004,False,results/posterior/cnn-9_cifar10_learnt_gaussian_sig0.03_bounded-pmin1e-05_epoch10_bs250_lr0.001_mon0.95_dp0.2_objective-channel_norm-chan0.01-rayleigh-zf-tx1.0-noise1.0-kl0.01_perc-pri0.5_epoch-pri70_bs-pri250_lr-pri0.005_mom-pri0.99_dp-pri0.2_seed7/bounds/rayleigh-zf-tx1.0-noise1.0_chan-layer4_mcsamples500_norm-frob_seed7_bounds.json
cnn-9,cifar10,30,channel_norm,1.0,0.01,rayleigh_zf,,1.0,1.0,0.0,frob,0.9,,,False,results/posterior/cnn-9_cifar10_learnt_gaussian_sig0.03_bounded-pmin1e-05_epoch30_bs250_lr0.001_mon0.95_dp0.2_objective-channel_norm-chan1.0-rayleigh-zf-tx1.0-noise1.0-kl0.01_perc-pri0.5_epoch-pri70_bs-pri250_lr-pri0.005_mom-pri0.99_dp-pri0.2_seed7/bounds/rayleigh-zf-tx1.0-noise1.0_chan-layer4_mcsamples500_norm-frob_seed7_bounds.json
fcn-4,mnist,30,channel_norm,0.1,0.1,bec,0.1,,,,frob,0.7901,,,True,results/posterior/fcn-4_mnist_learnt_gaussian_sig0.03_bounded-pmin1e-05_epoch30_bs250_lr0.001_mon0.95_dp0.2_objective-channel_norm-chan0.1-bec-outage0.1-kl0.1_perc-pri0.5_epoch-pri20_bs-pri250_lr-pri0.005_mom-pri0.99_dp-pri0.2_seed7/bounds/bec-outage0.1_chan-layer2_mcsamples500_norm-frob_seed7_bounds.json
fcn-4,mnist,20,channel_gradient,1.0,0.01,rayleigh_zf,,1.0,1.0,0.0,frob,0.11260000000000003,0.10629999999999995,-0.006300000000000083,True,results/posterior/fcn-4_mnist_learnt_gaussian_sig0.03_bounded-pmin1e-05_epoch20_bs250_lr0.001_mon0.95_dp0.2_objective-channel_gradient-chan1.0-rayleigh-zf-tx1.0-noise1.0-kl0.01_perc-pri0.5_epoch-pri20_bs-pri250_lr-pri0.005_mom-pri0.99_dp-pri0.2_seed7/bounds/rayleigh-zf-tx1.0-noise1.0_chan-layer2_mcsamples500_norm-frob_seed7_bounds.json
fcn-4,mnist,10,channel_gradient,0.01,0.01,rayleigh_zf,,1.0,1.0,0.0,frob,0.10309999999999997,0.10240000000000005,-0.0006999999999999229,True,results/posterior/fcn-4_mnist_learnt_gaussian_sig0.03_bounded-pmin1e-05_epoch10_bs250_lr0.001_mon0.95_dp0.2_objective-channel_gradient-chan0.01-rayleigh-zf-tx1.0-noise1.0-kl0.01_perc-pri0.5_epoch-pri20_bs-pri250_lr-pri0.005_mom-pri0.99_dp-pri0.2_seed7/bounds/rayleigh-zf-tx1.0-noise1.0_chan-layer2_mcsamples500_norm-frob_seed7_bounds.json
fcn-4,mnist,10,channel_gradient,0.01,0.1,bec,0.5,,,,frob,0.03810000000000002,0.03380000000000005,-0.0042999999999999705,True,results/posterior/fcn-4_mnist_learnt_gaussian_sig0.03_bounded-pmin1e-05_epoch10_bs250_lr0.001_mon0.95_dp0.2_objective-channel_gradient-chan0.01-bec-outage0.5-kl0.1_perc-pri0.5_epoch-pri20_bs-pri250_lr-pri0.005_mom-pri0.99_dp-pri0.2_seed7/bounds/bec-outage0.5_chan-layer2_mcsamples500_norm-frob_seed7_bounds.json
cnn-9,cifar10,50,channel_gradient,0.1,0.1,rayleigh_zf,,1.0,1.0,0.0,frob,0.509,0.6052,0.09619999999999995,True,results/posterior/cnn-9_cifar10_learnt_gaussian_sig0.03_bounded-pmin1e-05_epoch50_bs250_lr0.001_mon0.95_dp0.2_objective-channel_gradient-chan0.1-rayleigh-zf-tx1.0-noise1.0-kl0.1_perc-pri0.5_epoch-pri70_bs-pri250_lr-pri0.005_mom-pri0.99_dp-pri0.2_seed7/bounds/rayleigh-zf-tx1.0-noise1.0_chan-layer4_mcsamples500_norm-frob_seed7_bounds.json
cnn-4,mnist,50,channel_norm,0.01,1.0,rayleigh_zf,,1.0,1.0,0.0,frob,0.25870000000000004,0.3228,0.06409999999999993,True,results/posterior/cnn-4_mnist_learnt_gaussian_sig0.03_bounded-pmin1e-05_epoch50_bs250_lr0.001_mon0.95_dp0.2_objective-channel_norm-chan0.01-rayleigh-zf-tx1.0-noise1.0-kl1.0_perc-pri0.5_epoch-pri70_bs-pri250_lr-pri0.005_mom-pri0.99_dp-pri0.2_seed7/bounds/rayleigh-zf-tx1.0-noise1.0_chan-layer2_mcsamples500_norm-frob_seed7_bounds.json
cnn-9,cifar10,30,channel_gradient,0.1,1.0,rayleigh_zf,,1.0,0.1,10.0,frob,0.35229999999999995,,,True,results/posterior/cnn-9_cifar10_learnt_gaussian_sig0.03_bounded-pmin1e-05_epoch30_bs250_lr0.001_mon0.95_dp0.2_objective-channel_gradient-chan0.1-rayleigh-zf-tx1.0-noise0.1-kl1.0_perc-pri0.5_epoch-pri70_bs-pri250_lr-pri0.005_mom-pri0.99_dp-pri0.2_seed7/bounds/rayleigh-zf-tx1.0-noise0.1_chan-layer4_mcsamples500_norm-frob_seed7_bounds.json
fcn-4,mnist,10,channel_gradient,1.0,0.01,rayleigh_zf,,1.0,1.0,0.0,frob,0.11129999999999995,0.10240000000000005,-0.008899999999999908,True,results/posterior/fcn-4_mnist_learnt_gaussian_sig0.03_bounded-pmin1e-05_epoch10_bs250_lr0.001_mon0.95_dp0.2_objective-channel_gradient-chan1.0-rayleigh-zf-tx1.0-noise1.0-kl0.01_perc-pri0.5_epoch-pri20_bs-pri250_lr-pri0.005_mom-pri0.99_dp-pri0.2_seed7/bounds/rayleigh-zf-tx1.0-noise1.0_chan-layer2_mcsamples500_norm-frob_seed7_bounds.json
cnn-4,mnist,20,channel_norm,0.1,0.01,rayleigh_zf,,1.0,0.1,10.0,frob,0.7451,0.07320000000000004,-0.6718999999999999,True,results/posterior/cnn-4_mnist_learnt_gaussian_sig0.03_bounded-pmin1e-05_epoch20_bs250_lr0.001_mon0.95_dp0.2_objective-channel_norm-chan0.1-rayleigh-zf-tx1.0-noise0.1-kl0.01_perc-pri0.5_epoch-pri70_bs-pri250_lr-pri0.005_mom-pri0.99_dp-pri0.2_seed7/bounds/rayleigh-zf-tx1.0-noise0.1_chan-layer2_mcsamples500_norm-frob_seed7_bounds.json
fcn-4,mnist,50,channel_gradient,0.01,0.01,rayleigh_zf,,1.0,1.0,0.0,frob,0.09589999999999999,0.11240000000000006,0.01650000000000007,True,results/posterior/fcn-4_mnist_learnt_gaussian_sig0.03_bounded-pmin1e-05_epoch50_bs250_lr0.001_mon0.95_dp0.2_objective-channel_gradient-chan0.01-rayleigh-zf-tx1.0-noise1.0-kl0.01_perc-pri0.5_epoch-pri20_bs-pri250_lr-pri0.005_mom-pri0.99_dp-pri0.2_seed7/bounds/rayleigh-zf-tx1.0-noise1.0_chan-layer2_mcsamples500_norm-frob_seed7_bounds.json
cnn-9,cifar10,10,channel_norm,0.1,0.01,rayleigh_zf,,1.0,0.1,10.0,frob,0.9,0.3752,-0.5248,False,results/posterior/cnn-9_cifar10_learnt_gaussian_sig0.03_bounded-pmin1e-05_epoch10_bs250_lr0.001_mon0.95_dp0.2_objective-channel_norm-chan0.1-rayleigh-zf-tx1.0-noise0.1-kl0.01_perc-pri0.5_epoch-pri70_bs-pri250_lr-pri0.005_mom-pri0.99_dp-pri0.2_seed7/bounds/rayleigh-zf-tx1.0-noise0.1_chan-layer4_mcsamples500_norm-frob_seed7_bounds.json
cnn-9,cifar10,50,channel_gradient,0.1,1.0,rayleigh_zf,,1.0,0.1,10.0,frob,0.35209999999999997,0.3829,0.03080000000000005,True,results/posterior/cnn-9_cifar10_learnt_gaussian_sig0.03_bounded-pmin1e-05_epoch50_bs250_lr0.001_mon0.95_dp0.2_objective-channel_gradient-chan0.1-rayleigh-zf-tx1.0-noise0.1-kl1.0_perc-pri0.5_epoch-pri70_bs-pri250_lr-pri0.005_mom-pri0.99_dp-pri0.2_seed7/bounds/rayleigh-zf-tx1.0-noise0.1_chan-layer4_mcsamples500_norm-frob_seed7_bounds.json
fcn-4,mnist,50,channel_norm,0.1,0.1,rayleigh_zf,,1.0,0.1,10.0,frob,0.042200000000000015,0.035599999999999965,-0.00660000000000005,True,results/posterior/fcn-4_mnist_learnt_gaussian_sig0.03_bounded-pmin1e-05_epoch50_bs250_lr0.001_mon0.95_dp0.2_objective-channel_norm-chan0.1-rayleigh-zf-tx1.0-noise0.1-kl0.1_perc-pri0.5_epoch-pri20_bs-pri250_lr-pri0.005_mom-pri0.99_dp-pri0.2_seed7/bounds/rayleigh-zf-tx1.0-noise0.1_chan-layer2_mcsamples500_norm-frob_seed7_bounds.json
cnn-4,mnist,30,channel_norm,0.01,1.0,rayleigh_zf,,1.0,0.1,10.0,frob,0.06430000000000002,0.08220000000000005,0.017900000000000027,True,results/posterior/cnn-4_mnist_learnt_gaussian_sig0.03_bounded-pmin1e-05_epoch30_bs250_lr0.001_mon0.95_dp0.2_objective-channel_norm-chan0.01-rayleigh-zf-tx1.0-noise0.1-kl1.0_perc-pri0.5_epoch-pri70_bs-pri250_lr-pri0.005_mom-pri0.99_dp-pri0.2_seed7/bounds/rayleigh-zf-tx1.0-noise0.1_chan-layer2_mcsamples500_norm-frob_seed7_bounds.json
fcn-4,mnist,20,channel_gradient,0.01,0.01,bec,0.5,,,,frob,0.03620000000000001,0.03320000000000001,-0.0030000000000000027,True,results/posterior/fcn-4_mnist_learnt_gaussian_sig0.03_bounded-pmin1e-05_epoch20_bs250_lr0.001_mon0.95_dp0.2_objective-channel_gradient-chan0.01-bec-outage0.5-kl0.01_perc-pri0.5_epoch-pri20_bs-pri250_lr-pri0.005_mom-pri0.99_dp-pri0.2_seed7/bounds/bec-outage0.5_chan-layer2_mcsamples500_norm-frob_seed7_bounds.json
cnn-4,mnist,10,channel_gradient,0.01,1.0,bec,0.5,,,,frob,0.02210000000000001,0.018199999999999994,-0.0039000000000000146,True,results/posterior/cnn-4_mnist_learnt_gaussian_sig0.03_bounded-pmin1e-05_epoch10_bs250_lr0.001_mon0.95_dp0.2_objective-channel_gradient-chan0.01-bec-outage0.5-kl1.0_perc-pri0.5_epoch-pri70_bs-pri250_lr-pri0.005_mom-pri0.99_dp-pri0.2_seed7/bounds/bec-outage0.5_chan-layer2_mcsamples500_norm-frob_seed7_bounds.json
cnn-4,mnist,10,channel_norm,1.0,0.1,bec,0.5,,,,frob,0.902,0.018199999999999994,-0.8838,False,results/posterior/cnn-4_mnist_learnt_gaussian_sig0.03_bounded-pmin1e-05_epoch10_bs250_lr0.001_mon0.95_dp0.2_objective-channel_norm-chan1.0-bec-outage0.5-kl0.1_perc-pri0.5_epoch-pri70_bs-pri250_lr-pri0.005_mom-pri0.99_dp-pri0.2_seed7/bounds/bec-outage0.5_chan-layer2_mcsamples500_norm-frob_seed7_bounds.json
cnn-9,cifar10,50,channel_gradient,0.1,1.0,rayleigh_zf,,1.0,1.0,0.0,frob,0.49939999999999996,0.6052,0.1058,True,results/posterior/cnn-9_cifar10_learnt_gaussian_sig0.03_bounded-pmin1e-05_epoch50_bs250_lr0.001_mon0.95_dp0.2_objective-channel_gradient-chan0.1-rayleigh-zf-tx1.0-noise1.0-kl1.0_perc-pri0.5_epoch-pri70_bs-pri250_lr-pri0.005_mom-pri0.99_dp-pri0.2_seed7/bounds/rayleigh-zf-tx1.0-noise1.0_chan-layer4_mcsamples500_norm-frob_seed7_bounds.json
cnn-4,mnist,50,channel_gradient,0.01,0.01,bec,0.5,,,,frob,0.018399999999999972,0.018299999999999983,-9.999999999998899e-05,True,results/posterior/cnn-4_mnist_learnt_gaussian_sig0.03_bounded-pmin1e-05_epoch50_bs250_lr0.001_mon0.95_dp0.2_objective-channel_gradient-chan0.01-bec-outage0.5-kl0.01_perc-pri0.5_epoch-pri70_bs-pri250_lr-pri0.005_mom-pri0.99_dp-pri0.2_seed7/bounds/bec-outage0.5_chan-layer2_mcsamples500_norm-frob_seed7_bounds.json
fcn-4,mnist,50,channel_norm,0.01,0.1,rayleigh_zf,,1.0,1.0,0.0,frob,0.10919999999999996,0.11240000000000006,0.0032000000000000917,True,results/posterior/fcn-4_mnist_learnt_gaussian_sig0.03_bounded-pmin1e-05_epoch50_bs250_lr0.001_mon0.95_dp0.2_objective-channel_norm-chan0.01-rayleigh-zf-tx1.0-noise1.0-kl0.1_perc-pri0.5_epoch-pri20_bs-pri250_lr-pri0.005_mom-pri0.99_dp-pri0.2_seed7/bounds/rayleigh-zf-tx1.0-noise1.0_chan-layer2_mcsamples500_norm-frob_seed7_bounds.json
cnn-9,cifar10,30,channel_norm,0.1,0.01,bec,0.5,,,,frob,0.9,,,False,results/posterior/cnn-9_cifar10_learnt_gaussian_sig0.03_bounded-pmin1e-05_epoch30_bs250_lr0.001_mon0.95_dp0.2_objective-channel_norm-chan0.1-bec-outage0.5-kl0.01_perc-pri0.5_epoch-pri70_bs-pri250_lr-pri0.005_mom-pri0.99_dp-pri0.2_seed7/bounds/bec-outage0.5_chan-layer4_mcsamples500_norm-frob_seed7_bounds.json
cnn-4,mnist,50,channel_norm,0.1,0.01,bec,0.1,,,,frob,0.626,0.012900000000000023,-0.6131,True,results/posterior/cnn-4_mnist_learnt_gaussian_sig0.03_bounded-pmin1e-05_epoch50_bs250_lr0.001_mon0.95_dp0.2_objective-channel_norm-chan0.1-bec-outage0.1-kl0.01_perc-pri0.5_epoch-pri70_bs-pri250_lr-pri0.005_mom-pri0.99_dp-pri0.2_seed7/bounds/bec-outage0.1_chan-layer2_mcsamples500_norm-frob_seed7_bounds.json
cnn-9,cifar10,50,channel_gradient,0.01,0.1,bec,0.5,,,,frob,0.33730000000000004,0.3238,-0.013500000000000068,True,results/posterior/cnn-9_cifar10_learnt_gaussian_sig0.03_bounded-pmin1e-05_epoch50_bs250_lr0.001_mon0.95_dp0.2_objective-channel_gradient-chan0.01-bec-outage0.5-kl0.1_perc-pri0.5_epoch-pri70_bs-pri250_lr-pri0.005_mom-pri0.99_dp-pri0.2_seed7/bounds/bec-outage0.5_chan-layer4_mcsamples500_norm-frob_seed7_bounds.json
fcn-4,mnist,50,channel_norm,1.0,0.01,rayleigh_zf,,1.0,1.0,0.0,frob,0.8905,0.11240000000000006,-0.7780999999999999,True,results/posterior/fcn-4_mnist_learnt_gaussian_sig0.03_bounded-pmin1e-05_epoch50_bs250_lr0.001_mon0.95_dp0.2_objective-channel_norm-chan1.0-rayleigh-zf-tx1.0-noise1.0-kl0.01_perc-pri0.5_epoch-pri20_bs-pri250_lr-pri0.005_mom-pri0.99_dp-pri0.2_seed7/bounds/rayleigh-zf-tx1.0-noise1.0_chan-layer2_mcsamples500_norm-frob_seed7_bounds.json
cnn-9,cifar10,10,channel_norm,0.1,0.1,bec,0.1,,,,frob,0.9,0.2921,-0.6079,False,results/posterior/cnn-9_cifar10_learnt_gaussian_sig0.03_bounded-pmin1e-05_epoch10_bs250_lr0.001_mon0.95_dp0.2_objective-channel_norm-chan0.1-bec-outage0.1-kl0.1_perc-pri0.5_epoch-pri70_bs-pri250_lr-pri0.005_mom-pri0.99_dp-pri0.2_seed7/bounds/bec-outage0.1_chan-layer4_mcsamples500_norm-frob_seed7_bounds.json
cnn-4,mnist,20,channel_gradient,0.01,0.01,rayleigh_zf,,1.0,1.0,0.0,frob,0.27659999999999996,0.28959999999999997,0.013000000000000012,False,results/posterior/cnn-4_mnist_learnt_gaussian_sig0.03_bounded-pmin1e-05_epoch20_bs250_lr0.001_mon0.95_dp0.2_objective-channel_gradient-chan0.01-rayleigh-zf-tx1.0-noise1.0-kl0.01_perc-pri0.5_epoch-pri70_bs-pri250_lr-pri0.005_mom-pri0.99_dp-pri0.2_seed7/bounds/rayleigh-zf-tx1.0-noise1.0_chan-layer2_mcsamples500_norm-frob_seed7_bounds.json
fcn-4,mnist,30,channel_gradient,0.01,0.1,bec,0.5,,,,frob,0.03869999999999996,,,True,results/posterior/fcn-4_mnist_learnt_gaussian_sig0.03_bounded-pmin1e-05_epoch30_bs250_lr0.001_mon0.95_dp0.2_objective-channel_gradient-chan0.01-bec-outage0.5-kl0.1_perc-pri0.5_epoch-pri20_bs-pri250_lr-pri0.005_mom-pri0.99_dp-pri0.2_seed7/bounds/bec-outage0.5_chan-layer2_mcsamples500_norm-frob_seed7_bounds.json
cnn-9,cifar10,10,channel_gradient,0.01,0.1,rayleigh_zf,,1.0,0.1,10.0,frob,0.3556,0.3752,0.01959999999999995,True,results/posterior/cnn-9_cifar10_learnt_gaussian_sig0.03_bounded-pmin1e-05_epoch10_bs250_lr0.001_mon0.95_dp0.2_objective-channel_gradient-chan0.01-rayleigh-zf-tx1.0-noise0.1-kl0.1_perc-pri0.5_epoch-pri70_bs-pri250_lr-pri0.005_mom-pri0.99_dp-pri0.2_seed7/bounds/rayleigh-zf-tx1.0-noise0.1_chan-layer4_mcsamples500_norm-frob_seed7_bounds.json
cnn-9,cifar10,30,channel_norm,0.1,0.1,rayleigh_zf,,1.0,1.0,0.0,frob,0.9,,,False,results/posterior/cnn-9_cifar10_learnt_gaussian_sig0.03_bounded-pmin1e-05_epoch30_bs250_lr0.001_mon0.95_dp0.2_objective-channel_norm-chan0.1-rayleigh-zf-tx1.0-noise1.0-kl0.1_perc-pri0.5_epoch-pri70_bs-pri250_lr-pri0.005_mom-pri0.99_dp-pri0.2_seed7/bounds/rayleigh-zf-tx1.0-noise1.0_chan-layer4_mcsamples500_norm-frob_seed7_bounds.json
cnn-4,mnist,20,channel_gradient,1.0,0.01,rayleigh_zf,,1.0,0.1,10.0,frob,0.08660000000000001,0.07320000000000004,-0.013399999999999967,True,results/posterior/cnn-4_mnist_learnt_gaussian_sig0.03_bounded-pmin1e-05_epoch20_bs250_lr0.001_mon0.95_dp0.2_objective-channel_gradient-chan1.0-rayleigh-zf-tx1.0-noise0.1-kl0.01_perc-pri0.5_epoch-pri70_bs-pri250_lr-pri0.005_mom-pri0.99_dp-pri0.2_seed7/bounds/rayleigh-zf-tx1.0-noise0.1_chan-layer2_mcsamples500_norm-frob_seed7_bounds.json
cnn-4,mnist,30,channel_norm,1.0,1.0,bec,0.5,,,,frob,0.902,0.019499999999999962,-0.8825000000000001,False,results/posterior/cnn-4_mnist_learnt_gaussian_sig0.03_bounded-pmin1e-05_epoch30_bs250_lr0.001_mon0.95_dp0.2_objective-channel_norm-chan1.0-bec-outage0.5-kl1.0_perc-pri0.5_epoch-pri70_bs-pri250_lr-pri0.005_mom-pri0.99_dp-pri0.2_seed7/bounds/bec-outage0.5_chan-layer2_mcsamples500_norm-frob_seed7_bounds.json
cnn-9,cifar10,30,channel_norm,0.1,1.0,bec,0.1,,,,frob,0.9,,,False,results/posterior/cnn-9_cifar10_learnt_gaussian_sig0.03_bounded-pmin1e-05_epoch30_bs250_lr0.001_mon0.95_dp0.2_objective-channel_norm-chan0.1-bec-outage0.1-kl1.0_perc-pri0.5_epoch-pri70_bs-pri250_lr-pri0.005_mom-pri0.99_dp-pri0.2_seed7/bounds/bec-outage0.1_chan-layer4_mcsamples500_norm-frob_seed7_bounds.json
cnn-4,mnist,20,channel_norm,0.01,0.01,bec,0.5,,,,frob,0.6356999999999999,0.017900000000000027,-0.6177999999999999,True,results/posterior/cnn-4_mnist_learnt_gaussian_sig0.03_bounded-pmin1e-05_epoch20_bs250_lr0.001_mon0.95_dp0.2_objective-channel_norm-chan0.01-bec-outage0.5-kl0.01_perc-pri0.5_epoch-pri70_bs-pri250_lr-pri0.005_mom-pri0.99_dp-pri0.2_seed7/bounds/bec-outage0.5_chan-layer2_mcsamples500_norm-frob_seed7_bounds.json
cnn-4,mnist,10,channel_norm,1.0,0.01,bec,0.5,,,,frob,0.902,0.018199999999999994,-0.8838,False,results/posterior/cnn-4_mnist_learnt_gaussian_sig0.03_bounded-pmin1e-05_epoch10_bs250_lr0.001_mon0.95_dp0.2_objective-channel_norm-chan1.0-bec-outage0.5-kl0.01_perc-pri0.5_epoch-pri70_bs-pri250_lr-pri0.005_mom-pri0.99_dp-pri0.2_seed7/bounds/bec-outage0.5_chan-layer2_mcsamples500_norm-frob_seed7_bounds.json
cnn-4,mnist,20,channel_norm,0.01,0.01,bec,0.1,,,,frob,0.30379999999999996,0.01319999999999999,-0.29059999999999997,True,results/posterior/cnn-4_mnist_learnt_gaussian_sig0.03_bounded-pmin1e-05_epoch20_bs250_lr0.001_mon0.95_dp0.2_objective-channel_norm-chan0.01-bec-outage0.1-kl0.01_perc-pri0.5_epoch-pri70_bs-pri250_lr-pri0.005_mom-pri0.99_dp-pri0.2_seed7/bounds/bec-outage0.1_chan-layer2_mcsamples500_norm-frob_seed7_bounds.json
cnn-4,mnist,50,channel_gradient,0.01,0.1,rayleigh_zf,,1.0,1.0,0.0,frob,0.26380000000000003,0.3228,0.05899999999999994,False,results/posterior/cnn-4_mnist_learnt_gaussian_sig0.03_bounded-pmin1e-05_epoch50_bs250_lr0.001_mon0.95_dp0.2_objective-channel_gradient-chan0.01-rayleigh-zf-tx1.0-noise1.0-kl0.1_perc-pri0.5_epoch-pri70_bs-pri250_lr-pri0.005_mom-pri0.99_dp-pri0.2_seed7/bounds/rayleigh-zf-tx1.0-noise1.0_chan-layer2_mcsamples500_norm-frob_seed7_bounds.json
cnn-9,cifar10,30,channel_norm,0.01,1.0,rayleigh_zf,,1.0,0.1,10.0,frob,0.9,,,False,results/posterior/cnn-9_cifar10_learnt_gaussian_sig0.03_bounded-pmin1e-05_epoch30_bs250_lr0.001_mon0.95_dp0.2_objective-channel_norm-chan0.01-rayleigh-zf-tx1.0-noise0.1-kl1.0_perc-pri0.5_epoch-pri70_bs-pri250_lr-pri0.005_mom-pri0.99_dp-pri0.2_seed7/bounds/rayleigh-zf-tx1.0-noise0.1_chan-layer4_mcsamples500_norm-frob_seed7_bounds.json
cnn-9,cifar10,30,channel_norm,0.01,1.0,bec,0.1,,,,frob,0.9,,,False,results/posterior/cnn-9_cifar10_learnt_gaussian_sig0.03_bounded-pmin1e-05_epoch30_bs250_lr0.001_mon0.95_dp0.2_objective-channel_norm-chan0.01-bec-outage0.1-kl1.0_perc-pri0.5_epoch-pri70_bs-pri250_lr-pri0.005_mom-pri0.99_dp-pri0.2_seed7/bounds/bec-outage0.1_chan-layer4_mcsamples500_norm-frob_seed7_bounds.json
cnn-9,cifar10,50,channel_norm,0.1,0.1,bec,0.5,,,,frob,0.9,0.3238,-0.5762,False,results/posterior/cnn-9_cifar10_learnt_gaussian_sig0.03_bounded-pmin1e-05_epoch50_bs250_lr0.001_mon0.95_dp0.2_objective-channel_norm-chan0.1-bec-outage0.5-kl0.1_perc-pri0.5_epoch-pri70_bs-pri250_lr-pri0.005_mom-pri0.99_dp-pri0.2_seed7/bounds/bec-outage0.5_chan-layer4_mcsamples500_norm-frob_seed7_bounds.json
cnn-9,cifar10,50,channel_norm,1.0,0.01,bec,0.5,,,,frob,0.9,0.3238,-0.5762,False,results/posterior/cnn-9_cifar10_learnt_gaussian_sig0.03_bounded-pmin1e-05_epoch50_bs250_lr0.001_mon0.95_dp0.2_objective-channel_norm-chan1.0-bec-outage0.5-kl0.01_perc-pri0.5_epoch-pri70_bs-pri250_lr-pri0.005_mom-pri0.99_dp-pri0.2_seed7/bounds/bec-outage0.5_chan-layer4_mcsamples500_norm-frob_seed7_bounds.json
cnn-9,cifar10,30,channel_gradient,0.1,1.0,rayleigh_zf,,1.0,1.0,0.0,frob,0.5017,,,True,results/posterior/cnn-9_cifar10_learnt_gaussian_sig0.03_bounded-pmin1e-05_epoch30_bs250_lr0.001_mon0.95_dp0.2_objective-channel_gradient-chan0.1-rayleigh-zf-tx1.0-noise1.0-kl1.0_perc-pri0.5_epoch-pri70_bs-pri250_lr-pri0.005_mom-pri0.99_dp-pri0.2_seed7/bounds/rayleigh-zf-tx1.0-noise1.0_chan-layer4_mcsamples500_norm-frob_seed7_bounds.json
cnn-9,cifar10,50,channel_norm,1.0,0.1,rayleigh_zf,,1.0,1.0,0.0,frob,0.9,0.6052,-0.29480000000000006,False,results/posterior/cnn-9_cifar10_learnt_gaussian_sig0.03_bounded-pmin1e-05_epoch50_bs250_lr0.001_mon0.95_dp0.2_objective-channel_norm-chan1.0-rayleigh-zf-tx1.0-noise1.0-kl0.1_perc-pri0.5_epoch-pri70_bs-pri250_lr-pri0.005_mom-pri0.99_dp-pri0.2_seed7/bounds/rayleigh-zf-tx1.0-noise1.0_chan-layer4_mcsamples500_norm-frob_seed7_bounds.json
cnn-9,cifar10,30,channel_norm,1.0,1.0,rayleigh_zf,,1.0,0.1,10.0,frob,0.9,,,False,results/posterior/cnn-9_cifar10_learnt_gaussian_sig0.03_bounded-pmin1e-05_epoch30_bs250_lr0.001_mon0.95_dp0.2_objective-channel_norm-chan1.0-rayleigh-zf-tx1.0-noise0.1-kl1.0_perc-pri0.5_epoch-pri70_bs-pri250_lr-pri0.005_mom-pri0.99_dp-pri0.2_seed7/bounds/rayleigh-zf-tx1.0-noise0.1_chan-layer4_mcsamples500_norm-frob_seed7_bounds.json
cnn-4,mnist,30,channel_norm,0.01,1.0,bec,0.5,,,,frob,0.026000000000000023,0.019499999999999962,-0.006500000000000061,True,results/posterior/cnn-4_mnist_learnt_gaussian_sig0.03_bounded-pmin1e-05_epoch30_bs250_lr0.001_mon0.95_dp0.2_objective-channel_norm-chan0.01-bec-outage0.5-kl1.0_perc-pri0.5_epoch-pri70_bs-pri250_lr-pri0.005_mom-pri0.99_dp-pri0.2_seed7/bounds/bec-outage0.5_chan-layer2_mcsamples500_norm-frob_seed7_bounds.json
cnn-4,mnist,30,channel_norm,0.1,0.01,rayleigh_zf,,1.0,1.0,0.0,frob,0.8682,0.3106,-0.5576,True,results/posterior/cnn-4_mnist_learnt_gaussian_sig0.03_bounded-pmin1e-05_epoch30_bs250_lr0.001_mon0.95_dp0.2_objective-channel_norm-chan0.1-rayleigh-zf-tx1.0-noise1.0-kl0.01_perc-pri0.5_epoch-pri70_bs-pri250_lr-pri0.005_mom-pri0.99_dp-pri0.2_seed7/bounds/rayleigh-zf-tx1.0-noise1.0_chan-layer2_mcsamples500_norm-frob_seed7_bounds.json
cnn-4,mnist,30,channel_norm,0.01,1.0,bec,0.1,,,,frob,0.01629999999999998,0.013299999999999979,-0.0030000000000000027,True,results/posterior/cnn-4_mnist_learnt_gaussian_sig0.03_bounded-pmin1e-05_epoch30_bs250_lr0.001_mon0.95_dp0.2_objective-channel_norm-chan0.01-bec-outage0.1-kl1.0_perc-pri0.5_epoch-pri70_bs-pri250_lr-pri0.005_mom-pri0.99_dp-pri0.2_seed7/bounds/bec-outage0.1_chan-layer2_mcsamples500_norm-frob_seed7_bounds.json
cnn-9,cifar10,50,channel_norm,0.01,0.01,rayleigh_zf,,1.0,1.0,0.0,frob,0.9,0.6052,-0.29480000000000006,False,results/posterior/cnn-9_cifar10_learnt_gaussian_sig0.03_bounded-pmin1e-05_epoch50_bs250_lr0.001_mon0.95_dp0.2_objective-channel_norm-chan0.01-rayleigh-zf-tx1.0-noise1.0-kl0.01_perc-pri0.5_epoch-pri70_bs-pri250_lr-pri0.005_mom-pri0.99_dp-pri0.2_seed7/bounds/rayleigh-zf-tx1.0-noise1.0_chan-layer4_mcsamples500_norm-frob_seed7_bounds.json
fcn-4,mnist,30,channel_gradient,1.0,0.01,bec,0.5,,,,frob,0.03400000000000003,,,True,results/posterior/fcn-4_mnist_learnt_gaussian_sig0.03_bounded-pmin1e-05_epoch30_bs250_lr0.001_mon0.95_dp0.2_objective-channel_gradient-chan1.0-bec-outage0.5-kl0.01_perc-pri0.5_epoch-pri20_bs-pri250_lr-pri0.005_mom-pri0.99_dp-pri0.2_seed7/bounds/bec-outage0.5_chan-layer2_mcsamples500_norm-frob_seed7_bounds.json
fcn-4,mnist,50,channel_gradient,0.01,1.0,rayleigh_zf,,1.0,1.0,0.0,frob,0.0968,0.11240000000000006,0.015600000000000058,True,results/posterior/fcn-4_mnist_learnt_gaussian_sig0.03_bounded-pmin1e-05_epoch50_bs250_lr0.001_mon0.95_dp0.2_objective-channel_gradient-chan0.01-rayleigh-zf-tx1.0-noise1.0-kl1.0_perc-pri0.5_epoch-pri20_bs-pri250_lr-pri0.005_mom-pri0.99_dp-pri0.2_seed7/bounds/rayleigh-zf-tx1.0-noise1.0_chan-layer2_mcsamples500_norm-frob_seed7_bounds.json
cnn-9,cifar10,30,channel_gradient,0.1,1.0,bec,0.1,,,,frob,0.2945,,,True,results/posterior/cnn-9_cifar10_learnt_gaussian_sig0.03_bounded-pmin1e-05_epoch30_bs250_lr0.001_mon0.95_dp0.2_objective-channel_gradient-chan0.1-bec-outage0.1-kl1.0_perc-pri0.5_epoch-pri70_bs-pri250_lr-pri0.005_mom-pri0.99_dp-pri0.2_seed7/bounds/bec-outage0.1_chan-layer4_mcsamples500_norm-frob_seed7_bounds.json
cnn-4,mnist,10,channel_gradient,1.0,0.01,bec,0.1,,,,frob,0.013000000000000012,0.013499999999999956,0.0004999999999999449,True,results/posterior/cnn-4_mnist_learnt_gaussian_sig0.03_bounded-pmin1e-05_epoch10_bs250_lr0.001_mon0.95_dp0.2_objective-channel_gradient-chan1.0-bec-outage0.1-kl0.01_perc-pri0.5_epoch-pri70_bs-pri250_lr-pri0.005_mom-pri0.99_dp-pri0.2_seed7/bounds/bec-outage0.1_chan-layer2_mcsamples500_norm-frob_seed7_bounds.json
cnn-9,cifar10,10,channel_norm,0.1,1.0,rayleigh_zf,,1.0,0.1,10.0,frob,0.9,0.3752,-0.5248,False,results/posterior/cnn-9_cifar10_learnt_gaussian_sig0.03_bounded-pmin1e-05_epoch10_bs250_lr0.001_mon0.95_dp0.2_objective-channel_norm-chan0.1-rayleigh-zf-tx1.0-noise0.1-kl1.0_perc-pri0.5_epoch-pri70_bs-pri250_lr-pri0.005_mom-pri0.99_dp-pri0.2_seed7/bounds/rayleigh-zf-tx1.0-noise0.1_chan-layer4_mcsamples500_norm-frob_seed7_bounds.json
fcn-4,mnist,10,channel_norm,0.01,0.1,rayleigh_zf,,1.0,0.1,10.0,frob,0.040000000000000036,0.03610000000000002,-0.0039000000000000146,True,results/posterior/fcn-4_mnist_learnt_gaussian_sig0.03_bounded-pmin1e-05_epoch10_bs250_lr0.001_mon0.95_dp0.2_objective-channel_norm-chan0.01-rayleigh-zf-tx1.0-noise0.1-kl0.1_perc-pri0.5_epoch-pri20_bs-pri250_lr-pri0.005_mom-pri0.99_dp-pri0.2_seed7/bounds/rayleigh-zf-tx1.0-noise0.1_chan-layer2_mcsamples500_norm-frob_seed7_bounds.json
fcn-4,mnist,10,channel_norm,0.1,1.0,rayleigh_zf,,1.0,0.1,10.0,frob,0.0403,0.03610000000000002,-0.0041999999999999815,True,results/posterior/fcn-4_mnist_learnt_gaussian_sig0.03_bounded-pmin1e-05_epoch10_bs250_lr0.001_mon0.95_dp0.2_objective-channel_norm-chan0.1-rayleigh-zf-tx1.0-noise0.1-kl1.0_perc-pri0.5_epoch-pri20_bs-pri250_lr-pri0.005_mom-pri0.99_dp-pri0.2_seed7/bounds/rayleigh-zf-tx1.0-noise0.1_chan-layer2_mcsamples500_norm-frob_seed7_bounds.json
fcn-4,mnist,50,channel_norm,1.0,0.01,rayleigh_zf,,1.0,0.1,10.0,frob,0.8869,0.035599999999999965,-0.8513000000000001,True,results/posterior/fcn-4_mnist_learnt_gaussian_sig0.03_bounded-pmin1e-05_epoch50_bs250_lr0.001_mon0.95_dp0.2_objective-channel_norm-chan1.0-rayleigh-zf-tx1.0-noise0.1-kl0.01_perc-pri0.5_epoch-pri20_bs-pri250_lr-pri0.005_mom-pri0.99_dp-pri0.2_seed7/bounds/rayleigh-zf-tx1.0-noise0.1_chan-layer2_mcsamples500_norm-frob_seed7_bounds.json
fcn-4,mnist,10,channel_gradient,0.01,1.0,bec,0.1,,,,frob,0.02859999999999996,0.02629999999999999,-0.0022999999999999687,True,results/posterior/fcn-4_mnist_learnt_gaussian_sig0.03_bounded-pmin1e-05_epoch10_bs250_lr0.001_mon0.95_dp0.2_objective-channel_gradient-chan0.01-bec-outage0.1-kl1.0_perc-pri0.5_epoch-pri20_bs-pri250_lr-pri0.005_mom-pri0.99_dp-pri0.2_seed7/bounds/bec-outage0.1_chan-layer2_mcsamples500_norm-frob_seed7_bounds.json
cnn-4,mnist,30,channel_norm,0.01,0.01,rayleigh_zf,,1.0,0.1,10.0,frob,0.10109999999999997,0.08220000000000005,-0.018899999999999917,True,results/posterior/cnn-4_mnist_learnt_gaussian_sig0.03_bounded-pmin1e-05_epoch30_bs250_lr0.001_mon0.95_dp0.2_objective-channel_norm-chan0.01-rayleigh-zf-tx1.0-noise0.1-kl0.01_perc-pri0.5_epoch-pri70_bs-pri250_lr-pri0.005_mom-pri0.99_dp-pri0.2_seed7/bounds/rayleigh-zf-tx1.0-noise0.1_chan-layer2_mcsamples500_norm-frob_seed7_bounds.json
cnn-4,mnist,50,channel_norm,0.01,1.0,bec,0.5,,,,frob,0.029100000000000015,0.018299999999999983,-0.010800000000000032,True,results/posterior/cnn-4_mnist_learnt_gaussian_sig0.03_bounded-pmin1e-05_epoch50_bs250_lr0.001_mon0.95_dp0.2_objective-channel_norm-chan0.01-bec-outage0.5-kl1.0_perc-pri0.5_epoch-pri70_bs-pri250_lr-pri0.005_mom-pri0.99_dp-pri0.2_seed7/bounds/bec-outage0.5_chan-layer2_mcsamples500_norm-frob_seed7_bounds.json
cnn-4,mnist,10,channel_gradient,0.1,1.0,rayleigh_zf,,1.0,0.1,10.0,frob,0.06730000000000003,0.06920000000000004,0.0019000000000000128,True,results/posterior/cnn-4_mnist_learnt_gaussian_sig0.03_bounded-pmin1e-05_epoch10_bs250_lr0.001_mon0.95_dp0.2_objective-channel_gradient-chan0.1-rayleigh-zf-tx1.0-noise0.1-kl1.0_perc-pri0.5_epoch-pri70_bs-pri250_lr-pri0.005_mom-pri0.99_dp-pri0.2_seed7/bounds/rayleigh-zf-tx1.0-noise0.1_chan-layer2_mcsamples500_norm-frob_seed7_bounds.json
cnn-9,cifar10,50,channel_gradient,0.1,1.0,bec,0.5,,,,frob,0.33609999999999995,0.3238,-0.012299999999999978,True,results/posterior/cnn-9_cifar10_learnt_gaussian_sig0.03_bounded-pmin1e-05_epoch50_bs250_lr0.001_mon0.95_dp0.2_objective-channel_gradient-chan0.1-bec-outage0.5-kl1.0_perc-pri0.5_epoch-pri70_bs-pri250_lr-pri0.005_mom-pri0.99_dp-pri0.2_seed7/bounds/bec-outage0.5_chan-layer4_mcsamples500_norm-frob_seed7_bounds.json
fcn-4,mnist,20,channel_norm,1.0,0.1,bec,0.5,,,,frob,0.8912,0.03320000000000001,-0.858,True,results/posterior/fcn-4_mnist_learnt_gaussian_sig0.03_bounded-pmin1e-05_epoch20_bs250_lr0.001_mon0.95_dp0.2_objective-channel_norm-chan1.0-bec-outage0.5-kl0.1_perc-pri0.5_epoch-pri20_bs-pri250_lr-pri0.005_mom-pri0.99_dp-pri0.2_seed7/bounds/bec-outage0.5_chan-layer2_mcsamples500_norm-frob_seed7_bounds.json
fcn-4,mnist,20,channel_norm,0.1,1.0,rayleigh_zf,,1.0,1.0,0.0,frob,0.09850000000000003,0.10629999999999995,0.007799999999999918,True,results/posterior/fcn-4_mnist_learnt_gaussian_sig0.03_bounded-pmin1e-05_epoch20_bs250_lr0.001_mon0.95_dp0.2_objective-channel_norm-chan0.1-rayleigh-zf-tx1.0-noise1.0-kl1.0_perc-pri0.5_epoch-pri20_bs-pri250_lr-pri0.005_mom-pri0.99_dp-pri0.2_seed7/bounds/rayleigh-zf-tx1.0-noise1.0_chan-layer2_mcsamples500_norm-frob_seed7_bounds.json
fcn-4,mnist,50,channel_gradient,1.0,0.01,rayleigh_zf,,1.0,1.0,0.0,frob,0.10540000000000005,0.11240000000000006,0.007000000000000006,True,results/posterior/fcn-4_mnist_learnt_gaussian_sig0.03_bounded-pmin1e-05_epoch50_bs250_lr0.001_mon0.95_dp0.2_objective-channel_gradient-chan1.0-rayleigh-zf-tx1.0-noise1.0-kl0.01_perc-pri0.5_epoch-pri20_bs-pri250_lr-pri0.005_mom-pri0.99_dp-pri0.2_seed7/bounds/rayleigh-zf-tx1.0-noise1.0_chan-layer2_mcsamples500_norm-frob_seed7_bounds.json
cnn-9,cifar10,10,channel_gradient,0.01,1.0,bec,0.1,,,,frob,0.29700000000000004,0.2921,-0.0049000000000000155,True,results/posterior/cnn-9_cifar10_learnt_gaussian_sig0.03_bounded-pmin1e-05_epoch10_bs250_lr0.001_mon0.95_dp0.2_objective-channel_gradient-chan0.01-bec-outage0.1-kl1.0_perc-pri0.5_epoch-pri70_bs-pri250_lr-pri0.005_mom-pri0.99_dp-pri0.2_seed7/bounds/bec-outage0.1_chan-layer4_mcsamples500_norm-frob_seed7_bounds.json
cnn-9,cifar10,20,channel_norm,0.1,0.1,rayleigh_zf,,1.0,0.1,10.0,frob,0.9,0.3813,-0.5187,False,results/posterior/cnn-9_cifar10_learnt_gaussian_sig0.03_bounded-pmin1e-05_epoch20_bs250_lr0.001_mon0.95_dp0.2_objective-channel_norm-chan0.1-rayleigh-zf-tx1.0-noise0.1-kl0.1_perc-pri0.5_epoch-pri70_bs-pri250_lr-pri0.005_mom-pri0.99_dp-pri0.2_seed7/bounds/rayleigh-zf-tx1.0-noise0.1_chan-layer4_mcsamples500_norm-frob_seed7_bounds.json
cnn-9,cifar10,10,channel_gradient,0.1,1.0,bec,0.1,,,,frob,0.2925,0.2921,-0.00039999999999995595,True,results/posterior/cnn-9_cifar10_learnt_gaussian_sig0.03_bounded-pmin1e-05_epoch10_bs250_lr0.001_mon0.95_dp0.2_objective-channel_gradient-chan0.1-bec-outage0.1-kl1.0_perc-pri0.5_epoch-pri70_bs-pri250_lr-pri0.005_mom-pri0.99_dp-pri0.2_seed7/bounds/bec-outage0.1_chan-layer4_mcsamples500_norm-frob_seed7_bounds.json
cnn-9,cifar10,10,channel_norm,0.01,0.1,bec,0.1,,,,frob,0.9,0.2921,-0.6079,False,results/posterior/cnn-9_cifar10_learnt_gaussian_sig0.03_bounded-pmin1e-05_epoch10_bs250_lr0.001_mon0.95_dp0.2_objective-channel_norm-chan0.01-bec-outage0.1-kl0.1_perc-pri0.5_epoch-pri70_bs-pri250_lr-pri0.005_mom-pri0.99_dp-pri0.2_seed7/bounds/bec-outage0.1_chan-layer4_mcsamples500_norm-frob_seed7_bounds.json
cnn-4,mnist,10,channel_gradient,0.1,0.01,rayleigh_zf,,1.0,0.1,10.0,frob,0.07030000000000003,0.06920000000000004,-0.0010999999999999899,True,results/posterior/cnn-4_mnist_learnt_gaussian_sig0.03_bounded-pmin1e-05_epoch10_bs250_lr0.001_mon0.95_dp0.2_objective-channel_gradient-chan0.1-rayleigh-zf-tx1.0-noise0.1-kl0.01_perc-pri0.5_epoch-pri70_bs-pri250_lr-pri0.005_mom-pri0.99_dp-pri0.2_seed7/bounds/rayleigh-zf-tx1.0-noise0.1_chan-layer2_mcsamples500_norm-frob_seed7_bounds.json
fcn-4,mnist,10,channel_gradient,1.0,0.01,bec,0.5,,,,frob,0.03090000000000004,0.03380000000000005,0.0029000000000000137,True,results/posterior/fcn-4_mnist_learnt_gaussian_sig0.03_bounded-pmin1e-05_epoch10_bs250_lr0.001_mon0.95_dp0.2_objective-channel_gradient-chan1.0-bec-outage0.5-kl0.01_perc-pri0.5_epoch-pri20_bs-pri250_lr-pri0.005_mom-pri0.99_dp-pri0.2_seed7/bounds/bec-outage0.5_chan-layer2_mcsamples500_norm-frob_seed7_bounds.json
fcn-4,mnist,20,channel_norm,0.1,0.1,rayleigh_zf,,1.0,0.1,10.0,frob,0.04400000000000004,0.035800000000000054,-0.008199999999999985,True,results/posterior/fcn-4_mnist_learnt_gaussian_sig0.03_bounded-pmin1e-05_epoch20_bs250_lr0.001_mon0.95_dp0.2_objective-channel_norm-chan0.1-rayleigh-zf-tx1.0-noise0.1-kl0.1_perc-pri0.5_epoch-pri20_bs-pri250_lr-pri0.005_mom-pri0.99_dp-pri0.2_seed7/bounds/rayleigh-zf-tx1.0-noise0.1_chan-layer2_mcsamples500_norm-frob_seed7_bounds.json
cnn-9,cifar10,50,channel_gradient,1.0,0.1,rayleigh_zf,,1.0,1.0,0.0,frob,0.5679000000000001,0.6052,0.03729999999999989,True,results/posterior/cnn-9_cifar10_learnt_gaussian_sig0.03_bounded-pmin1e-05_epoch50_bs250_lr0.001_mon0.95_dp0.2_objective-channel_gradient-chan1.0-rayleigh-zf-tx1.0-noise1.0-kl0.1_perc-pri0.5_epoch-pri70_bs-pri250_lr-pri0.005_mom-pri0.99_dp-pri0.2_seed7/bounds/rayleigh-zf-tx1.0-noise1.0_chan-layer4_mcsamples500_norm-frob_seed7_bounds.json
cnn-4,mnist,10,channel_norm,1.0,0.1,bec,0.1,,,,frob,0.902,0.013499999999999956,-0.8885000000000001,False,results/posterior/cnn-4_mnist_learnt_gaussian_sig0.03_bounded-pmin1e-05_epoch10_bs250_lr0.001_mon0.95_dp0.2_objective-channel_norm-chan1.0-bec-outage0.1-kl0.1_perc-pri0.5_epoch-pri70_bs-pri250_lr-pri0.005_mom-pri0.99_dp-pri0.2_seed7/bounds/bec-outage0.1_chan-layer2_mcsamples500_norm-frob_seed7_bounds.json
fcn-4,mnist,30,channel_norm,0.01,1.0,bec,0.5,,,,frob,0.04149999999999998,,,True,results/posterior/fcn-4_mnist_learnt_gaussian_sig0.03_bounded-pmin1e-05_epoch30_bs250_lr0.001_mon0.95_dp0.2_objective-channel_norm-chan0.01-bec-outage0.5-kl1.0_perc-pri0.5_epoch-pri20_bs-pri250_lr-pri0.005_mom-pri0.99_dp-pri0.2_seed7/bounds/bec-outage0.5_chan-layer2_mcsamples500_norm-frob_seed7_bounds.json
cnn-9,cifar10,20,channel_norm,0.1,1.0,bec,0.5,,,,frob,0.9,0.33620000000000005,-0.5638,False,results/posterior/cnn-9_cifar10_learnt_gaussian_sig0.03_bounded-pmin1e-05_epoch20_bs250_lr0.001_mon0.95_dp0.2_objective-channel_norm-chan0.1-bec-outage0.5-kl1.0_perc-pri0.5_epoch-pri70_bs-pri250_lr-pri0.005_mom-pri0.99_dp-pri0.2_seed7/bounds/bec-outage0.5_chan-layer4_mcsamples500_norm-frob_seed7_bounds.json
cnn-9,cifar10,30,channel_gradient,0.01,1.0,rayleigh_zf,,1.0,1.0,0.0,frob,0.4999,,,True,results/posterior/cnn-9_cifar10_learnt_gaussian_sig0.03_bounded-pmin1e-05_epoch30_bs250_lr0.001_mon0.95_dp0.2_objective-channel_gradient-chan0.01-rayleigh-zf-tx1.0-noise1.0-kl1.0_perc-pri0.5_epoch-pri70_bs-pri250_lr-pri0.005_mom-pri0.99_dp-pri0.2_seed7/bounds/rayleigh-zf-tx1.0-noise1.0_chan-layer4_mcsamples500_norm-frob_seed7_bounds.json
cnn-4,mnist,10,channel_norm,1.0,0.1,rayleigh_zf,,1.0,0.1,10.0,frob,0.8951,0.06920000000000004,-0.8259,True,results/posterior/cnn-4_mnist_learnt_gaussian_sig0.03_bounded-pmin1e-05_epoch10_bs250_lr0.001_mon0.95_dp0.2_objective-channel_norm-chan1.0-rayleigh-zf-tx1.0-noise0.1-kl0.1_perc-pri0.5_epoch-pri70_bs-pri250_lr-pri0.005_mom-pri0.99_dp-pri0.2_seed7/bounds/rayleigh-zf-tx1.0-noise0.1_chan-layer2_mcsamples500_norm-frob_seed7_bounds.json
cnn-9,cifar10,30,channel_norm,1.0,0.1,rayleigh_zf,,1.0,1.0,0.0,frob,0.9,,,False,results/posterior/cnn-9_cifar10_learnt_gaussian_sig0.03_bounded-pmin1e-05_epoch30_bs250_lr0.001_mon0.95_dp0.2_objective-channel_norm-chan1.0-rayleigh-zf-tx1.0-noise1.0-kl0.1_perc-pri0.5_epoch-pri70_bs-pri250_lr-pri0.005_mom-pri0.99_dp-pri0.2_seed7/bounds/rayleigh-zf-tx1.0-noise1.0_chan-layer4_mcsamples500_norm-frob_seed7_bounds.json
fcn-4,mnist,20,channel_gradient,0.1,1.0,bec,0.1,,,,frob,0.029000000000000026,0.02629999999999999,-0.0027000000000000357,True,results/posterior/fcn-4_mnist_learnt_gaussian_sig0.03_bounded-pmin1e-05_epoch20_bs250_lr0.001_mon0.95_dp0.2_objective-channel_gradient-chan0.1-bec-outage0.1-kl1.0_perc-pri0.5_epoch-pri20_bs-pri250_lr-pri0.005_mom-pri0.99_dp-pri0.2_seed7/bounds/bec-outage0.1_chan-layer2_mcsamples500_norm-frob_seed7_bounds.json
cnn-4,mnist,50,channel_norm,0.01,1.0,rayleigh_zf,,1.0,0.1,10.0,frob,0.06479999999999997,0.08420000000000005,0.019400000000000084,True,results/posterior/cnn-4_mnist_learnt_gaussian_sig0.03_bounded-pmin1e-05_epoch50_bs250_lr0.001_mon0.95_dp0.2_objective-channel_norm-chan0.01-rayleigh-zf-tx1.0-noise0.1-kl1.0_perc-pri0.5_epoch-pri70_bs-pri250_lr-pri0.005_mom-pri0.99_dp-pri0.2_seed7/bounds/rayleigh-zf-tx1.0-noise0.1_chan-layer2_mcsamples500_norm-frob_seed7_bounds.json
fcn-4,mnist,10,channel_gradient,0.01,0.01,bec,0.1,,,,frob,0.027100000000000013,0.02629999999999999,-0.0008000000000000229,True,results/posterior/fcn-4_mnist_learnt_gaussian_sig0.03_bounded-pmin1e-05_epoch10_bs250_lr0.001_mon0.95_dp0.2_objective-channel_gradient-chan0.01-bec-outage0.1-kl0.01_perc-pri0.5_epoch-pri20_bs-pri250_lr-pri0.005_mom-pri0.99_dp-pri0.2_seed7/bounds/bec-outage0.1_chan-layer2_mcsamples500_norm-frob_seed7_bounds.json
cnn-4,mnist,30,channel_norm,1.0,0.1,bec,0.1,,,,frob,0.902,0.013299999999999979,-0.8887,False,results/posterior/cnn-4_mnist_learnt_gaussian_sig0.03_bounded-pmin1e-05_epoch30_bs250_lr0.001_mon0.95_dp0.2_objective-channel_norm-chan1.0-bec-outage0.1-kl0.1_perc-pri0.5_epoch-pri70_bs-pri250_lr-pri0.005_mom-pri0.99_dp-pri0.2_seed7/bounds/bec-outage0.1_chan-layer2_mcsamples500_norm-frob_seed7_bounds.json
fcn-4,mnist,50,channel_norm,0.01,1.0,bec,0.5,,,,frob,0.04149999999999998,0.03249999999999997,-0.009000000000000008,True,results/posterior/fcn-4_mnist_learnt_gaussian_sig0.03_bounded-pmin1e-05_epoch50_bs250_lr0.001_mon0.95_dp0.2_objective-channel_norm-chan0.01-bec-outage0.5-kl1.0_perc-pri0.5_epoch-pri20_bs-pri250_lr-pri0.005_mom-pri0.99_dp-pri0.2_seed7/bounds/bec-outage0.5_chan-layer2_mcsamples500_norm-frob_seed7_bounds.json
cnn-4,mnist,20,channel_norm,0.1,0.1,bec,0.5,,,,frob,0.8778,0.017900000000000027,-0.8599,True,results/posterior/cnn-4_mnist_learnt_gaussian_sig0.03_bounded-pmin1e-05_epoch20_bs250_lr0.001_mon0.95_dp0.2_objective-channel_norm-chan0.1-bec-outage0.5-kl0.1_perc-pri0.5_epoch-pri70_bs-pri250_lr-pri0.005_mom-pri0.99_dp-pri0.2_seed7/bounds/bec-outage0.5_chan-layer2_mcsamples500_norm-frob_seed7_bounds.json
cnn-4,mnist,20,channel_norm,0.01,0.1,bec,0.1,,,,frob,0.8705,0.01319999999999999,-0.8573000000000001,True,results/posterior/cnn-4_mnist_learnt_gaussian_sig0.03_bounded-pmin1e-05_epoch20_bs250_lr0.001_mon0.95_dp0.2_objective-channel_norm-chan0.01-bec-outage0.1-kl0.1_perc-pri0.5_epoch-pri70_bs-pri250_lr-pri0.005_mom-pri0.99_dp-pri0.2_seed7/bounds/bec-outage0.1_chan-layer2_mcsamples500_norm-frob_seed7_bounds.json
cnn-4,mnist,10,channel_norm,0.1,0.01,bec,0.1,,,,frob,0.8855999999999999,0.013499999999999956,-0.8721,True,results/posterior/cnn-4_mnist_learnt_gaussian_sig0.03_bounded-pmin1e-05_epoch10_bs250_lr0.001_mon0.95_dp0.2_objective-channel_norm-chan0.1-bec-outage0.1-kl0.01_perc-pri0.5_epoch-pri70_bs-pri250_lr-pri0.005_mom-pri0.99_dp-pri0.2_seed7/bounds/bec-outage0.1_chan-layer2_mcsamples500_norm-frob_seed7_bounds.json
cnn-4,mnist,50,channel_norm,1.0,0.01,bec,0.1,,,,frob,0.902,0.012900000000000023,-0.8891,False,results/posterior/cnn-4_mnist_learnt_gaussian_sig0.03_bounded-pmin1e-05_epoch50_bs250_lr0.001_mon0.95_dp0.2_objective-channel_norm-chan1.0-bec-outage0.1-kl0.01_perc-pri0.5_epoch-pri70_bs-pri250_lr-pri0.005_mom-pri0.99_dp-pri0.2_seed7/bounds/bec-outage0.1_chan-layer2_mcsamples500_norm-frob_seed7_bounds.json
fcn-4,mnist,30,channel_gradient,0.01,0.1,bec,0.1,,,,frob,0.028100000000000014,,,True,results/posterior/fcn-4_mnist_learnt_gaussian_sig0.03_bounded-pmin1e-05_epoch30_bs250_lr0.001_mon0.95_dp0.2_objective-channel_gradient-chan0.01-bec-outage0.1-kl0.1_perc-pri0.5_epoch-pri20_bs-pri250_lr-pri0.005_mom-pri0.99_dp-pri0.2_seed7/bounds/bec-outage0.1_chan-layer2_mcsamples500_norm-frob_seed7_bounds.json
cnn-4,mnist,20,channel_gradient,0.1,0.01,rayleigh_zf,,1.0,0.1,10.0,frob,0.07210000000000005,0.07320000000000004,0.0010999999999999899,True,results/posterior/cnn-4_mnist_learnt_gaussian_sig0.03_bounded-pmin1e-05_epoch20_bs250_lr0.001_mon0.95_dp0.2_objective-channel_gradient-chan0.1-rayleigh-zf-tx1.0-noise0.1-kl0.01_perc-pri0.5_epoch-pri70_bs-pri250_lr-pri0.005_mom-pri0.99_dp-pri0.2_seed7/bounds/rayleigh-zf-tx1.0-noise0.1_chan-layer2_mcsamples500_norm-frob_seed7_bounds.json
fcn-4,mnist,50,channel_gradient,0.1,1.0,rayleigh_zf,,1.0,0.1,10.0,frob,0.041100000000000025,0.035599999999999965,-0.00550000000000006,True,results/posterior/fcn-4_mnist_learnt_gaussian_sig0.03_bounded-pmin1e-05_epoch50_bs250_lr0.001_mon0.95_dp0.2_objective-channel_gradient-chan0.1-rayleigh-zf-tx1.0-noise0.1-kl1.0_perc-pri0.5_epoch-pri20_bs-pri250_lr-pri0.005_mom-pri0.99_dp-pri0.2_seed7/bounds/rayleigh-zf-tx1.0-noise0.1_chan-layer2_mcsamples500_norm-frob_seed7_bounds.json
cnn-4,mnist,50,channel_gradient,0.1,0.01,rayleigh_zf,,1.0,0.1,10.0,frob,0.0726,0.08420000000000005,0.011600000000000055,True,results/posterior/cnn-4_mnist_learnt_gaussian_sig0.03_bounded-pmin1e-05_epoch50_bs250_lr0.001_mon0.95_dp0.2_objective-channel_gradient-chan0.1-rayleigh-zf-tx1.0-noise0.1-kl0.01_perc-pri0.5_epoch-pri70_bs-pri250_lr-pri0.005_mom-pri0.99_dp-pri0.2_seed7/bounds/rayleigh-zf-tx1.0-noise0.1_chan-layer2_mcsamples500_norm-frob_seed7_bounds.json
cnn-4,mnist,20,channel_norm,0.01,1.0,rayleigh_zf,,1.0,1.0,0.0,frob,0.25460000000000005,0.28959999999999997,0.03499999999999992,True,results/posterior/cnn-4_mnist_learnt_gaussian_sig0.03_bounded-pmin1e-05_epoch20_bs250_lr0.001_mon0.95_dp0.2_objective-channel_norm-chan0.01-rayleigh-zf-tx1.0-noise1.0-kl1.0_perc-pri0.5_epoch-pri70_bs-pri250_lr-pri0.005_mom-pri0.99_dp-pri0.2_seed7/bounds/rayleigh-zf-tx1.0-noise1.0_chan-layer2_mcsamples500_norm-frob_seed7_bounds.json
cnn-9,cifar10,30,channel_gradient,0.1,0.1,bec,0.5,,,,frob,0.3527,,,True,results/posterior/cnn-9_cifar10_learnt_gaussian_sig0.03_bounded-pmin1e-05_epoch30_bs250_lr0.001_mon0.95_dp0.2_objective-channel_gradient-chan0.1-bec-outage0.5-kl0.1_perc-pri0.5_epoch-pri70_bs-pri250_lr-pri0.005_mom-pri0.99_dp-pri0.2_seed7/bounds/bec-outage0.5_chan-layer4_mcsamples500_norm-frob_seed7_bounds.json
fcn-4,mnist,30,channel_gradient,0.1,1.0,rayleigh_zf,,1.0,1.0,0.0,frob,0.10609999999999997,,,True,results/posterior/fcn-4_mnist_learnt_gaussian_sig0.03_bounded-pmin1e-05_epoch30_bs250_lr0.001_mon0.95_dp0.2_objective-channel_gradient-chan0.1-rayleigh-zf-tx1.0-noise1.0-kl1.0_perc-pri0.5_epoch-pri20_bs-pri250_lr-pri0.005_mom-pri0.99_dp-pri0.2_seed7/bounds/rayleigh-zf-tx1.0-noise1.0_chan-layer2_mcsamples500_norm-frob_seed7_bounds.json
cnn-4,mnist,50,channel_gradient,0.01,1.0,bec,0.1,,,,frob,0.014599999999999946,0.012900000000000023,-0.0016999999999999238,True,results/posterior/cnn-4_mnist_learnt_gaussian_sig0.03_bounded-pmin1e-05_epoch50_bs250_lr0.001_mon0.95_dp0.2_objective-channel_gradient-chan0.01-bec-outage0.1-kl1.0_perc-pri0.5_epoch-pri70_bs-pri250_lr-pri0.005_mom-pri0.99_dp-pri0.2_seed7/bounds/bec-outage0.1_chan-layer2_mcsamples500_norm-frob_seed7_bounds.json
cnn-9,cifar10,10,channel_gradient,0.1,0.01,bec,0.1,,,,frob,0.281,0.2921,0.011099999999999999,True,results/posterior/cnn-9_cifar10_learnt_gaussian_sig0.03_bounded-pmin1e-05_epoch10_bs250_lr0.001_mon0.95_dp0.2_objective-channel_gradient-chan0.1-bec-outage0.1-kl0.01_perc-pri0.5_epoch-pri70_bs-pri250_lr-pri0.005_mom-pri0.99_dp-pri0.2_seed7/bounds/bec-outage0.1_chan-layer4_mcsamples500_norm-frob_seed7_bounds.json
cnn-4,mnist,20,channel_gradient,0.01,1.0,bec,0.5,,,,frob,0.019299999999999984,0.017900000000000027,-0.0013999999999999568,True,results/posterior/cnn-4_mnist_learnt_gaussian_sig0.03_bounded-pmin1e-05_epoch20_bs250_lr0.001_mon0.95_dp0.2_objective-channel_gradient-chan0.01-bec-outage0.5-kl1.0_perc-pri0.5_epoch-pri70_bs-pri250_lr-pri0.005_mom-pri0.99_dp-pri0.2_seed7/bounds/bec-outage0.5_chan-layer2_mcsamples500_norm-frob_seed7_bounds.json
cnn-9,cifar10,20,channel_gradient,0.1,1.0,rayleigh_zf,,1.0,1.0,0.0,frob,0.496,0.5969,0.10089999999999999,True,results/posterior/cnn-9_cifar10_learnt_gaussian_sig0.03_bounded-pmin1e-05_epoch20_bs250_lr0.001_mon0.95_dp0.2_objective-channel_gradient-chan0.1-rayleigh-zf-tx1.0-noise1.0-kl1.0_perc-pri0.5_epoch-pri70_bs-pri250_lr-pri0.005_mom-pri0.99_dp-pri0.2_seed7/bounds/rayleigh-zf-tx1.0-noise1.0_chan-layer4_mcsamples500_norm-frob_seed7_bounds.json
cnn-4,mnist,10,channel_gradient,0.01,0.1,rayleigh_zf,,1.0,1.0,0.0,frob,0.26949999999999996,0.2764,0.006900000000000017,False,results/posterior/cnn-4_mnist_learnt_gaussian_sig0.03_bounded-pmin1e-05_epoch10_bs250_lr0.001_mon0.95_dp0.2_objective-channel_gradient-chan0.01-rayleigh-zf-tx1.0-noise1.0-kl0.1_perc-pri0.5_epoch-pri70_bs-pri250_lr-pri0.005_mom-pri0.99_dp-pri0.2_seed7/bounds/rayleigh-zf-tx1.0-noise1.0_chan-layer2_mcsamples500_norm-frob_seed7_bounds.json
cnn-9,cifar10,10,channel_gradient,0.1,0.1,bec,0.1,,,,frob,0.29490000000000005,0.2921,-0.0028000000000000247,True,results/posterior/cnn-9_cifar10_learnt_gaussian_sig0.03_bounded-pmin1e-05_epoch10_bs250_lr0.001_mon0.95_dp0.2_objective-channel_gradient-chan0.1-bec-outage0.1-kl0.1_perc-pri0.5_epoch-pri70_bs-pri250_lr-pri0.005_mom-pri0.99_dp-pri0.2_seed7/bounds/bec-outage0.1_chan-layer4_mcsamples500_norm-frob_seed7_bounds.json
cnn-9,cifar10,50,channel_gradient,0.1,0.1,bec,0.1,,,,frob,0.28990000000000005,0.26680000000000004,-0.02310000000000001,True,results/posterior/cnn-9_cifar10_learnt_gaussian_sig0.03_bounded-pmin1e-05_epoch50_bs250_lr0.001_mon0.95_dp0.2_objective-channel_gradient-chan0.1-bec-outage0.1-kl0.1_perc-pri0.5_epoch-pri70_bs-pri250_lr-pri0.005_mom-pri0.99_dp-pri0.2_seed7/bounds/bec-outage0.1_chan-layer4_mcsamples500_norm-frob_seed7_bounds.json
cnn-4,mnist,30,channel_gradient,0.01,0.01,bec,0.5,,,,frob,0.01770000000000005,0.019499999999999962,0.0017999999999999128,True,results/posterior/cnn-4_mnist_learnt_gaussian_sig0.03_bounded-pmin1e-05_epoch30_bs250_lr0.001_mon0.95_dp0.2_objective-channel_gradient-chan0.01-bec-outage0.5-kl0.01_perc-pri0.5_epoch-pri70_bs-pri250_lr-pri0.005_mom-pri0.99_dp-pri0.2_seed7/bounds/bec-outage0.5_chan-layer2_mcsamples500_norm-frob_seed7_bounds.json
cnn-9,cifar10,20,channel_norm,0.1,0.01,bec,0.1,,,,frob,0.9,0.28290000000000004,-0.6171,False,results/posterior/cnn-9_cifar10_learnt_gaussian_sig0.03_bounded-pmin1e-05_epoch20_bs250_lr0.001_mon0.95_dp0.2_objective-channel_norm-chan0.1-bec-outage0.1-kl0.01_perc-pri0.5_epoch-pri70_bs-pri250_lr-pri0.005_mom-pri0.99_dp-pri0.2_seed7/bounds/bec-outage0.1_chan-layer4_mcsamples500_norm-frob_seed7_bounds.json
fcn-4,mnist,30,channel_norm,1.0,1.0,rayleigh_zf,,1.0,1.0,0.0,frob,0.13470000000000004,,,True,results/posterior/fcn-4_mnist_learnt_gaussian_sig0.03_bounded-pmin1e-05_epoch30_bs250_lr0.001_mon0.95_dp0.2_objective-channel_norm-chan1.0-rayleigh-zf-tx1.0-noise1.0-kl1.0_perc-pri0.5_epoch-pri20_bs-pri250_lr-pri0.005_mom-pri0.99_dp-pri0.2_seed7/bounds/rayleigh-zf-tx1.0-noise1.0_chan-layer2_mcsamples500_norm-frob_seed7_bounds.json
fcn-4,mnist,50,channel_norm,1.0,1.0,rayleigh_zf,,1.0,0.1,10.0,frob,0.04469999999999996,0.035599999999999965,-0.009099999999999997,True,results/posterior/fcn-4_mnist_learnt_gaussian_sig0.03_bounded-pmin1e-05_epoch50_bs250_lr0.001_mon0.95_dp0.2_objective-channel_norm-chan1.0-rayleigh-zf-tx1.0-noise0.1-kl1.0_perc-pri0.5_epoch-pri20_bs-pri250_lr-pri0.005_mom-pri0.99_dp-pri0.2_seed7/bounds/rayleigh-zf-tx1.0-noise0.1_chan-layer2_mcsamples500_norm-frob_seed7_bounds.json
cnn-9,cifar10,50,channel_norm,0.01,1.0,bec,0.5,,,,frob,0.9,0.3238,-0.5762,False,results/posterior/cnn-9_cifar10_learnt_gaussian_sig0.03_bounded-pmin1e-05_epoch50_bs250_lr0.001_mon0.95_dp0.2_objective-channel_norm-chan0.01-bec-outage0.5-kl1.0_perc-pri0.5_epoch-pri70_bs-pri250_lr-pri0.005_mom-pri0.99_dp-pri0.2_seed7/bounds/bec-outage0.5_chan-layer4_mcsamples500_norm-frob_seed7_bounds.json
cnn-4,mnist,20,channel_norm,1.0,1.0,bec,0.1,,,,frob,0.902,0.01319999999999999,-0.8888,False,results/posterior/cnn-4_mnist_learnt_gaussian_sig0.03_bounded-pmin1e-05_epoch20_bs250_lr0.001_mon0.95_dp0.2_objective-channel_norm-chan1.0-bec-outage0.1-kl1.0_perc-pri0.5_epoch-pri70_bs-pri250_lr-pri0.005_mom-pri0.99_dp-pri0.2_seed7/bounds/bec-outage0.1_chan-layer2_mcsamples500_norm-frob_seed7_bounds.json
fcn-4,mnist,10,channel_gradient,1.0,0.1,bec,0.5,,,,frob,0.0383,0.03380000000000005,-0.0044999999999999485,True,results/posterior/fcn-4_mnist_learnt_gaussian_sig0.03_bounded-pmin1e-05_epoch10_bs250_lr0.001_mon0.95_dp0.2_objective-channel_gradient-chan1.0-bec-outage0.5-kl0.1_perc-pri0.5_epoch-pri20_bs-pri250_lr-pri0.005_mom-pri0.99_dp-pri0.2_seed7/bounds/bec-outage0.5_chan-layer2_mcsamples500_norm-frob_seed7_bounds.json
cnn-9,cifar10,20,channel_gradient,0.01,1.0,bec,0.5,,,,frob,0.3286,0.33620000000000005,0.007600000000000051,True,results/posterior/cnn-9_cifar10_learnt_gaussian_sig0.03_bounded-pmin1e-05_epoch20_bs250_lr0.001_mon0.95_dp0.2_objective-channel_gradient-chan0.01-bec-outage0.5-kl1.0_perc-pri0.5_epoch-pri70_bs-pri250_lr-pri0.005_mom-pri0.99_dp-pri0.2_seed7/bounds/bec-outage0.5_chan-layer4_mcsamples500_norm-frob_seed7_bounds.json
cnn-9,cifar10,30,channel_gradient,1.0,0.1,rayleigh_zf,,1.0,1.0,0.0,frob,0.5812999999999999,,,True,results/posterior/cnn-9_cifar10_learnt_gaussian_sig0.03_bounded-pmin1e-05_epoch30_bs250_lr0.001_mon0.95_dp0.2_objective-channel_gradient-chan1.0-rayleigh-zf-tx1.0-noise1.0-kl0.1_perc-pri0.5_epoch-pri70_bs-pri250_lr-pri0.005_mom-pri0.99_dp-pri0.2_seed7/bounds/rayleigh-zf-tx1.0-noise1.0_chan-layer4_mcsamples500_norm-frob_seed7_bounds.json
cnn-4,mnist,20,channel_gradient,0.01,0.1,bec,0.5,,,,frob,0.019000000000000017,0.017900000000000027,-0.0010999999999999899,True,results/posterior/cnn-4_mnist_learnt_gaussian_sig0.03_bounded-pmin1e-05_epoch20_bs250_lr0.001_mon0.95_dp0.2_objective-channel_gradient-chan0.01-bec-outage0.5-kl0.1_perc-pri0.5_epoch-pri70_bs-pri250_lr-pri0.005_mom-pri0.99_dp-pri0.2_seed7/bounds/bec-outage0.5_chan-layer2_mcsamples500_norm-frob_seed7_bounds.json
cnn-9,cifar10,10,channel_gradient,1.0,0.01,rayleigh_zf,,1.0,1.0,0.0,frob,0.6993,0.5798,-0.11950000000000005,True,results/posterior/cnn-9_cifar10_learnt_gaussian_sig0.03_bounded-pmin1e-05_epoch10_bs250_lr0.001_mon0.95_dp0.2_objective-channel_gradient-chan1.0-rayleigh-zf-tx1.0-noise1.0-kl0.01_perc-pri0.5_epoch-pri70_bs-pri250_lr-pri0.005_mom-pri0.99_dp-pri0.2_seed7/bounds/rayleigh-zf-tx1.0-noise1.0_chan-layer4_mcsamples500_norm-frob_seed7_bounds.json
cnn-4,mnist,20,channel_norm,0.1,1.0,bec,0.5,,,,frob,0.5579000000000001,0.017900000000000027,-0.54,True,results/posterior/cnn-4_mnist_learnt_gaussian_sig0.03_bounded-pmin1e-05_epoch20_bs250_lr0.001_mon0.95_dp0.2_objective-channel_norm-chan0.1-bec-outage0.5-kl1.0_perc-pri0.5_epoch-pri70_bs-pri250_lr-pri0.005_mom-pri0.99_dp-pri0.2_seed7/bounds/bec-outage0.5_chan-layer2_mcsamples500_norm-frob_seed7_bounds.json
cnn-4,mnist,30,channel_gradient,1.0,0.1,bec,0.1,,,,frob,0.014000000000000012,0.013299999999999979,-0.0007000000000000339,True,results/posterior/cnn-4_mnist_learnt_gaussian_sig0.03_bounded-pmin1e-05_epoch30_bs250_lr0.001_mon0.95_dp0.2_objective-channel_gradient-chan1.0-bec-outage0.1-kl0.1_perc-pri0.5_epoch-pri70_bs-pri250_lr-pri0.005_mom-pri0.99_dp-pri0.2_seed7/bounds/bec-outage0.1_chan-layer2_mcsamples500_norm-frob_seed7_bounds.json
cnn-4,mnist,30,channel_gradient,0.01,0.01,rayleigh_zf,,1.0,0.1,10.0,frob,0.0686,0.08220000000000005,0.013600000000000056,True,results/posterior/cnn-4_mnist_learnt_gaussian_sig0.03_bounded-pmin1e-05_epoch30_bs250_lr0.001_mon0.95_dp0.2_objective-channel_gradient-chan0.01-rayleigh-zf-tx1.0-noise0.1-kl0.01_perc-pri0.5_epoch-pri70_bs-pri250_lr-pri0.005_mom-pri0.99_dp-pri0.2_seed7/bounds/rayleigh-zf-tx1.0-noise0.1_chan-layer2_mcsamples500_norm-frob_seed7_bounds.json
cnn-4,mnist,30,channel_gradient,0.01,1.0,rayleigh_zf,,1.0,1.0,0.0,frob,0.2621,0.3106,0.04849999999999999,False,results/posterior/cnn-4_mnist_learnt_gaussian_sig0.03_bounded-pmin1e-05_epoch30_bs250_lr0.001_mon0.95_dp0.2_objective-channel_gradient-chan0.01-rayleigh-zf-tx1.0-noise1.0-kl1.0_perc-pri0.5_epoch-pri70_bs-pri250_lr-pri0.005_mom-pri0.99_dp-pri0.2_seed7/bounds/rayleigh-zf-tx1.0-noise1.0_chan-layer2_mcsamples500_norm-frob_seed7_bounds.json
fcn-4,mnist,50,channel_gradient,0.01,1.0,bec,0.1,,,,frob,0.029000000000000026,0.024599999999999955,-0.0044000000000000705,True,results/posterior/fcn-4_mnist_learnt_gaussian_sig0.03_bounded-pmin1e-05_epoch50_bs250_lr0.001_mon0.95_dp0.2_objective-channel_gradient-chan0.01-bec-outage0.1-kl1.0_perc-pri0.5_epoch-pri20_bs-pri250_lr-pri0.005_mom-pri0.99_dp-pri0.2_seed7/bounds/bec-outage0.1_chan-layer2_mcsamples500_norm-frob_seed7_bounds.json
cnn-4,mnist,10,channel_gradient,0.01,0.01,rayleigh_zf,,1.0,0.1,10.0,frob,0.06999999999999995,0.06920000000000004,-0.0007999999999999119,True,results/posterior/cnn-4_mnist_learnt_gaussian_sig0.03_bounded-pmin1e-05_epoch10_bs250_lr0.001_mon0.95_dp0.2_objective-channel_gradient-chan0.01-rayleigh-zf-tx1.0-noise0.1-kl0.01_perc-pri0.5_epoch-pri70_bs-pri250_lr-pri0.005_mom-pri0.99_dp-pri0.2_seed7/bounds/rayleigh-zf-tx1.0-noise0.1_chan-layer2_mcsamples500_norm-frob_seed7_bounds.json
cnn-4,mnist,10,channel_gradient,0.01,0.1,bec,0.1,,,,frob,0.014700000000000046,0.013499999999999956,-0.0012000000000000899,True,results/posterior/cnn-4_mnist_learnt_gaussian_sig0.03_bounded-pmin1e-05_epoch10_bs250_lr0.001_mon0.95_dp0.2_objective-channel_gradient-chan0.01-bec-outage0.1-kl0.1_perc-pri0.5_epoch-pri70_bs-pri250_lr-pri0.005_mom-pri0.99_dp-pri0.2_seed7/bounds/bec-outage0.1_chan-layer2_mcsamples500_norm-frob_seed7_bounds.json
fcn-4,mnist,30,channel_gradient,0.1,0.1,bec,0.1,,,,frob,0.02839999999999998,,,True,results/posterior/fcn-4_mnist_learnt_gaussian_sig0.03_bounded-pmin1e-05_epoch30_bs250_lr0.001_mon0.95_dp0.2_objective-channel_gradient-chan0.1-bec-outage0.1-kl0.1_perc-pri0.5_epoch-pri20_bs-pri250_lr-pri0.005_mom-pri0.99_dp-pri0.2_seed7/bounds/bec-outage0.1_chan-layer2_mcsamples500_norm-frob_seed7_bounds.json
cnn-9,cifar10,50,channel_norm,0.1,0.1,rayleigh_zf,,1.0,1.0,0.0,frob,0.9,0.6052,-0.29480000000000006,False,results/posterior/cnn-9_cifar10_learnt_gaussian_sig0.03_bounded-pmin1e-05_epoch50_bs250_lr0.001_mon0.95_dp0.2_objective-channel_norm-chan0.1-rayleigh-zf-tx1.0-noise1.0-kl0.1_perc-pri0.5_epoch-pri70_bs-pri250_lr-pri0.005_mom-pri0.99_dp-pri0.2_seed7/bounds/rayleigh-zf-tx1.0-noise1.0_chan-layer4_mcsamples500_norm-frob_seed7_bounds.json
cnn-4,mnist,30,channel_gradient,0.1,0.01,rayleigh_zf,,1.0,0.1,10.0,frob,0.07050000000000001,0.08220000000000005,0.011700000000000044,True,results/posterior/cnn-4_mnist_learnt_gaussian_sig0.03_bounded-pmin1e-05_epoch30_bs250_lr0.001_mon0.95_dp0.2_objective-channel_gradient-chan0.1-rayleigh-zf-tx1.0-noise0.1-kl0.01_perc-pri0.5_epoch-pri70_bs-pri250_lr-pri0.005_mom-pri0.99_dp-pri0.2_seed7/bounds/rayleigh-zf-tx1.0-noise0.1_chan-layer2_mcsamples500_norm-frob_seed7_bounds.json
cnn-9,cifar10,10,channel_gradient,0.01,0.01,rayleigh_zf,,1.0,1.0,0.0,frob,0.5389999999999999,0.5798,0.04080000000000006,True,results/posterior/cnn-9_cifar10_learnt_gaussian_sig0.03_bounded-pmin1e-05_epoch10_bs250_lr0.001_mon0.95_dp0.2_objective-channel_gradient-chan0.01-rayleigh-zf-tx1.0-noise1.0-kl0.01_perc-pri0.5_epoch-pri70_bs-pri250_lr-pri0.005_mom-pri0.99_dp-pri0.2_seed7/bounds/rayleigh-zf-tx1.0-noise1.0_chan-layer4_mcsamples500_norm-frob_seed7_bounds.json
cnn-4,mnist,20,channel_norm,1.0,1.0,rayleigh_zf,,1.0,1.0,0.0,frob,0.8045,0.28959999999999997,-0.5149,True,results/posterior/cnn-4_mnist_learnt_gaussian_sig0.03_bounded-pmin1e-05_epoch20_bs250_lr0.001_mon0.95_dp0.2_objective-channel_norm-chan1.0-rayleigh-zf-tx1.0-noise1.0-kl1.0_perc-pri0.5_epoch-pri70_bs-pri250_lr-pri0.005_mom-pri0.99_dp-pri0.2_seed7/bounds/rayleigh-zf-tx1.0-noise1.0_chan-layer2_mcsamples500_norm-frob_seed7_bounds.json
fcn-4,mnist,10,channel_gradient,0.01,0.1,rayleigh_zf,,1.0,1.0,0.0,frob,0.10319999999999996,0.10240000000000005,-0.0007999999999999119,True,results/posterior/fcn-4_mnist_learnt_gaussian_sig0.03_bounded-pmin1e-05_epoch10_bs250_lr0.001_mon0.95_dp0.2_objective-channel_gradient-chan0.01-rayleigh-zf-tx1.0-noise1.0-kl0.1_perc-pri0.5_epoch-pri20_bs-pri250_lr-pri0.005_mom-pri0.99_dp-pri0.2_seed7/bounds/rayleigh-zf-tx1.0-noise1.0_chan-layer2_mcsamples500_norm-frob_seed7_bounds.json
cnn-9,cifar10,20,channel_gradient,1.0,1.0,rayleigh_zf,,1.0,1.0,0.0,frob,0.5053000000000001,0.5969,0.0915999999999999,True,results/posterior/cnn-9_cifar10_learnt_gaussian_sig0.03_bounded-pmin1e-05_epoch20_bs250_lr0.001_mon0.95_dp0.2_objective-channel_gradient-chan1.0-rayleigh-zf-tx1.0-noise1.0-kl1.0_perc-pri0.5_epoch-pri70_bs-pri250_lr-pri0.005_mom-pri0.99_dp-pri0.2_seed7/bounds/rayleigh-zf-tx1.0-noise1.0_chan-layer4_mcsamples500_norm-frob_seed7_bounds.json
fcn-4,mnist,20,channel_norm,1.0,0.01,rayleigh_zf,,1.0,1.0,0.0,frob,0.8993,0.10629999999999995,-0.793,True,results/posterior/fcn-4_mnist_learnt_gaussian_sig0.03_bounded-pmin1e-05_epoch20_bs250_lr0.001_mon0.95_dp0.2_objective-channel_norm-chan1.0-rayleigh-zf-tx1.0-noise1.0-kl0.01_perc-pri0.5_epoch-pri20_bs-pri250_lr-pri0.005_mom-pri0.99_dp-pri0.2_seed7/bounds/rayleigh-zf-tx1.0-noise1.0_chan-layer2_mcsamples500_norm-frob_seed7_bounds.json
cnn-9,cifar10,30,channel_gradient,0.01,1.0,rayleigh_zf,,1.0,0.1,10.0,frob,0.3517,,,True,results/posterior/cnn-9_cifar10_learnt_gaussian_sig0.03_bounded-pmin1e-05_epoch30_bs250_lr0.001_mon0.95_dp0.2_objective-channel_gradient-chan0.01-rayleigh-zf-tx1.0-noise0.1-kl1.0_perc-pri0.5_epoch-pri70_bs-pri250_lr-pri0.005_mom-pri0.99_dp-pri0.2_seed7/bounds/rayleigh-zf-tx1.0-noise0.1_chan-layer4_mcsamples500_norm-frob_seed7_bounds.json
cnn-9,cifar10,30,channel_gradient,0.01,0.01,rayleigh_zf,,1.0,0.1,10.0,frob,0.36150000000000004,,,True,results/posterior/cnn-9_cifar10_learnt_gaussian_sig0.03_bounded-pmin1e-05_epoch30_bs250_lr0.001_mon0.95_dp0.2_objective-channel_gradient-chan0.01-rayleigh-zf-tx1.0-noise0.1-kl0.01_perc-pri0.5_epoch-pri70_bs-pri250_lr-pri0.005_mom-pri0.99_dp-pri0.2_seed7/bounds/rayleigh-zf-tx1.0-noise0.1_chan-layer4_mcsamples500_norm-frob_seed7_bounds.json
cnn-9,cifar10,20,channel_gradient,1.0,0.01,bec,0.5,,,,frob,0.646,0.33620000000000005,-0.30979999999999996,True,results/posterior/cnn-9_cifar10_learnt_gaussian_sig0.03_bounded-pmin1e-05_epoch20_bs250_lr0.001_mon0.95_dp0.2_objective-channel_gradient-chan1.0-bec-outage0.5-kl0.01_perc-pri0.5_epoch-pri70_bs-pri250_lr-pri0.005_mom-pri0.99_dp-pri0.2_seed7/bounds/bec-outage0.5_chan-layer4_mcsamples500_norm-frob_seed7_bounds.json
cnn-4,mnist,30,channel_gradient,0.01,1.0,bec,0.1,,,,frob,0.013499999999999956,0.013299999999999979,-0.00019999999999997797,True,results/posterior/cnn-4_mnist_learnt_gaussian_sig0.03_bounded-pmin1e-05_epoch30_bs250_lr0.001_mon0.95_dp0.2_objective-channel_gradient-chan0.01-bec-outage0.1-kl1.0_perc-pri0.5_epoch-pri70_bs-pri250_lr-pri0.005_mom-pri0.99_dp-pri0.2_seed7/bounds/bec-outage0.1_chan-layer2_mcsamples500_norm-frob_seed7_bounds.json
fcn-4,mnist,50,channel_norm,0.1,0.1,rayleigh_zf,,1.0,1.0,0.0,frob,0.134,0.11240000000000006,-0.021599999999999953,True,results/posterior/fcn-4_mnist_learnt_gaussian_sig0.03_bounded-pmin1e-05_epoch50_bs250_lr0.001_mon0.95_dp0.2_objective-channel_norm-chan0.1-rayleigh-zf-tx1.0-noise1.0-kl0.1_perc-pri0.5_epoch-pri20_bs-pri250_lr-pri0.005_mom-pri0.99_dp-pri0.2_seed7/bounds/rayleigh-zf-tx1.0-noise1.0_chan-layer2_mcsamples500_norm-frob_seed7_bounds.json
cnn-9,cifar10,50,channel_gradient,0.01,0.01,bec,0.5,,,,frob,0.3569,0.3238,-0.03310000000000002,True,results/posterior/cnn-9_cifar10_learnt_gaussian_sig0.03_bounded-pmin1e-05_epoch50_bs250_lr0.001_mon0.95_dp0.2_objective-channel_gradient-chan0.01-bec-outage0.5-kl0.01_perc-pri0.5_epoch-pri70_bs-pri250_lr-pri0.005_mom-pri0.99_dp-pri0.2_seed7/bounds/bec-outage0.5_chan-layer4_mcsamples500_norm-frob_seed7_bounds.json
cnn-9,cifar10,30,channel_norm,1.0,1.0,rayleigh_zf,,1.0,1.0,0.0,frob,0.9,,,False,results/posterior/cnn-9_cifar10_learnt_gaussian_sig0.03_bounded-pmin1e-05_epoch30_bs250_lr0.001_mon0.95_dp0.2_objective-channel_norm-chan1.0-rayleigh-zf-tx1.0-noise1.0-kl1.0_perc-pri0.5_epoch-pri70_bs-pri250_lr-pri0.005_mom-pri0.99_dp-pri0.2_seed7/bounds/rayleigh-zf-tx1.0-noise1.0_chan-layer4_mcsamples500_norm-frob_seed7_bounds.json
cnn-4,mnist,30,channel_norm,1.0,0.1,rayleigh_zf,,1.0,1.0,0.0,frob,0.8904,0.3106,-0.5798,True,results/posterior/cnn-4_mnist_learnt_gaussian_sig0.03_bounded-pmin1e-05_epoch30_bs250_lr0.001_mon0.95_dp0.2_objective-channel_norm-chan1.0-rayleigh-zf-tx1.0-noise1.0-kl0.1_perc-pri0.5_epoch-pri70_bs-pri250_lr-pri0.005_mom-pri0.99_dp-pri0.2_seed7/bounds/rayleigh-zf-tx1.0-noise1.0_chan-layer2_mcsamples500_norm-frob_seed7_bounds.json
cnn-4,mnist,30,channel_norm,1.0,1.0,rayleigh_zf,,1.0,1.0,0.0,frob,0.6984,0.3106,-0.38780000000000003,True,results/posterior/cnn-4_mnist_learnt_gaussian_sig0.03_bounded-pmin1e-05_epoch30_bs250_lr0.001_mon0.95_dp0.2_objective-channel_norm-chan1.0-rayleigh-zf-tx1.0-noise1.0-kl1.0_perc-pri0.5_epoch-pri70_bs-pri250_lr-pri0.005_mom-pri0.99_dp-pri0.2_seed7/bounds/rayleigh-zf-tx1.0-noise1.0_chan-layer2_mcsamples500_norm-frob_seed7_bounds.json
cnn-9,cifar10,10,channel_norm,1.0,0.01,rayleigh_zf,,1.0,0.1,10.0,frob,0.9,0.3752,-0.5248,False,results/posterior/cnn-9_cifar10_learnt_gaussian_sig0.03_bounded-pmin1e-05_epoch10_bs250_lr0.001_mon0.95_dp0.2_objective-channel_norm-chan1.0-rayleigh-zf-tx1.0-noise0.1-kl0.01_perc-pri0.5_epoch-pri70_bs-pri250_lr-pri0.005_mom-pri0.99_dp-pri0.2_seed7/bounds/rayleigh-zf-tx1.0-noise0.1_chan-layer4_mcsamples500_norm-frob_seed7_bounds.json
fcn-4,mnist,20,channel_gradient,0.01,0.01,rayleigh_zf,,1.0,0.1,10.0,frob,0.039000000000000035,0.035800000000000054,-0.0031999999999999806,True,results/posterior/fcn-4_mnist_learnt_gaussian_sig0.03_bounded-pmin1e-05_epoch20_bs250_lr0.001_mon0.95_dp0.2_objective-channel_gradient-chan0.01-rayleigh-zf-tx1.0-noise0.1-kl0.01_perc-pri0.5_epoch-pri20_bs-pri250_lr-pri0.005_mom-pri0.99_dp-pri0.2_seed7/bounds/rayleigh-zf-tx1.0-noise0.1_chan-layer2_mcsamples500_norm-frob_seed7_bounds.json
cnn-4,mnist,10,channel_norm,1.0,1.0,rayleigh_zf,,1.0,1.0,0.0,frob,0.8352999999999999,0.2764,-0.5589,True,results/posterior/cnn-4_mnist_learnt_gaussian_sig0.03_bounded-pmin1e-05_epoch10_bs250_lr0.001_mon0.95_dp0.2_objective-channel_norm-chan1.0-rayleigh-zf-tx1.0-noise1.0-kl1.0_perc-pri0.5_epoch-pri70_bs-pri250_lr-pri0.005_mom-pri0.99_dp-pri0.2_seed7/bounds/rayleigh-zf-tx1.0-noise1.0_chan-layer2_mcsamples500_norm-frob_seed7_bounds.json
cnn-4,mnist,30,channel_gradient,0.1,0.01,rayleigh_zf,,1.0,1.0,0.0,frob,0.28800000000000003,0.3106,0.022599999999999953,False,results/posterior/cnn-4_mnist_learnt_gaussian_sig0.03_bounded-pmin1e-05_epoch30_bs250_lr0.001_mon0.95_dp0.2_objective-channel_gradient-chan0.1-rayleigh-zf-tx1.0-noise1.0-kl0.01_perc-pri0.5_epoch-pri70_bs-pri250_lr-pri0.005_mom-pri0.99_dp-pri0.2_seed7/bounds/rayleigh-zf-tx1.0-noise1.0_chan-layer2_mcsamples500_norm-frob_seed7_bounds.json
cnn-9,cifar10,10,channel_norm,0.1,0.1,rayleigh_zf,,1.0,1.0,0.0,frob,0.9,0.5798,-0.32020000000000004,False,results/posterior/cnn-9_cifar10_learnt_gaussian_sig0.03_bounded-pmin1e-05_epoch10_bs250_lr0.001_mon0.95_dp0.2_objective-channel_norm-chan0.1-rayleigh-zf-tx1.0-noise1.0-kl0.1_perc-pri0.5_epoch-pri70_bs-pri250_lr-pri0.005_mom-pri0.99_dp-pri0.2_seed7/bounds/rayleigh-zf-tx1.0-noise1.0_chan-layer4_mcsamples500_norm-frob_seed7_bounds.json
cnn-4,mnist,10,channel_norm,1.0,0.01,bec,0.1,,,,frob,0.902,0.013499999999999956,-0.8885000000000001,False,results/posterior/cnn-4_mnist_learnt_gaussian_sig0.03_bounded-pmin1e-05_epoch10_bs250_lr0.001_mon0.95_dp0.2_objective-channel_norm-chan1.0-bec-outage0.1-kl0.01_perc-pri0.5_epoch-pri70_bs-pri250_lr-pri0.005_mom-pri0.99_dp-pri0.2_seed7/bounds/bec-outage0.1_chan-layer2_mcsamples500_norm-frob_seed7_bounds.json
cnn-4,mnist,50,channel_norm,0.1,0.1,bec,0.1,,,,frob,0.8731,0.012900000000000023,-0.8602,True,results/posterior/cnn-4_mnist_learnt_gaussian_sig0.03_bounded-pmin1e-05_epoch50_bs250_lr0.001_mon0.95_dp0.2_objective-channel_norm-chan0.1-bec-outage0.1-kl0.1_perc-pri0.5_epoch-pri70_bs-pri250_lr-pri0.005_mom-pri0.99_dp-pri0.2_seed7/bounds/bec-outage0.1_chan-layer2_mcsamples500_norm-frob_seed7_bounds.json
cnn-4,mnist,30,channel_gradient,0.1,1.0,rayleigh_zf,,1.0,0.1,10.0,frob,0.06669999999999998,0.08220000000000005,0.01550000000000007,True,results/posterior/cnn-4_mnist_learnt_gaussian_sig0.03_bounded-pmin1e-05_epoch30_bs250_lr0.001_mon0.95_dp0.2_objective-channel_gradient-chan0.1-rayleigh-zf-tx1.0-noise0.1-kl1.0_perc-pri0.5_epoch-pri70_bs-pri250_lr-pri0.005_mom-pri0.99_dp-pri0.2_seed7/bounds/rayleigh-zf-tx1.0-noise0.1_chan-layer2_mcsamples500_norm-frob_seed7_bounds.json
cnn-9,cifar10,50,channel_norm,0.01,0.01,bec,0.1,,,,frob,0.9,0.26680000000000004,-0.6332,False,results/posterior/cnn-9_cifar10_learnt_gaussian_sig0.03_bounded-pmin1e-05_epoch50_bs250_lr0.001_mon0.95_dp0.2_objective-channel_norm-chan0.01-bec-outage0.1-kl0.01_perc-pri0.5_epoch-pri70_bs-pri250_lr-pri0.005_mom-pri0.99_dp-pri0.2_seed7/bounds/bec-outage0.1_chan-layer4_mcsamples500_norm-frob_seed7_bounds.json
cnn-9,cifar10,30,channel_norm,0.1,1.0,bec,0.5,,,,frob,0.9,,,False,results/posterior/cnn-9_cifar10_learnt_gaussian_sig0.03_bounded-pmin1e-05_epoch30_bs250_lr0.001_mon0.95_dp0.2_objective-channel_norm-chan0.1-bec-outage0.5-kl1.0_perc-pri0.5_epoch-pri70_bs-pri250_lr-pri0.005_mom-pri0.99_dp-pri0.2_seed7/bounds/bec-outage0.5_chan-layer4_mcsamples500_norm-frob_seed7_bounds.json
cnn-9,cifar10,10,channel_norm,0.1,0.01,bec,0.1,,,,frob,0.9,0.2921,-0.6079,False,results/posterior/cnn-9_cifar10_learnt_gaussian_sig0.03_bounded-pmin1e-05_epoch10_bs250_lr0.001_mon0.95_dp0.2_objective-channel_norm-chan0.1-bec-outage0.1-kl0.01_perc-pri0.5_epoch-pri70_bs-pri250_lr-pri0.005_mom-pri0.99_dp-pri0.2_seed7/bounds/bec-outage0.1_chan-layer4_mcsamples500_norm-frob_seed7_bounds.json
cnn-9,cifar10,50,channel_gradient,0.01,1.0,bec,0.5,,,,frob,0.33240000000000003,0.3238,-0.008600000000000052,True,results/posterior/cnn-9_cifar10_learnt_gaussian_sig0.03_bounded-pmin1e-05_epoch50_bs250_lr0.001_mon0.95_dp0.2_objective-channel_gradient-chan0.01-bec-outage0.5-kl1.0_perc-pri0.5_epoch-pri70_bs-pri250_lr-pri0.005_mom-pri0.99_dp-pri0.2_seed7/bounds/bec-outage0.5_chan-layer4_mcsamples500_norm-frob_seed7_bounds.json
fcn-4,mnist,30,channel_norm,0.01,0.01,rayleigh_zf,,1.0,1.0,0.0,frob,0.1199,,,True,results/posterior/fcn-4_mnist_learnt_gaussian_sig0.03_bounded-pmin1e-05_epoch30_bs250_lr0.001_mon0.95_dp0.2_objective-channel_norm-chan0.01-rayleigh-zf-tx1.0-noise1.0-kl0.01_perc-pri0.5_epoch-pri20_bs-pri250_lr-pri0.005_mom-pri0.99_dp-pri0.2_seed7/bounds/rayleigh-zf-tx1.0-noise1.0_chan-layer2_mcsamples500_norm-frob_seed7_bounds.json
fcn-4,mnist,10,channel_norm,0.01,0.01,rayleigh_zf,,1.0,0.1,10.0,frob,0.0403,0.03610000000000002,-0.0041999999999999815,True,results/posterior/fcn-4_mnist_learnt_gaussian_sig0.03_bounded-pmin1e-05_epoch10_bs250_lr0.001_mon0.95_dp0.2_objective-channel_norm-chan0.01-rayleigh-zf-tx1.0-noise0.1-kl0.01_perc-pri0.5_epoch-pri20_bs-pri250_lr-pri0.005_mom-pri0.99_dp-pri0.2_seed7/bounds/rayleigh-zf-tx1.0-noise0.1_chan-layer2_mcsamples500_norm-frob_seed7_bounds.json
cnn-9,cifar10,30,channel_gradient,1.0,1.0,rayleigh_zf,,1.0,0.1,10.0,frob,0.3539,,,True,results/posterior/cnn-9_cifar10_learnt_gaussian_sig0.03_bounded-pmin1e-05_epoch30_bs250_lr0.001_mon0.95_dp0.2_objective-channel_gradient-chan1.0-rayleigh-zf-tx1.0-noise0.1-kl1.0_perc-pri0.5_epoch-pri70_bs-pri250_lr-pri0.005_mom-pri0.99_dp-pri0.2_seed7/bounds/rayleigh-zf-tx1.0-noise0.1_chan-layer4_mcsamples500_norm-frob_seed7_bounds.json
cnn-9,cifar10,30,channel_norm,1.0,0.1,bec,0.1,,,,frob,0.9,,,False,results/posterior/cnn-9_cifar10_learnt_gaussian_sig0.03_bounded-pmin1e-05_epoch30_bs250_lr0.001_mon0.95_dp0.2_objective-channel_norm-chan1.0-bec-outage0.1-kl0.1_perc-pri0.5_epoch-pri70_bs-pri250_lr-pri0.005_mom-pri0.99_dp-pri0.2_seed7/bounds/bec-outage0.1_chan-layer4_mcsamples500_norm-frob_seed7_bounds.json
fcn-4,mnist,10,channel_norm,1.0,0.1,rayleigh_zf,,1.0,0.1,10.0,frob,0.8598,0.03610000000000002,-0.8237,True,results/posterior/fcn-4_mnist_learnt_gaussian_sig0.03_bounded-pmin1e-05_epoch10_bs250_lr0.001_mon0.95_dp0.2_objective-channel_norm-chan1.0-rayleigh-zf-tx1.0-noise0.1-kl0.1_perc-pri0.5_epoch-pri20_bs-pri250_lr-pri0.005_mom-pri0.99_dp-pri0.2_seed7/bounds/rayleigh-zf-tx1.0-noise0.1_chan-layer2_mcsamples500_norm-frob_seed7_bounds.json
cnn-9,cifar10,20,channel_norm,0.1,1.0,rayleigh_zf,,1.0,0.1,10.0,frob,0.9,0.3813,-0.5187,False,results/posterior/cnn-9_cifar10_learnt_gaussian_sig0.03_bounded-pmin1e-05_epoch20_bs250_lr0.001_mon0.95_dp0.2_objective-channel_norm-chan0.1-rayleigh-zf-tx1.0-noise0.1-kl1.0_perc-pri0.5_epoch-pri70_bs-pri250_lr-pri0.005_mom-pri0.99_dp-pri0.2_seed7/bounds/rayleigh-zf-tx1.0-noise0.1_chan-layer4_mcsamples500_norm-frob_seed7_bounds.json
fcn-4,mnist,50,channel_gradient,0.01,0.1,rayleigh_zf,,1.0,0.1,10.0,frob,0.040200000000000014,0.035599999999999965,-0.0046000000000000485,True,results/posterior/fcn-4_mnist_learnt_gaussian_sig0.03_bounded-pmin1e-05_epoch50_bs250_lr0.001_mon0.95_dp0.2_objective-channel_gradient-chan0.01-rayleigh-zf-tx1.0-noise0.1-kl0.1_perc-pri0.5_epoch-pri20_bs-pri250_lr-pri0.005_mom-pri0.99_dp-pri0.2_seed7/bounds/rayleigh-zf-tx1.0-noise0.1_chan-layer2_mcsamples500_norm-frob_seed7_bounds.json
cnn-4,mnist,30,channel_norm,1.0,1.0,rayleigh_zf,,1.0,0.1,10.0,frob,0.10880000000000001,0.08220000000000005,-0.026599999999999957,True,results/posterior/cnn-4_mnist_learnt_gaussian_sig0.03_bounded-pmin1e-05_epoch30_bs250_lr0.001_mon0.95_dp0.2_objective-channel_norm-chan1.0-rayleigh-zf-tx1.0-noise0.1-kl1.0_perc-pri0.5_epoch-pri70_bs-pri250_lr-pri0.005_mom-pri0.99_dp-pri0.2_seed7/bounds/rayleigh-zf-tx1.0-noise0.1_chan-layer2_mcsamples500_norm-frob_seed7_bounds.json
fcn-4,mnist,50,channel_gradient,1.0,1.0,bec,0.5,,,,frob,0.03920000000000001,0.03249999999999997,-0.006700000000000039,True,results/posterior/fcn-4_mnist_learnt_gaussian_sig0.03_bounded-pmin1e-05_epoch50_bs250_lr0.001_mon0.95_dp0.2_objective-channel_gradient-chan1.0-bec-outage0.5-kl1.0_perc-pri0.5_epoch-pri20_bs-pri250_lr-pri0.005_mom-pri0.99_dp-pri0.2_seed7/bounds/bec-outage0.5_chan-layer2_mcsamples500_norm-frob_seed7_bounds.json
fcn-4,mnist,30,channel_norm,0.1,0.1,rayleigh_zf,,1.0,1.0,0.0,frob,0.12960000000000005,,,True,results/posterior/fcn-4_mnist_learnt_gaussian_sig0.03_bounded-pmin1e-05_epoch30_bs250_lr0.001_mon0.95_dp0.2_objective-channel_norm-chan0.1-rayleigh-zf-tx1.0-noise1.0-kl0.1_perc-pri0.5_epoch-pri20_bs-pri250_lr-pri0.005_mom-pri0.99_dp-pri0.2_seed7/bounds/rayleigh-zf-tx1.0-noise1.0_chan-layer2_mcsamples500_norm-frob_seed7_bounds.json
fcn-4,mnist,20,channel_norm,1.0,0.1,bec,0.1,,,,frob,0.9001,0.02629999999999999,-0.8738,True,results/posterior/fcn-4_mnist_learnt_gaussian_sig0.03_bounded-pmin1e-05_epoch20_bs250_lr0.001_mon0.95_dp0.2_objective-channel_norm-chan1.0-bec-outage0.1-kl0.1_perc-pri0.5_epoch-pri20_bs-pri250_lr-pri0.005_mom-pri0.99_dp-pri0.2_seed7/bounds/bec-outage0.1_chan-layer2_mcsamples500_norm-frob_seed7_bounds.json
fcn-4,mnist,30,channel_norm,0.01,1.0,rayleigh_zf,,1.0,1.0,0.0,frob,0.10060000000000002,,,True,results/posterior/fcn-4_mnist_learnt_gaussian_sig0.03_bounded-pmin1e-05_epoch30_bs250_lr0.001_mon0.95_dp0.2_objective-channel_norm-chan0.01-rayleigh-zf-tx1.0-noise1.0-kl1.0_perc-pri0.5_epoch-pri20_bs-pri250_lr-pri0.005_mom-pri0.99_dp-pri0.2_seed7/bounds/rayleigh-zf-tx1.0-noise1.0_chan-layer2_mcsamples500_norm-frob_seed7_bounds.json
fcn-4,mnist,10,channel_gradient,0.1,1.0,bec,0.5,,,,frob,0.037900000000000045,0.03380000000000005,-0.0040999999999999925,True,results/posterior/fcn-4_mnist_learnt_gaussian_sig0.03_bounded-pmin1e-05_epoch10_bs250_lr0.001_mon0.95_dp0.2_objective-channel_gradient-chan0.1-bec-outage0.5-kl1.0_perc-pri0.5_epoch-pri20_bs-pri250_lr-pri0.005_mom-pri0.99_dp-pri0.2_seed7/bounds/bec-outage0.5_chan-layer2_mcsamples500_norm-frob_seed7_bounds.json
cnn-9,cifar10,30,channel_gradient,0.01,1.0,bec,0.1,,,,frob,0.2985,,,True,results/posterior/cnn-9_cifar10_learnt_gaussian_sig0.03_bounded-pmin1e-05_epoch30_bs250_lr0.001_mon0.95_dp0.2_objective-channel_gradient-chan0.01-bec-outage0.1-kl1.0_perc-pri0.5_epoch-pri70_bs-pri250_lr-pri0.005_mom-pri0.99_dp-pri0.2_seed7/bounds/bec-outage0.1_chan-layer4_mcsamples500_norm-frob_seed7_bounds.json
cnn-9,cifar10,20,channel_gradient,0.01,1.0,bec,0.1,,,,frob,0.29790000000000005,0.28290000000000004,-0.015000000000000013,True,results/posterior/cnn-9_cifar10_learnt_gaussian_sig0.03_bounded-pmin1e-05_epoch20_bs250_lr0.001_mon0.95_dp0.2_objective-channel_gradient-chan0.01-bec-outage0.1-kl1.0_perc-pri0.5_epoch-pri70_bs-pri250_lr-pri0.005_mom-pri0.99_dp-pri0.2_seed7/bounds/bec-outage0.1_chan-layer4_mcsamples500_norm-frob_seed7_bounds.json
cnn-4,mnist,20,channel_gradient,0.1,1.0,bec,0.5,,,,frob,0.01959999999999995,0.017900000000000027,-0.0016999999999999238,True,results/posterior/cnn-4_mnist_learnt_gaussian_sig0.03_bounded-pmin1e-05_epoch20_bs250_lr0.001_mon0.95_dp0.2_objective-channel_gradient-chan0.1-bec-outage0.5-kl1.0_perc-pri0.5_epoch-pri70_bs-pri250_lr-pri0.005_mom-pri0.99_dp-pri0.2_seed7/bounds/bec-outage0.5_chan-layer2_mcsamples500_norm-frob_seed7_bounds.json
cnn-9,cifar10,10,channel_norm,1.0,1.0,rayleigh_zf,,1.0,1.0,0.0,frob,0.9,0.5798,-0.32020000000000004,False,results/posterior/cnn-9_cifar10_learnt_gaussian_sig0.03_bounded-pmin1e-05_epoch10_bs250_lr0.001_mon0.95_dp0.2_objective-channel_norm-chan1.0-rayleigh-zf-tx1.0-noise1.0-kl1.0_perc-pri0.5_epoch-pri70_bs-pri250_lr-pri0.005_mom-pri0.99_dp-pri0.2_seed7/bounds/rayleigh-zf-tx1.0-noise1.0_chan-layer4_mcsamples500_norm-frob_seed7_bounds.json
cnn-4,mnist,20,channel_norm,0.01,0.01,rayleigh_zf,,1.0,0.1,10.0,frob,0.10009999999999997,0.07320000000000004,-0.026899999999999924,True,results/posterior/cnn-4_mnist_learnt_gaussian_sig0.03_bounded-pmin1e-05_epoch20_bs250_lr0.001_mon0.95_dp0.2_objective-channel_norm-chan0.01-rayleigh-zf-tx1.0-noise0.1-kl0.01_perc-pri0.5_epoch-pri70_bs-pri250_lr-pri0.005_mom-pri0.99_dp-pri0.2_seed7/bounds/rayleigh-zf-tx1.0-noise0.1_chan-layer2_mcsamples500_norm-frob_seed7_bounds.json
cnn-9,cifar10,10,channel_gradient,0.01,0.1,bec,0.5,,,,frob,0.34040000000000004,0.3418,0.0013999999999999568,True,results/posterior/cnn-9_cifar10_learnt_gaussian_sig0.03_bounded-pmin1e-05_epoch10_bs250_lr0.001_mon0.95_dp0.2_objective-channel_gradient-chan0.01-bec-outage0.5-kl0.1_perc-pri0.5_epoch-pri70_bs-pri250_lr-pri0.005_mom-pri0.99_dp-pri0.2_seed7/bounds/bec-outage0.5_chan-layer4_mcsamples500_norm-frob_seed7_bounds.json
cnn-4,mnist,30,channel_norm,0.1,0.01,rayleigh_zf,,1.0,0.1,10.0,frob,0.7531,0.08220000000000005,-0.6708999999999999,True,results/posterior/cnn-4_mnist_learnt_gaussian_sig0.03_bounded-pmin1e-05_epoch30_bs250_lr0.001_mon0.95_dp0.2_objective-channel_norm-chan0.1-rayleigh-zf-tx1.0-noise0.1-kl0.01_perc-pri0.5_epoch-pri70_bs-pri250_lr-pri0.005_mom-pri0.99_dp-pri0.2_seed7/bounds/rayleigh-zf-tx1.0-noise0.1_chan-layer2_mcsamples500_norm-frob_seed7_bounds.json
cnn-9,cifar10,50,channel_norm,0.1,1.0,bec,0.5,,,,frob,0.9,0.3238,-0.5762,False,results/posterior/cnn-9_cifar10_learnt_gaussian_sig0.03_bounded-pmin1e-05_epoch50_bs250_lr0.001_mon0.95_dp0.2_objective-channel_norm-chan0.1-bec-outage0.5-kl1.0_perc-pri0.5_epoch-pri70_bs-pri250_lr-pri0.005_mom-pri0.99_dp-pri0.2_seed7/bounds/bec-outage0.5_chan-layer4_mcsamples500_norm-frob_seed7_bounds.json
cnn-4,mnist,50,channel_gradient,1.0,1.0,rayleigh_zf,,1.0,0.1,10.0,frob,0.06879999999999997,0.08420000000000005,0.01540000000000008,True,results/posterior/cnn-4_mnist_learnt_gaussian_sig0.03_bounded-pmin1e-05_epoch50_bs250_lr0.001_mon0.95_dp0.2_objective-channel_gradient-chan1.0-rayleigh-zf-tx1.0-noise0.1-kl1.0_perc-pri0.5_epoch-pri70_bs-pri250_lr-pri0.005_mom-pri0.99_dp-pri0.2_seed7/bounds/rayleigh-zf-tx1.0-noise0.1_chan-layer2_mcsamples500_norm-frob_seed7_bounds.json
cnn-9,cifar10,10,channel_gradient,1.0,1.0,rayleigh_zf,,1.0,1.0,0.0,frob,0.507,0.5798,0.07279999999999998,True,results/posterior/cnn-9_cifar10_learnt_gaussian_sig0.03_bounded-pmin1e-05_epoch10_bs250_lr0.001_mon0.95_dp0.2_objective-channel_gradient-chan1.0-rayleigh-zf-tx1.0-noise1.0-kl1.0_perc-pri0.5_epoch-pri70_bs-pri250_lr-pri0.005_mom-pri0.99_dp-pri0.2_seed7/bounds/rayleigh-zf-tx1.0-noise1.0_chan-layer4_mcsamples500_norm-frob_seed7_bounds.json
cnn-4,mnist,10,channel_gradient,1.0,1.0,bec,0.5,,,,frob,0.025399999999999978,0.018199999999999994,-0.007199999999999984,True,results/posterior/cnn-4_mnist_learnt_gaussian_sig0.03_bounded-pmin1e-05_epoch10_bs250_lr0.001_mon0.95_dp0.2_objective-channel_gradient-chan1.0-bec-outage0.5-kl1.0_perc-pri0.5_epoch-pri70_bs-pri250_lr-pri0.005_mom-pri0.99_dp-pri0.2_seed7/bounds/bec-outage0.5_chan-layer2_mcsamples500_norm-frob_seed7_bounds.json
cnn-9,cifar10,20,channel_norm,1.0,0.01,rayleigh_zf,,1.0,1.0,0.0,frob,0.9,0.5969,-0.30310000000000004,False,results/posterior/cnn-9_cifar10_learnt_gaussian_sig0.03_bounded-pmin1e-05_epoch20_bs250_lr0.001_mon0.95_dp0.2_objective-channel_norm-chan1.0-rayleigh-zf-tx1.0-noise1.0-kl0.01_perc-pri0.5_epoch-pri70_bs-pri250_lr-pri0.005_mom-pri0.99_dp-pri0.2_seed7/bounds/rayleigh-zf-tx1.0-noise1.0_chan-layer4_mcsamples500_norm-frob_seed7_bounds.json
cnn-4,mnist,20,channel_gradient,0.01,1.0,rayleigh_zf,,1.0,1.0,0.0,frob,0.2659,0.28959999999999997,0.023699999999999943,False,results/posterior/cnn-4_mnist_learnt_gaussian_sig0.03_bounded-pmin1e-05_epoch20_bs250_lr0.001_mon0.95_dp0.2_objective-channel_gradient-chan0.01-rayleigh-zf-tx1.0-noise1.0-kl1.0_perc-pri0.5_epoch-pri70_bs-pri250_lr-pri0.005_mom-pri0.99_dp-pri0.2_seed7/bounds/rayleigh-zf-tx1.0-noise1.0_chan-layer2_mcsamples500_norm-frob_seed7_bounds.json
cnn-4,mnist,50,channel_norm,1.0,1.0,rayleigh_zf,,1.0,1.0,0.0,frob,0.7357,0.3228,-0.41290000000000004,True,results/posterior/cnn-4_mnist_learnt_gaussian_sig0.03_bounded-pmin1e-05_epoch50_bs250_lr0.001_mon0.95_dp0.2_objective-channel_norm-chan1.0-rayleigh-zf-tx1.0-noise1.0-kl1.0_perc-pri0.5_epoch-pri70_bs-pri250_lr-pri0.005_mom-pri0.99_dp-pri0.2_seed7/bounds/rayleigh-zf-tx1.0-noise1.0_chan-layer2_mcsamples500_norm-frob_seed7_bounds.json
cnn-4,mnist,20,channel_norm,0.1,0.01,rayleigh_zf,,1.0,1.0,0.0,frob,0.8756,0.28959999999999997,-0.5860000000000001,True,results/posterior/cnn-4_mnist_learnt_gaussian_sig0.03_bounded-pmin1e-05_epoch20_bs250_lr0.001_mon0.95_dp0.2_objective-channel_norm-chan0.1-rayleigh-zf-tx1.0-noise1.0-kl0.01_perc-pri0.5_epoch-pri70_bs-pri250_lr-pri0.005_mom-pri0.99_dp-pri0.2_seed7/bounds/rayleigh-zf-tx1.0-noise1.0_chan-layer2_mcsamples500_norm-frob_seed7_bounds.json
cnn-9,cifar10,50,channel_gradient,0.1,0.1,rayleigh_zf,,1.0,0.1,10.0,frob,0.3527,0.3829,0.030200000000000005,True,results/posterior/cnn-9_cifar10_learnt_gaussian_sig0.03_bounded-pmin1e-05_epoch50_bs250_lr0.001_mon0.95_dp0.2_objective-channel_gradient-chan0.1-rayleigh-zf-tx1.0-noise0.1-kl0.1_perc-pri0.5_epoch-pri70_bs-pri250_lr-pri0.005_mom-pri0.99_dp-pri0.2_seed7/bounds/rayleigh-zf-tx1.0-noise0.1_chan-layer4_mcsamples500_norm-frob_seed7_bounds.json
cnn-9,cifar10,20,channel_gradient,0.1,1.0,rayleigh_zf,,1.0,0.1,10.0,frob,0.352,0.3813,0.029299999999999993,True,results/posterior/cnn-9_cifar10_learnt_gaussian_sig0.03_bounded-pmin1e-05_epoch20_bs250_lr0.001_mon0.95_dp0.2_objective-channel_gradient-chan0.1-rayleigh-zf-tx1.0-noise0.1-kl1.0_perc-pri0.5_epoch-pri70_bs-pri250_lr-pri0.005_mom-pri0.99_dp-pri0.2_seed7/bounds/rayleigh-zf-tx1.0-noise0.1_chan-layer4_mcsamples500_norm-frob_seed7_bounds.json
cnn-9,cifar10,30,channel_norm,0.1,0.1,bec,0.1,,,,frob,0.9,,,False,results/posterior/cnn-9_cifar10_learnt_gaussian_sig0.03_bounded-pmin1e-05_epoch30_bs250_lr0.001_mon0.95_dp0.2_objective-channel_norm-chan0.1-bec-outage0.1-kl0.1_perc-pri0.5_epoch-pri70_bs-pri250_lr-pri0.005_mom-pri0.99_dp-pri0.2_seed7/bounds/bec-outage0.1_chan-layer4_mcsamples500_norm-frob_seed7_bounds.json
fcn-4,mnist,20,channel_norm,1.0,1.0,rayleigh_zf,,1.0,0.1,10.0,frob,0.045499999999999985,0.035800000000000054,-0.009699999999999931,True,results/posterior/fcn-4_mnist_learnt_gaussian_sig0.03_bounded-pmin1e-05_epoch20_bs250_lr0.001_mon0.95_dp0.2_objective-channel_norm-chan1.0-rayleigh-zf-tx1.0-noise0.1-kl1.0_perc-pri0.5_epoch-pri20_bs-pri250_lr-pri0.005_mom-pri0.99_dp-pri0.2_seed7/bounds/rayleigh-zf-tx1.0-noise0.1_chan-layer2_mcsamples500_norm-frob_seed7_bounds.json
fcn-4,mnist,20,channel_gradient,0.1,0.1,bec,0.1,,,,frob,0.027800000000000047,0.02629999999999999,-0.0015000000000000568,True,results/posterior/fcn-4_mnist_learnt_gaussian_sig0.03_bounded-pmin1e-05_epoch20_bs250_lr0.001_mon0.95_dp0.2_objective-channel_gradient-chan0.1-bec-outage0.1-kl0.1_perc-pri0.5_epoch-pri20_bs-pri250_lr-pri0.005_mom-pri0.99_dp-pri0.2_seed7/bounds/bec-outage0.1_chan-layer2_mcsamples500_norm-frob_seed7_bounds.json
cnn-9,cifar10,10,channel_norm,1.0,0.01,rayleigh_zf,,1.0,1.0,0.0,frob,0.9,0.5798,-0.32020000000000004,False,results/posterior/cnn-9_cifar10_learnt_gaussian_sig0.03_bounded-pmin1e-05_epoch10_bs250_lr0.001_mon0.95_dp0.2_objective-channel_norm-chan1.0-rayleigh-zf-tx1.0-noise1.0-kl0.01_perc-pri0.5_epoch-pri70_bs-pri250_lr-pri0.005_mom-pri0.99_dp-pri0.2_seed7/bounds/rayleigh-zf-tx1.0-noise1.0_chan-layer4_mcsamples500_norm-frob_seed7_bounds.json
cnn-4,mnist,10,channel_norm,0.1,0.1,bec,0.1,,,,frob,0.8625,0.013499999999999956,-0.8490000000000001,True,results/posterior/cnn-4_mnist_learnt_gaussian_sig0.03_bounded-pmin1e-05_epoch10_bs250_lr0.001_mon0.95_dp0.2_objective-channel_norm-chan0.1-bec-outage0.1-kl0.1_perc-pri0.5_epoch-pri70_bs-pri250_lr-pri0.005_mom-pri0.99_dp-pri0.2_seed7/bounds/bec-outage0.1_chan-layer2_mcsamples500_norm-frob_seed7_bounds.json
cnn-4,mnist,10,channel_gradient,0.01,0.01,rayleigh_zf,,1.0,1.0,0.0,frob,0.27890000000000004,0.2764,-0.0025000000000000577,False,results/posterior/cnn-4_mnist_learnt_gaussian_sig0.03_bounded-pmin1e-05_epoch10_bs250_lr0.001_mon0.95_dp0.2_objective-channel_gradient-chan0.01-rayleigh-zf-tx1.0-noise1.0-kl0.01_perc-pri0.5_epoch-pri70_bs-pri250_lr-pri0.005_mom-pri0.99_dp-pri0.2_seed7/bounds/rayleigh-zf-tx1.0-noise1.0_chan-layer2_mcsamples500_norm-frob_seed7_bounds.json
fcn-4,mnist,30,channel_norm,1.0,0.01,rayleigh_zf,,1.0,0.1,10.0,frob,0.8731,,,True,results/posterior/fcn-4_mnist_learnt_gaussian_sig0.03_bounded-pmin1e-05_epoch30_bs250_lr0.001_mon0.95_dp0.2_objective-channel_norm-chan1.0-rayleigh-zf-tx1.0-noise0.1-kl0.01_perc-pri0.5_epoch-pri20_bs-pri250_lr-pri0.005_mom-pri0.99_dp-pri0.2_seed7/bounds/rayleigh-zf-tx1.0-noise0.1_chan-layer2_mcsamples500_norm-frob_seed7_bounds.json
cnn-9,cifar10,20,channel_norm,1.0,0.01,rayleigh_zf,,1.0,0.1,10.0,frob,0.9,0.3813,-0.5187,False,results/posterior/cnn-9_cifar10_learnt_gaussian_sig0.03_bounded-pmin1e-05_epoch20_bs250_lr0.001_mon0.95_dp0.2_objective-channel_norm-chan1.0-rayleigh-zf-tx1.0-noise0.1-kl0.01_perc-pri0.5_epoch-pri70_bs-pri250_lr-pri0.005_mom-pri0.99_dp-pri0.2_seed7/bounds/rayleigh-zf-tx1.0-noise0.1_chan-layer4_mcsamples500_norm-frob_seed7_bounds.json
cnn-9,cifar10,20,channel_norm,1.0,0.01,bec,0.1,,,,frob,0.9,0.28290000000000004,-0.6171,False,results/posterior/cnn-9_cifar10_learnt_gaussian_sig0.03_bounded-pmin1e-05_epoch20_bs250_lr0.001_mon0.95_dp0.2_objective-channel_norm-chan1.0-bec-outage0.1-kl0.01_perc-pri0.5_epoch-pri70_bs-pri250_lr-pri0.005_mom-pri0.99_dp-pri0.2_seed7/bounds/bec-outage0.1_chan-layer4_mcsamples500_norm-frob_seed7_bounds.json
cnn-9,cifar10,20,channel_gradient,0.01,0.01,bec,0.1,,,,frob,0.2874,0.28290000000000004,-0.0044999999999999485,True,results/posterior/cnn-9_cifar10_learnt_gaussian_sig0.03_bounded-pmin1e-05_epoch20_bs250_lr0.001_mon0.95_dp0.2_objective-channel_gradient-chan0.01-bec-outage0.1-kl0.01_perc-pri0.5_epoch-pri70_bs-pri250_lr-pri0.005_mom-pri0.99_dp-pri0.2_seed7/bounds/bec-outage0.1_chan-layer4_mcsamples500_norm-frob_seed7_bounds.json
cnn-4,mnist,50,channel_gradient,1.0,0.01,rayleigh_zf,,1.0,0.1,10.0,frob,0.08850000000000002,0.08420000000000005,-0.0042999999999999705,True,results/posterior/cnn-4_mnist_learnt_gaussian_sig0.03_bounded-pmin1e-05_epoch50_bs250_lr0.001_mon0.95_dp0.2_objective-channel_gradient-chan1.0-rayleigh-zf-tx1.0-noise0.1-kl0.01_perc-pri0.5_epoch-pri70_bs-pri250_lr-pri0.005_mom-pri0.99_dp-pri0.2_seed7/bounds/rayleigh-zf-tx1.0-noise0.1_chan-layer2_mcsamples500_norm-frob_seed7_bounds.json
fcn-4,mnist,30,channel_gradient,0.01,1.0,rayleigh_zf,,1.0,0.1,10.0,frob,0.04159999999999997,,,True,results/posterior/fcn-4_mnist_learnt_gaussian_sig0.03_bounded-pmin1e-05_epoch30_bs250_lr0.001_mon0.95_dp0.2_objective-channel_gradient-chan0.01-rayleigh-zf-tx1.0-noise0.1-kl1.0_perc-pri0.5_epoch-pri20_bs-pri250_lr-pri0.005_mom-pri0.99_dp-pri0.2_seed7/bounds/rayleigh-zf-tx1.0-noise0.1_chan-layer2_mcsamples500_norm-frob_seed7_bounds.json
cnn-4,mnist,10,channel_gradient,1.0,0.1,rayleigh_zf,,1.0,1.0,0.0,frob,0.2873,0.2764,-0.01090000000000002,False,results/posterior/cnn-4_mnist_learnt_gaussian_sig0.03_bounded-pmin1e-05_epoch10_bs250_lr0.001_mon0.95_dp0.2_objective-channel_gradient-chan1.0-rayleigh-zf-tx1.0-noise1.0-kl0.1_perc-pri0.5_epoch-pri70_bs-pri250_lr-pri0.005_mom-pri0.99_dp-pri0.2_seed7/bounds/rayleigh-zf-tx1.0-noise1.0_chan-layer2_mcsamples500_norm-frob_seed7_bounds.json
fcn-4,mnist,50,channel_norm,1.0,0.01,bec,0.5,,,,frob,0.8976999999999999,0.03249999999999997,-0.8652,True,results/posterior/fcn-4_mnist_learnt_gaussian_sig0.03_bounded-pmin1e-05_epoch50_bs250_lr0.001_mon0.95_dp0.2_objective-channel_norm-chan1.0-bec-outage0.5-kl0.01_perc-pri0.5_epoch-pri20_bs-pri250_lr-pri0.005_mom-pri0.99_dp-pri0.2_seed7/bounds/bec-outage0.5_chan-layer2_mcsamples500_norm-frob_seed7_bounds.json
cnn-9,cifar10,20,channel_gradient,0.01,0.01,rayleigh_zf,,1.0,0.1,10.0,frob,0.36029999999999995,0.3813,0.02100000000000002,True,results/posterior/cnn-9_cifar10_learnt_gaussian_sig0.03_bounded-pmin1e-05_epoch20_bs250_lr0.001_mon0.95_dp0.2_objective-channel_gradient-chan0.01-rayleigh-zf-tx1.0-noise0.1-kl0.01_perc-pri0.5_epoch-pri70_bs-pri250_lr-pri0.005_mom-pri0.99_dp-pri0.2_seed7/bounds/rayleigh-zf-tx1.0-noise0.1_chan-layer4_mcsamples500_norm-frob_seed7_bounds.json
fcn-4,mnist,20,channel_norm,1.0,0.01,bec,0.5,,,,frob,0.8995,0.03320000000000001,-0.8663,True,results/posterior/fcn-4_mnist_learnt_gaussian_sig0.03_bounded-pmin1e-05_epoch20_bs250_lr0.001_mon0.95_dp0.2_objective-channel_norm-chan1.0-bec-outage0.5-kl0.01_perc-pri0.5_epoch-pri20_bs-pri250_lr-pri0.005_mom-pri0.99_dp-pri0.2_seed7/bounds/bec-outage0.5_chan-layer2_mcsamples500_norm-frob_seed7_bounds.json
cnn-4,mnist,20,channel_gradient,1.0,1.0,rayleigh_zf,,1.0,1.0,0.0,frob,0.2659,0.28959999999999997,0.023699999999999943,False,results/posterior/cnn-4_mnist_learnt_gaussian_sig0.03_bounded-pmin1e-05_epoch20_bs250_lr0.001_mon0.95_dp0.2_objective-channel_gradient-chan1.0-rayleigh-zf-tx1.0-noise1.0-kl1.0_perc-pri0.5_epoch-pri70_bs-pri250_lr-pri0.005_mom-pri0.99_dp-pri0.2_seed7/bounds/rayleigh-zf-tx1.0-noise1.0_chan-layer2_mcsamples500_norm-frob_seed7_bounds.json
fcn-4,mnist,30,channel_norm,0.01,1.0,rayleigh_zf,,1.0,0.1,10.0,frob,0.03859999999999997,,,True,results/posterior/fcn-4_mnist_learnt_gaussian_sig0.03_bounded-pmin1e-05_epoch30_bs250_lr0.001_mon0.95_dp0.2_objective-channel_norm-chan0.01-rayleigh-zf-tx1.0-noise0.1-kl1.0_perc-pri0.5_epoch-pri20_bs-pri250_lr-pri0.005_mom-pri0.99_dp-pri0.2_seed7/bounds/rayleigh-zf-tx1.0-noise0.1_chan-layer2_mcsamples500_norm-frob_seed7_bounds.json
cnn-9,cifar10,30,channel_norm,0.1,1.0,rayleigh_zf,,1.0,0.1,10.0,frob,0.9,,,False,results/posterior/cnn-9_cifar10_learnt_gaussian_sig0.03_bounded-pmin1e-05_epoch30_bs250_lr0.001_mon0.95_dp0.2_objective-channel_norm-chan0.1-rayleigh-zf-tx1.0-noise0.1-kl1.0_perc-pri0.5_epoch-pri70_bs-pri250_lr-pri0.005_mom-pri0.99_dp-pri0.2_seed7/bounds/rayleigh-zf-tx1.0-noise0.1_chan-layer4_mcsamples500_norm-frob_seed7_bounds.json
fcn-4,mnist,50,channel_norm,0.01,1.0,rayleigh_zf,,1.0,1.0,0.0,frob,0.1078,0.11240000000000006,0.0046000000000000485,True,results/posterior/fcn-4_mnist_learnt_gaussian_sig0.03_bounded-pmin1e-05_epoch50_bs250_lr0.001_mon0.95_dp0.2_objective-channel_norm-chan0.01-rayleigh-zf-tx1.0-noise1.0-kl1.0_perc-pri0.5_epoch-pri20_bs-pri250_lr-pri0.005_mom-pri0.99_dp-pri0.2_seed7/bounds/rayleigh-zf-tx1.0-noise1.0_chan-layer2_mcsamples500_norm-frob_seed7_bounds.json
cnn-4,mnist,50,channel_norm,0.1,1.0,bec,0.1,,,,frob,0.19820000000000004,0.012900000000000023,-0.18530000000000002,True,results/posterior/cnn-4_mnist_learnt_gaussian_sig0.03_bounded-pmin1e-05_epoch50_bs250_lr0.001_mon0.95_dp0.2_objective-channel_norm-chan0.1-bec-outage0.1-kl1.0_perc-pri0.5_epoch-pri70_bs-pri250_lr-pri0.005_mom-pri0.99_dp-pri0.2_seed7/bounds/bec-outage0.1_chan-layer2_mcsamples500_norm-frob_seed7_bounds.json
fcn-4,mnist,50,channel_gradient,0.01,0.01,bec,0.1,,,,frob,0.026900000000000035,0.024599999999999955,-0.0023000000000000798,True,results/posterior/fcn-4_mnist_learnt_gaussian_sig0.03_bounded-pmin1e-05_epoch50_bs250_lr0.001_mon0.95_dp0.2_objective-channel_gradient-chan0.01-bec-outage0.1-kl0.01_perc-pri0.5_epoch-pri20_bs-pri250_lr-pri0.005_mom-pri0.99_dp-pri0.2_seed7/bounds/bec-outage0.1_chan-layer2_mcsamples500_norm-frob_seed7_bounds.json
fcn-4,mnist,10,channel_gradient,0.1,0.1,bec,0.5,,,,frob,0.03610000000000002,0.03380000000000005,-0.0022999999999999687,True,results/posterior/fcn-4_mnist_learnt_gaussian_sig0.03_bounded-pmin1e-05_epoch10_bs250_lr0.001_mon0.95_dp0.2_objective-channel_gradient-chan0.1-bec-outage0.5-kl0.1_perc-pri0.5_epoch-pri20_bs-pri250_lr-pri0.005_mom-pri0.99_dp-pri0.2_seed7/bounds/bec-outage0.5_chan-layer2_mcsamples500_norm-frob_seed7_bounds.json
cnn-4,mnist,30,channel_gradient,0.1,0.1,bec,0.1,,,,frob,0.012800000000000034,0.013299999999999979,0.0004999999999999449,True,results/posterior/cnn-4_mnist_learnt_gaussian_sig0.03_bounded-pmin1e-05_epoch30_bs250_lr0.001_mon0.95_dp0.2_objective-channel_gradient-chan0.1-bec-outage0.1-kl0.1_perc-pri0.5_epoch-pri70_bs-pri250_lr-pri0.005_mom-pri0.99_dp-pri0.2_seed7/bounds/bec-outage0.1_chan-layer2_mcsamples500_norm-frob_seed7_bounds.json
cnn-9,cifar10,30,channel_gradient,0.1,1.0,bec,0.5,,,,frob,0.33799999999999997,,,True,results/posterior/cnn-9_cifar10_learnt_gaussian_sig0.03_bounded-pmin1e-05_epoch30_bs250_lr0.001_mon0.95_dp0.2_objective-channel_gradient-chan0.1-bec-outage0.5-kl1.0_perc-pri0.5_epoch-pri70_bs-pri250_lr-pri0.005_mom-pri0.99_dp-pri0.2_seed7/bounds/bec-outage0.5_chan-layer4_mcsamples500_norm-frob_seed7_bounds.json
cnn-4,mnist,10,channel_norm,0.01,1.0,rayleigh_zf,,1.0,1.0,0.0,frob,0.26160000000000005,0.2764,0.014799999999999924,True,results/posterior/cnn-4_mnist_learnt_gaussian_sig0.03_bounded-pmin1e-05_epoch10_bs250_lr0.001_mon0.95_dp0.2_objective-channel_norm-chan0.01-rayleigh-zf-tx1.0-noise1.0-kl1.0_perc-pri0.5_epoch-pri70_bs-pri250_lr-pri0.005_mom-pri0.99_dp-pri0.2_seed7/bounds/rayleigh-zf-tx1.0-noise1.0_chan-layer2_mcsamples500_norm-frob_seed7_bounds.json
fcn-4,mnist,20,channel_gradient,0.01,0.01,rayleigh_zf,,1.0,1.0,0.0,frob,0.10270000000000001,0.10629999999999995,0.0035999999999999366,True,results/posterior/fcn-4_mnist_learnt_gaussian_sig0.03_bounded-pmin1e-05_epoch20_bs250_lr0.001_mon0.95_dp0.2_objective-channel_gradient-chan0.01-rayleigh-zf-tx1.0-noise1.0-kl0.01_perc-pri0.5_epoch-pri20_bs-pri250_lr-pri0.005_mom-pri0.99_dp-pri0.2_seed7/bounds/rayleigh-zf-tx1.0-noise1.0_chan-layer2_mcsamples500_norm-frob_seed7_bounds.json
cnn-9,cifar10,10,channel_gradient,0.1,1.0,rayleigh_zf,,1.0,0.1,10.0,frob,0.35429999999999995,0.3752,0.02090000000000003,True,results/posterior/cnn-9_cifar10_learnt_gaussian_sig0.03_bounded-pmin1e-05_epoch10_bs250_lr0.001_mon0.95_dp0.2_objective-channel_gradient-chan0.1-rayleigh-zf-tx1.0-noise0.1-kl1.0_perc-pri0.5_epoch-pri70_bs-pri250_lr-pri0.005_mom-pri0.99_dp-pri0.2_seed7/bounds/rayleigh-zf-tx1.0-noise0.1_chan-layer4_mcsamples500_norm-frob_seed7_bounds.json
fcn-4,mnist,20,channel_norm,0.01,0.01,bec,0.1,,,,frob,0.8747,0.02629999999999999,-0.8484,True,results/posterior/fcn-4_mnist_learnt_gaussian_sig0.03_bounded-pmin1e-05_epoch20_bs250_lr0.001_mon0.95_dp0.2_objective-channel_norm-chan0.01-bec-outage0.1-kl0.01_perc-pri0.5_epoch-pri20_bs-pri250_lr-pri0.005_mom-pri0.99_dp-pri0.2_seed7/bounds/bec-outage0.1_chan-layer2_mcsamples500_norm-frob_seed7_bounds.json
cnn-4,mnist,50,channel_norm,1.0,0.01,bec,0.5,,,,frob,0.902,0.018299999999999983,-0.8837,False,results/posterior/cnn-4_mnist_learnt_gaussian_sig0.03_bounded-pmin1e-05_epoch50_bs250_lr0.001_mon0.95_dp0.2_objective-channel_norm-chan1.0-bec-outage0.5-kl0.01_perc-pri0.5_epoch-pri70_bs-pri250_lr-pri0.005_mom-pri0.99_dp-pri0.2_seed7/bounds/bec-outage0.5_chan-layer2_mcsamples500_norm-frob_seed7_bounds.json
cnn-9,cifar10,10,channel_gradient,1.0,0.01,bec,0.1,,,,frob,0.4397,0.2921,-0.14759999999999995,True,results/posterior/cnn-9_cifar10_learnt_gaussian_sig0.03_bounded-pmin1e-05_epoch10_bs250_lr0.001_mon0.95_dp0.2_objective-channel_gradient-chan1.0-bec-outage0.1-kl0.01_perc-pri0.5_epoch-pri70_bs-pri250_lr-pri0.005_mom-pri0.99_dp-pri0.2_seed7/bounds/bec-outage0.1_chan-layer4_mcsamples500_norm-frob_seed7_bounds.json
cnn-9,cifar10,20,channel_norm,0.1,0.01,rayleigh_zf,,1.0,0.1,10.0,frob,0.9,0.3813,-0.5187,False,results/posterior/cnn-9_cifar10_learnt_gaussian_sig0.03_bounded-pmin1e-05_epoch20_bs250_lr0.001_mon0.95_dp0.2_objective-channel_norm-chan0.1-rayleigh-zf-tx1.0-noise0.1-kl0.01_perc-pri0.5_epoch-pri70_bs-pri250_lr-pri0.005_mom-pri0.99_dp-pri0.2_seed7/bounds/rayleigh-zf-tx1.0-noise0.1_chan-layer4_mcsamples500_norm-frob_seed7_bounds.json
cnn-9,cifar10,50,channel_gradient,0.1,1.0,bec,0.1,,,,frob,0.29800000000000004,0.26680000000000004,-0.031200000000000006,True,results/posterior/cnn-9_cifar10_learnt_gaussian_sig0.03_bounded-pmin1e-05_epoch50_bs250_lr0.001_mon0.95_dp0.2_objective-channel_gradient-chan0.1-bec-outage0.1-kl1.0_perc-pri0.5_epoch-pri70_bs-pri250_lr-pri0.005_mom-pri0.99_dp-pri0.2_seed7/bounds/bec-outage0.1_chan-layer4_mcsamples500_norm-frob_seed7_bounds.json
cnn-4,mnist,30,channel_norm,0.01,0.1,bec,0.5,,,,frob,0.8791,0.019499999999999962,-0.8596,True,results/posterior/cnn-4_mnist_learnt_gaussian_sig0.03_bounded-pmin1e-05_epoch30_bs250_lr0.001_mon0.95_dp0.2_objective-channel_norm-chan0.01-bec-outage0.5-kl0.1_perc-pri0.5_epoch-pri70_bs-pri250_lr-pri0.005_mom-pri0.99_dp-pri0.2_seed7/bounds/bec-outage0.5_chan-layer2_mcsamples500_norm-frob_seed7_bounds.json
cnn-4,mnist,20,channel_norm,0.01,0.1,rayleigh_zf,,1.0,0.1,10.0,frob,0.06420000000000003,0.07320000000000004,0.009000000000000008,True,results/posterior/cnn-4_mnist_learnt_gaussian_sig0.03_bounded-pmin1e-05_epoch20_bs250_lr0.001_mon0.95_dp0.2_objective-channel_norm-chan0.01-rayleigh-zf-tx1.0-noise0.1-kl0.1_perc-pri0.5_epoch-pri70_bs-pri250_lr-pri0.005_mom-pri0.99_dp-pri0.2_seed7/bounds/rayleigh-zf-tx1.0-noise0.1_chan-layer2_mcsamples500_norm-frob_seed7_bounds.json
fcn-4,mnist,20,channel_norm,0.1,0.01,bec,0.5,,,,frob,0.8828,0.03320000000000001,-0.8496,True,results/posterior/fcn-4_mnist_learnt_gaussian_sig0.03_bounded-pmin1e-05_epoch20_bs250_lr0.001_mon0.95_dp0.2_objective-channel_norm-chan0.1-bec-outage0.5-kl0.01_perc-pri0.5_epoch-pri20_bs-pri250_lr-pri0.005_mom-pri0.99_dp-pri0.2_seed7/bounds/bec-outage0.5_chan-layer2_mcsamples500_norm-frob_seed7_bounds.json
fcn-4,mnist,50,channel_norm,0.1,1.0,bec,0.1,,,,frob,0.034399999999999986,0.024599999999999955,-0.009800000000000031,True,results/posterior/fcn-4_mnist_learnt_gaussian_sig0.03_bounded-pmin1e-05_epoch50_bs250_lr0.001_mon0.95_dp0.2_objective-channel_norm-chan0.1-bec-outage0.1-kl1.0_perc-pri0.5_epoch-pri20_bs-pri250_lr-pri0.005_mom-pri0.99_dp-pri0.2_seed7/bounds/bec-outage0.1_chan-layer2_mcsamples500_norm-frob_seed7_bounds.json
cnn-9,cifar10,30,channel_gradient,1.0,0.01,rayleigh_zf,,1.0,1.0,0.0,frob,0.7030000000000001,,,True,results/posterior/cnn-9_cifar10_learnt_gaussian_sig0.03_bounded-pmin1e-05_epoch30_bs250_lr0.001_mon0.95_dp0.2_objective-channel_gradient-chan1.0-rayleigh-zf-tx1.0-noise1.0-kl0.01_perc-pri0.5_epoch-pri70_bs-pri250_lr-pri0.005_mom-pri0.99_dp-pri0.2_seed7/bounds/rayleigh-zf-tx1.0-noise1.0_chan-layer4_mcsamples500_norm-frob_seed7_bounds.json
fcn-4,mnist,20,channel_gradient,0.01,0.1,rayleigh_zf,,1.0,0.1,10.0,frob,0.03990000000000005,0.035800000000000054,-0.0040999999999999925,True,results/posterior/fcn-4_mnist_learnt_gaussian_sig0.03_bounded-pmin1e-05_epoch20_bs250_lr0.001_mon0.95_dp0.2_objective-channel_gradient-chan0.01-rayleigh-zf-tx1.0-noise0.1-kl0.1_perc-pri0.5_epoch-pri20_bs-pri250_lr-pri0.005_mom-pri0.99_dp-pri0.2_seed7/bounds/rayleigh-zf-tx1.0-noise0.1_chan-layer2_mcsamples500_norm-frob_seed7_bounds.json
cnn-9,cifar10,50,channel_norm,1.0,0.1,bec,0.5,,,,frob,0.9,0.3238,-0.5762,False,results/posterior/cnn-9_cifar10_learnt_gaussian_sig0.03_bounded-pmin1e-05_epoch50_bs250_lr0.001_mon0.95_dp0.2_objective-channel_norm-chan1.0-bec-outage0.5-kl0.1_perc-pri0.5_epoch-pri70_bs-pri250_lr-pri0.005_mom-pri0.99_dp-pri0.2_seed7/bounds/bec-outage0.5_chan-layer4_mcsamples500_norm-frob_seed7_bounds.json
cnn-9,cifar10,50,channel_gradient,0.01,0.01,rayleigh_zf,,1.0,0.1,10.0,frob,0.362,0.3829,0.02090000000000003,True,results/posterior/cnn-9_cifar10_learnt_gaussian_sig0.03_bounded-pmin1e-05_epoch50_bs250_lr0.001_mon0.95_dp0.2_objective-channel_gradient-chan0.01-rayleigh-zf-tx1.0-noise0.1-kl0.01_perc-pri0.5_epoch-pri70_bs-pri250_lr-pri0.005_mom-pri0.99_dp-pri0.2_seed7/bounds/rayleigh-zf-tx1.0-noise0.1_chan-layer4_mcsamples500_norm-frob_seed7_bounds.json
cnn-4,mnist,50,channel_norm,0.1,0.1,bec,0.5,,,,frob,0.8831,0.018299999999999983,-0.8648,True,results/posterior/cnn-4_mnist_learnt_gaussian_sig0.03_bounded-pmin1e-05_epoch50_bs250_lr0.001_mon0.95_dp0.2_objective-channel_norm-chan0.1-bec-outage0.5-kl0.1_perc-pri0.5_epoch-pri70_bs-pri250_lr-pri0.005_mom-pri0.99_dp-pri0.2_seed7/bounds/bec-outage0.5_chan-layer2_mcsamples500_norm-frob_seed7_bounds.json
cnn-4,mnist,20,channel_gradient,1.0,1.0,bec,0.5,,,,frob,0.031000000000000028,0.017900000000000027,-0.0131,True,results/posterior/cnn-4_mnist_learnt_gaussian_sig0.03_bounded-pmin1e-05_epoch20_bs250_lr0.001_mon0.95_dp0.2_objective-channel_gradient-chan1.0-bec-outage0.5-kl1.0_perc-pri0.5_epoch-pri70_bs-pri250_lr-pri0.005_mom-pri0.99_dp-pri0.2_seed7/bounds/bec-outage0.5_chan-layer2_mcsamples500_norm-frob_seed7_bounds.json
cnn-4,mnist,20,channel_gradient,0.1,1.0,rayleigh_zf,,1.0,1.0,0.0,frob,0.266,0.28959999999999997,0.023599999999999954,False,results/posterior/cnn-4_mnist_learnt_gaussian_sig0.03_bounded-pmin1e-05_epoch20_bs250_lr0.001_mon0.95_dp0.2_objective-channel_gradient-chan0.1-rayleigh-zf-tx1.0-noise1.0-kl1.0_perc-pri0.5_epoch-pri70_bs-pri250_lr-pri0.005_mom-pri0.99_dp-pri0.2_seed7/bounds/rayleigh-zf-tx1.0-noise1.0_chan-layer2_mcsamples500_norm-frob_seed7_bounds.json
cnn-4,mnist,30,channel_gradient,1.0,0.1,rayleigh_zf,,1.0,1.0,0.0,frob,0.2844,0.3106,0.0262,False,results/posterior/cnn-4_mnist_learnt_gaussian_sig0.03_bounded-pmin1e-05_epoch30_bs250_lr0.001_mon0.95_dp0.2_objective-channel_gradient-chan1.0-rayleigh-zf-tx1.0-noise1.0-kl0.1_perc-pri0.5_epoch-pri70_bs-pri250_lr-pri0.005_mom-pri0.99_dp-pri0.2_seed7/bounds/rayleigh-zf-tx1.0-noise1.0_chan-layer2_mcsamples500_norm-frob_seed7_bounds.json
cnn-9,cifar10,30,channel_gradient,1.0,0.1,rayleigh_zf,,1.0,0.1,10.0,frob,0.3577,,,True,results/posterior/cnn-9_cifar10_learnt_gaussian_sig0.03_bounded-pmin1e-05_epoch30_bs250_lr0.001_mon0.95_dp0.2_objective-channel_gradient-chan1.0-rayleigh-zf-tx1.0-noise0.1-kl0.1_perc-pri0.5_epoch-pri70_bs-pri250_lr-pri0.005_mom-pri0.99_dp-pri0.2_seed7/bounds/rayleigh-zf-tx1.0-noise0.1_chan-layer4_mcsamples500_norm-frob_seed7_bounds.json
cnn-4,mnist,50,channel_norm,0.1,1.0,bec,0.5,,,,frob,0.6837,0.018299999999999983,-0.6654,True,results/posterior/cnn-4_mnist_learnt_gaussian_sig0.03_bounded-pmin1e-05_epoch50_bs250_lr0.001_mon0.95_dp0.2_objective-channel_norm-chan0.1-bec-outage0.5-kl1.0_perc-pri0.5_epoch-pri70_bs-pri250_lr-pri0.005_mom-pri0.99_dp-pri0.2_seed7/bounds/bec-outage0.5_chan-layer2_mcsamples500_norm-frob_seed7_bounds.json
cnn-9,cifar10,50,channel_norm,0.01,0.1,bec,0.5,,,,frob,0.9,0.3238,-0.5762,False,results/posterior/cnn-9_cifar10_learnt_gaussian_sig0.03_bounded-pmin1e-05_epoch50_bs250_lr0.001_mon0.95_dp0.2_objective-channel_norm-chan0.01-bec-outage0.5-kl0.1_perc-pri0.5_epoch-pri70_bs-pri250_lr-pri0.005_mom-pri0.99_dp-pri0.2_seed7/bounds/bec-outage0.5_chan-layer4_mcsamples500_norm-frob_seed7_bounds.json
cnn-4,mnist,20,channel_gradient,0.1,1.0,bec,0.1,,,,frob,0.014800000000000035,0.01319999999999999,-0.0016000000000000458,True,results/posterior/cnn-4_mnist_learnt_gaussian_sig0.03_bounded-pmin1e-05_epoch20_bs250_lr0.001_mon0.95_dp0.2_objective-channel_gradient-chan0.1-bec-outage0.1-kl1.0_perc-pri0.5_epoch-pri70_bs-pri250_lr-pri0.005_mom-pri0.99_dp-pri0.2_seed7/bounds/bec-outage0.1_chan-layer2_mcsamples500_norm-frob_seed7_bounds.json
cnn-4,mnist,10,channel_gradient,0.01,0.01,bec,0.1,,,,frob,0.01319999999999999,0.013499999999999956,0.00029999999999996696,True,results/posterior/cnn-4_mnist_learnt_gaussian_sig0.03_bounded-pmin1e-05_epoch10_bs250_lr0.001_mon0.95_dp0.2_objective-channel_gradient-chan0.01-bec-outage0.1-kl0.01_perc-pri0.5_epoch-pri70_bs-pri250_lr-pri0.005_mom-pri0.99_dp-pri0.2_seed7/bounds/bec-outage0.1_chan-layer2_mcsamples500_norm-frob_seed7_bounds.json
cnn-9,cifar10,10,channel_norm,0.01,0.01,rayleigh_zf,,1.0,0.1,10.0,frob,0.9,0.3752,-0.5248,False,results/posterior/cnn-9_cifar10_learnt_gaussian_sig0.03_bounded-pmin1e-05_epoch10_bs250_lr0.001_mon0.95_dp0.2_objective-channel_norm-chan0.01-rayleigh-zf-tx1.0-noise0.1-kl0.01_perc-pri0.5_epoch-pri70_bs-pri250_lr-pri0.005_mom-pri0.99_dp-pri0.2_seed7/bounds/rayleigh-zf-tx1.0-noise0.1_chan-layer4_mcsamples500_norm-frob_seed7_bounds.json
cnn-9,cifar10,20,channel_gradient,0.01,1.0,rayleigh_zf,,1.0,1.0,0.0,frob,0.4938,0.5969,0.10309999999999997,True,results/posterior/cnn-9_cifar10_learnt_gaussian_sig0.03_bounded-pmin1e-05_epoch20_bs250_lr0.001_mon0.95_dp0.2_objective-channel_gradient-chan0.01-rayleigh-zf-tx1.0-noise1.0-kl1.0_perc-pri0.5_epoch-pri70_bs-pri250_lr-pri0.005_mom-pri0.99_dp-pri0.2_seed7/bounds/rayleigh-zf-tx1.0-noise1.0_chan-layer4_mcsamples500_norm-frob_seed7_bounds.json
cnn-4,mnist,10,channel_norm,0.01,0.01,rayleigh_zf,,1.0,1.0,0.0,frob,0.5459,0.2764,-0.2695000000000001,True,results/posterior/cnn-4_mnist_learnt_gaussian_sig0.03_bounded-pmin1e-05_epoch10_bs250_lr0.001_mon0.95_dp0.2_objective-channel_norm-chan0.01-rayleigh-zf-tx1.0-noise1.0-kl0.01_perc-pri0.5_epoch-pri70_bs-pri250_lr-pri0.005_mom-pri0.99_dp-pri0.2_seed7/bounds/rayleigh-zf-tx1.0-noise1.0_chan-layer2_mcsamples500_norm-frob_seed7_bounds.json
cnn-4,mnist,50,channel_norm,1.0,1.0,bec,0.5,,,,frob,0.902,0.018299999999999983,-0.8837,False,results/posterior/cnn-4_mnist_learnt_gaussian_sig0.03_bounded-pmin1e-05_epoch50_bs250_lr0.001_mon0.95_dp0.2_objective-channel_norm-chan1.0-bec-outage0.5-kl1.0_perc-pri0.5_epoch-pri70_bs-pri250_lr-pri0.005_mom-pri0.99_dp-pri0.2_seed7/bounds/bec-outage0.5_chan-layer2_mcsamples500_norm-frob_seed7_bounds.json
fcn-4,mnist,20,channel_gradient,0.1,0.1,rayleigh_zf,,1.0,1.0,0.0,frob,0.10209999999999997,0.10629999999999995,0.0041999999999999815,True,results/posterior/fcn-4_mnist_learnt_gaussian_sig0.03_bounded-pmin1e-05_epoch20_bs250_lr0.001_mon0.95_dp0.2_objective-channel_gradient-chan0.1-rayleigh-zf-tx1.0-noise1.0-kl0.1_perc-pri0.5_epoch-pri20_bs-pri250_lr-pri0.005_mom-pri0.99_dp-pri0.2_seed7/bounds/rayleigh-zf-tx1.0-noise1.0_chan-layer2_mcsamples500_norm-frob_seed7_bounds.json
cnn-4,mnist,30,channel_norm,0.1,0.01,bec,0.5,,,,frob,0.8865,0.019499999999999962,-0.867,True,results/posterior/cnn-4_mnist_learnt_gaussian_sig0.03_bounded-pmin1e-05_epoch30_bs250_lr0.001_mon0.95_dp0.2_objective-channel_norm-chan0.1-bec-outage0.5-kl0.01_perc-pri0.5_epoch-pri70_bs-pri250_lr-pri0.005_mom-pri0.99_dp-pri0.2_seed7/bounds/bec-outage0.5_chan-layer2_mcsamples500_norm-frob_seed7_bounds.json
fcn-4,mnist,10,channel_gradient,0.1,0.01,bec,0.5,,,,frob,0.033499999999999974,0.03380000000000005,0.000300000000000078,True,results/posterior/fcn-4_mnist_learnt_gaussian_sig0.03_bounded-pmin1e-05_epoch10_bs250_lr0.001_mon0.95_dp0.2_objective-channel_gradient-chan0.1-bec-outage0.5-kl0.01_perc-pri0.5_epoch-pri20_bs-pri250_lr-pri0.005_mom-pri0.99_dp-pri0.2_seed7/bounds/bec-outage0.5_chan-layer2_mcsamples500_norm-frob_seed7_bounds.json
fcn-4,mnist,20,channel_norm,0.1,1.0,bec,0.5,,,,frob,0.05620000000000003,0.03320000000000001,-0.02300000000000002,True,results/posterior/fcn-4_mnist_learnt_gaussian_sig0.03_bounded-pmin1e-05_epoch20_bs250_lr0.001_mon0.95_dp0.2_objective-channel_norm-chan0.1-bec-outage0.5-kl1.0_perc-pri0.5_epoch-pri20_bs-pri250_lr-pri0.005_mom-pri0.99_dp-pri0.2_seed7/bounds/bec-outage0.5_chan-layer2_mcsamples500_norm-frob_seed7_bounds.json
fcn-4,mnist,30,channel_norm,1.0,0.01,bec,0.5,,,,frob,0.8996999999999999,,,True,results/posterior/fcn-4_mnist_learnt_gaussian_sig0.03_bounded-pmin1e-05_epoch30_bs250_lr0.001_mon0.95_dp0.2_objective-channel_norm-chan1.0-bec-outage0.5-kl0.01_perc-pri0.5_epoch-pri20_bs-pri250_lr-pri0.005_mom-pri0.99_dp-pri0.2_seed7/bounds/bec-outage0.5_chan-layer2_mcsamples500_norm-frob_seed7_bounds.json
cnn-9,cifar10,50,channel_norm,0.1,1.0,rayleigh_zf,,1.0,0.1,10.0,frob,0.9,0.3829,-0.5171,False,results/posterior/cnn-9_cifar10_learnt_gaussian_sig0.03_bounded-pmin1e-05_epoch50_bs250_lr0.001_mon0.95_dp0.2_objective-channel_norm-chan0.1-rayleigh-zf-tx1.0-noise0.1-kl1.0_perc-pri0.5_epoch-pri70_bs-pri250_lr-pri0.005_mom-pri0.99_dp-pri0.2_seed7/bounds/rayleigh-zf-tx1.0-noise0.1_chan-layer4_mcsamples500_norm-frob_seed7_bounds.json
fcn-4,mnist,10,channel_norm,1.0,0.1,rayleigh_zf,,1.0,1.0,0.0,frob,0.8951,0.10240000000000005,-0.7927,True,results/posterior/fcn-4_mnist_learnt_gaussian_sig0.03_bounded-pmin1e-05_epoch10_bs250_lr0.001_mon0.95_dp0.2_objective-channel_norm-chan1.0-rayleigh-zf-tx1.0-noise1.0-kl0.1_perc-pri0.5_epoch-pri20_bs-pri250_lr-pri0.005_mom-pri0.99_dp-pri0.2_seed7/bounds/rayleigh-zf-tx1.0-noise1.0_chan-layer2_mcsamples500_norm-frob_seed7_bounds.json
fcn-4,mnist,10,channel_gradient,1.0,0.01,rayleigh_zf,,1.0,0.1,10.0,frob,0.040200000000000014,0.03610000000000002,-0.0040999999999999925,True,results/posterior/fcn-4_mnist_learnt_gaussian_sig0.03_bounded-pmin1e-05_epoch10_bs250_lr0.001_mon0.95_dp0.2_objective-channel_gradient-chan1.0-rayleigh-zf-tx1.0-noise0.1-kl0.01_perc-pri0.5_epoch-pri20_bs-pri250_lr-pri0.005_mom-pri0.99_dp-pri0.2_seed7/bounds/rayleigh-zf-tx1.0-noise0.1_chan-layer2_mcsamples500_norm-frob_seed7_bounds.json
cnn-9,cifar10,30,channel_norm,0.1,0.01,bec,0.1,,,,frob,0.9,,,False,results/posterior/cnn-9_cifar10_learnt_gaussian_sig0.03_bounded-pmin1e-05_epoch30_bs250_lr0.001_mon0.95_dp0.2_objective-channel_norm-chan0.1-bec-outage0.1-kl0.01_perc-pri0.5_epoch-pri70_bs-pri250_lr-pri0.005_mom-pri0.99_dp-pri0.2_seed7/bounds/bec-outage0.1_chan-layer4_mcsamples500_norm-frob_seed7_bounds.json
fcn-4,mnist,30,channel_gradient,1.0,0.01,rayleigh_zf,,1.0,1.0,0.0,frob,0.11560000000000004,,,True,results/posterior/fcn-4_mnist_learnt_gaussian_sig0.03_bounded-pmin1e-05_epoch30_bs250_lr0.001_mon0.95_dp0.2_objective-channel_gradient-chan1.0-rayleigh-zf-tx1.0-noise1.0-kl0.01_perc-pri0.5_epoch-pri20_bs-pri250_lr-pri0.005_mom-pri0.99_dp-pri0.2_seed7/bounds/rayleigh-zf-tx1.0-noise1.0_chan-layer2_mcsamples500_norm-frob_seed7_bounds.json
fcn-4,mnist,10,channel_norm,1.0,1.0,bec,0.5,,,,frob,0.8053,0.03380000000000005,-0.7715,True,results/posterior/fcn-4_mnist_learnt_gaussian_sig0.03_bounded-pmin1e-05_epoch10_bs250_lr0.001_mon0.95_dp0.2_objective-channel_norm-chan1.0-bec-outage0.5-kl1.0_perc-pri0.5_epoch-pri20_bs-pri250_lr-pri0.005_mom-pri0.99_dp-pri0.2_seed7/bounds/bec-outage0.5_chan-layer2_mcsamples500_norm-frob_seed7_bounds.json
cnn-9,cifar10,30,channel_norm,0.01,0.01,bec,0.5,,,,frob,0.9,,,False,results/posterior/cnn-9_cifar10_learnt_gaussian_sig0.03_bounded-pmin1e-05_epoch30_bs250_lr0.001_mon0.95_dp0.2_objective-channel_norm-chan0.01-bec-outage0.5-kl0.01_perc-pri0.5_epoch-pri70_bs-pri250_lr-pri0.005_mom-pri0.99_dp-pri0.2_seed7/bounds/bec-outage0.5_chan-layer4_mcsamples500_norm-frob_seed7_bounds.json
fcn-4,mnist,20,channel_norm,0.1,0.1,bec,0.5,,,,frob,0.8649,0.03320000000000001,-0.8317,True,results/posterior/fcn-4_mnist_learnt_gaussian_sig0.03_bounded-pmin1e-05_epoch20_bs250_lr0.001_mon0.95_dp0.2_objective-channel_norm-chan0.1-bec-outage0.5-kl0.1_perc-pri0.5_epoch-pri20_bs-pri250_lr-pri0.005_mom-pri0.99_dp-pri0.2_seed7/bounds/bec-outage0.5_chan-layer2_mcsamples500_norm-frob_seed7_bounds.json
cnn-9,cifar10,30,channel_gradient,0.1,0.1,rayleigh_zf,,1.0,0.1,10.0,frob,0.35340000000000005,,,True,results/posterior/cnn-9_cifar10_learnt_gaussian_sig0.03_bounded-pmin1e-05_epoch30_bs250_lr0.001_mon0.95_dp0.2_objective-channel_gradient-chan0.1-rayleigh-zf-tx1.0-noise0.1-kl0.1_perc-pri0.5_epoch-pri70_bs-pri250_lr-pri0.005_mom-pri0.99_dp-pri0.2_seed7/bounds/rayleigh-zf-tx1.0-noise0.1_chan-layer4_mcsamples500_norm-frob_seed7_bounds.json
fcn-4,mnist,30,channel_norm,0.1,1.0,rayleigh_zf,,1.0,0.1,10.0,frob,0.03959999999999997,,,True,results/posterior/fcn-4_mnist_learnt_gaussian_sig0.03_bounded-pmin1e-05_epoch30_bs250_lr0.001_mon0.95_dp0.2_objective-channel_norm-chan0.1-rayleigh-zf-tx1.0-noise0.1-kl1.0_perc-pri0.5_epoch-pri20_bs-pri250_lr-pri0.005_mom-pri0.99_dp-pri0.2_seed7/bounds/rayleigh-zf-tx1.0-noise0.1_chan-layer2_mcsamples500_norm-frob_seed7_bounds.json
fcn-4,mnist,20,channel_norm,0.01,1.0,bec,0.5,,,,frob,0.04059999999999997,0.03320000000000001,-0.007399999999999962,True,results/posterior/fcn-4_mnist_learnt_gaussian_sig0.03_bounded-pmin1e-05_epoch20_bs250_lr0.001_mon0.95_dp0.2_objective-channel_norm-chan0.01-bec-outage0.5-kl1.0_perc-pri0.5_epoch-pri20_bs-pri250_lr-pri0.005_mom-pri0.99_dp-pri0.2_seed7/bounds/bec-outage0.5_chan-layer2_mcsamples500_norm-frob_seed7_bounds.json
fcn-4,mnist,10,channel_gradient,0.1,0.01,rayleigh_zf,,1.0,1.0,0.0,frob,0.10389999999999999,0.10240000000000005,-0.0014999999999999458,True,results/posterior/fcn-4_mnist_learnt_gaussian_sig0.03_bounded-pmin1e-05_epoch10_bs250_lr0.001_mon0.95_dp0.2_objective-channel_gradient-chan0.1-rayleigh-zf-tx1.0-noise1.0-kl0.01_perc-pri0.5_epoch-pri20_bs-pri250_lr-pri0.005_mom-pri0.99_dp-pri0.2_seed7/bounds/rayleigh-zf-tx1.0-noise1.0_chan-layer2_mcsamples500_norm-frob_seed7_bounds.json
fcn-4,mnist,50,channel_gradient,0.1,1.0,bec,0.1,,,,frob,0.028699999999999948,0.024599999999999955,-0.0040999999999999925,True,results/posterior/fcn-4_mnist_learnt_gaussian_sig0.03_bounded-pmin1e-05_epoch50_bs250_lr0.001_mon0.95_dp0.2_objective-channel_gradient-chan0.1-bec-outage0.1-kl1.0_perc-pri0.5_epoch-pri20_bs-pri250_lr-pri0.005_mom-pri0.99_dp-pri0.2_seed7/bounds/bec-outage0.1_chan-layer2_mcsamples500_norm-frob_seed7_bounds.json
fcn-4,mnist,50,channel_gradient,0.1,0.01,rayleigh_zf,,1.0,0.1,10.0,frob,0.0393,0.035599999999999965,-0.0037000000000000366,True,results/posterior/fcn-4_mnist_learnt_gaussian_sig0.03_bounded-pmin1e-05_epoch50_bs250_lr0.001_mon0.95_dp0.2_objective-channel_gradient-chan0.1-rayleigh-zf-tx1.0-noise0.1-kl0.01_perc-pri0.5_epoch-pri20_bs-pri250_lr-pri0.005_mom-pri0.99_dp-pri0.2_seed7/bounds/rayleigh-zf-tx1.0-noise0.1_chan-layer2_mcsamples500_norm-frob_seed7_bounds.json
cnn-4,mnist,20,channel_norm,0.01,1.0,bec,0.5,,,,frob,0.028100000000000014,0.017900000000000027,-0.010199999999999987,True,results/posterior/cnn-4_mnist_learnt_gaussian_sig0.03_bounded-pmin1e-05_epoch20_bs250_lr0.001_mon0.95_dp0.2_objective-channel_norm-chan0.01-bec-outage0.5-kl1.0_perc-pri0.5_epoch-pri70_bs-pri250_lr-pri0.005_mom-pri0.99_dp-pri0.2_seed7/bounds/bec-outage0.5_chan-layer2_mcsamples500_norm-frob_seed7_bounds.json
cnn-9,cifar10,50,channel_norm,0.1,0.01,bec,0.5,,,,frob,0.9,0.3238,-0.5762,False,results/posterior/cnn-9_cifar10_learnt_gaussian_sig0.03_bounded-pmin1e-05_epoch50_bs250_lr0.001_mon0.95_dp0.2_objective-channel_norm-chan0.1-bec-outage0.5-kl0.01_perc-pri0.5_epoch-pri70_bs-pri250_lr-pri0.005_mom-pri0.99_dp-pri0.2_seed7/bounds/bec-outage0.5_chan-layer4_mcsamples500_norm-frob_seed7_bounds.json
cnn-4,mnist,50,channel_norm,0.1,1.0,rayleigh_zf,,1.0,0.1,10.0,frob,0.06479999999999997,0.08420000000000005,0.019400000000000084,True,results/posterior/cnn-4_mnist_learnt_gaussian_sig0.03_bounded-pmin1e-05_epoch50_bs250_lr0.001_mon0.95_dp0.2_objective-channel_norm-chan0.1-rayleigh-zf-tx1.0-noise0.1-kl1.0_perc-pri0.5_epoch-pri70_bs-pri250_lr-pri0.005_mom-pri0.99_dp-pri0.2_seed7/bounds/rayleigh-zf-tx1.0-noise0.1_chan-layer2_mcsamples500_norm-frob_seed7_bounds.json
