{
    "train_loss": [
        0.8905249834060669,
        0.21526986360549927,
        0.11848676949739456,
        0.0858936458826065,
        0.0644075945019722,
        0.0518784336745739,
        0.04069802537560463,
        0.0353400893509388,
        0.02714438922703266,
        0.026110466569662094,
        0.02182849310338497,
        0.021610714495182037,
        0.019141241908073425,
        0.017184393480420113,
        0.015666743740439415,
        0.013454180210828781,
        0.013227819465100765,
        0.011895956471562386,
        0.011990854516625404,
        0.010370001196861267,
        0.01014041155576706,
        0.00960199348628521,
        0.008322903886437416,
        0.007520763203501701,
        0.009156777523458004,
        0.009553018026053905,
        0.007765892427414656,
        0.006674328353255987,
        0.005994859617203474,
        0.005172540433704853,
        0.004855661652982235,
        0.005916808266192675,
        0.005959709174931049,
        0.004531854297965765,
        0.0032935808412730694,
        0.004330214112997055,
        0.0046974061988294125,
        0.005038907285779715,
        0.003971454221755266,
        0.004916931502521038,
        0.005601853597909212,
        0.004406971391290426,
        0.004211678635329008,
        0.004536707419902086,
        0.003968567121773958,
        0.004512111656367779,
        0.0031887402292340994,
        0.003605765290558338,
        0.0037331448402255774,
        0.004215671680867672,
        0.0030599571764469147,
        0.0034556961618363857,
        0.0028517756145447493,
        0.0036186426877975464,
        0.0033783281687647104,
        0.0028048029635101557,
        0.0028524533845484257,
        0.0034002221655100584,
        0.0019626328721642494,
        0.0027196044102311134,
        0.0030182853806763887,
        0.002869865158572793,
        0.002302007982507348,
        0.0026152394711971283,
        0.002800657879561186,
        0.0033280611969530582,
        0.0030611655674874783,
        0.002741457661613822,
        0.0026039117947220802,
        0.0031965733505785465
    ],
    "train_error": [
        0.2527666666666667,
        0.06279999999999997,
        0.0349666666666667,
        0.025766666666666715,
        0.019233333333333325,
        0.015133333333333332,
        0.013533333333333286,
        0.010766666666666702,
        0.00886666666666669,
        0.0077666666666666995,
        0.0077666666666666995,
        0.007099999999999995,
        0.006133333333333324,
        0.00539999999999996,
        0.005066666666666664,
        0.004666666666666708,
        0.004533333333333278,
        0.0040000000000000036,
        0.0040000000000000036,
        0.0032333333333333103,
        0.0031333333333333213,
        0.0030333333333333323,
        0.0029000000000000137,
        0.0027333333333333654,
        0.0030333333333333323,
        0.0028333333333333544,
        0.002766666666666695,
        0.002366666666666628,
        0.0018000000000000238,
        0.0019000000000000128,
        0.0016333333333333755,
        0.0022333333333333094,
        0.0020000000000000018,
        0.0017333333333333645,
        0.0010666666666666602,
        0.0013333333333332975,
        0.0014999999999999458,
        0.0018666666666666831,
        0.0012666666666666382,
        0.0016000000000000458,
        0.0018333333333333535,
        0.0016666666666667052,
        0.0013999999999999568,
        0.0013999999999999568,
        0.0012333333333333085,
        0.0014333333333332865,
        0.0012999999999999678,
        0.0012999999999999678,
        0.0012333333333333085,
        0.0012333333333333085,
        0.0010000000000000009,
        0.0011999999999999789,
        0.0008333333333333526,
        0.0011333333333333195,
        0.0010999999999999899,
        0.0009666666666666712,
        0.0009333333333333416,
        0.0011999999999999789,
        0.00046666666666661527,
        0.0010999999999999899,
        0.0010666666666666602,
        0.0010000000000000009,
        0.0007000000000000339,
        0.0007000000000000339,
        0.0009000000000000119,
        0.0012666666666666382,
        0.0010999999999999899,
        0.0010000000000000009,
        0.0009000000000000119,
        0.0011666666666666492
    ],
    "test_error": 0.011199999999999988
}