{
    "train_loss": [
        0.007959811697704329,
        0.007511652246224306,
        0.007227643940132112,
        0.007192053530585932,
        0.0069889343524361415,
        0.006705251723421194,
        0.006729124515065147,
        0.006368179667333607,
        0.006432449876471461,
        0.006306602726544952
    ],
    "train_error": [
        0.021150000000000026,
        0.02071666666666666,
        0.020033333333333347,
        0.019416666666666676,
        0.019316666666666694,
        0.018266666666666674,
        0.01861666666666668,
        0.01791666666666668,
        0.018050000000000024,
        0.017833333333333347
    ],
    "train_kl": [
        1.0001584996643942e-05,
        4.812085171579383e-05,
        0.00010892795398831367,
        0.0001801096514100209,
        0.0002531716600060463,
        0.0003251854795962572,
        0.0004073996969964355,
        0.0004809621023014188,
        0.000564738642424345,
        0.0006532486877404153
    ]
}