{
    "risk_certificate_ce": 0.05722338851313658,
    "risk_certificate_01": 0.0733075626781137,
    "kl_divergence": 0.00020068394343058268,
    "train_nll_loss": 0.05092792608656057,
    "train_01_error": 0.0662257299047744,
    "stochastic_loss": {},
    "stochastic_01_error": 0.011700000000000044,
    "posterior_mean_loss": {},
    "posterior_mean_01_error": 0.00990000000000002,
    "ensemble_loss": {},
    "ensemble_01_error": 0.010000000000000009,
    "prior_01_error": 0.010099999999999998
}