{
    "risk_certificate_ce": 0.026833744997302733,
    "risk_certificate_01": 0.039651704275640715,
    "train_nll_loss": 0.023825137981688695,
    "train_01_error": 0.03600492285793076,
    "train_obj": 0.023825137981688695,
    "stochastic_loss": 0.5990152359008789,
    "stochastic_01_error": 0.721,
    "posterior_mean_loss": 0.014214269816875458,
    "posterior_mean_01_error": 0.7142,
    "ensemble_loss": 0.014840510487556458,
    "ensemble_01_error": 0.8279,
    "errornet0": 0.011199999999999988,
    "dimension": 9216.0
}