{
    "train_loss": [
        0.05993422923609614,
        0.05548241441138089,
        0.05199765880592167,
        0.04910412109456956,
        0.04740347750484943,
        0.0460090347006917,
        0.0450468347966671,
        0.04340799507685006,
        0.043318887604400516,
        0.042595392586663366
    ],
    "train_error": [
        0.15081999999999987,
        0.14885999999999996,
        0.14883999999999997,
        0.14695999999999995,
        0.1448799999999999,
        0.14685999999999994,
        0.14479999999999998,
        0.14273999999999995,
        0.14355999999999994,
        0.14356000000000005
    ],
    "train_kl": [
        9.556859844211827e-05,
        0.0005594559741439297,
        0.0012918006916879676,
        0.0021512141870334745,
        0.003068788684904575,
        0.004003235797863453,
        0.004961495995521545,
        0.005872445376589894,
        0.0067405547248199586,
        0.0076407612743787465
    ]
}