{
    "train_loss": [
        0.20042757311215004,
        0.19042402642468612,
        0.16478088423609732,
        0.11380540405710539,
        0.08507182147974769,
        0.06863587357414265,
        0.061539325614770254,
        0.05621679873826603,
        0.05269115522193412,
        0.05042590461671352
    ],
    "train_error": [
        0.8794333333333337,
        0.7946166666666664,
        0.6188999999999999,
        0.4264500000000001,
        0.3275500000000002,
        0.2619833333333331,
        0.23101666666666665,
        0.20981666666666668,
        0.19375,
        0.18486666666666648
    ],
    "train_kl": [
        0.00013477080183961037,
        0.0009211620252851086,
        0.0034975357964867728,
        0.010641003054721902,
        0.018644391225340465,
        0.02470004471639792,
        0.029526861322422823,
        0.033719803439453244,
        0.0374752738357832,
        0.04093121313489974
    ],
    "kl_final": 2556.71875
}