{
    "train_loss": [
        0.20042767841368914,
        0.19042376844833295,
        0.16477705705910922,
        0.11380166995028655,
        0.08507015796688695,
        0.06863603188345829,
        0.06153613782177369,
        0.05621485157559315,
        0.05269249683866898,
        0.05042681750686218
    ],
    "train_error": [
        0.8794333333333335,
        0.7945999999999994,
        0.618733333333333,
        0.4264500000000001,
        0.3276333333333334,
        0.26194999999999985,
        0.2309666666666666,
        0.2098666666666667,
        0.19375,
        0.18481666666666652
    ],
    "train_kl": [
        0.00013477124235014814,
        0.000921181069376568,
        0.0034979334367866008,
        0.010641721032637481,
        0.018644840530275056,
        0.024700792521859208,
        0.029527781686435144,
        0.033720229069391885,
        0.037475336839755374,
        0.040930668854465085
    ]
}