{
    "train_loss": [
        0.20154814176261426,
        0.20118253879249096,
        0.2009571324288845,
        0.20068809680640698,
        0.2008187212049961,
        0.2005529446154833,
        0.20033785685896874,
        0.20037193931639194,
        0.2003250302374363,
        0.2003273817151785
    ],
    "train_error": [
        0.8990199999999998,
        0.9008199999999998,
        0.8994199999999999,
        0.8991199999999998,
        0.8995199999999999,
        0.8969599999999995,
        0.897759999999999,
        0.8981399999999994,
        0.89818,
        0.8984399999999997
    ],
    "train_kl": [
        1.2639314326780352e-05,
        6.4421678398503e-05,
        0.00013068372809357242,
        0.00019522830705682282,
        0.0002633238436828833,
        0.00033724056382197884,
        0.00040315144826308825,
        0.000465902054856997,
        0.0005262571913772263,
        0.0005908508240827359
    ]
}