Model,Dataset,Epochs,Channel Type,Channel Param,Norm Type,Objective,Learning Rate,KL Penalty,Chan Penalty,Pop Loss CE (MC),Pop Err 01 (MC),Risk CE (LHS),Bound CE (RHS),Valid CE,Eff CE,Emp Loss CE,Risk 01 (LHS),Bound 01 (RHS),Valid 01,Eff 01,Emp Err 01,KL Term,Channel Term,Lipschitz,Dimension,Train Loss CE,Pop Loss CE,Pop Loss CE (Wired),Train Err 01,Pop Err 01,Pop Err 01 (Wired),Folder,File
fcn-4,mnist,5.0,bec,outage 0.1,frob,channel_grad,0.001,0.01,0.01,0.009175646118819714,0.0278342,0.009275079518556596,0.5953929424285889,✓,?,0.03138488312090579,0.028200000000000003,0.5692546367645264,✓,?,0.057523153915700745,7.957000255584717,0.4882843975746255,0.06315317004919052,600.0,0.009649517014622688,0.009275079518556596,0.009462914615869521,0.02699279999999998,0.028200000000000003,0.027000000000000024,fcn-4_mnist_learnt_gaussian_sig0.03_bounded-pmin1e-05_epoch5_bs250_lr0.001_mon0.95_dp0.2_objective-channel_gradient-chan0.01-bec-outage0.1-frob-kl0.01_perc-pri0.5_epoch-pri20_bs-pri250_lr-pri0.005_mom-pri0.99_dp-pri0.2_seed7,bec-outage0.1_chan-layer2_mcsamples500_norm-frob_seed7_bounds.json
fcn-4,mnist,5.0,bec,outage 0.1,frob,channel_grad,0.001,0.01,0.1,0.008446832187473774,0.026863799999999997,0.008509611338376999,0.8481180667877197,✓,?,0.029484999324901045,0.02729999999999999,0.8228672742843628,✓,?,0.05473574485740991,82.97203063964844,0.4375493716449909,0.05659126117825508,600.0,0.008532608859241009,0.008509611338376999,0.008646158874034882,0.025013600000000018,0.02729999999999999,0.026699999999999946,fcn-4_mnist_learnt_gaussian_sig0.03_bounded-pmin1e-05_epoch5_bs250_lr0.001_mon0.95_dp0.2_objective-channel_gradient-chan0.1-bec-outage0.1-frob-kl0.01_perc-pri0.5_epoch-pri20_bs-pri250_lr-pri0.005_mom-pri0.99_dp-pri0.2_seed7,bec-outage0.1_chan-layer2_mcsamples500_norm-frob_seed7_bounds.json
fcn-4,mnist,5.0,bec,outage 0.1,frob,channel_grad,0.001,0.01,1.0,0.007211396005004644,0.025256999999999998,0.0073253907263278965,7.901753902435303,✓,?,0.025256775070897953,0.025399999999999978,7.8789286613464355,✓,?,0.04808186402038207,1844.3602294921875,0.3070021380782419,0.03970669209957123,600.0,0.006155926734209061,0.0073253907263278965,0.006962790340185166,0.02039280000000001,0.025399999999999978,0.025699999999999945,fcn-4_mnist_learnt_gaussian_sig0.03_bounded-pmin1e-05_epoch5_bs250_lr0.001_mon0.95_dp0.2_objective-channel_gradient-chan1.0-bec-outage0.1-frob-kl0.01_perc-pri0.5_epoch-pri20_bs-pri250_lr-pri0.005_mom-pri0.99_dp-pri0.2_seed7,bec-outage0.1_chan-layer2_mcsamples500_norm-frob_seed7_bounds.json
fcn-4,mnist,5.0,bec,outage 0.1,frob,channel_grad,0.001,0.1,0.01,0.00975568126887083,0.0289108,0.009918299317359925,0.599403977394104,✓,?,0.03256702245426428,0.03059999999999996,0.5726078748703003,✓,?,0.05936312933045941,0.4610234498977661,0.5210577250135006,0.06739196926355362,600.0,0.010357843711972237,0.009918299317359925,0.010056194663047791,0.02831166666666665,0.03059999999999996,0.028200000000000003,fcn-4_mnist_learnt_gaussian_sig0.03_bounded-pmin1e-05_epoch5_bs250_lr0.001_mon0.95_dp0.2_objective-channel_gradient-chan0.01-bec-outage0.1-frob-kl0.1_perc-pri0.5_epoch-pri20_bs-pri250_lr-pri0.005_mom-pri0.99_dp-pri0.2_seed7,bec-outage0.1_chan-layer2_mcsamples500_norm-frob_seed7_bounds.json
fcn-4,mnist,5.0,bec,outage 0.1,frob,channel_grad,0.001,0.1,0.1,0.009397338144481182,0.028260000000000004,0.009513043612241746,0.6025547981262207,✓,?,0.03183603158759128,0.028900000000000037,0.5762984752655029,✓,?,0.05809236631815367,7.160031318664551,0.4981307051396163,0.06442666053771973,600.0,0.009918673895299435,0.009513043612241746,0.00969524383544922,0.027399466666666674,0.028900000000000037,0.027800000000000047,fcn-4_mnist_learnt_gaussian_sig0.03_bounded-pmin1e-05_epoch5_bs250_lr0.001_mon0.95_dp0.2_objective-channel_gradient-chan0.1-bec-outage0.1-frob-kl0.1_perc-pri0.5_epoch-pri20_bs-pri250_lr-pri0.005_mom-pri0.99_dp-pri0.2_seed7,bec-outage0.1_chan-layer2_mcsamples500_norm-frob_seed7_bounds.json
fcn-4,mnist,5.0,bec,outage 0.1,frob,channel_grad,0.001,0.1,1.0,0.008827957324683666,0.028096999999999987,0.0089483842253685,1.6976079940795898,✓,?,0.030507498269707292,0.028800000000000048,1.671410083770752,✓,?,0.056705446018286115,285.5507507324219,0.4580455330334138,0.05924217030405998,600.0,0.009130217134952545,0.0089483842253685,0.008917776495218277,0.026409333333333333,0.028800000000000048,0.027699999999999947,fcn-4_mnist_learnt_gaussian_sig0.03_bounded-pmin1e-05_epoch5_bs250_lr0.001_mon0.95_dp0.2_objective-channel_gradient-chan1.0-bec-outage0.1-frob-kl0.1_perc-pri0.5_epoch-pri20_bs-pri250_lr-pri0.005_mom-pri0.99_dp-pri0.2_seed7,bec-outage0.1_chan-layer2_mcsamples500_norm-frob_seed7_bounds.json
fcn-4,mnist,5.0,bec,outage 0.1,frob,channel_grad,0.001,1.0,0.01,0.009945118799805641,0.029327000000000002,0.010133642703294754,0.6081854104995728,✓,?,0.032933110947040795,0.031200000000000006,0.5811020135879517,✓,?,0.06001651584608818,0.019007056951522827,0.530990326384151,0.06867662072181702,600.0,0.010579344816505909,0.010133642703294754,0.010247039049863816,0.02878186666666668,0.031200000000000006,0.028900000000000037,fcn-4_mnist_learnt_gaussian_sig0.03_bounded-pmin1e-05_epoch5_bs250_lr0.001_mon0.95_dp0.2_objective-channel_gradient-chan0.01-bec-outage0.1-frob-kl1.0_perc-pri0.5_epoch-pri20_bs-pri250_lr-pri0.005_mom-pri0.99_dp-pri0.2_seed7,bec-outage0.1_chan-layer2_mcsamples500_norm-frob_seed7_bounds.json
fcn-4,mnist,5.0,bec,outage 0.1,frob,channel_grad,0.001,1.0,0.1,0.00988531019538641,0.029189400000000008,0.010079893469810485,0.6080366373062134,✓,?,0.0328344705085398,0.031100000000000017,0.581062376499176,✓,?,0.05980873396908558,0.6558383703231812,0.5284494404161731,0.0683479905128479,600.0,0.01051945611834526,0.010079893469810485,0.010186804831027985,0.028632266666666666,0.031100000000000017,0.02849999999999997,fcn-4_mnist_learnt_gaussian_sig0.03_bounded-pmin1e-05_epoch5_bs250_lr0.001_mon0.95_dp0.2_objective-channel_gradient-chan0.1-bec-outage0.1-frob-kl1.0_perc-pri0.5_epoch-pri20_bs-pri250_lr-pri0.005_mom-pri0.99_dp-pri0.2_seed7,bec-outage0.1_chan-layer2_mcsamples500_norm-frob_seed7_bounds.json
fcn-4,mnist,5.0,bec,outage 0.1,frob,channel_grad,0.001,1.0,1.0,0.009659952484071255,0.028882800000000004,0.009887142479419709,0.7583961486816406,✓,?,0.03257514914158925,0.029900000000000038,0.7316396236419678,✓,?,0.0593316618984383,41.09455490112305,0.5141956392832138,0.06650444865226746,600.0,0.01036277785897255,0.009887142479419709,0.009885860234498977,0.028288733333333354,0.029900000000000038,0.02839999999999998,fcn-4_mnist_learnt_gaussian_sig0.03_bounded-pmin1e-05_epoch5_bs250_lr0.001_mon0.95_dp0.2_objective-channel_gradient-chan1.0-bec-outage0.1-frob-kl1.0_perc-pri0.5_epoch-pri20_bs-pri250_lr-pri0.005_mom-pri0.99_dp-pri0.2_seed7,bec-outage0.1_chan-layer2_mcsamples500_norm-frob_seed7_bounds.json
fcn-4,mnist,10.0,bec,outage 0.1,frob,vanilla,0.001,1.0,0.0,0.00872083567082882,0.027061799999999993,0.008582884818315506,0.24101692085378296,✓,-,0.03030767630663866,0.02629999999999999,0.21520004386033664,✓,-,0.05612455330008498,24.68744468688965,0.06700526789924707,0.008666250854730606,600.0,0.009012921713292599,0.008582884818315506,0.009729553759098054,0.025996733333333355,0.02629999999999999,0.028100000000000014,fcn-4_mnist_learnt_gaussian_sig0.03_bounded-pmin1e-05_epoch10_bs250_lr0.001_mon0.95_dp0.2_objective-vanilla_perc-pri0.5_epoch-pri20_bs-pri250_lr-pri0.005_mom-pri0.99_dp-pri0.2_seed7,bec-outage0.1_chan-layer2_mcsamples500_norm-frob_seed7_bounds.json
fcn-4,mnist,10.0,bec,outage 0.1,frob,channel_grad,0.001,0.01,0.01,0.009009218774735928,0.027527799999999995,0.008686941117048264,0.589418888092041,✓,✗,0.031123208903386757,0.027100000000000013,0.5634387731552124,✓,✗,0.057103351046394094,11.271870613098145,0.46919730803756116,0.060684505850076675,600.0,0.00949400570243597,0.008686941117048264,0.009324023127555847,0.026692599999999983,0.027100000000000013,0.028000000000000025,fcn-4_mnist_learnt_gaussian_sig0.03_bounded-pmin1e-05_epoch10_bs250_lr0.001_mon0.95_dp0.2_objective-channel_gradient-chan0.01-bec-outage0.1-frob-kl0.01_perc-pri0.5_epoch-pri20_bs-pri250_lr-pri0.005_mom-pri0.99_dp-pri0.2_seed7,bec-outage0.1_chan-layer2_mcsamples500_norm-frob_seed7_bounds.json
fcn-4,mnist,10.0,bec,outage 0.1,frob,channel_grad,0.001,0.01,0.1,0.008188296109437943,0.026348999999999994,0.007885678857564925,0.9251303672790527,✓,✓,0.02904969593566328,0.025699999999999945,0.9001054167747498,✓,✓,0.05407464133894534,107.93663787841797,0.41330521911456297,0.053455598652362823,600.0,0.008280663751065731,0.007885678857564925,0.008452792465686799,0.02454759999999999,0.025699999999999945,0.02639999999999998,fcn-4_mnist_learnt_gaussian_sig0.03_bounded-pmin1e-05_epoch10_bs250_lr0.001_mon0.95_dp0.2_objective-channel_gradient-chan0.1-bec-outage0.1-frob-kl0.01_perc-pri0.5_epoch-pri20_bs-pri250_lr-pri0.005_mom-pri0.99_dp-pri0.2_seed7,bec-outage0.1_chan-layer2_mcsamples500_norm-frob_seed7_bounds.json
fcn-4,mnist,10.0,bec,outage 0.1,frob,channel_grad,0.001,0.01,1.0,0.006955200340598822,0.0241434,0.0066812969744205475,9.414102554321289,✓,✓,0.0247222026795173,0.022199999999999998,9.392020225524902,✓,✓,0.04680494995042399,2220.23828125,0.286111951569184,0.03700482100248337,600.0,0.005867526400834322,0.0066812969744205475,0.006774085760116577,0.019524266666666668,0.022199999999999998,0.023499999999999965,fcn-4_mnist_learnt_gaussian_sig0.03_bounded-pmin1e-05_epoch10_bs250_lr0.001_mon0.95_dp0.2_objective-channel_gradient-chan1.0-bec-outage0.1-frob-kl0.01_perc-pri0.5_epoch-pri20_bs-pri250_lr-pri0.005_mom-pri0.99_dp-pri0.2_seed7,bec-outage0.1_chan-layer2_mcsamples500_norm-frob_seed7_bounds.json
fcn-4,mnist,10.0,bec,outage 0.1,frob,channel_grad,0.001,0.1,0.01,0.009708909317851067,0.028815399999999998,0.009462112188339233,0.5874195098876953,✓,✗,0.03258766791919906,0.028299999999999992,0.5606667399406433,✓,✗,0.05934044389964728,0.5015145540237427,0.508930622623758,0.06582348793745041,600.0,0.01037027407437563,0.009462112188339233,0.010055353492498397,0.02829493333333337,0.028299999999999992,0.02849999999999997,fcn-4_mnist_learnt_gaussian_sig0.03_bounded-pmin1e-05_epoch10_bs250_lr0.001_mon0.95_dp0.2_objective-channel_gradient-chan0.01-bec-outage0.1-frob-kl0.1_perc-pri0.5_epoch-pri20_bs-pri250_lr-pri0.005_mom-pri0.99_dp-pri0.2_seed7,bec-outage0.1_chan-layer2_mcsamples500_norm-frob_seed7_bounds.json
fcn-4,mnist,10.0,bec,outage 0.1,frob,channel_grad,0.001,0.1,0.1,0.009313056245446205,0.028001800000000007,0.008993228524923324,0.591588020324707,✓,✗,0.031867012406431,0.027599999999999958,0.5654265880584717,✓,✗,0.05802846774586967,7.740253448486328,0.4848590865076551,0.06271015107631683,600.0,0.009937320835888386,0.008993228524923324,0.009674258530139923,0.027353599999999985,0.027599999999999958,0.028299999999999992,fcn-4_mnist_learnt_gaussian_sig0.03_bounded-pmin1e-05_epoch10_bs250_lr0.001_mon0.95_dp0.2_objective-channel_gradient-chan0.1-bec-outage0.1-frob-kl0.1_perc-pri0.5_epoch-pri20_bs-pri250_lr-pri0.005_mom-pri0.99_dp-pri0.2_seed7,bec-outage0.1_chan-layer2_mcsamples500_norm-frob_seed7_bounds.json
fcn-4,mnist,10.0,bec,outage 0.1,frob,channel_grad,0.001,0.1,1.0,0.008428636938333511,0.026973,0.008139215409755707,1.5702134370803833,✓,✓,0.029893520720417576,0.026499999999999968,1.544461965560913,✓,✓,0.05564501566960589,263.07366943359375,0.42347371710348825,0.054770760238170624,600.0,0.008770326152443886,0.008139215409755707,0.008717869222164155,0.02565626666666669,0.026499999999999968,0.02729999999999999,fcn-4_mnist_learnt_gaussian_sig0.03_bounded-pmin1e-05_epoch10_bs250_lr0.001_mon0.95_dp0.2_objective-channel_gradient-chan1.0-bec-outage0.1-frob-kl0.1_perc-pri0.5_epoch-pri20_bs-pri250_lr-pri0.005_mom-pri0.99_dp-pri0.2_seed7,bec-outage0.1_chan-layer2_mcsamples500_norm-frob_seed7_bounds.json
fcn-4,mnist,10.0,bec,outage 0.1,frob,channel_grad,0.001,1.0,0.01,0.009911419823765755,0.0293094,0.009708242118358612,0.599152684211731,✓,✗,0.03296860076013186,0.02859999999999996,0.5720798969268799,✓,✗,0.060041411152134225,0.018062978982925415,0.5219365623293496,0.06750563532114029,600.0,0.01060069166123867,0.009708242118358612,0.01024296209216118,0.028799933333333347,0.02859999999999996,0.028299999999999992,fcn-4_mnist_learnt_gaussian_sig0.03_bounded-pmin1e-05_epoch10_bs250_lr0.001_mon0.95_dp0.2_objective-channel_gradient-chan0.01-bec-outage0.1-frob-kl1.0_perc-pri0.5_epoch-pri20_bs-pri250_lr-pri0.005_mom-pri0.99_dp-pri0.2_seed7,bec-outage0.1_chan-layer2_mcsamples500_norm-frob_seed7_bounds.json
fcn-4,mnist,10.0,bec,outage 0.1,frob,channel_grad,0.001,1.0,0.1,0.00978785939514637,0.029011999999999996,0.009557613730430603,0.5954254269599915,✓,✗,0.03282409764392364,0.028100000000000014,0.5685022473335266,✓,✗,0.05974729531847943,0.6259407997131348,0.516021749856917,0.06674063205718994,600.0,0.010513188317418098,0.009557613730430603,0.010101676732301713,0.028587933333333333,0.028100000000000014,0.028200000000000003,fcn-4_mnist_learnt_gaussian_sig0.03_bounded-pmin1e-05_epoch10_bs250_lr0.001_mon0.95_dp0.2_objective-channel_gradient-chan0.1-bec-outage0.1-frob-kl1.0_perc-pri0.5_epoch-pri20_bs-pri250_lr-pri0.005_mom-pri0.99_dp-pri0.2_seed7,bec-outage0.1_chan-layer2_mcsamples500_norm-frob_seed7_bounds.json
fcn-4,mnist,10.0,bec,outage 0.1,frob,channel_grad,0.001,1.0,1.0,0.009534727782011032,0.0286156,0.009299755841493607,0.7500935792922974,✓,✗,0.03266134722512128,0.028000000000000025,0.7233651876449585,✓,✗,0.0593896684604787,41.75156784057617,0.503152797247359,0.06507620215415955,600.0,0.010414752177894115,0.009299755841493607,0.009750111401081086,0.028330466666666672,0.028000000000000025,0.028299999999999992,fcn-4_mnist_learnt_gaussian_sig0.03_bounded-pmin1e-05_epoch10_bs250_lr0.001_mon0.95_dp0.2_objective-channel_gradient-chan1.0-bec-outage0.1-frob-kl1.0_perc-pri0.5_epoch-pri20_bs-pri250_lr-pri0.005_mom-pri0.99_dp-pri0.2_seed7,bec-outage0.1_chan-layer2_mcsamples500_norm-frob_seed7_bounds.json
fcn-4,mnist,20.0,bec,outage 0.1,frob,vanilla,0.001,1.0,0.0,0.00825298111885786,0.026340600000000002,0.008122899383306504,0.40761455083516585,✓,-,0.028971681264870108,0.02629999999999999,0.3821160681731366,✓,-,0.054470163926899406,65.90060424804688,0.06700526789924707,0.008666250854730606,600.0,0.008235758170485497,0.008122899383306504,0.009177878499031067,0.024826000000000015,0.02629999999999999,0.028100000000000014,fcn-4_mnist_learnt_gaussian_sig0.03_bounded-pmin1e-05_epoch20_bs250_lr0.001_mon0.95_dp0.2_objective-vanilla_perc-pri0.5_epoch-pri20_bs-pri250_lr-pri0.005_mom-pri0.99_dp-pri0.2_seed7,bec-outage0.1_chan-layer2_mcsamples500_norm-frob_seed7_bounds.json
fcn-4,mnist,20.0,bec,outage 0.1,frob,channel_grad,0.001,0.01,0.01,0.008969270624220371,0.027400600000000004,0.009053611755371093,0.5971284267183601,✓,✗,0.031032056957176726,0.027800000000000047,0.5712370920708942,✓,✗,0.05692339160464263,12.30571174621582,0.4728661485193685,0.06115902215242386,600.0,0.009439932182431221,0.009053611755371093,0.008612743765115737,0.026564333333333336,0.027800000000000047,0.02739999999999998,fcn-4_mnist_learnt_gaussian_sig0.03_bounded-pmin1e-05_epoch20_bs250_lr0.001_mon0.95_dp0.2_objective-channel_gradient-chan0.01-bec-outage0.1-frob-kl0.01_perc-pri0.5_epoch-pri20_bs-pri250_lr-pri0.005_mom-pri0.99_dp-pri0.2_seed7,bec-outage0.1_chan-layer2_mcsamples500_norm-frob_seed7_bounds.json
fcn-4,mnist,20.0,bec,outage 0.1,frob,channel_grad,0.001,0.01,0.1,0.008130042813718319,0.026119599999999996,0.008211071789264678,0.9735244512557983,✓,✓,0.028886856486466727,0.02629999999999999,0.948649525642395,✓,✓,0.053761675418539004,120.7295150756836,0.40978554940028256,0.053000375628471375,600.0,0.00818679854273796,0.008211071789264678,0.007683694362640381,0.02432753333333332,0.02629999999999999,0.02529999999999999,fcn-4_mnist_learnt_gaussian_sig0.03_bounded-pmin1e-05_epoch20_bs250_lr0.001_mon0.95_dp0.2_objective-channel_gradient-chan0.1-bec-outage0.1-frob-kl0.01_perc-pri0.5_epoch-pri20_bs-pri250_lr-pri0.005_mom-pri0.99_dp-pri0.2_seed7,bec-outage0.1_chan-layer2_mcsamples500_norm-frob_seed7_bounds.json
fcn-4,mnist,20.0,bec,outage 0.1,frob,channel_grad,0.001,0.01,1.0,0.0071340869180858135,0.02502679999999999,0.007236268371343613,9.873542785644531,✓,✓,0.02463248318085616,0.02529999999999999,9.851583480834961,✓,✓,0.0465913241160777,2331.0693359375,0.29329991450815973,0.03793448954820633,600.0,0.0058195628225803375,0.007236268371343613,0.00649687871336937,0.019379800000000006,0.02529999999999999,0.02429999999999999,fcn-4_mnist_learnt_gaussian_sig0.03_bounded-pmin1e-05_epoch20_bs250_lr0.001_mon0.95_dp0.2_objective-channel_gradient-chan1.0-bec-outage0.1-frob-kl0.01_perc-pri0.5_epoch-pri20_bs-pri250_lr-pri0.005_mom-pri0.99_dp-pri0.2_seed7,bec-outage0.1_chan-layer2_mcsamples500_norm-frob_seed7_bounds.json
fcn-4,mnist,20.0,bec,outage 0.1,frob,channel_grad,0.001,0.1,0.01,0.009695103392004967,0.028818800000000006,0.009774012118577957,0.5943182110786438,✓,✗,0.03255889209229916,0.029100000000000015,0.5676515102386475,✓,✗,0.05922558840591462,0.5098975896835327,0.5159099941940467,0.06672617793083191,600.0,0.010352905839681625,0.009774012118577957,0.009413987398147583,0.02821266666666668,0.029100000000000015,0.02749999999999997,fcn-4_mnist_learnt_gaussian_sig0.03_bounded-pmin1e-05_epoch20_bs250_lr0.001_mon0.95_dp0.2_objective-channel_gradient-chan0.01-bec-outage0.1-frob-kl0.1_perc-pri0.5_epoch-pri20_bs-pri250_lr-pri0.005_mom-pri0.99_dp-pri0.2_seed7,bec-outage0.1_chan-layer2_mcsamples500_norm-frob_seed7_bounds.json
fcn-4,mnist,20.0,bec,outage 0.1,frob,channel_grad,0.001,0.1,0.1,0.009260936640202999,0.027911399999999996,0.009316648542881011,0.6033385992050171,✓,✗,0.03187899832169411,0.027800000000000047,0.5772289633750916,✓,✗,0.057988646157163926,7.836147308349609,0.4962579913023761,0.06418444961309433,600.0,0.009944267570972443,0.009316648542881011,0.008902793377637863,0.027324933333333305,0.027800000000000047,0.027100000000000013,fcn-4_mnist_learnt_gaussian_sig0.03_bounded-pmin1e-05_epoch20_bs250_lr0.001_mon0.95_dp0.2_objective-channel_gradient-chan0.1-bec-outage0.1-frob-kl0.1_perc-pri0.5_epoch-pri20_bs-pri250_lr-pri0.005_mom-pri0.99_dp-pri0.2_seed7,bec-outage0.1_chan-layer2_mcsamples500_norm-frob_seed7_bounds.json
fcn-4,mnist,20.0,bec,outage 0.1,frob,channel_grad,0.001,0.1,1.0,0.008425399661064148,0.0267692,0.008530864119529724,1.5774351358413696,✓,✗,0.029871934842264043,0.027100000000000013,1.5519142150878906,✓,✗,0.055392786414732456,261.1450500488281,0.43882111076424507,0.05675574392080307,600.0,0.00875792931765318,0.008530864119529724,0.008002771437168122,0.025477533333333344,0.027100000000000013,0.025699999999999945,fcn-4_mnist_learnt_gaussian_sig0.03_bounded-pmin1e-05_epoch20_bs250_lr0.001_mon0.95_dp0.2_objective-channel_gradient-chan1.0-bec-outage0.1-frob-kl0.1_perc-pri0.5_epoch-pri20_bs-pri250_lr-pri0.005_mom-pri0.99_dp-pri0.2_seed7,bec-outage0.1_chan-layer2_mcsamples500_norm-frob_seed7_bounds.json
fcn-4,mnist,20.0,bec,outage 0.1,frob,channel_grad,0.001,1.0,0.01,0.00991570483893156,0.029326399999999996,0.010005861520767212,0.60447758436203,✓,✗,0.032921023347491536,0.02980000000000005,0.5774906277656555,✓,✗,0.059908000166446075,0.021043360233306885,0.5273826922898692,0.06821002066135406,600.0,0.010571804828941822,0.010005861520767212,0.00966043844819069,0.028704200000000017,0.02980000000000005,0.028000000000000025,fcn-4_mnist_learnt_gaussian_sig0.03_bounded-pmin1e-05_epoch20_bs250_lr0.001_mon0.95_dp0.2_objective-channel_gradient-chan0.01-bec-outage0.1-frob-kl1.0_perc-pri0.5_epoch-pri20_bs-pri250_lr-pri0.005_mom-pri0.99_dp-pri0.2_seed7,bec-outage0.1_chan-layer2_mcsamples500_norm-frob_seed7_bounds.json
fcn-4,mnist,20.0,bec,outage 0.1,frob,channel_grad,0.001,1.0,0.1,0.009823868051171303,0.029096200000000006,0.00989912897348404,0.6029680371284485,✓,✗,0.03275741205731636,0.029000000000000026,0.576155424118042,✓,✗,0.05956998484914365,0.5390752553939819,0.5240962693173215,0.06778496503829956,600.0,0.010472962632775307,0.00989912897348404,0.009532466530799866,0.028460266666666633,0.029000000000000026,0.028200000000000003,fcn-4_mnist_learnt_gaussian_sig0.03_bounded-pmin1e-05_epoch20_bs250_lr0.001_mon0.95_dp0.2_objective-channel_gradient-chan0.1-bec-outage0.1-frob-kl1.0_perc-pri0.5_epoch-pri20_bs-pri250_lr-pri0.005_mom-pri0.99_dp-pri0.2_seed7,bec-outage0.1_chan-layer2_mcsamples500_norm-frob_seed7_bounds.json
fcn-4,mnist,20.0,bec,outage 0.1,frob,channel_grad,0.001,1.0,1.0,0.00941361952573061,0.028189200000000005,0.009503185749053955,0.6947103207891305,✓,✗,0.03226976371366369,0.028200000000000003,0.6682114134980202,✓,✗,0.058768671004774085,27.52768325805664,0.506459324718021,0.06550385802984238,600.0,0.01017881091684103,0.009503185749053955,0.009057492017745972,0.02788433333333334,0.028200000000000003,0.026599999999999957,fcn-4_mnist_learnt_gaussian_sig0.03_bounded-pmin1e-05_epoch20_bs250_lr0.001_mon0.95_dp0.2_objective-channel_gradient-chan1.0-bec-outage0.1-frob-kl1.0_perc-pri0.5_epoch-pri20_bs-pri250_lr-pri0.005_mom-pri0.99_dp-pri0.2_seed7,bec-outage0.1_chan-layer2_mcsamples500_norm-frob_seed7_bounds.json
fcn-4,mnist,30.0,bec,outage 0.1,frob,channel_grad,0.001,0.01,0.01,0.009026758372783661,0.027623,0.009227948635816574,0.594376802444458,✓,?,0.03104806040666699,0.027100000000000013,0.5683855414390564,✓,?,0.05703933531429858,11.911012649536133,0.4716099630232973,0.06099655106663704,600.0,0.009449532255530357,0.009227948635816574,0.009172703325748443,0.026647599999999994,0.027100000000000013,0.02639999999999998,fcn-4_mnist_learnt_gaussian_sig0.03_bounded-pmin1e-05_epoch30_bs250_lr0.001_mon0.95_dp0.2_objective-channel_gradient-chan0.01-bec-outage0.1-frob-kl0.01_perc-pri0.5_epoch-pri20_bs-pri250_lr-pri0.005_mom-pri0.99_dp-pri0.2_seed7,bec-outage0.1_chan-layer2_mcsamples500_norm-frob_seed7_bounds.json
fcn-4,mnist,30.0,bec,outage 0.1,frob,channel_grad,0.001,0.01,0.1,0.008224441669881344,0.026424199999999995,0.008414242416620255,0.9690908193588257,✓,?,0.02888941821191085,0.026000000000000023,0.9442145824432373,✓,?,0.05376564469607977,118.33573150634766,0.4151205573640616,0.053690388798713684,600.0,0.00818844884634018,0.008414242416620255,0.008354056626558304,0.024330666666666664,0.026000000000000023,0.02510000000000001,fcn-4_mnist_learnt_gaussian_sig0.03_bounded-pmin1e-05_epoch30_bs250_lr0.001_mon0.95_dp0.2_objective-channel_gradient-chan0.1-bec-outage0.1-frob-kl0.01_perc-pri0.5_epoch-pri20_bs-pri250_lr-pri0.005_mom-pri0.99_dp-pri0.2_seed7,bec-outage0.1_chan-layer2_mcsamples500_norm-frob_seed7_bounds.json
fcn-4,mnist,30.0,bec,outage 0.1,frob,channel_grad,0.001,0.01,1.0,0.0068884785287082195,0.024253399999999998,0.00707736387848854,10.055257797241211,✓,?,0.02428995863863896,0.023900000000000032,10.033904075622559,✓,?,0.045643086122171175,2378.1240234375,0.28386269603588665,0.03671390935778618,600.0,0.005636685062199831,0.00707736387848854,0.006709695607423782,0.018739933333333306,0.023900000000000032,0.024599999999999955,fcn-4_mnist_learnt_gaussian_sig0.03_bounded-pmin1e-05_epoch30_bs250_lr0.001_mon0.95_dp0.2_objective-channel_gradient-chan1.0-bec-outage0.1-frob-kl0.01_perc-pri0.5_epoch-pri20_bs-pri250_lr-pri0.005_mom-pri0.99_dp-pri0.2_seed7,bec-outage0.1_chan-layer2_mcsamples500_norm-frob_seed7_bounds.json
fcn-4,mnist,30.0,bec,outage 0.1,frob,channel_grad,0.001,0.1,0.01,0.009752996265888214,0.028956399999999997,0.009928836673498153,0.5876584053039551,✓,?,0.032604915554669295,0.028100000000000014,0.5608582496643066,✓,?,0.05940507914757513,0.43551838397979736,0.5093743041265549,0.06588087230920792,600.0,0.010380676947534084,0.009928836673498153,0.009942319989204407,0.028341599999999998,0.028100000000000014,0.027599999999999958,fcn-4_mnist_learnt_gaussian_sig0.03_bounded-pmin1e-05_epoch30_bs250_lr0.001_mon0.95_dp0.2_objective-channel_gradient-chan0.01-bec-outage0.1-frob-kl0.1_perc-pri0.5_epoch-pri20_bs-pri250_lr-pri0.005_mom-pri0.99_dp-pri0.2_seed7,bec-outage0.1_chan-layer2_mcsamples500_norm-frob_seed7_bounds.json
fcn-4,mnist,30.0,bec,outage 0.1,frob,channel_grad,0.001,0.1,0.1,0.009493640623986721,0.0284824,0.009680894762277603,0.5925033688545227,✓,?,0.031961559084458586,0.02839999999999998,0.5662214756011963,✓,?,0.05824345927857011,6.187084674835205,0.4919002117225813,0.06362082809209824,600.0,0.00999393966048956,0.009680894762277603,0.009703368693590165,0.027507599999999976,0.02839999999999998,0.027000000000000024,fcn-4_mnist_learnt_gaussian_sig0.03_bounded-pmin1e-05_epoch30_bs250_lr0.001_mon0.95_dp0.2_objective-channel_gradient-chan0.1-bec-outage0.1-frob-kl0.1_perc-pri0.5_epoch-pri20_bs-pri250_lr-pri0.005_mom-pri0.99_dp-pri0.2_seed7,bec-outage0.1_chan-layer2_mcsamples500_norm-frob_seed7_bounds.json
fcn-4,mnist,30.0,bec,outage 0.1,frob,channel_grad,0.001,0.1,1.0,0.00866630207747221,0.027835800000000008,0.008905129134654998,1.601477861404419,✓,?,0.029954169230812507,0.027900000000000036,1.5752511024475098,✓,?,0.05618096405339684,267.2180480957031,0.4372828574314503,0.05655679106712341,600.0,0.008805734105408192,0.008905129134654998,0.008781414479017258,0.026036733333333326,0.027900000000000036,0.026800000000000046,fcn-4_mnist_learnt_gaussian_sig0.03_bounded-pmin1e-05_epoch30_bs250_lr0.001_mon0.95_dp0.2_objective-channel_gradient-chan1.0-bec-outage0.1-frob-kl0.1_perc-pri0.5_epoch-pri20_bs-pri250_lr-pri0.005_mom-pri0.99_dp-pri0.2_seed7,bec-outage0.1_chan-layer2_mcsamples500_norm-frob_seed7_bounds.json
fcn-4,mnist,30.0,bec,outage 0.1,frob,channel_grad,0.001,1.0,0.01,0.009943761862814426,0.029415800000000002,0.010110032558441163,0.5967420339584351,✓,?,0.03296074875045374,0.028299999999999992,0.5696538686752319,✓,?,0.06004894150631594,0.020723998546600342,0.5195074896302537,0.0671914666891098,600.0,0.010596036911010742,0.010110032558441163,0.010140091925859452,0.02880579999999999,0.028299999999999992,0.02749999999999997,fcn-4_mnist_learnt_gaussian_sig0.03_bounded-pmin1e-05_epoch30_bs250_lr0.001_mon0.95_dp0.2_objective-channel_gradient-chan0.01-bec-outage0.1-frob-kl1.0_perc-pri0.5_epoch-pri20_bs-pri250_lr-pri0.005_mom-pri0.99_dp-pri0.2_seed7,bec-outage0.1_chan-layer2_mcsamples500_norm-frob_seed7_bounds.json
fcn-4,mnist,30.0,bec,outage 0.1,frob,channel_grad,0.001,1.0,0.1,0.009912010282278061,0.029356,0.010085836797952653,0.597244143486023,✓,?,0.032846170833290604,0.02849999999999997,0.5702533721923828,✓,?,0.05983694541610114,0.6222389340400696,0.5177658870758447,0.066966213285923,600.0,0.010526599362492561,0.010085836797952653,0.010127098858356475,0.028652800000000013,0.02849999999999997,0.02749999999999997,fcn-4_mnist_learnt_gaussian_sig0.03_bounded-pmin1e-05_epoch30_bs250_lr0.001_mon0.95_dp0.2_objective-channel_gradient-chan0.1-bec-outage0.1-frob-kl1.0_perc-pri0.5_epoch-pri20_bs-pri250_lr-pri0.005_mom-pri0.99_dp-pri0.2_seed7,bec-outage0.1_chan-layer2_mcsamples500_norm-frob_seed7_bounds.json
fcn-4,mnist,30.0,bec,outage 0.1,frob,channel_grad,0.001,1.0,1.0,0.010793647728860378,0.032068200000000005,0.010922572016716004,0.8241037130355835,✓,?,0.03384225766887626,0.031100000000000017,0.7955197691917419,✓,?,0.06242618798327444,47.56136703491211,0.550407988019865,0.07118804007768631,600.0,0.011132730171084404,0.010922572016716004,0.011193395406007767,0.030528400000000018,0.031100000000000017,0.030299999999999994,fcn-4_mnist_learnt_gaussian_sig0.03_bounded-pmin1e-05_epoch30_bs250_lr0.001_mon0.95_dp0.2_objective-channel_gradient-chan1.0-bec-outage0.1-frob-kl1.0_perc-pri0.5_epoch-pri20_bs-pri250_lr-pri0.005_mom-pri0.99_dp-pri0.2_seed7,bec-outage0.1_chan-layer2_mcsamples500_norm-frob_seed7_bounds.json
fcn-4,mnist,50.0,bec,outage 0.1,frob,vanilla,0.001,1.0,0.0,0.007591147907078266,0.025137600000000006,0.007454632967710495,1.0446941902852573,✓,-,0.026670843572489285,0.024599999999999955,1.0201675871959959,✓,-,0.0511974466617509,222.75425720214844,0.06700526789924707,0.008666250854730606,600.0,0.006932391785085201,0.007454632967710495,0.008326570689678191,0.022537066666666664,0.024599999999999955,0.027200000000000002,fcn-4_mnist_learnt_gaussian_sig0.03_bounded-pmin1e-05_epoch50_bs250_lr0.001_mon0.95_dp0.2_objective-vanilla_perc-pri0.5_epoch-pri20_bs-pri250_lr-pri0.005_mom-pri0.99_dp-pri0.2_seed7,bec-outage0.1_chan-layer2_mcsamples500_norm-frob_seed7_bounds.json
fcn-4,mnist,50.0,bec,outage 0.1,frob,channel_grad,0.001,0.01,0.01,0.009000151418149471,0.027573599999999993,0.008664663136005401,0.5944302082061768,✓,✗,0.03100298041616038,0.026900000000000035,0.5684183835983276,✓,✗,0.05701479404337572,11.992762565612793,0.47135416352794934,0.0609634667634964,600.0,0.00942276231944561,0.008664663136005401,0.009922318905591965,0.02662993333333333,0.026900000000000035,0.028100000000000014,fcn-4_mnist_learnt_gaussian_sig0.03_bounded-pmin1e-05_epoch50_bs250_lr0.001_mon0.95_dp0.2_objective-channel_gradient-chan0.01-bec-outage0.1-frob-kl0.01_perc-pri0.5_epoch-pri20_bs-pri250_lr-pri0.005_mom-pri0.99_dp-pri0.2_seed7,bec-outage0.1_chan-layer2_mcsamples500_norm-frob_seed7_bounds.json
fcn-4,mnist,50.0,bec,outage 0.1,frob,channel_grad,0.001,0.01,0.1,0.008134542964398861,0.026129999999999997,0.00786917582154274,0.9571433067321777,✓,✗,0.02889977383556896,0.02510000000000001,0.9321523904800415,✓,✗,0.05389067319488422,115.71693420410156,0.41373922280737935,0.05351173132658005,600.0,0.008194195106625557,0.00786917582154274,0.00885205641388893,0.024418333333333337,0.02510000000000001,0.026699999999999946,fcn-4_mnist_learnt_gaussian_sig0.03_bounded-pmin1e-05_epoch50_bs250_lr0.001_mon0.95_dp0.2_objective-channel_gradient-chan0.1-bec-outage0.1-frob-kl0.01_perc-pri0.5_epoch-pri20_bs-pri250_lr-pri0.005_mom-pri0.99_dp-pri0.2_seed7,bec-outage0.1_chan-layer2_mcsamples500_norm-frob_seed7_bounds.json
fcn-4,mnist,50.0,bec,outage 0.1,frob,channel_grad,0.001,0.01,1.0,0.006877151317894459,0.024144200000000008,0.006690844893455505,10.002574920654297,✓,✓,0.024353292768827015,0.0242,9.981000900268555,✓,✓,0.04592734895354711,2363.638671875,0.2900312341872429,0.03751172870397568,600.0,0.0056703053414821625,0.006690844893455505,0.007016044855117798,0.018931199999999978,0.0242,0.024800000000000044,fcn-4_mnist_learnt_gaussian_sig0.03_bounded-pmin1e-05_epoch50_bs250_lr0.001_mon0.95_dp0.2_objective-channel_gradient-chan1.0-bec-outage0.1-frob-kl0.01_perc-pri0.5_epoch-pri20_bs-pri250_lr-pri0.005_mom-pri0.99_dp-pri0.2_seed7,bec-outage0.1_chan-layer2_mcsamples500_norm-frob_seed7_bounds.json
fcn-4,mnist,50.0,bec,outage 0.1,frob,channel_grad,0.001,0.1,0.01,0.00974233727902174,0.0290064,0.009325671941041946,0.5891120433807373,✓,✗,0.032599534468388744,0.028200000000000003,0.5622778534889221,✓,✗,0.059433747417780736,0.3995838165283203,0.5109459689461872,0.06608414649963379,600.0,0.010377585887908936,0.009325671941041946,0.010802152007818222,0.028362600000000012,0.028200000000000003,0.02969999999999995,fcn-4_mnist_learnt_gaussian_sig0.03_bounded-pmin1e-05_epoch50_bs250_lr0.001_mon0.95_dp0.2_objective-channel_gradient-chan0.01-bec-outage0.1-frob-kl0.1_perc-pri0.5_epoch-pri20_bs-pri250_lr-pri0.005_mom-pri0.99_dp-pri0.2_seed7,bec-outage0.1_chan-layer2_mcsamples500_norm-frob_seed7_bounds.json
fcn-4,mnist,50.0,bec,outage 0.1,frob,channel_grad,0.001,0.1,0.1,0.009348519146442413,0.028157999999999992,0.008994284272193908,0.5962148308753967,✓,✗,0.031925063853612747,0.02739999999999998,0.5698841214179993,✓,✗,0.058255755442351245,6.735442161560059,0.4933606969394613,0.06380972266197205,600.0,0.009972065687179565,0.008994284272193908,0.010344729572534562,0.027516466666666684,0.02739999999999998,0.028200000000000003,fcn-4_mnist_learnt_gaussian_sig0.03_bounded-pmin1e-05_epoch50_bs250_lr0.001_mon0.95_dp0.2_objective-channel_gradient-chan0.1-bec-outage0.1-frob-kl0.1_perc-pri0.5_epoch-pri20_bs-pri250_lr-pri0.005_mom-pri0.99_dp-pri0.2_seed7,bec-outage0.1_chan-layer2_mcsamples500_norm-frob_seed7_bounds.json
fcn-4,mnist,50.0,bec,outage 0.1,frob,channel_grad,0.001,0.1,1.0,0.008889465592801571,0.028581799999999994,0.008639661222696304,1.5334312915802002,✓,✗,0.030454196460378197,0.028100000000000014,1.5064573287963867,✓,✗,0.057428261364281565,244.31732177734375,0.4614808963494414,0.05968648940324783,600.0,0.009098920039832592,0.008639661222696304,0.009633877873420715,0.02692453333333329,0.028100000000000014,0.029100000000000015,fcn-4_mnist_learnt_gaussian_sig0.03_bounded-pmin1e-05_epoch50_bs250_lr0.001_mon0.95_dp0.2_objective-channel_gradient-chan1.0-bec-outage0.1-frob-kl0.1_perc-pri0.5_epoch-pri20_bs-pri250_lr-pri0.005_mom-pri0.99_dp-pri0.2_seed7,bec-outage0.1_chan-layer2_mcsamples500_norm-frob_seed7_bounds.json
fcn-4,mnist,50.0,bec,outage 0.1,frob,channel_grad,0.001,1.0,0.01,0.009934699162840843,0.029440399999999995,0.00949110984802246,0.5977643132209778,✓,✗,0.032933707448065994,0.029000000000000026,0.5706397294998169,✓,✗,0.06005830134098668,0.01788914203643799,0.5205319549439047,0.0673239678144455,600.0,0.010579472407698631,0.00949110984802246,0.011010167002677918,0.028812600000000008,0.029000000000000026,0.03059999999999996,fcn-4_mnist_learnt_gaussian_sig0.03_bounded-pmin1e-05_epoch50_bs250_lr0.001_mon0.95_dp0.2_objective-channel_gradient-chan0.01-bec-outage0.1-frob-kl1.0_perc-pri0.5_epoch-pri20_bs-pri250_lr-pri0.005_mom-pri0.99_dp-pri0.2_seed7,bec-outage0.1_chan-layer2_mcsamples500_norm-frob_seed7_bounds.json
fcn-4,mnist,50.0,bec,outage 0.1,frob,channel_grad,0.001,1.0,0.1,0.009882375597953796,0.029333199999999993,0.009452755004167557,0.5974705219268799,✓,✗,0.032837883209111116,0.028699999999999948,0.5704353451728821,✓,✗,0.059873033023769826,0.4701678454875946,0.5185769797218301,0.06707111746072769,600.0,0.010521499440073967,0.009452755004167557,0.010952655971050263,0.028678600000000005,0.028699999999999948,0.030299999999999994,fcn-4_mnist_learnt_gaussian_sig0.03_bounded-pmin1e-05_epoch50_bs250_lr0.001_mon0.95_dp0.2_objective-channel_gradient-chan0.1-bec-outage0.1-frob-kl1.0_perc-pri0.5_epoch-pri20_bs-pri250_lr-pri0.005_mom-pri0.99_dp-pri0.2_seed7,bec-outage0.1_chan-layer2_mcsamples500_norm-frob_seed7_bounds.json
fcn-4,mnist,50.0,bec,outage 0.1,frob,channel_grad,0.001,1.0,1.0,0.009790549986064434,0.029441800000000008,0.009477081894874572,0.7407091856002808,✓,✗,0.03247721306491912,0.028900000000000037,0.7139522433280945,✓,✗,0.05923411267600381,36.757774353027344,0.5143110241248267,0.0665193721652031,600.0,0.010303627699613571,0.009477081894874572,0.01095152348279953,0.028218600000000007,0.028900000000000037,0.03069999999999995,fcn-4_mnist_learnt_gaussian_sig0.03_bounded-pmin1e-05_epoch50_bs250_lr0.001_mon0.95_dp0.2_objective-channel_gradient-chan1.0-bec-outage0.1-frob-kl1.0_perc-pri0.5_epoch-pri20_bs-pri250_lr-pri0.005_mom-pri0.99_dp-pri0.2_seed7,bec-outage0.1_chan-layer2_mcsamples500_norm-frob_seed7_bounds.json
fcn-4,mnist,5.0,bec,outage 0.1,spec,channel_grad,0.001,0.01,0.01,0.009345072321593761,0.0281166,0.009461862593889236,0.13780279457569122,✓,?,0.031730232111235254,0.029299999999999993,0.11141033470630646,✓,?,0.05812268903473851,4.103407382965088,0.0458269901573658,0.0458269901573658,600.0,0.009855382144451141,0.009461862593889236,0.009634726494550706,0.02742120000000001,0.029299999999999993,0.027100000000000013,fcn-4_mnist_learnt_gaussian_sig0.03_bounded-pmin1e-05_epoch5_bs250_lr0.001_mon0.95_dp0.2_objective-channel_gradient-chan0.01-bec-outage0.1-spec-kl0.01_perc-pri0.5_epoch-pri20_bs-pri250_lr-pri0.005_mom-pri0.99_dp-pri0.2_seed7,bec-outage0.1_chan-layer2_mcsamples500_norm-spec_seed7_bounds.json
fcn-4,mnist,5.0,bec,outage 0.1,spec,channel_grad,0.001,0.01,0.1,0.009202646091580391,0.027922199999999998,0.009300445020198823,0.1494753360748291,✓,?,0.03144930694249719,0.028900000000000037,0.1232185885310173,✓,?,0.05770605857839939,7.240604400634766,0.0451086089015007,0.0451086089015007,600.0,0.00968786608427763,0.009300445020198823,0.0094832643866539,0.02712319999999997,0.028900000000000037,0.027100000000000013,fcn-4_mnist_learnt_gaussian_sig0.03_bounded-pmin1e-05_epoch5_bs250_lr0.001_mon0.95_dp0.2_objective-channel_gradient-chan0.1-bec-outage0.1-spec-kl0.01_perc-pri0.5_epoch-pri20_bs-pri250_lr-pri0.005_mom-pri0.99_dp-pri0.2_seed7,bec-outage0.1_chan-layer2_mcsamples500_norm-spec_seed7_bounds.json
fcn-4,mnist,5.0,bec,outage 0.1,spec,channel_grad,0.001,0.01,1.0,0.008545401506125927,0.0272808,0.008597062528133392,0.411833256483078,✓,?,0.029764743622809214,0.028299999999999992,0.38589078187942505,✓,?,0.0557072384903627,73.04034423828125,0.04083904251456261,0.04083904251456261,600.0,0.008695254102349281,0.008597062528133392,0.008696502447128296,0.025700333333333346,0.028299999999999992,0.027000000000000024,fcn-4_mnist_learnt_gaussian_sig0.03_bounded-pmin1e-05_epoch5_bs250_lr0.001_mon0.95_dp0.2_objective-channel_gradient-chan1.0-bec-outage0.1-spec-kl0.01_perc-pri0.5_epoch-pri20_bs-pri250_lr-pri0.005_mom-pri0.99_dp-pri0.2_seed7,bec-outage0.1_chan-layer2_mcsamples500_norm-spec_seed7_bounds.json
fcn-4,mnist,5.0,bec,outage 0.1,spec,channel_grad,0.001,0.1,0.01,0.009822739288210869,0.029062,0.009995441883802414,0.12543541193008423,✓,?,0.032690214435889195,0.03080000000000005,0.0985255241394043,✓,?,0.059600093782178225,0.19942545890808105,0.04792013391852379,0.04792013391852379,600.0,0.01043221540749073,0.009995441883802414,0.010121577233076096,0.02848179999999997,0.03080000000000005,0.02859999999999996,fcn-4_mnist_learnt_gaussian_sig0.03_bounded-pmin1e-05_epoch5_bs250_lr0.001_mon0.95_dp0.2_objective-channel_gradient-chan0.01-bec-outage0.1-spec-kl0.1_perc-pri0.5_epoch-pri20_bs-pri250_lr-pri0.005_mom-pri0.99_dp-pri0.2_seed7,bec-outage0.1_chan-layer2_mcsamples500_norm-spec_seed7_bounds.json
fcn-4,mnist,5.0,bec,outage 0.1,spec,channel_grad,0.001,0.1,0.1,0.00976704340428114,0.028950599999999996,0.009930012375116348,0.12598323822021484,✓,?,0.03259032692230911,0.03069999999999995,0.09916166961193085,✓,?,0.05941190165209536,0.4195001721382141,0.04775770753622055,0.04775770753622055,600.0,0.010372028686106205,0.009930012375116348,0.010063256323337554,0.02834673333333333,0.03069999999999995,0.027800000000000047,fcn-4_mnist_learnt_gaussian_sig0.03_bounded-pmin1e-05_epoch5_bs250_lr0.001_mon0.95_dp0.2_objective-channel_gradient-chan0.1-bec-outage0.1-spec-kl0.1_perc-pri0.5_epoch-pri20_bs-pri250_lr-pri0.005_mom-pri0.99_dp-pri0.2_seed7,bec-outage0.1_chan-layer2_mcsamples500_norm-spec_seed7_bounds.json
fcn-4,mnist,5.0,bec,outage 0.1,spec,channel_grad,0.001,0.1,1.0,0.00944866705685854,0.028420400000000005,0.009563376754522323,0.14750482141971588,✓,?,0.031984951998093106,0.02949999999999997,0.1210165023803711,✓,?,0.058473266088433284,6.279327392578125,0.04629528149962425,0.04629528149962425,600.0,0.010007725097239017,0.009563376754522323,0.009733669459819794,0.027672133333333338,0.02949999999999997,0.027800000000000047,fcn-4_mnist_learnt_gaussian_sig0.03_bounded-pmin1e-05_epoch5_bs250_lr0.001_mon0.95_dp0.2_objective-channel_gradient-chan1.0-bec-outage0.1-spec-kl0.1_perc-pri0.5_epoch-pri20_bs-pri250_lr-pri0.005_mom-pri0.99_dp-pri0.2_seed7,bec-outage0.1_chan-layer2_mcsamples500_norm-spec_seed7_bounds.json
fcn-4,mnist,5.0,bec,outage 0.1,spec,channel_grad,0.001,1.0,0.01,0.009953629225492477,0.029351400000000007,0.010141824185848237,0.12578406929969788,✓,?,0.032947968331638794,0.031399999999999983,0.09867236018180847,✓,?,0.06005967918977069,0.005788087844848633,0.0485997349023819,0.0485997349023819,600.0,0.010588270612061024,0.010141824185848237,0.01025553122162819,0.028813066666666644,0.031399999999999983,0.029000000000000026,fcn-4_mnist_learnt_gaussian_sig0.03_bounded-pmin1e-05_epoch5_bs250_lr0.001_mon0.95_dp0.2_objective-channel_gradient-chan0.01-bec-outage0.1-spec-kl1.0_perc-pri0.5_epoch-pri20_bs-pri250_lr-pri0.005_mom-pri0.99_dp-pri0.2_seed7,bec-outage0.1_chan-layer2_mcsamples500_norm-spec_seed7_bounds.json
fcn-4,mnist,5.0,bec,outage 0.1,spec,channel_grad,0.001,1.0,0.1,0.009948122315108776,0.029336400000000016,0.01013743057847023,0.12577301263809204,✓,?,0.03293969205065547,0.031100000000000017,0.09867975115776062,✓,?,0.06003295456141847,0.018704354763031006,0.0485626645386219,0.0485626645386219,600.0,0.010583181865513325,0.01013743057847023,0.010249462723731995,0.02879406666666668,0.031100000000000017,0.028900000000000037,fcn-4_mnist_learnt_gaussian_sig0.03_bounded-pmin1e-05_epoch5_bs250_lr0.001_mon0.95_dp0.2_objective-channel_gradient-chan0.1-bec-outage0.1-spec-kl1.0_perc-pri0.5_epoch-pri20_bs-pri250_lr-pri0.005_mom-pri0.99_dp-pri0.2_seed7,bec-outage0.1_chan-layer2_mcsamples500_norm-spec_seed7_bounds.json
fcn-4,mnist,5.0,bec,outage 0.1,spec,channel_grad,0.001,1.0,1.0,0.009905988350510597,0.029231800000000006,0.010102558135986327,0.1285487711429596,✓,?,0.032881852442382745,0.031299999999999994,0.10152249038219452,✓,?,0.05990812921631941,0.7489683032035828,0.048481959849596024,0.048481959849596024,600.0,0.010548140853643417,0.010102558135986327,0.010201271623373032,0.02870433333333333,0.031299999999999994,0.02859999999999996,fcn-4_mnist_learnt_gaussian_sig0.03_bounded-pmin1e-05_epoch5_bs250_lr0.001_mon0.95_dp0.2_objective-channel_gradient-chan1.0-bec-outage0.1-spec-kl1.0_perc-pri0.5_epoch-pri20_bs-pri250_lr-pri0.005_mom-pri0.99_dp-pri0.2_seed7,bec-outage0.1_chan-layer2_mcsamples500_norm-spec_seed7_bounds.json
fcn-4,mnist,10.0,bec,outage 0.1,spec,vanilla,0.001,1.0,0.0,0.00872083567082882,0.027061799999999993,0.008582884818315506,0.24538434077115576,✓,-,0.03030767630663866,0.02629999999999999,0.21956746377770944,✓,-,0.05612455330008498,24.68744468688965,0.07137268781661987,0.07137268781661987,600.0,0.009012921713292599,0.008582884818315506,0.009729553759098054,0.025996733333333355,0.02629999999999999,0.028100000000000014,fcn-4_mnist_learnt_gaussian_sig0.03_bounded-pmin1e-05_epoch10_bs250_lr0.001_mon0.95_dp0.2_objective-vanilla_perc-pri0.5_epoch-pri20_bs-pri250_lr-pri0.005_mom-pri0.99_dp-pri0.2_seed7,bec-outage0.1_chan-layer2_mcsamples500_norm-spec_seed7_bounds.json
fcn-4,mnist,10.0,bec,outage 0.1,spec,channel_grad,0.001,0.0001,0.0001,0.008697456680238247,0.027072400000000003,0.008352515101432801,0.21635723114013672,✓,✓,0.030340920460431475,0.026699999999999946,0.19055065512657166,✓,✗,0.05614748932201617,24.712675094604492,0.04221964627504349,0.04221964627504349,600.0,0.009032408706843853,0.008352515101432801,0.008987125009298325,0.02601273333333335,0.026699999999999946,0.027000000000000024,fcn-4_mnist_learnt_gaussian_sig0.03_bounded-pmin1e-05_epoch10_bs250_lr0.001_mon0.95_dp0.2_objective-channel_gradient-chan0.0001-bec-outage0.1-spec-kl0.0001_perc-pri0.5_epoch-pri20_bs-pri250_lr-pri0.005_mom-pri0.99_dp-pri0.2_seed7,bec-outage0.1_chan-layer2_mcsamples500_norm-spec_seed7_bounds.json
fcn-4,mnist,10.0,bec,outage 0.1,spec,channel_grad,0.001,0.0001,0.001,0.008695169351994991,0.027071800000000003,0.008350386470556258,0.21688538789749146,✓,✓,0.0303352889807347,0.026699999999999946,0.19107988476753235,✓,✗,0.05614078627709322,24.84855842590332,0.042199764400720596,0.042199764400720596,600.0,0.009029068052768707,0.008350386470556258,0.008984597772359848,0.026007733333333345,0.026699999999999946,0.027000000000000024,fcn-4_mnist_learnt_gaussian_sig0.03_bounded-pmin1e-05_epoch10_bs250_lr0.001_mon0.95_dp0.2_objective-channel_gradient-chan0.001-bec-outage0.1-spec-kl0.0001_perc-pri0.5_epoch-pri20_bs-pri250_lr-pri0.005_mom-pri0.99_dp-pri0.2_seed7,bec-outage0.1_chan-layer2_mcsamples500_norm-spec_seed7_bounds.json
fcn-4,mnist,10.0,bec,outage 0.1,spec,channel_grad,0.001,0.0001,0.01,0.008671695366501808,0.027037000000000002,0.00832788497209549,0.2224293053150177,✓,✓,0.030277810406324882,0.026699999999999946,0.19664272665977478,✓,✓,0.05606436952157835,26.262706756591797,0.04204685240983963,0.04204685240983963,600.0,0.008995438925921917,0.00832788497209549,0.008959047496318817,0.0259538,0.026699999999999946,0.026900000000000035,fcn-4_mnist_learnt_gaussian_sig0.03_bounded-pmin1e-05_epoch10_bs250_lr0.001_mon0.95_dp0.2_objective-channel_gradient-chan0.01-bec-outage0.1-spec-kl0.0001_perc-pri0.5_epoch-pri20_bs-pri250_lr-pri0.005_mom-pri0.99_dp-pri0.2_seed7,bec-outage0.1_chan-layer2_mcsamples500_norm-spec_seed7_bounds.json
fcn-4,mnist,10.0,bec,outage 0.1,spec,channel_grad,0.001,0.001,0.0001,0.008764318190515041,0.027180599999999992,0.008423189073801041,0.20151589810848236,✓,✗,0.030503297451846805,0.026800000000000046,0.17565350234508514,✓,✗,0.05636568395937135,20.950550079345703,0.04251893237233162,0.04251893237233162,600.0,0.00912785530090332,0.008423189073801041,0.009059303253889085,0.026167933333333313,0.026800000000000046,0.027000000000000024,fcn-4_mnist_learnt_gaussian_sig0.03_bounded-pmin1e-05_epoch10_bs250_lr0.001_mon0.95_dp0.2_objective-channel_gradient-chan0.0001-bec-outage0.1-spec-kl0.001_perc-pri0.5_epoch-pri20_bs-pri250_lr-pri0.005_mom-pri0.99_dp-pri0.2_seed7,bec-outage0.1_chan-layer2_mcsamples500_norm-spec_seed7_bounds.json
fcn-4,mnist,10.0,bec,outage 0.1,spec,channel_grad,0.001,0.001,0.001,0.008762071840465069,0.027176600000000002,0.008420956879854202,0.20196419954299927,✓,✗,0.03049783136563272,0.026800000000000046,0.17610330879688263,✓,✗,0.056358723160504026,21.06676483154297,0.04249974712729454,0.04249974712729454,600.0,0.00912468321621418,0.008420956879854202,0.009056833386421204,0.026162666666666678,0.026800000000000046,0.027000000000000024,fcn-4_mnist_learnt_gaussian_sig0.03_bounded-pmin1e-05_epoch10_bs250_lr0.001_mon0.95_dp0.2_objective-channel_gradient-chan0.001-bec-outage0.1-spec-kl0.001_perc-pri0.5_epoch-pri20_bs-pri250_lr-pri0.005_mom-pri0.99_dp-pri0.2_seed7,bec-outage0.1_chan-layer2_mcsamples500_norm-spec_seed7_bounds.json
fcn-4,mnist,10.0,bec,outage 0.1,spec,channel_grad,0.001,0.001,0.01,0.008738773874938488,0.027143600000000004,0.00839834362268448,0.2066967487335205,✓,✗,0.030443898706666653,0.026599999999999957,0.1808592975139618,✓,✗,0.05628134498388093,22.284807205200195,0.042337026447057724,0.042337026447057724,600.0,0.009092741645872593,0.00839834362268448,0.009031952172517777,0.026107733333333348,0.026599999999999957,0.027000000000000024,fcn-4_mnist_learnt_gaussian_sig0.03_bounded-pmin1e-05_epoch10_bs250_lr0.001_mon0.95_dp0.2_objective-channel_gradient-chan0.01-bec-outage0.1-spec-kl0.001_perc-pri0.5_epoch-pri20_bs-pri250_lr-pri0.005_mom-pri0.99_dp-pri0.2_seed7,bec-outage0.1_chan-layer2_mcsamples500_norm-spec_seed7_bounds.json
fcn-4,mnist,10.0,bec,outage 0.1,spec,channel_grad,0.001,0.01,0.0001,0.009210646152496338,0.02788999999999999,0.008898013830184936,0.14287786185741425,✓,✗,0.03154417529583489,0.027699999999999947,0.11664588749408722,✓,✗,0.057776148129909624,5.700628280639648,0.04472796246409416,0.04472796246409416,600.0,0.00974431075155735,0.008898013830184936,0.009532631933689117,0.027173533333333326,0.027699999999999947,0.028100000000000014,fcn-4_mnist_learnt_gaussian_sig0.03_bounded-pmin1e-05_epoch10_bs250_lr0.001_mon0.95_dp0.2_objective-channel_gradient-chan0.0001-bec-outage0.1-spec-kl0.01_perc-pri0.5_epoch-pri20_bs-pri250_lr-pri0.005_mom-pri0.99_dp-pri0.2_seed7,bec-outage0.1_chan-layer2_mcsamples500_norm-spec_seed7_bounds.json
fcn-4,mnist,10.0,bec,outage 0.1,spec,channel_grad,0.001,0.01,0.001,0.009209020994603634,0.0278864,0.008896321803331376,0.14299917221069336,✓,✗,0.0315406984456606,0.02749999999999997,0.11677047610282898,✓,✗,0.0577693853186305,5.734426498413086,0.04471806064248085,0.04471806064248085,600.0,0.00974220409989357,0.008896321803331376,0.009530989080667495,0.02716846666666664,0.02749999999999997,0.028100000000000014,fcn-4_mnist_learnt_gaussian_sig0.03_bounded-pmin1e-05_epoch10_bs250_lr0.001_mon0.95_dp0.2_objective-channel_gradient-chan0.001-bec-outage0.1-spec-kl0.01_perc-pri0.5_epoch-pri20_bs-pri250_lr-pri0.005_mom-pri0.99_dp-pri0.2_seed7,bec-outage0.1_chan-layer2_mcsamples500_norm-spec_seed7_bounds.json
fcn-4,mnist,10.0,bec,outage 0.1,spec,channel_grad,0.001,0.01,0.01,0.009191878139972687,0.027861199999999996,0.008877632021903992,0.14426561902666757,✓,✗,0.031504793933423675,0.02749999999999997,0.11805492016884853,✓,✗,0.05771549279124272,6.087274074554443,0.04459790512919426,0.04459790512919426,600.0,0.009720942005515099,0.008877632021903992,0.009513580799102783,0.027130066666666675,0.02749999999999997,0.028200000000000003,fcn-4_mnist_learnt_gaussian_sig0.03_bounded-pmin1e-05_epoch10_bs250_lr0.001_mon0.95_dp0.2_objective-channel_gradient-chan0.01-bec-outage0.1-spec-kl0.01_perc-pri0.5_epoch-pri20_bs-pri250_lr-pri0.005_mom-pri0.99_dp-pri0.2_seed7,bec-outage0.1_chan-layer2_mcsamples500_norm-spec_seed7_bounds.json
fcn-4,mnist,10.0,bec,outage 0.1,spec,channel_grad,0.001,0.01,0.1,0.009046781808137894,0.027660399999999998,0.008726110309362411,0.159748412201291,✓,✗,0.031184059873693683,0.02729999999999999,0.1336339447398013,✓,✗,0.057298527335183376,10.207822799682617,0.04367559403181076,0.04367559403181076,600.0,0.009530141949653625,0.008726110309362411,0.00936584621667862,0.026831799999999992,0.02729999999999999,0.028100000000000014,fcn-4_mnist_learnt_gaussian_sig0.03_bounded-pmin1e-05_epoch10_bs250_lr0.001_mon0.95_dp0.2_objective-channel_gradient-chan0.1-bec-outage0.1-spec-kl0.01_perc-pri0.5_epoch-pri20_bs-pri250_lr-pri0.005_mom-pri0.99_dp-pri0.2_seed7,bec-outage0.1_chan-layer2_mcsamples500_norm-spec_seed7_bounds.json
fcn-4,mnist,10.0,bec,outage 0.1,spec,channel_grad,0.001,0.01,1.0,0.00824576523154974,0.026650200000000006,0.007937770336866379,0.4945783308326072,✓,✓,0.02928934715306466,0.025900000000000034,0.4687907060434456,✓,✓,0.05507697194222629,94.04834747314453,0.03844955936074257,0.03844955936074257,600.0,0.00841919519007206,0.007937770336866379,0.008502820879220963,0.025254333333333354,0.025900000000000034,0.027000000000000024,fcn-4_mnist_learnt_gaussian_sig0.03_bounded-pmin1e-05_epoch10_bs250_lr0.001_mon0.95_dp0.2_objective-channel_gradient-chan1.0-bec-outage0.1-spec-kl0.01_perc-pri0.5_epoch-pri20_bs-pri250_lr-pri0.005_mom-pri0.99_dp-pri0.2_seed7,bec-outage0.1_chan-layer2_mcsamples500_norm-spec_seed7_bounds.json
fcn-4,mnist,10.0,bec,outage 0.1,spec,channel_grad,0.001,0.1,0.01,0.009784266352653503,0.028990000000000002,0.009553268551826477,0.12503116255058966,✓,✗,0.03271342552398646,0.028299999999999992,0.09815497615284441,✓,✗,0.059589611921731726,0.21223068237304688,0.04747409373521805,0.04747409373521805,600.0,0.010446306318044662,0.009553268551826477,0.010126198083162308,0.028474800000000012,0.028299999999999992,0.02839999999999998,fcn-4_mnist_learnt_gaussian_sig0.03_bounded-pmin1e-05_epoch10_bs250_lr0.001_mon0.95_dp0.2_objective-channel_gradient-chan0.01-bec-outage0.1-spec-kl0.1_perc-pri0.5_epoch-pri20_bs-pri250_lr-pri0.005_mom-pri0.99_dp-pri0.2_seed7,bec-outage0.1_chan-layer2_mcsamples500_norm-spec_seed7_bounds.json
fcn-4,mnist,10.0,bec,outage 0.1,spec,channel_grad,0.001,0.1,0.1,0.009724022820591927,0.028852599999999996,0.009482303261756897,0.12547637620431937,✓,✗,0.03260861178398444,0.028299999999999992,0.0986945450996482,✓,✗,0.059390442888655595,0.4553050994873047,0.047126129269599915,0.047126129269599915,600.0,0.010383009910583496,0.009482303261756897,0.010073676705360413,0.028331266666666684,0.028299999999999992,0.02849999999999997,fcn-4_mnist_learnt_gaussian_sig0.03_bounded-pmin1e-05_epoch10_bs250_lr0.001_mon0.95_dp0.2_objective-channel_gradient-chan0.1-bec-outage0.1-spec-kl0.1_perc-pri0.5_epoch-pri20_bs-pri250_lr-pri0.005_mom-pri0.99_dp-pri0.2_seed7,bec-outage0.1_chan-layer2_mcsamples500_norm-spec_seed7_bounds.json
fcn-4,mnist,10.0,bec,outage 0.1,spec,channel_grad,0.001,0.1,1.0,0.009388827718794346,0.028236600000000004,0.009085195511579514,0.14811513948949295,✓,✗,0.03198849637414894,0.028000000000000025,0.12175347511024953,✓,✗,0.05835016075339235,6.703732490539551,0.0452960766851902,0.0452960766851902,600.0,0.010009901598095894,0.009085195511579514,0.00975744053721428,0.02758426666666668,0.028000000000000025,0.028800000000000048,fcn-4_mnist_learnt_gaussian_sig0.03_bounded-pmin1e-05_epoch10_bs250_lr0.001_mon0.95_dp0.2_objective-channel_gradient-chan1.0-bec-outage0.1-spec-kl0.1_perc-pri0.5_epoch-pri20_bs-pri250_lr-pri0.005_mom-pri0.99_dp-pri0.2_seed7,bec-outage0.1_chan-layer2_mcsamples500_norm-spec_seed7_bounds.json
fcn-4,mnist,10.0,bec,outage 0.1,spec,channel_grad,0.001,1.0,0.01,0.009925917722284794,0.029344,0.009725796431303025,0.12542601649727153,✓,✗,0.03298617644556573,0.02859999999999996,0.09833366517334255,✓,✗,0.06007852776949473,0.005167961120605469,0.04822536185383797,0.04822536185383797,600.0,0.010611433535814285,0.009725796431303025,0.010259316116571427,0.028826799999999955,0.02859999999999996,0.028299999999999992,fcn-4_mnist_learnt_gaussian_sig0.03_bounded-pmin1e-05_epoch10_bs250_lr0.001_mon0.95_dp0.2_objective-channel_gradient-chan0.01-bec-outage0.1-spec-kl1.0_perc-pri0.5_epoch-pri20_bs-pri250_lr-pri0.005_mom-pri0.99_dp-pri0.2_seed7,bec-outage0.1_chan-layer2_mcsamples500_norm-spec_seed7_bounds.json
fcn-4,mnist,10.0,bec,outage 0.1,spec,channel_grad,0.001,1.0,0.1,0.009914016351103783,0.02931319999999999,0.009712119400501252,0.1253785607698433,✓,✗,0.0329721033478367,0.02859999999999996,0.09829918335968697,✓,✗,0.060051480757993034,0.016906052827835083,0.04815703257918358,0.04815703257918358,600.0,0.010602827183902264,0.009712119400501252,0.010246460884809494,0.02880746666666666,0.02859999999999996,0.028299999999999992,fcn-4_mnist_learnt_gaussian_sig0.03_bounded-pmin1e-05_epoch10_bs250_lr0.001_mon0.95_dp0.2_objective-channel_gradient-chan0.1-bec-outage0.1-spec-kl1.0_perc-pri0.5_epoch-pri20_bs-pri250_lr-pri0.005_mom-pri0.99_dp-pri0.2_seed7,bec-outage0.1_chan-layer2_mcsamples500_norm-spec_seed7_bounds.json
fcn-4,mnist,10.0,bec,outage 0.1,spec,channel_grad,0.001,1.0,1.0,0.009806593880057335,0.029055999999999995,0.009585091471672058,0.1269891608761598,✓,✗,0.0328518343560589,0.028299999999999992,0.10002238421190708,✓,✗,0.059818611020311614,0.5829952955245972,0.04768945276737213,0.04768945276737213,600.0,0.010529980063438416,0.009585091471672058,0.010125297307968139,0.02863960000000002,0.028299999999999992,0.028000000000000025,fcn-4_mnist_learnt_gaussian_sig0.03_bounded-pmin1e-05_epoch10_bs250_lr0.001_mon0.95_dp0.2_objective-channel_gradient-chan1.0-bec-outage0.1-spec-kl1.0_perc-pri0.5_epoch-pri20_bs-pri250_lr-pri0.005_mom-pri0.99_dp-pri0.2_seed7,bec-outage0.1_chan-layer2_mcsamples500_norm-spec_seed7_bounds.json
fcn-4,mnist,20.0,bec,outage 0.1,spec,vanilla,0.001,1.0,0.0,0.00825298111885786,0.026340600000000002,0.008122899383306504,0.4119819707525387,✓,-,0.028971681264870108,0.02629999999999999,0.38648348809050936,✓,-,0.054470163926899406,65.90060424804688,0.07137268781661987,0.07137268781661987,600.0,0.008235758170485497,0.008122899383306504,0.009177878499031067,0.024826000000000015,0.02629999999999999,0.028100000000000014,fcn-4_mnist_learnt_gaussian_sig0.03_bounded-pmin1e-05_epoch20_bs250_lr0.001_mon0.95_dp0.2_objective-vanilla_perc-pri0.5_epoch-pri20_bs-pri250_lr-pri0.005_mom-pri0.99_dp-pri0.2_seed7,bec-outage0.1_chan-layer2_mcsamples500_norm-spec_seed7_bounds.json
fcn-4,mnist,20.0,bec,outage 0.1,spec,channel_grad,0.001,0.0001,0.0001,0.008253256790339947,0.026267600000000016,0.00833040326833725,0.37408310174942017,✓,✗,0.02901816954139459,0.02629999999999999,0.3486770689487457,✓,✓,0.054424191586221776,64.22906494140625,0.04034382849931717,0.04034382849931717,600.0,0.008262470364570618,0.00833040326833725,0.007784046232700348,0.024793933333333372,0.02629999999999999,0.025499999999999967,fcn-4_mnist_learnt_gaussian_sig0.03_bounded-pmin1e-05_epoch20_bs250_lr0.001_mon0.95_dp0.2_objective-channel_gradient-chan0.0001-bec-outage0.1-spec-kl0.0001_perc-pri0.5_epoch-pri20_bs-pri250_lr-pri0.005_mom-pri0.99_dp-pri0.2_seed7,bec-outage0.1_chan-layer2_mcsamples500_norm-spec_seed7_bounds.json
fcn-4,mnist,20.0,bec,outage 0.1,spec,channel_grad,0.001,0.0001,0.001,0.008250354789197445,0.026263400000000003,0.008327515423297882,0.3754781186580658,✓,✓,0.029010473336862144,0.02629999999999999,0.3500738739967346,✓,✓,0.054414743446936004,64.5792465209961,0.04031870886683464,0.04031870886683464,600.0,0.008257990702986717,0.008327515423297882,0.007781202346086502,0.024787066666666677,0.02629999999999999,0.025399999999999978,fcn-4_mnist_learnt_gaussian_sig0.03_bounded-pmin1e-05_epoch20_bs250_lr0.001_mon0.95_dp0.2_objective-channel_gradient-chan0.001-bec-outage0.1-spec-kl0.0001_perc-pri0.5_epoch-pri20_bs-pri250_lr-pri0.005_mom-pri0.99_dp-pri0.2_seed7,bec-outage0.1_chan-layer2_mcsamples500_norm-spec_seed7_bounds.json
fcn-4,mnist,20.0,bec,outage 0.1,spec,channel_grad,0.001,0.0001,0.01,0.008219211362302303,0.0262134,0.008296463638544083,0.38986077904701233,✓,✓,0.02893366226598089,0.026499999999999968,0.3644710183143616,✓,✓,0.05432340231715914,68.18818664550781,0.040059249848127365,0.040059249848127365,600.0,0.008213832974433899,0.008296463638544083,0.007748311758041382,0.024722600000000015,0.026499999999999968,0.025499999999999967,fcn-4_mnist_learnt_gaussian_sig0.03_bounded-pmin1e-05_epoch20_bs250_lr0.001_mon0.95_dp0.2_objective-channel_gradient-chan0.01-bec-outage0.1-spec-kl0.0001_perc-pri0.5_epoch-pri20_bs-pri250_lr-pri0.005_mom-pri0.99_dp-pri0.2_seed7,bec-outage0.1_chan-layer2_mcsamples500_norm-spec_seed7_bounds.json
fcn-4,mnist,20.0,bec,outage 0.1,spec,channel_grad,0.001,0.001,0.0001,0.008411369286477566,0.0264992,0.008487775176763534,0.30350467562675476,✓,✗,0.029462835552799927,0.026900000000000035,0.2779679596424103,✓,✗,0.0549995486111588,46.59209060668945,0.0411926805973053,0.0411926805973053,600.0,0.008519626222550869,0.008487775176763534,0.007968718558549881,0.0251994,0.026900000000000035,0.025399999999999978,fcn-4_mnist_learnt_gaussian_sig0.03_bounded-pmin1e-05_epoch20_bs250_lr0.001_mon0.95_dp0.2_objective-channel_gradient-chan0.0001-bec-outage0.1-spec-kl0.001_perc-pri0.5_epoch-pri20_bs-pri250_lr-pri0.005_mom-pri0.99_dp-pri0.2_seed7,bec-outage0.1_chan-layer2_mcsamples500_norm-spec_seed7_bounds.json
fcn-4,mnist,20.0,bec,outage 0.1,spec,channel_grad,0.001,0.001,0.001,0.00840842630714178,0.026497800000000005,0.00848478525876999,0.30452290177345276,✓,✗,0.029455505739412906,0.026900000000000035,0.27898934483528137,✓,✗,0.054989044008822305,46.849727630615234,0.041169602423906326,0.041169602423906326,600.0,0.008515519089996815,0.00848478525876999,0.00796586200594902,0.025192400000000018,0.026900000000000035,0.025399999999999978,fcn-4_mnist_learnt_gaussian_sig0.03_bounded-pmin1e-05_epoch20_bs250_lr0.001_mon0.95_dp0.2_objective-channel_gradient-chan0.001-bec-outage0.1-spec-kl0.001_perc-pri0.5_epoch-pri20_bs-pri250_lr-pri0.005_mom-pri0.99_dp-pri0.2_seed7,bec-outage0.1_chan-layer2_mcsamples500_norm-spec_seed7_bounds.json
fcn-4,mnist,20.0,bec,outage 0.1,spec,channel_grad,0.001,0.001,0.01,0.008379693143069744,0.02646300000000001,0.008456380665302276,0.3149636387825012,✓,✗,0.02938560447078569,0.026800000000000046,0.28945183753967285,✓,✗,0.054897403696630445,49.4920768737793,0.040914639830589294,0.040914639830589294,600.0,0.008475021459162235,0.008456380665302276,0.007936274260282516,0.025127600000000014,0.026800000000000046,0.02529999999999999,fcn-4_mnist_learnt_gaussian_sig0.03_bounded-pmin1e-05_epoch20_bs250_lr0.001_mon0.95_dp0.2_objective-channel_gradient-chan0.01-bec-outage0.1-spec-kl0.001_perc-pri0.5_epoch-pri20_bs-pri250_lr-pri0.005_mom-pri0.99_dp-pri0.2_seed7,bec-outage0.1_chan-layer2_mcsamples500_norm-spec_seed7_bounds.json
fcn-4,mnist,20.0,bec,outage 0.1,spec,channel_grad,0.001,0.01,0.0001,0.009185588918626308,0.02783740000000001,0.00926143378019333,0.1452520489692688,✓,✗,0.031454593697418334,0.028299999999999992,0.11911774426698685,✓,✗,0.05758889897890819,6.214500904083252,0.045191533863544464,0.045191533863544464,600.0,0.009690857492387295,0.00926143378019333,0.008847514539957047,0.02703959999999999,0.028299999999999992,0.02729999999999999,fcn-4_mnist_learnt_gaussian_sig0.03_bounded-pmin1e-05_epoch20_bs250_lr0.001_mon0.95_dp0.2_objective-channel_gradient-chan0.0001-bec-outage0.1-spec-kl0.01_perc-pri0.5_epoch-pri20_bs-pri250_lr-pri0.005_mom-pri0.99_dp-pri0.2_seed7,bec-outage0.1_chan-layer2_mcsamples500_norm-spec_seed7_bounds.json
fcn-4,mnist,20.0,bec,outage 0.1,spec,channel_grad,0.001,0.01,0.001,0.009183715097606182,0.027831200000000007,0.009259625524282455,0.14537803828716278,✓,✗,0.0314506854627815,0.028299999999999992,0.11924347281455994,✓,✗,0.057585259004123424,6.250741004943848,0.04517320916056633,0.04517320916056633,600.0,0.009688792750239372,0.009259625524282455,0.008845652639865875,0.027036799999999982,0.028299999999999992,0.02729999999999999,fcn-4_mnist_learnt_gaussian_sig0.03_bounded-pmin1e-05_epoch20_bs250_lr0.001_mon0.95_dp0.2_objective-channel_gradient-chan0.001-bec-outage0.1-spec-kl0.01_perc-pri0.5_epoch-pri20_bs-pri250_lr-pri0.005_mom-pri0.99_dp-pri0.2_seed7,bec-outage0.1_chan-layer2_mcsamples500_norm-spec_seed7_bounds.json
fcn-4,mnist,20.0,bec,outage 0.1,spec,channel_grad,0.001,0.01,0.01,0.009164592251181602,0.02779900000000001,0.009241572767496108,0.14672992612155097,✓,✗,0.03141501472540266,0.028299999999999992,0.12061599200947343,✓,✗,0.05752894883748021,6.633669376373291,0.04501810669898987,0.04501810669898987,600.0,0.0096672885119915,0.009241572767496108,0.008825601637363433,0.02699686666666666,0.028299999999999992,0.02729999999999999,fcn-4_mnist_learnt_gaussian_sig0.03_bounded-pmin1e-05_epoch20_bs250_lr0.001_mon0.95_dp0.2_objective-channel_gradient-chan0.01-bec-outage0.1-spec-kl0.01_perc-pri0.5_epoch-pri20_bs-pri250_lr-pri0.005_mom-pri0.99_dp-pri0.2_seed7,bec-outage0.1_chan-layer2_mcsamples500_norm-spec_seed7_bounds.json
fcn-4,mnist,20.0,bec,outage 0.1,spec,channel_grad,0.001,0.01,0.1,0.008996558375656605,0.027499999999999993,0.009081569314002991,0.16422726172833801,✓,✗,0.03109153833074901,0.027800000000000047,0.13820646434262637,✓,✗,0.057112335716460655,11.263803482055664,0.044029612094163895,0.044029612094163895,600.0,0.009475148282945156,0.009081569314002991,0.008645220845937728,0.026699,0.027800000000000047,0.02729999999999999,fcn-4_mnist_learnt_gaussian_sig0.03_bounded-pmin1e-05_epoch20_bs250_lr0.001_mon0.95_dp0.2_objective-channel_gradient-chan0.1-bec-outage0.1-spec-kl0.01_perc-pri0.5_epoch-pri20_bs-pri250_lr-pri0.005_mom-pri0.99_dp-pri0.2_seed7,bec-outage0.1_chan-layer2_mcsamples500_norm-spec_seed7_bounds.json
fcn-4,mnist,20.0,bec,outage 0.1,spec,channel_grad,0.001,0.01,1.0,0.00819168146699667,0.026443800000000003,0.008269408345222473,0.5425414083298317,✓,✓,0.029126843499251123,0.026499999999999968,0.5168273565087946,✓,✗,0.0548408953202882,105.91995239257812,0.03818308934569359,0.03818308934569359,600.0,0.008325169794261456,0.008269408345222473,0.007741861045360565,0.025087533333333332,0.026499999999999968,0.025699999999999945,fcn-4_mnist_learnt_gaussian_sig0.03_bounded-pmin1e-05_epoch20_bs250_lr0.001_mon0.95_dp0.2_objective-channel_gradient-chan1.0-bec-outage0.1-spec-kl0.01_perc-pri0.5_epoch-pri20_bs-pri250_lr-pri0.005_mom-pri0.99_dp-pri0.2_seed7,bec-outage0.1_chan-layer2_mcsamples500_norm-spec_seed7_bounds.json
fcn-4,mnist,20.0,bec,outage 0.1,spec,channel_grad,0.001,0.1,0.01,0.009772776626050472,0.029003799999999996,0.009856018424034118,0.12532264741233634,✓,✗,0.03267750239045876,0.02949999999999997,0.09854812935247681,✓,✗,0.05945202045031828,0.22821441292762756,0.047837916761636734,0.047837916761636734,600.0,0.010424520820379257,0.009856018424034118,0.00950280874967575,0.028375733333333344,0.02949999999999997,0.027699999999999947,fcn-4_mnist_learnt_gaussian_sig0.03_bounded-pmin1e-05_epoch20_bs250_lr0.001_mon0.95_dp0.2_objective-channel_gradient-chan0.01-bec-outage0.1-spec-kl0.1_perc-pri0.5_epoch-pri20_bs-pri250_lr-pri0.005_mom-pri0.99_dp-pri0.2_seed7,bec-outage0.1_chan-layer2_mcsamples500_norm-spec_seed7_bounds.json
fcn-4,mnist,20.0,bec,outage 0.1,spec,channel_grad,0.001,0.1,0.1,0.009706527926027775,0.0288434,0.00978837013244629,0.12581312316248466,✓,✗,0.03258201092983523,0.029100000000000015,0.09911218173211732,✓,✗,0.05928295236020257,0.45615655183792114,0.047566890716552734,0.047566890716552734,600.0,0.010366900824010372,0.00978837013244629,0.009429243206977845,0.028253733333333347,0.029100000000000015,0.02749999999999997,fcn-4_mnist_learnt_gaussian_sig0.03_bounded-pmin1e-05_epoch20_bs250_lr0.001_mon0.95_dp0.2_objective-channel_gradient-chan0.1-bec-outage0.1-spec-kl0.1_perc-pri0.5_epoch-pri20_bs-pri250_lr-pri0.005_mom-pri0.99_dp-pri0.2_seed7,bec-outage0.1_chan-layer2_mcsamples500_norm-spec_seed7_bounds.json
fcn-4,mnist,20.0,bec,outage 0.1,spec,channel_grad,0.001,0.1,1.0,0.009305005893111229,0.028008000000000005,0.009367602318525315,0.14996067966217727,✓,✗,0.03200432823530899,0.028000000000000025,0.12366786265652695,✓,✗,0.05829714524095932,6.945781707763672,0.04620647057890892,0.04620647057890892,600.0,0.0100193340331316,0.009367602318525315,0.00896114706993103,0.02754580000000001,0.028000000000000025,0.027000000000000024,fcn-4_mnist_learnt_gaussian_sig0.03_bounded-pmin1e-05_epoch20_bs250_lr0.001_mon0.95_dp0.2_objective-channel_gradient-chan1.0-bec-outage0.1-spec-kl0.1_perc-pri0.5_epoch-pri20_bs-pri250_lr-pri0.005_mom-pri0.99_dp-pri0.2_seed7,bec-outage0.1_chan-layer2_mcsamples500_norm-spec_seed7_bounds.json
fcn-4,mnist,20.0,bec,outage 0.1,spec,channel_grad,0.001,1.0,0.01,0.009927659295499325,0.02935259999999999,0.010019882768392562,0.12552151018011176,✓,✗,0.03294189090522247,0.02980000000000005,0.09850988966934734,✓,✗,0.059953511415986885,0.007608652114868164,0.04843590781092644,0.04843590781092644,600.0,0.01058446615934372,0.010019882768392562,0.009675727039575577,0.02873686666666668,0.02980000000000005,0.028200000000000003,fcn-4_mnist_learnt_gaussian_sig0.03_bounded-pmin1e-05_epoch20_bs250_lr0.001_mon0.95_dp0.2_objective-channel_gradient-chan0.01-bec-outage0.1-spec-kl1.0_perc-pri0.5_epoch-pri20_bs-pri250_lr-pri0.005_mom-pri0.99_dp-pri0.2_seed7,bec-outage0.1_chan-layer2_mcsamples500_norm-spec_seed7_bounds.json
fcn-4,mnist,20.0,bec,outage 0.1,spec,channel_grad,0.001,1.0,0.1,0.009918056428432465,0.029333000000000005,0.01000821441411972,0.12555479745933285,✓,✗,0.03292481275789153,0.02980000000000005,0.09856399179525874,✓,✗,0.05991561842196565,0.02003270387649536,0.04845636710524559,0.04845636710524559,600.0,0.01057423371821642,0.01000821441411972,0.009663183242082596,0.028709200000000004,0.02980000000000005,0.027900000000000036,fcn-4_mnist_learnt_gaussian_sig0.03_bounded-pmin1e-05_epoch20_bs250_lr0.001_mon0.95_dp0.2_objective-channel_gradient-chan0.1-bec-outage0.1-spec-kl1.0_perc-pri0.5_epoch-pri20_bs-pri250_lr-pri0.005_mom-pri0.99_dp-pri0.2_seed7,bec-outage0.1_chan-layer2_mcsamples500_norm-spec_seed7_bounds.json
fcn-4,mnist,20.0,bec,outage 0.1,spec,channel_grad,0.001,1.0,1.0,0.009848680347204208,0.029152400000000005,0.009926991164684295,0.12760578657008728,✓,✗,0.03279667370228588,0.029200000000000004,0.10073812594734008,✓,✗,0.05966433432503308,0.5825468301773071,0.04846218600869179,0.04846218600869179,600.0,0.010496716946363449,0.009926991164684295,0.009560096263885497,0.02852806666666665,0.029200000000000004,0.028200000000000003,fcn-4_mnist_learnt_gaussian_sig0.03_bounded-pmin1e-05_epoch20_bs250_lr0.001_mon0.95_dp0.2_objective-channel_gradient-chan1.0-bec-outage0.1-spec-kl1.0_perc-pri0.5_epoch-pri20_bs-pri250_lr-pri0.005_mom-pri0.99_dp-pri0.2_seed7,bec-outage0.1_chan-layer2_mcsamples500_norm-spec_seed7_bounds.json
fcn-4,mnist,30.0,bec,outage 0.1,spec,channel_grad,0.001,0.0001,0.0001,0.007989700883626938,0.025906799999999997,0.008190282434225083,0.5525402426719666,✓,?,0.02813431314192098,0.026100000000000012,0.527381181716919,✓,?,0.05329332590785288,108.54471588134766,0.03901390731334686,0.03901390731334686,600.0,0.00775598781183362,0.008190282434225083,0.008050350099802017,0.023999133333333325,0.026100000000000012,0.024599999999999955,fcn-4_mnist_learnt_gaussian_sig0.03_bounded-pmin1e-05_epoch30_bs250_lr0.001_mon0.95_dp0.2_objective-channel_gradient-chan0.0001-bec-outage0.1-spec-kl0.0001_perc-pri0.5_epoch-pri20_bs-pri250_lr-pri0.005_mom-pri0.99_dp-pri0.2_seed7,bec-outage0.1_chan-layer2_mcsamples500_norm-spec_seed7_bounds.json
fcn-4,mnist,30.0,bec,outage 0.1,spec,channel_grad,0.001,0.0001,0.001,0.00798658188432455,0.025907599999999996,0.008187193423509598,0.5549779534339905,✓,?,0.028124744523621372,0.026100000000000012,0.5298222899436951,✓,?,0.05328042019464474,109.14885711669922,0.03899817913770676,0.03899817913770676,600.0,0.007750566117465496,0.008187193423509598,0.008047205209732056,0.023989666666666652,0.026100000000000012,0.024599999999999955,fcn-4_mnist_learnt_gaussian_sig0.03_bounded-pmin1e-05_epoch30_bs250_lr0.001_mon0.95_dp0.2_objective-channel_gradient-chan0.001-bec-outage0.1-spec-kl0.0001_perc-pri0.5_epoch-pri20_bs-pri250_lr-pri0.005_mom-pri0.99_dp-pri0.2_seed7,bec-outage0.1_chan-layer2_mcsamples500_norm-spec_seed7_bounds.json
fcn-4,mnist,30.0,bec,outage 0.1,spec,channel_grad,0.001,0.0001,0.01,0.007952968589961529,0.025862599999999993,0.008154095709323883,0.5787346363067627,✓,?,0.028037007300328036,0.026000000000000023,0.5536059141159058,✓,?,0.05316571549640385,115.05965423583984,0.03873881697654724,0.03873881697654724,600.0,0.007700602523982525,0.008154095709323883,0.008013089001178742,0.023909800000000012,0.026000000000000023,0.024599999999999955,fcn-4_mnist_learnt_gaussian_sig0.03_bounded-pmin1e-05_epoch30_bs250_lr0.001_mon0.95_dp0.2_objective-channel_gradient-chan0.01-bec-outage0.1-spec-kl0.0001_perc-pri0.5_epoch-pri20_bs-pri250_lr-pri0.005_mom-pri0.99_dp-pri0.2_seed7,bec-outage0.1_chan-layer2_mcsamples500_norm-spec_seed7_bounds.json
fcn-4,mnist,30.0,bec,outage 0.1,spec,channel_grad,0.001,0.001,0.0001,0.008243379183113575,0.02633379999999999,0.008440539985895158,0.38965079188346863,✓,?,0.028892192979426242,0.02639999999999998,0.3642212152481079,✓,?,0.05432176114363754,68.0170669555664,0.040549490600824356,0.040549490600824356,600.0,0.008189833723008633,0.008440539985895158,0.00832243487238884,0.024721866666666665,0.02639999999999998,0.024700000000000055,fcn-4_mnist_learnt_gaussian_sig0.03_bounded-pmin1e-05_epoch30_bs250_lr0.001_mon0.95_dp0.2_objective-channel_gradient-chan0.0001-bec-outage0.1-spec-kl0.001_perc-pri0.5_epoch-pri20_bs-pri250_lr-pri0.005_mom-pri0.99_dp-pri0.2_seed7,bec-outage0.1_chan-layer2_mcsamples500_norm-spec_seed7_bounds.json
fcn-4,mnist,30.0,bec,outage 0.1,spec,channel_grad,0.001,0.001,0.001,0.00824001431465149,0.0263286,0.008437207341194153,0.39111411571502686,✓,?,0.028883850092176245,0.02639999999999998,0.3656892478466034,✓,?,0.05430873207818791,68.38480377197266,0.04052457958459854,0.04052457958459854,600.0,0.008185177110135555,0.008437207341194153,0.008319167047739029,0.02471226666666668,0.02639999999999998,0.024700000000000055,fcn-4_mnist_learnt_gaussian_sig0.03_bounded-pmin1e-05_epoch30_bs250_lr0.001_mon0.95_dp0.2_objective-channel_gradient-chan0.001-bec-outage0.1-spec-kl0.001_perc-pri0.5_epoch-pri20_bs-pri250_lr-pri0.005_mom-pri0.99_dp-pri0.2_seed7,bec-outage0.1_chan-layer2_mcsamples500_norm-spec_seed7_bounds.json
fcn-4,mnist,30.0,bec,outage 0.1,spec,channel_grad,0.001,0.001,0.01,0.00820766668766737,0.026285399999999993,0.008405356854200362,0.4061306416988373,✓,?,0.028804459495256094,0.02629999999999999,0.38073989748954773,✓,?,0.05419520587684806,72.15393829345703,0.04026718810200691,0.04026718810200691,600.0,0.008139356039464474,0.008405356854200362,0.00828656107187271,0.024632599999999984,0.02629999999999999,0.024900000000000033,fcn-4_mnist_learnt_gaussian_sig0.03_bounded-pmin1e-05_epoch30_bs250_lr0.001_mon0.95_dp0.2_objective-channel_gradient-chan0.01-bec-outage0.1-spec-kl0.001_perc-pri0.5_epoch-pri20_bs-pri250_lr-pri0.005_mom-pri0.99_dp-pri0.2_seed7,bec-outage0.1_chan-layer2_mcsamples500_norm-spec_seed7_bounds.json
fcn-4,mnist,30.0,bec,outage 0.1,spec,channel_grad,0.001,0.01,0.0001,0.009221285581588745,0.02798040000000001,0.009419029951095581,0.14459706842899323,✓,?,0.03147659455681086,0.02749999999999997,0.11833727359771729,✓,?,0.05773638658266328,6.0950469970703125,0.04487672820687294,0.04487672820687294,600.0,0.009704179130494595,0.009419029951095581,0.009373535960912704,0.027144933333333312,0.02749999999999997,0.026900000000000035,fcn-4_mnist_learnt_gaussian_sig0.03_bounded-pmin1e-05_epoch30_bs250_lr0.001_mon0.95_dp0.2_objective-channel_gradient-chan0.0001-bec-outage0.1-spec-kl0.01_perc-pri0.5_epoch-pri20_bs-pri250_lr-pri0.005_mom-pri0.99_dp-pri0.2_seed7,bec-outage0.1_chan-layer2_mcsamples500_norm-spec_seed7_bounds.json
fcn-4,mnist,30.0,bec,outage 0.1,spec,channel_grad,0.001,0.01,0.001,0.009219544939696789,0.027976600000000008,0.009417244791984558,0.14472512900829315,✓,?,0.031473051097047386,0.027599999999999958,0.11846829950809479,✓,?,0.05772988193585357,6.130901336669922,0.044864919036626816,0.044864919036626816,600.0,0.009702004492282867,0.009417244791984558,0.009371791779994965,0.027140133333333302,0.027599999999999958,0.026900000000000035,fcn-4_mnist_learnt_gaussian_sig0.03_bounded-pmin1e-05_epoch30_bs250_lr0.001_mon0.95_dp0.2_objective-channel_gradient-chan0.001-bec-outage0.1-spec-kl0.01_perc-pri0.5_epoch-pri20_bs-pri250_lr-pri0.005_mom-pri0.99_dp-pri0.2_seed7,bec-outage0.1_chan-layer2_mcsamples500_norm-spec_seed7_bounds.json
fcn-4,mnist,30.0,bec,outage 0.1,spec,channel_grad,0.001,0.01,0.01,0.00920171570032835,0.027947799999999995,0.009399421513080597,0.14604018441700647,✓,?,0.031437001446860346,0.02749999999999997,0.11980113284624602,✓,?,0.0576760530176208,6.498201370239258,0.04473430663347244,0.04473430663347244,600.0,0.009680595248937607,0.009399421513080597,0.00935320258140564,0.0271018,0.02749999999999997,0.026900000000000035,fcn-4_mnist_learnt_gaussian_sig0.03_bounded-pmin1e-05_epoch30_bs250_lr0.001_mon0.95_dp0.2_objective-channel_gradient-chan0.01-bec-outage0.1-spec-kl0.01_perc-pri0.5_epoch-pri20_bs-pri250_lr-pri0.005_mom-pri0.99_dp-pri0.2_seed7,bec-outage0.1_chan-layer2_mcsamples500_norm-spec_seed7_bounds.json
fcn-4,mnist,30.0,bec,outage 0.1,spec,channel_grad,0.001,0.01,0.1,0.009049039334058762,0.027707799999999998,0.009248718619346619,0.16283939206199846,✓,?,0.031111008885840192,0.027200000000000002,0.13671482634451693,✓,?,0.057235574603321716,10.905229568481445,0.0439823754131794,0.0439823754131794,600.0,0.009486844763159752,0.009248718619346619,0.009194613993167877,0.026786933333333315,0.027200000000000002,0.02629999999999999,fcn-4_mnist_learnt_gaussian_sig0.03_bounded-pmin1e-05_epoch30_bs250_lr0.001_mon0.95_dp0.2_objective-channel_gradient-chan0.1-bec-outage0.1-spec-kl0.01_perc-pri0.5_epoch-pri20_bs-pri250_lr-pri0.005_mom-pri0.99_dp-pri0.2_seed7,bec-outage0.1_chan-layer2_mcsamples500_norm-spec_seed7_bounds.json
fcn-4,mnist,30.0,bec,outage 0.1,spec,channel_grad,0.001,0.01,1.0,0.008338721469044685,0.026963,0.008519869297742844,0.5306886119119715,✓,?,0.029163955565833354,0.026499999999999968,0.5049666383577427,✓,?,0.05488592912006222,102.801513671875,0.0390162318944931,0.0390162318944931,600.0,0.008346655406057835,0.008519869297742844,0.008440927416086198,0.025119600000000016,0.026499999999999968,0.02639999999999998,fcn-4_mnist_learnt_gaussian_sig0.03_bounded-pmin1e-05_epoch30_bs250_lr0.001_mon0.95_dp0.2_objective-channel_gradient-chan1.0-bec-outage0.1-spec-kl0.01_perc-pri0.5_epoch-pri20_bs-pri250_lr-pri0.005_mom-pri0.99_dp-pri0.2_seed7,bec-outage0.1_chan-layer2_mcsamples500_norm-spec_seed7_bounds.json
fcn-4,mnist,30.0,bec,outage 0.1,spec,channel_grad,0.001,0.1,0.01,0.009813356213271618,0.029120600000000007,0.00998615324497223,0.12502693343840743,✓,?,0.032723802603993324,0.028100000000000014,0.09811332472094497,✓,?,0.059637411321455794,0.1927228569984436,0.04750170558691025,0.04750170558691025,600.0,0.010452577844262123,0.00998615324497223,0.010003764927387238,0.028508866666666684,0.028100000000000014,0.02749999999999997,fcn-4_mnist_learnt_gaussian_sig0.03_bounded-pmin1e-05_epoch30_bs250_lr0.001_mon0.95_dp0.2_objective-channel_gradient-chan0.01-bec-outage0.1-spec-kl0.1_perc-pri0.5_epoch-pri20_bs-pri250_lr-pri0.005_mom-pri0.99_dp-pri0.2_seed7,bec-outage0.1_chan-layer2_mcsamples500_norm-spec_seed7_bounds.json
fcn-4,mnist,30.0,bec,outage 0.1,spec,channel_grad,0.001,0.1,0.1,0.009767288342118263,0.0289932,0.009942951798439025,0.1253641800948042,✓,?,0.03262831699440501,0.028100000000000014,0.09853597750708448,✓,?,0.059456519582124744,0.38769593834877014,0.04722386971116066,0.04722386971116066,600.0,0.010394961573183537,0.009942951798439025,0.009957644343376159,0.028378466666666647,0.028100000000000014,0.02749999999999997,fcn-4_mnist_learnt_gaussian_sig0.03_bounded-pmin1e-05_epoch30_bs250_lr0.001_mon0.95_dp0.2_objective-channel_gradient-chan0.1-bec-outage0.1-spec-kl0.1_perc-pri0.5_epoch-pri20_bs-pri250_lr-pri0.005_mom-pri0.99_dp-pri0.2_seed7,bec-outage0.1_chan-layer2_mcsamples500_norm-spec_seed7_bounds.json
fcn-4,mnist,30.0,bec,outage 0.1,spec,channel_grad,0.001,0.1,1.0,0.009569867514073849,0.0286592,0.009766920655965804,0.1436290453473749,✓,?,0.03208019152048501,0.02859999999999996,0.11715582924487813,✓,?,0.05855340762298178,5.45152473449707,0.045718852430582047,0.045718852430582047,600.0,0.010065058246254921,0.009766920655965804,0.009795449674129486,0.027729999999999987,0.02859999999999996,0.02739999999999998,fcn-4_mnist_learnt_gaussian_sig0.03_bounded-pmin1e-05_epoch30_bs250_lr0.001_mon0.95_dp0.2_objective-channel_gradient-chan1.0-bec-outage0.1-spec-kl0.1_perc-pri0.5_epoch-pri20_bs-pri250_lr-pri0.005_mom-pri0.99_dp-pri0.2_seed7,bec-outage0.1_chan-layer2_mcsamples500_norm-spec_seed7_bounds.json
fcn-4,mnist,30.0,bec,outage 0.1,spec,channel_grad,0.001,1.0,0.01,0.00995017308741808,0.029430000000000008,0.010115505009889603,0.12532840870434922,✓,?,0.03297891006744304,0.028299999999999992,0.09822001198322809,✓,?,0.060087306788564165,0.006381601095199585,0.04811402037739754,0.04811402037739754,600.0,0.010606895200908184,0.010115505009889603,0.010144934803247452,0.028832999999999998,0.028299999999999992,0.02739999999999998,fcn-4_mnist_learnt_gaussian_sig0.03_bounded-pmin1e-05_epoch30_bs250_lr0.001_mon0.95_dp0.2_objective-channel_gradient-chan0.01-bec-outage0.1-spec-kl1.0_perc-pri0.5_epoch-pri20_bs-pri250_lr-pri0.005_mom-pri0.99_dp-pri0.2_seed7,bec-outage0.1_chan-layer2_mcsamples500_norm-spec_seed7_bounds.json
fcn-4,mnist,30.0,bec,outage 0.1,spec,channel_grad,0.001,1.0,0.1,0.009944931603968143,0.029423600000000005,0.010111058503389359,0.1253212142085286,✓,?,0.03296286747799039,0.02839999999999998,0.0982287712423294,✓,?,0.0600553104441896,0.02058812975883484,0.04808082431554794,0.04808082431554794,600.0,0.01059723924845457,0.010111058503389359,0.010141236335039138,0.02881046666666667,0.02839999999999998,0.02749999999999997,fcn-4_mnist_learnt_gaussian_sig0.03_bounded-pmin1e-05_epoch30_bs250_lr0.001_mon0.95_dp0.2_objective-channel_gradient-chan0.1-bec-outage0.1-spec-kl1.0_perc-pri0.5_epoch-pri20_bs-pri250_lr-pri0.005_mom-pri0.99_dp-pri0.2_seed7,bec-outage0.1_chan-layer2_mcsamples500_norm-spec_seed7_bounds.json
fcn-4,mnist,30.0,bec,outage 0.1,spec,channel_grad,0.001,1.0,1.0,0.009917589835822582,0.029368999999999996,0.010089358687400818,0.12742170342553533,✓,?,0.032857439602849384,0.02849999999999997,0.1004171712532031,✓,?,0.05986197177518161,0.6397058963775635,0.047847114503383636,0.047847114503383636,600.0,0.010533301159739494,0.010089358687400818,0.010131575167179108,0.02867099999999999,0.02849999999999997,0.027599999999999958,fcn-4_mnist_learnt_gaussian_sig0.03_bounded-pmin1e-05_epoch30_bs250_lr0.001_mon0.95_dp0.2_objective-channel_gradient-chan1.0-bec-outage0.1-spec-kl1.0_perc-pri0.5_epoch-pri20_bs-pri250_lr-pri0.005_mom-pri0.99_dp-pri0.2_seed7,bec-outage0.1_chan-layer2_mcsamples500_norm-spec_seed7_bounds.json
fcn-4,mnist,50.0,bec,outage 0.1,spec,vanilla,0.001,1.0,0.0,0.007591147907078266,0.025137600000000006,0.007454632967710495,1.0490616102026302,✓,-,0.026670843572489285,0.024599999999999955,1.0245350071133688,✓,-,0.0511974466617509,222.75425720214844,0.07137268781661987,0.07137268781661987,600.0,0.006932391785085201,0.007454632967710495,0.008326570689678191,0.022537066666666664,0.024599999999999955,0.027200000000000002,fcn-4_mnist_learnt_gaussian_sig0.03_bounded-pmin1e-05_epoch50_bs250_lr0.001_mon0.95_dp0.2_objective-vanilla_perc-pri0.5_epoch-pri20_bs-pri250_lr-pri0.005_mom-pri0.99_dp-pri0.2_seed7,bec-outage0.1_chan-layer2_mcsamples500_norm-spec_seed7_bounds.json
fcn-4,mnist,50.0,bec,outage 0.1,spec,channel_grad,0.001,0.0001,0.0001,0.007636760361492634,0.025311199999999996,0.007451893389225006,0.9370599985122681,✓,✗,0.02681924800048219,0.024599999999999955,0.9124809503555298,✓,✗,0.05139832620937201,203.81434631347656,0.036492135375738144,0.036492135375738144,600.0,0.0070152063854038715,0.007451893389225006,0.008135685324668884,0.022676800000000007,0.024599999999999955,0.0262,fcn-4_mnist_learnt_gaussian_sig0.03_bounded-pmin1e-05_epoch50_bs250_lr0.001_mon0.95_dp0.2_objective-channel_gradient-chan0.0001-bec-outage0.1-spec-kl0.0001_perc-pri0.5_epoch-pri20_bs-pri250_lr-pri0.005_mom-pri0.99_dp-pri0.2_seed7,bec-outage0.1_chan-layer2_mcsamples500_norm-spec_seed7_bounds.json
fcn-4,mnist,50.0,bec,outage 0.1,spec,channel_grad,0.001,0.0001,0.001,0.007633128669112921,0.025307000000000003,0.007448624819517136,0.9410834908485413,✓,✗,0.026809630541455454,0.024599999999999955,0.9165119528770447,✓,✗,0.051381151215762186,204.81394958496094,0.03645196184515953,0.03645196184515953,600.0,0.007009741384536028,0.007448624819517136,0.00813056007027626,0.022664866666666665,0.024599999999999955,0.0262,fcn-4_mnist_learnt_gaussian_sig0.03_bounded-pmin1e-05_epoch50_bs250_lr0.001_mon0.95_dp0.2_objective-channel_gradient-chan0.001-bec-outage0.1-spec-kl0.0001_perc-pri0.5_epoch-pri20_bs-pri250_lr-pri0.005_mom-pri0.99_dp-pri0.2_seed7,bec-outage0.1_chan-layer2_mcsamples500_norm-spec_seed7_bounds.json
fcn-4,mnist,50.0,bec,outage 0.1,spec,channel_grad,0.001,0.0001,0.01,0.007597798015922308,0.0252718,0.00741594061255455,0.9834042191505432,✓,✗,0.026710915075198263,0.024399999999999977,0.9588868021965027,✓,✗,0.051228343535510076,215.31436157226562,0.03605768457055092,0.03605768457055092,600.0,0.0069549172185361385,0.00741594061255455,0.008080514520406723,0.022558333333333333,0.024399999999999977,0.0262,fcn-4_mnist_learnt_gaussian_sig0.03_bounded-pmin1e-05_epoch50_bs250_lr0.001_mon0.95_dp0.2_objective-channel_gradient-chan0.01-bec-outage0.1-spec-kl0.0001_perc-pri0.5_epoch-pri20_bs-pri250_lr-pri0.005_mom-pri0.99_dp-pri0.2_seed7,bec-outage0.1_chan-layer2_mcsamples500_norm-spec_seed7_bounds.json
fcn-4,mnist,50.0,bec,outage 0.1,spec,channel_grad,0.001,0.001,0.0001,0.008048049174249172,0.026055800000000004,0.007816856354475021,0.513217031955719,✓,✗,0.028197712171098344,0.02529999999999999,0.48799359798431396,✓,✗,0.05342118747375648,98.91871643066406,0.03886087238788605,0.03886087238788605,600.0,0.0077922167256474495,0.007816856354475021,0.008695635199546813,0.024088733333333324,0.02529999999999999,0.026900000000000035,fcn-4_mnist_learnt_gaussian_sig0.03_bounded-pmin1e-05_epoch50_bs250_lr0.001_mon0.95_dp0.2_objective-channel_gradient-chan0.0001-bec-outage0.1-spec-kl0.001_perc-pri0.5_epoch-pri20_bs-pri250_lr-pri0.005_mom-pri0.99_dp-pri0.2_seed7,bec-outage0.1_chan-layer2_mcsamples500_norm-spec_seed7_bounds.json
fcn-4,mnist,50.0,bec,outage 0.1,spec,channel_grad,0.001,0.001,0.001,0.00804484635591507,0.0260508,0.00781397446990013,0.515161395072937,✓,✗,0.028189197582907544,0.02529999999999999,0.48994097113609314,✓,✗,0.053409640425855734,99.40452575683594,0.03883346542716026,0.03883346542716026,600.0,0.007787387818098068,0.00781397446990013,0.008691415190696716,0.024080666666666688,0.02529999999999999,0.026900000000000035,fcn-4_mnist_learnt_gaussian_sig0.03_bounded-pmin1e-05_epoch50_bs250_lr0.001_mon0.95_dp0.2_objective-channel_gradient-chan0.001-bec-outage0.1-spec-kl0.001_perc-pri0.5_epoch-pri20_bs-pri250_lr-pri0.005_mom-pri0.99_dp-pri0.2_seed7,bec-outage0.1_chan-layer2_mcsamples500_norm-spec_seed7_bounds.json
fcn-4,mnist,50.0,bec,outage 0.1,spec,channel_grad,0.001,0.001,0.01,0.00801183469593525,0.026014,0.007785544544458389,0.5362317562103271,✓,✗,0.028101055015220717,0.025399999999999978,0.5110480785369873,✓,✗,0.053284778282788325,104.66468048095703,0.03855420649051666,0.03855420649051666,600.0,0.007737007457762957,0.007785544544458389,0.008646497130393982,0.023993199999999985,0.025399999999999978,0.026900000000000035,fcn-4_mnist_learnt_gaussian_sig0.03_bounded-pmin1e-05_epoch50_bs250_lr0.001_mon0.95_dp0.2_objective-channel_gradient-chan0.01-bec-outage0.1-spec-kl0.001_perc-pri0.5_epoch-pri20_bs-pri250_lr-pri0.005_mom-pri0.99_dp-pri0.2_seed7,bec-outage0.1_chan-layer2_mcsamples500_norm-spec_seed7_bounds.json
fcn-4,mnist,50.0,bec,outage 0.1,spec,channel_grad,0.001,0.01,0.0001,0.009210838936269283,0.027961199999999995,0.00884997472167015,0.1442851573228836,✓,✗,0.03144956744771059,0.02749999999999997,0.11797770857810974,✓,✗,0.05775702189604638,6.014395236968994,0.0448734425008297,0.0448734425008297,600.0,0.00968813244253397,0.00884997472167015,0.010166357457637786,0.027159533333333343,0.02749999999999997,0.028699999999999948,fcn-4_mnist_learnt_gaussian_sig0.03_bounded-pmin1e-05_epoch50_bs250_lr0.001_mon0.95_dp0.2_objective-channel_gradient-chan0.0001-bec-outage0.1-spec-kl0.01_perc-pri0.5_epoch-pri20_bs-pri250_lr-pri0.005_mom-pri0.99_dp-pri0.2_seed7,bec-outage0.1_chan-layer2_mcsamples500_norm-spec_seed7_bounds.json
fcn-4,mnist,50.0,bec,outage 0.1,spec,channel_grad,0.001,0.01,0.001,0.009208893403410912,0.027957999999999997,0.008848320692777634,0.14440056681632996,✓,✗,0.0314459911491914,0.02749999999999997,0.11809603869915009,✓,✗,0.05775051730912739,6.05008602142334,0.04484965279698372,0.04484965279698372,600.0,0.009685924276709557,0.008848320692777634,0.010164205729961396,0.027154733333333327,0.02749999999999997,0.028699999999999948,fcn-4_mnist_learnt_gaussian_sig0.03_bounded-pmin1e-05_epoch50_bs250_lr0.001_mon0.95_dp0.2_objective-channel_gradient-chan0.001-bec-outage0.1-spec-kl0.01_perc-pri0.5_epoch-pri20_bs-pri250_lr-pri0.005_mom-pri0.99_dp-pri0.2_seed7,bec-outage0.1_chan-layer2_mcsamples500_norm-spec_seed7_bounds.json
fcn-4,mnist,50.0,bec,outage 0.1,spec,channel_grad,0.001,0.01,0.01,0.009189590811729431,0.0279214,0.008831889927387237,0.1458215783355548,✓,✗,0.03140826005090122,0.02739999999999998,0.11953646643833704,✓,✗,0.05769337194811899,6.427860260009766,0.044785548001527786,0.044785548001527786,600.0,0.009663279168307781,0.008831889927387237,0.01014191284775734,0.02711393333333334,0.02739999999999998,0.028699999999999948,fcn-4_mnist_learnt_gaussian_sig0.03_bounded-pmin1e-05_epoch50_bs250_lr0.001_mon0.95_dp0.2_objective-channel_gradient-chan0.01-bec-outage0.1-spec-kl0.01_perc-pri0.5_epoch-pri20_bs-pri250_lr-pri0.005_mom-pri0.99_dp-pri0.2_seed7,bec-outage0.1_chan-layer2_mcsamples500_norm-spec_seed7_bounds.json
fcn-4,mnist,50.0,bec,outage 0.1,spec,channel_grad,0.001,0.01,0.1,0.009027380496263504,0.02765859999999999,0.008688918501138686,0.16264175113744714,✓,✗,0.031068084792282454,0.027100000000000013,0.13650069728933834,✓,✗,0.057209138640391254,10.899934768676758,0.04383278638124466,0.04383278638124466,600.0,0.009461311623454094,0.008688918501138686,0.009949710965156556,0.02676826666666665,0.027100000000000013,0.02849999999999997,fcn-4_mnist_learnt_gaussian_sig0.03_bounded-pmin1e-05_epoch50_bs250_lr0.001_mon0.95_dp0.2_objective-channel_gradient-chan0.1-bec-outage0.1-spec-kl0.01_perc-pri0.5_epoch-pri20_bs-pri250_lr-pri0.005_mom-pri0.99_dp-pri0.2_seed7,bec-outage0.1_chan-layer2_mcsamples500_norm-spec_seed7_bounds.json
fcn-4,mnist,50.0,bec,outage 0.1,spec,channel_grad,0.001,0.01,1.0,0.008191652595996857,0.026529599999999993,0.007926179468631745,0.5216843334294217,✓,✗,0.029131194053275297,0.02629999999999999,0.4958852117818829,✓,✗,0.05493031570081412,100.6974868774414,0.03855722025036812,0.03855722025036812,600.0,0.008327681571245193,0.007926179468631745,0.008884523063898087,0.025151000000000014,0.02629999999999999,0.02729999999999999,fcn-4_mnist_learnt_gaussian_sig0.03_bounded-pmin1e-05_epoch50_bs250_lr0.001_mon0.95_dp0.2_objective-channel_gradient-chan1.0-bec-outage0.1-spec-kl0.01_perc-pri0.5_epoch-pri20_bs-pri250_lr-pri0.005_mom-pri0.99_dp-pri0.2_seed7,bec-outage0.1_chan-layer2_mcsamples500_norm-spec_seed7_bounds.json
fcn-4,mnist,50.0,bec,outage 0.1,spec,channel_grad,0.001,0.1,0.01,0.009810766205191612,0.029164200000000005,0.009382183849811553,0.12503604853378883,✓,✗,0.032712405627546765,0.028200000000000003,0.09808276470715593,✓,✗,0.05966568945417966,0.16957345604896545,0.04757704958319664,0.04757704958319664,600.0,0.010445745661854744,0.009382183849811553,0.01087523102760315,0.028529466666666645,0.028200000000000003,0.030200000000000005,fcn-4_mnist_learnt_gaussian_sig0.03_bounded-pmin1e-05_epoch50_bs250_lr0.001_mon0.95_dp0.2_objective-channel_gradient-chan0.01-bec-outage0.1-spec-kl0.1_perc-pri0.5_epoch-pri20_bs-pri250_lr-pri0.005_mom-pri0.99_dp-pri0.2_seed7,bec-outage0.1_chan-layer2_mcsamples500_norm-spec_seed7_bounds.json
fcn-4,mnist,50.0,bec,outage 0.1,spec,channel_grad,0.001,0.1,0.1,0.00975204911082983,0.029028199999999997,0.009334250539541244,0.12538826508381823,✓,✗,0.03262100835803763,0.028200000000000003,0.09851739304671842,✓,✗,0.05949188039513744,0.36470550298690796,0.047306451946496964,0.047306451946496964,600.0,0.010390381328761578,0.009334250539541244,0.01081230640411377,0.028404466666666687,0.028200000000000003,0.02969999999999995,fcn-4_mnist_learnt_gaussian_sig0.03_bounded-pmin1e-05_epoch50_bs250_lr0.001_mon0.95_dp0.2_objective-channel_gradient-chan0.1-bec-outage0.1-spec-kl0.1_perc-pri0.5_epoch-pri20_bs-pri250_lr-pri0.005_mom-pri0.99_dp-pri0.2_seed7,bec-outage0.1_chan-layer2_mcsamples500_norm-spec_seed7_bounds.json
fcn-4,mnist,50.0,bec,outage 0.1,spec,channel_grad,0.001,0.1,1.0,0.00938447192311287,0.0282956,0.009024465829133988,0.14498427174114273,✓,✗,0.03208895612975809,0.02739999999999998,0.11841436012209458,✓,✗,0.05865886774880624,5.682104587554932,0.046027280390262604,0.046027280390262604,600.0,0.010070160031318665,0.009024465829133988,0.01037798672914505,0.0278054,0.02739999999999998,0.029000000000000026,fcn-4_mnist_learnt_gaussian_sig0.03_bounded-pmin1e-05_epoch50_bs250_lr0.001_mon0.95_dp0.2_objective-channel_gradient-chan1.0-bec-outage0.1-spec-kl0.1_perc-pri0.5_epoch-pri20_bs-pri250_lr-pri0.005_mom-pri0.99_dp-pri0.2_seed7,bec-outage0.1_chan-layer2_mcsamples500_norm-spec_seed7_bounds.json
fcn-4,mnist,50.0,bec,outage 0.1,spec,channel_grad,0.001,1.0,0.01,0.00994060654193163,0.0294496,0.009495509415864944,0.12529770163961482,✓,✗,0.032944158028112236,0.028900000000000037,0.0981660646814862,✓,✗,0.06007579498624087,0.006581723690032959,0.0480940081179142,0.0480940081179142,600.0,0.01058582030236721,0.009495509415864944,0.011016470193862916,0.028824933333333327,0.028900000000000037,0.03069999999999995,fcn-4_mnist_learnt_gaussian_sig0.03_bounded-pmin1e-05_epoch50_bs250_lr0.001_mon0.95_dp0.2_objective-channel_gradient-chan0.01-bec-outage0.1-spec-kl1.0_perc-pri0.5_epoch-pri20_bs-pri250_lr-pri0.005_mom-pri0.99_dp-pri0.2_seed7,bec-outage0.1_chan-layer2_mcsamples500_norm-spec_seed7_bounds.json
fcn-4,mnist,50.0,bec,outage 0.1,spec,channel_grad,0.001,1.0,0.1,0.009933234192430973,0.029438800000000005,0.009489569067955016,0.12536224279859667,✓,✗,0.032933117319010635,0.029000000000000026,0.0982342614491658,✓,✗,0.06006109866844149,0.01855120062828064,0.04812438040971756,0.04812438040971756,600.0,0.010579351335763931,0.009489569067955016,0.011008800566196441,0.028814533333333354,0.029000000000000026,0.03049999999999997,fcn-4_mnist_learnt_gaussian_sig0.03_bounded-pmin1e-05_epoch50_bs250_lr0.001_mon0.95_dp0.2_objective-channel_gradient-chan0.1-bec-outage0.1-spec-kl1.0_perc-pri0.5_epoch-pri20_bs-pri250_lr-pri0.005_mom-pri0.99_dp-pri0.2_seed7,bec-outage0.1_chan-layer2_mcsamples500_norm-spec_seed7_bounds.json
fcn-4,mnist,50.0,bec,outage 0.1,spec,channel_grad,0.001,1.0,1.0,0.009869989939033985,0.029309400000000006,0.0094401516020298,0.12707192822825136,✓,✗,0.03283689068694716,0.02859999999999996,0.1000225308378453,✓,✗,0.0598862880773532,0.499654084444046,0.048044782131910324,0.048044782131910324,600.0,0.010520966723561287,0.0094401516020298,0.01094106063246727,0.02868846666666667,0.02859999999999996,0.030299999999999994,fcn-4_mnist_learnt_gaussian_sig0.03_bounded-pmin1e-05_epoch50_bs250_lr0.001_mon0.95_dp0.2_objective-channel_gradient-chan1.0-bec-outage0.1-spec-kl1.0_perc-pri0.5_epoch-pri20_bs-pri250_lr-pri0.005_mom-pri0.99_dp-pri0.2_seed7,bec-outage0.1_chan-layer2_mcsamples500_norm-spec_seed7_bounds.json
fcn-4,mnist,10.0,bec,outage 0.2,spec,vanilla,0.001,1.0,0.0,0.008249706588685513,0.0275658,0.008183372020721436,0.3401491466038018,✓,-,0.028980268154260375,0.026800000000000046,0.31468787838824874,✓,-,0.054441536369813415,65.79490661621094,0.0,0.0,600.0,0.00824066437780857,0.008183372020721436,0.009174194931983948,0.024806066666666682,0.026800000000000046,0.027699999999999947,fcn-4_mnist_learnt_gaussian_sig0.03_bounded-pmin1e-05_epoch10_bs250_lr0.001_mon0.95_dp0.2_objective-vanilla_perc-pri0.5_epoch-pri20_bs-pri250_lr-pri0.005_mom-pri0.99_dp-pri0.2_seed7,bec-outage0.2_chan-layer2_mcsamples500_norm-spec_seed7_bounds.json
fcn-4,mnist,10.0,bec,outage 0.2,spec,channel_grad,0.001,0.001,1.0,0.007784032728523016,0.027144400000000003,0.0075667105615139,1.487252950668335,✓,✓,0.027203286544923596,0.0262,1.462034821510315,✓,✓,0.05242142215275718,339.174072265625,0.03305811434984207,0.03305811434984207,600.0,0.007229790557175875,0.0075667105615139,0.00762389674782753,0.023389266666666658,0.0262,0.026000000000000023,fcn-4_mnist_learnt_gaussian_sig0.03_bounded-pmin1e-05_epoch10_bs250_lr0.001_mon0.95_dp0.2_objective-channel_gradient-chan1.0-bec-outage0.2-spec-kl0.001_perc-pri0.5_epoch-pri20_bs-pri250_lr-pri0.005_mom-pri0.99_dp-pri0.2_seed7,bec-outage0.2_chan-layer2_mcsamples500_norm-spec_seed7_bounds.json
fcn-4,mnist,10.0,bec,outage 0.2,spec,channel_grad,0.001,0.005,1.0,0.007994255982339382,0.02747879999999999,0.007784105092287064,0.8266182541847229,✓,✓,0.02830287735364622,0.026499999999999968,0.8010503053665161,✓,✓,0.05387084194386763,176.24761962890625,0.036118559539318085,0.036118559539318085,600.0,0.007852253504097462,0.007784105092287064,0.008088312298059463,0.02440459999999999,0.026499999999999968,0.026599999999999957,fcn-4_mnist_learnt_gaussian_sig0.03_bounded-pmin1e-05_epoch10_bs250_lr0.001_mon0.95_dp0.2_objective-channel_gradient-chan1.0-bec-outage0.2-spec-kl0.005_perc-pri0.5_epoch-pri20_bs-pri250_lr-pri0.005_mom-pri0.99_dp-pri0.2_seed7,bec-outage0.2_chan-layer2_mcsamples500_norm-spec_seed7_bounds.json
fcn-4,mnist,10.0,bec,outage 0.2,spec,channel_grad,0.001,0.01,1.0,0.00824020430445671,0.02782219999999999,0.008026720583438873,0.4945783019065857,✓,✓,0.02928934715306466,0.02729999999999999,0.4687906801700592,✓,✗,0.05507697194222629,94.04834747314453,0.03844955936074257,0.03844955936074257,600.0,0.00841919519007206,0.008026720583438873,0.008502820879220963,0.025254333333333354,0.02729999999999999,0.027000000000000024,fcn-4_mnist_learnt_gaussian_sig0.03_bounded-pmin1e-05_epoch10_bs250_lr0.001_mon0.95_dp0.2_objective-channel_gradient-chan1.0-bec-outage0.2-spec-kl0.01_perc-pri0.5_epoch-pri20_bs-pri250_lr-pri0.005_mom-pri0.99_dp-pri0.2_seed7,bec-outage0.2_chan-layer2_mcsamples500_norm-spec_seed7_bounds.json
fcn-4,mnist,10.0,bec,outage 0.2,spec,channel_grad,0.001,0.02,1.0,0.008609721437096596,0.028416400000000005,0.008413948863744736,0.28369081020355225,✓,✗,0.030380969631567178,0.02849999999999997,0.2577073872089386,✓,✗,0.056364391971634356,41.38836669921875,0.0412580780684948,0.0412580780684948,600.0,0.009055953472852707,0.008413948863744736,0.009020396322011948,0.02616660000000001,0.02849999999999997,0.02749999999999997,fcn-4_mnist_learnt_gaussian_sig0.03_bounded-pmin1e-05_epoch10_bs250_lr0.001_mon0.95_dp0.2_objective-channel_gradient-chan1.0-bec-outage0.2-spec-kl0.02_perc-pri0.5_epoch-pri20_bs-pri250_lr-pri0.005_mom-pri0.99_dp-pri0.2_seed7,bec-outage0.2_chan-layer2_mcsamples500_norm-spec_seed7_bounds.json
fcn-4,mnist,10.0,bec,outage 0.2,spec,channel_grad,0.001,0.03,1.0,0.008820496499538422,0.02876,0.008633241802453995,0.21945959329605103,✓,✗,0.030933544637314455,0.028900000000000037,0.19337861239910126,✓,✗,0.05701453570101431,25.1392765045166,0.04271337017416954,0.04271337017416954,600.0,0.009381718933582306,0.008633241802453995,0.009287983924150468,0.026629666666666687,0.028900000000000037,0.027800000000000047,fcn-4_mnist_learnt_gaussian_sig0.03_bounded-pmin1e-05_epoch10_bs250_lr0.001_mon0.95_dp0.2_objective-channel_gradient-chan1.0-bec-outage0.2-spec-kl0.03_perc-pri0.5_epoch-pri20_bs-pri250_lr-pri0.005_mom-pri0.99_dp-pri0.2_seed7,bec-outage0.2_chan-layer2_mcsamples500_norm-spec_seed7_bounds.json
fcn-4,mnist,10.0,bec,outage 0.2,spec,channel_grad,0.001,0.04,1.0,0.00894913636147976,0.028965000000000005,0.008770930022001267,0.19093412160873413,✓,✗,0.031271858710016774,0.029100000000000015,0.1647867113351822,✓,✗,0.05741927798034023,17.8426456451416,0.043571535497903824,0.043571535497903824,600.0,0.00958224292844534,0.008770930022001267,0.009444119036197662,0.02691813333333332,0.029100000000000015,0.02839999999999998,fcn-4_mnist_learnt_gaussian_sig0.03_bounded-pmin1e-05_epoch10_bs250_lr0.001_mon0.95_dp0.2_objective-channel_gradient-chan1.0-bec-outage0.2-spec-kl0.04_perc-pri0.5_epoch-pri20_bs-pri250_lr-pri0.005_mom-pri0.99_dp-pri0.2_seed7,bec-outage0.2_chan-layer2_mcsamples500_norm-spec_seed7_bounds.json
fcn-4,mnist,10.0,bec,outage 0.2,spec,channel_grad,0.001,0.05,1.0,0.009018197655677795,0.029065799999999996,0.008848122507333755,0.1759720742702484,✓,✗,0.03148432672573209,0.029200000000000004,0.1497769057750702,✓,✗,0.0576794991356894,13.988397598266602,0.044084154069423676,0.044084154069423676,600.0,0.009708705358207226,0.008848122507333755,0.00952414944767952,0.0271044,0.029200000000000004,0.02849999999999997,fcn-4_mnist_learnt_gaussian_sig0.03_bounded-pmin1e-05_epoch10_bs250_lr0.001_mon0.95_dp0.2_objective-channel_gradient-chan1.0-bec-outage0.2-spec-kl0.05_perc-pri0.5_epoch-pri20_bs-pri250_lr-pri0.005_mom-pri0.99_dp-pri0.2_seed7,bec-outage0.2_chan-layer2_mcsamples500_norm-spec_seed7_bounds.json
fcn-4,mnist,10.0,bec,outage 0.2,spec,channel_grad,0.001,0.06,1.0,0.009074641391634941,0.029150400000000003,0.008911585807800293,0.1663142442703247,✓,✗,0.03163844674028722,0.029299999999999993,0.1400567889213562,✓,✗,0.05789590422579205,11.474335670471191,0.04447352886199951,0.04447352886199951,600.0,0.009800632484257221,0.008911585807800293,0.009590555727481843,0.02725886666666668,0.029299999999999993,0.02849999999999997,fcn-4_mnist_learnt_gaussian_sig0.03_bounded-pmin1e-05_epoch10_bs250_lr0.001_mon0.95_dp0.2_objective-channel_gradient-chan1.0-bec-outage0.2-spec-kl0.06_perc-pri0.5_epoch-pri20_bs-pri250_lr-pri0.005_mom-pri0.99_dp-pri0.2_seed7,bec-outage0.2_chan-layer2_mcsamples500_norm-spec_seed7_bounds.json
fcn-4,mnist,10.0,bec,outage 0.2,spec,channel_grad,0.001,0.07,1.0,0.009121806360781193,0.029234999999999997,0.008967846632003784,0.1597180962562561,✓,✗,0.03175442464241682,0.029100000000000015,0.13343098759651184,✓,✗,0.05804153986440595,9.74443531036377,0.04479404538869858,0.04479404538869858,600.0,0.009869982488453388,0.008967846632003784,0.00964549258351326,0.027363266666666688,0.029100000000000015,0.028900000000000037,fcn-4_mnist_learnt_gaussian_sig0.03_bounded-pmin1e-05_epoch10_bs250_lr0.001_mon0.95_dp0.2_objective-channel_gradient-chan1.0-bec-outage0.2-spec-kl0.07_perc-pri0.5_epoch-pri20_bs-pri250_lr-pri0.005_mom-pri0.99_dp-pri0.2_seed7,bec-outage0.2_chan-layer2_mcsamples500_norm-spec_seed7_bounds.json
fcn-4,mnist,10.0,bec,outage 0.2,spec,channel_grad,0.001,0.08,1.0,0.009152541868388653,0.029291400000000006,0.009002523869276047,0.15523302555084229,✓,✗,0.03183927478376232,0.029200000000000004,0.1289254128932953,✓,✗,0.058146895260196535,8.562620162963867,0.04502835124731064,0.04502835124731064,600.0,0.009920542128384113,0.009002523869276047,0.009679017215967178,0.027438533333333362,0.029200000000000004,0.02839999999999998,fcn-4_mnist_learnt_gaussian_sig0.03_bounded-pmin1e-05_epoch10_bs250_lr0.001_mon0.95_dp0.2_objective-channel_gradient-chan1.0-bec-outage0.2-spec-kl0.08_perc-pri0.5_epoch-pri20_bs-pri250_lr-pri0.005_mom-pri0.99_dp-pri0.2_seed7,bec-outage0.2_chan-layer2_mcsamples500_norm-spec_seed7_bounds.json
fcn-4,mnist,10.0,bec,outage 0.2,spec,channel_grad,0.001,0.09,1.0,0.00918568018823862,0.029339000000000004,0.009043371677398682,0.15114092826843262,✓,✗,0.03192171607060541,0.02939999999999998,0.12480911612510681,✓,✗,0.05825353682058873,7.499979019165039,0.04516783729195595,0.04516783729195595,600.0,0.009970090351998806,0.009043371677398682,0.009721440076828004,0.02751513333333333,0.02939999999999998,0.028800000000000048,fcn-4_mnist_learnt_gaussian_sig0.03_bounded-pmin1e-05_epoch10_bs250_lr0.001_mon0.95_dp0.2_objective-channel_gradient-chan1.0-bec-outage0.2-spec-kl0.09_perc-pri0.5_epoch-pri20_bs-pri250_lr-pri0.005_mom-pri0.99_dp-pri0.2_seed7,bec-outage0.2_chan-layer2_mcsamples500_norm-spec_seed7_bounds.json
fcn-4,mnist,10.0,bec,outage 0.2,spec,channel_grad,0.001,0.1,1.0,0.00921680312603712,0.029409000000000008,0.00908006653189659,0.1481151431798935,✓,✗,0.03198849637414894,0.02949999999999997,0.12175346910953522,✓,✗,0.05835016075339235,6.703732490539551,0.0452960766851902,0.0452960766851902,600.0,0.010009901598095894,0.00908006653189659,0.00975744053721428,0.02758426666666668,0.02949999999999997,0.028800000000000048,fcn-4_mnist_learnt_gaussian_sig0.03_bounded-pmin1e-05_epoch10_bs250_lr0.001_mon0.95_dp0.2_objective-channel_gradient-chan1.0-bec-outage0.2-spec-kl0.1_perc-pri0.5_epoch-pri20_bs-pri250_lr-pri0.005_mom-pri0.99_dp-pri0.2_seed7,bec-outage0.2_chan-layer2_mcsamples500_norm-spec_seed7_bounds.json
fcn-4,mnist,10.0,bec,outage 0.2,spec,channel_grad,0.001,0.5,1.0,0.00953895878046751,0.030052200000000005,0.009464246034622193,0.1284407526254654,✓,✗,0.03267786016962172,0.03069999999999995,0.10162165760993958,✓,✗,0.0594969602393577,1.1597007513046265,0.04710830748081207,0.04710830748081207,600.0,0.010424886830151081,0.009464246034622193,0.010072389245033264,0.0284078,0.03069999999999995,0.02839999999999998,fcn-4_mnist_learnt_gaussian_sig0.03_bounded-pmin1e-05_epoch10_bs250_lr0.001_mon0.95_dp0.2_objective-channel_gradient-chan1.0-bec-outage0.2-spec-kl0.5_perc-pri0.5_epoch-pri20_bs-pri250_lr-pri0.005_mom-pri0.99_dp-pri0.2_seed7,bec-outage0.2_chan-layer2_mcsamples500_norm-spec_seed7_bounds.json
fcn-4,mnist,10.0,bec,outage 0.2,spec,channel_grad,0.001,1.0,1.0,0.00960626732558012,0.0301938,0.00954512059688568,0.12698915600776672,✓,✗,0.0328518343560589,0.03080000000000005,0.10002238303422928,✓,✗,0.059818611020311614,0.5829952955245972,0.04768945276737213,0.04768945276737213,600.0,0.010529980063438416,0.00954512059688568,0.010125297307968139,0.02863960000000002,0.03080000000000005,0.028000000000000025,fcn-4_mnist_learnt_gaussian_sig0.03_bounded-pmin1e-05_epoch10_bs250_lr0.001_mon0.95_dp0.2_objective-channel_gradient-chan1.0-bec-outage0.2-spec-kl1.0_perc-pri0.5_epoch-pri20_bs-pri250_lr-pri0.005_mom-pri0.99_dp-pri0.2_seed7,bec-outage0.2_chan-layer2_mcsamples500_norm-spec_seed7_bounds.json
fcn-4,mnist,20.0,bec,outage 0.2,spec,vanilla,0.001,1.0,0.0,0.007828217931091785,0.0267472,0.0077383629977703094,0.75957840503349,✓,-,0.027256226493784782,0.026499999999999968,0.7347863703908105,✓,-,0.052048261136464206,169.11990356445312,0.0,0.0,600.0,0.007259662728756666,0.0077383629977703094,0.00851207748055458,0.023128533333333347,0.026499999999999968,0.027200000000000002,fcn-4_mnist_learnt_gaussian_sig0.03_bounded-pmin1e-05_epoch20_bs250_lr0.001_mon0.95_dp0.2_objective-vanilla_perc-pri0.5_epoch-pri20_bs-pri250_lr-pri0.005_mom-pri0.99_dp-pri0.2_seed7,bec-outage0.2_chan-layer2_mcsamples500_norm-spec_seed7_bounds.json
fcn-4,mnist,20.0,bec,outage 0.2,spec,channel_grad,0.001,0.001,1.0,0.007669484708458185,0.026566400000000004,0.007518370449542999,2.7955873012542725,✓,✓,0.025898497566956873,0.025800000000000045,2.7711639404296875,✓,✓,0.050321990196472405,661.11962890625,0.02915467508137226,0.02915467508137226,600.0,0.006505922880023718,0.007518370449542999,0.006720488518476486,0.021931133333333342,0.025800000000000045,0.02429999999999999,fcn-4_mnist_learnt_gaussian_sig0.03_bounded-pmin1e-05_epoch20_bs250_lr0.001_mon0.95_dp0.2_objective-channel_gradient-chan1.0-bec-outage0.2-spec-kl0.001_perc-pri0.5_epoch-pri20_bs-pri250_lr-pri0.005_mom-pri0.99_dp-pri0.2_seed7,bec-outage0.2_chan-layer2_mcsamples500_norm-spec_seed7_bounds.json
fcn-4,mnist,20.0,bec,outage 0.2,spec,channel_grad,0.001,0.005,1.0,0.007908565923571587,0.027195400000000005,0.007766431570053101,1.0629713535308838,✓,✗,0.027784917211814666,0.026800000000000046,1.0375218391418457,✓,✗,0.0532344873129731,234.69952392578125,0.034479107707738876,0.034479107707738876,600.0,0.007557740900665522,0.007766431570053101,0.007284472137689591,0.023957666666666672,0.026800000000000046,0.025399999999999978,fcn-4_mnist_learnt_gaussian_sig0.03_bounded-pmin1e-05_epoch20_bs250_lr0.001_mon0.95_dp0.2_objective-channel_gradient-chan1.0-bec-outage0.2-spec-kl0.005_perc-pri0.5_epoch-pri20_bs-pri250_lr-pri0.005_mom-pri0.99_dp-pri0.2_seed7,bec-outage0.2_chan-layer2_mcsamples500_norm-spec_seed7_bounds.json
fcn-4,mnist,20.0,bec,outage 0.2,spec,channel_grad,0.001,0.01,1.0,0.008197261951863766,0.027614199999999995,0.008071147650480271,0.5425413846969604,✓,✗,0.029126843499251123,0.02739999999999998,0.5168273448944092,✓,✗,0.0548408953202882,105.91995239257812,0.03818308934569359,0.03818308934569359,600.0,0.008325169794261456,0.008071147650480271,0.007741861045360565,0.025087533333333332,0.02739999999999998,0.025699999999999945,fcn-4_mnist_learnt_gaussian_sig0.03_bounded-pmin1e-05_epoch20_bs250_lr0.001_mon0.95_dp0.2_objective-channel_gradient-chan1.0-bec-outage0.2-spec-kl0.01_perc-pri0.5_epoch-pri20_bs-pri250_lr-pri0.005_mom-pri0.99_dp-pri0.2_seed7,bec-outage0.2_chan-layer2_mcsamples500_norm-spec_seed7_bounds.json
fcn-4,mnist,20.0,bec,outage 0.2,spec,channel_grad,0.001,0.02,1.0,0.008540354669094086,0.028136200000000004,0.008434122800827027,0.2917250692844391,✓,✗,0.03035398777366748,0.027900000000000036,0.26581600308418274,✓,✗,0.05626304582257445,43.31783676147461,0.041516661643981934,0.041516661643981934,600.0,0.009039968252182007,0.008434122800827027,0.008221346139907836,0.026094599999999996,0.027900000000000036,0.026699999999999946,fcn-4_mnist_learnt_gaussian_sig0.03_bounded-pmin1e-05_epoch20_bs250_lr0.001_mon0.95_dp0.2_objective-channel_gradient-chan1.0-bec-outage0.2-spec-kl0.02_perc-pri0.5_epoch-pri20_bs-pri250_lr-pri0.005_mom-pri0.99_dp-pri0.2_seed7,bec-outage0.2_chan-layer2_mcsamples500_norm-spec_seed7_bounds.json
fcn-4,mnist,20.0,bec,outage 0.2,spec,channel_grad,0.001,0.03,1.0,0.008724705316126347,0.028423,0.008620049059391021,0.22351260483264923,✓,✗,0.030932496483013373,0.02839999999999998,0.1975211799144745,✓,✗,0.05692390830462432,26.066566467285156,0.043071359395980835,0.043071359395980835,600.0,0.009381130337715149,0.008620049059391021,0.008453702926635743,0.026564866666666662,0.02839999999999998,0.027200000000000002,fcn-4_mnist_learnt_gaussian_sig0.03_bounded-pmin1e-05_epoch20_bs250_lr0.001_mon0.95_dp0.2_objective-channel_gradient-chan1.0-bec-outage0.2-spec-kl0.03_perc-pri0.5_epoch-pri20_bs-pri250_lr-pri0.005_mom-pri0.99_dp-pri0.2_seed7,bec-outage0.2_chan-layer2_mcsamples500_norm-spec_seed7_bounds.json
fcn-4,mnist,20.0,bec,outage 0.2,spec,channel_grad,0.001,0.04,1.0,0.008841867558658123,0.028632599999999998,0.008735235780477524,0.19600626826286316,✓,✗,0.0312695040574959,0.028299999999999992,0.16992270946502686,✓,✗,0.05735307582042892,18.966978073120117,0.04411981254816055,0.04411981254816055,600.0,0.009580801241099834,0.008735235780477524,0.008589264005422592,0.02687086666666664,0.028299999999999992,0.027100000000000013,fcn-4_mnist_learnt_gaussian_sig0.03_bounded-pmin1e-05_epoch20_bs250_lr0.001_mon0.95_dp0.2_objective-channel_gradient-chan1.0-bec-outage0.2-spec-kl0.04_perc-pri0.5_epoch-pri20_bs-pri250_lr-pri0.005_mom-pri0.99_dp-pri0.2_seed7,bec-outage0.2_chan-layer2_mcsamples500_norm-spec_seed7_bounds.json
fcn-4,mnist,20.0,bec,outage 0.2,spec,channel_grad,0.001,0.05,1.0,0.008927165530622005,0.028774200000000003,0.008818694949150085,0.17954707145690918,✓,✗,0.031493292532264475,0.02859999999999996,0.15342497825622559,✓,✗,0.057615394942798735,14.70015811920166,0.04481751471757889,0.04481751471757889,600.0,0.009714010171592236,0.008818694949150085,0.00869007632136345,0.02705833333333338,0.02859999999999996,0.026900000000000035,fcn-4_mnist_learnt_gaussian_sig0.03_bounded-pmin1e-05_epoch20_bs250_lr0.001_mon0.95_dp0.2_objective-channel_gradient-chan1.0-bec-outage0.2-spec-kl0.05_perc-pri0.5_epoch-pri20_bs-pri250_lr-pri0.005_mom-pri0.99_dp-pri0.2_seed7,bec-outage0.2_chan-layer2_mcsamples500_norm-spec_seed7_bounds.json
fcn-4,mnist,20.0,bec,outage 0.2,spec,channel_grad,0.001,0.06,1.0,0.0089879110455513,0.0288844,0.008880640566349029,0.16922371089458466,✓,✗,0.031655216217621705,0.02849999999999997,0.143048956990242,✓,✗,0.05782997461036014,12.021142959594727,0.045216601341962814,0.045216601341962814,600.0,0.009810538031160831,0.008880640566349029,0.008764689415693283,0.027211866666666674,0.02849999999999997,0.026800000000000046,fcn-4_mnist_learnt_gaussian_sig0.03_bounded-pmin1e-05_epoch20_bs250_lr0.001_mon0.95_dp0.2_objective-channel_gradient-chan1.0-bec-outage0.2-spec-kl0.06_perc-pri0.5_epoch-pri20_bs-pri250_lr-pri0.005_mom-pri0.99_dp-pri0.2_seed7,bec-outage0.2_chan-layer2_mcsamples500_norm-spec_seed7_bounds.json
fcn-4,mnist,20.0,bec,outage 0.2,spec,channel_grad,0.001,0.07,1.0,0.009039205498993397,0.028969800000000004,0.008933980017900467,0.16208641231060028,✓,✗,0.0317724785506278,0.02859999999999996,0.135881245136261,✓,✗,0.05797763982352708,10.165021896362305,0.045509222894907,0.045509222894907,600.0,0.00988071970641613,0.008933980017900467,0.008828280866146088,0.027317399999999985,0.02859999999999996,0.026800000000000046,fcn-4_mnist_learnt_gaussian_sig0.03_bounded-pmin1e-05_epoch20_bs250_lr0.001_mon0.95_dp0.2_objective-channel_gradient-chan1.0-bec-outage0.2-spec-kl0.07_perc-pri0.5_epoch-pri20_bs-pri250_lr-pri0.005_mom-pri0.99_dp-pri0.2_seed7,bec-outage0.2_chan-layer2_mcsamples500_norm-spec_seed7_bounds.json
fcn-4,mnist,20.0,bec,outage 0.2,spec,channel_grad,0.001,0.08,1.0,0.009081552736461163,0.029067600000000006,0.00897791087627411,0.15715903043746948,✓,✗,0.03186880901249926,0.028800000000000048,0.13092687726020813,✓,✗,0.058100959588073736,8.854065895080566,0.04581046849489212,0.04581046849489212,600.0,0.009938192553818226,0.00897791087627411,0.008878965675830842,0.02740546666666669,0.028800000000000048,0.026900000000000035,fcn-4_mnist_learnt_gaussian_sig0.03_bounded-pmin1e-05_epoch20_bs250_lr0.001_mon0.95_dp0.2_objective-channel_gradient-chan1.0-bec-outage0.2-spec-kl0.08_perc-pri0.5_epoch-pri20_bs-pri250_lr-pri0.005_mom-pri0.99_dp-pri0.2_seed7,bec-outage0.2_chan-layer2_mcsamples500_norm-spec_seed7_bounds.json
fcn-4,mnist,20.0,bec,outage 0.2,spec,channel_grad,0.001,0.09,1.0,0.009116311557590961,0.02914219999999999,0.009015052765607833,0.15335795283317566,✓,✗,0.03194444977991506,0.028800000000000048,0.12710006535053253,✓,✗,0.05820232670855909,7.841968536376953,0.0460398904979229,0.0460398904979229,600.0,0.009983683936297894,0.009015052765607833,0.008919940143823624,0.02747853333333336,0.028800000000000048,0.027000000000000024,fcn-4_mnist_learnt_gaussian_sig0.03_bounded-pmin1e-05_epoch20_bs250_lr0.001_mon0.95_dp0.2_objective-channel_gradient-chan1.0-bec-outage0.2-spec-kl0.09_perc-pri0.5_epoch-pri20_bs-pri250_lr-pri0.005_mom-pri0.99_dp-pri0.2_seed7,bec-outage0.2_chan-layer2_mcsamples500_norm-spec_seed7_bounds.json
fcn-4,mnist,20.0,bec,outage 0.2,spec,channel_grad,0.001,0.1,1.0,0.009149108082056046,0.0292164,0.009050971269607544,0.1499606817960739,✓,✗,0.03200432823530899,0.029200000000000004,0.12366786599159241,✓,✗,0.05829714524095932,6.945781707763672,0.04620647057890892,0.04620647057890892,600.0,0.0100193340331316,0.009050971269607544,0.00896114706993103,0.02754580000000001,0.029200000000000004,0.027000000000000024,fcn-4_mnist_learnt_gaussian_sig0.03_bounded-pmin1e-05_epoch20_bs250_lr0.001_mon0.95_dp0.2_objective-channel_gradient-chan1.0-bec-outage0.2-spec-kl0.1_perc-pri0.5_epoch-pri20_bs-pri250_lr-pri0.005_mom-pri0.99_dp-pri0.2_seed7,bec-outage0.2_chan-layer2_mcsamples500_norm-spec_seed7_bounds.json
fcn-4,mnist,20.0,bec,outage 0.2,spec,channel_grad,0.001,0.5,1.0,0.009606529958546162,0.030273400000000002,0.009527158737182618,0.12959064543247223,✓,✗,0.03269866653624092,0.03059999999999996,0.10282864421606064,✓,✗,0.05946067290358159,1.1395795345306396,0.04837663471698761,0.04837663471698761,600.0,0.010437482967972755,0.009527158737182618,0.009482945501804351,0.028381800000000033,0.03059999999999996,0.027800000000000047,fcn-4_mnist_learnt_gaussian_sig0.03_bounded-pmin1e-05_epoch20_bs250_lr0.001_mon0.95_dp0.2_objective-channel_gradient-chan1.0-bec-outage0.2-spec-kl0.5_perc-pri0.5_epoch-pri20_bs-pri250_lr-pri0.005_mom-pri0.99_dp-pri0.2_seed7,bec-outage0.2_chan-layer2_mcsamples500_norm-spec_seed7_bounds.json
fcn-4,mnist,20.0,bec,outage 0.2,spec,channel_grad,0.001,1.0,1.0,0.009656660258769989,0.030387199999999996,0.009596529603004455,0.12760578095912933,✓,✗,0.03279667370228588,0.03049999999999997,0.10073812305927277,✓,✗,0.05966433432503308,0.5825468301773071,0.04846218600869179,0.04846218600869179,600.0,0.010496716946363449,0.009596529603004455,0.009560096263885497,0.02852806666666665,0.03049999999999997,0.028200000000000003,fcn-4_mnist_learnt_gaussian_sig0.03_bounded-pmin1e-05_epoch20_bs250_lr0.001_mon0.95_dp0.2_objective-channel_gradient-chan1.0-bec-outage0.2-spec-kl1.0_perc-pri0.5_epoch-pri20_bs-pri250_lr-pri0.005_mom-pri0.99_dp-pri0.2_seed7,bec-outage0.2_chan-layer2_mcsamples500_norm-spec_seed7_bounds.json
fcn-4,mnist,50.0,bec,outage 0.2,spec,vanilla,0.001,1.0,0.0,0.007318634539842606,0.0254638,0.007205134630203247,2.207514687499273,✓,-,0.024590392070712192,0.02410000000000001,2.184631648643289,✓,-,0.047473430926696245,524.9110107421875,0.0,0.0,600.0,0.005796954967081547,0.007205134630203247,0.007737594097852707,0.019978266666666637,0.02410000000000001,0.026100000000000012,fcn-4_mnist_learnt_gaussian_sig0.03_bounded-pmin1e-05_epoch50_bs250_lr0.001_mon0.95_dp0.2_objective-vanilla_perc-pri0.5_epoch-pri20_bs-pri250_lr-pri0.005_mom-pri0.99_dp-pri0.2_seed7,bec-outage0.2_chan-layer2_mcsamples500_norm-spec_seed7_bounds.json
fcn-4,mnist,50.0,bec,outage 0.2,spec,channel_grad,0.001,0.001,1.0,0.007501199375838041,0.025844800000000005,0.0072044506669044495,5.128333568572998,✓,✗,0.024523759206688197,0.023900000000000032,5.105554580688477,✓,✗,0.04730279678907173,1233.95068359375,0.026347562670707703,0.026347562670707703,600.0,0.005761414300650358,0.0072044506669044495,0.007011426240205764,0.019862333333333326,0.023900000000000032,0.025399999999999978,fcn-4_mnist_learnt_gaussian_sig0.03_bounded-pmin1e-05_epoch50_bs250_lr0.001_mon0.95_dp0.2_objective-channel_gradient-chan1.0-bec-outage0.2-spec-kl0.001_perc-pri0.5_epoch-pri20_bs-pri250_lr-pri0.005_mom-pri0.99_dp-pri0.2_seed7,bec-outage0.2_chan-layer2_mcsamples500_norm-spec_seed7_bounds.json
fcn-4,mnist,50.0,bec,outage 0.2,spec,channel_grad,0.001,0.005,1.0,0.007855909876525402,0.027177999999999997,0.00749242752790451,1.111690640449524,✓,✗,0.027602436625221893,0.026100000000000012,1.0863491296768188,✓,✗,0.052943892317547564,246.64031982421875,0.03474084660410881,0.03474084660410881,600.0,0.007454562000930309,0.00749242752790451,0.008216338604688645,0.023754066666666667,0.026100000000000012,0.026599999999999957,fcn-4_mnist_learnt_gaussian_sig0.03_bounded-pmin1e-05_epoch50_bs250_lr0.001_mon0.95_dp0.2_objective-channel_gradient-chan1.0-bec-outage0.2-spec-kl0.005_perc-pri0.5_epoch-pri20_bs-pri250_lr-pri0.005_mom-pri0.99_dp-pri0.2_seed7,bec-outage0.2_chan-layer2_mcsamples500_norm-spec_seed7_bounds.json
fcn-4,mnist,50.0,bec,outage 0.2,spec,channel_grad,0.001,0.01,1.0,0.008203844539821148,0.027734999999999992,0.007801675051450729,0.5216842889785767,✓,✗,0.029131194053275297,0.026499999999999968,0.4958851933479309,✓,✗,0.05493031570081412,100.6974868774414,0.03855722025036812,0.03855722025036812,600.0,0.008327681571245193,0.007801675051450729,0.008884523063898087,0.025151000000000014,0.026499999999999968,0.02729999999999999,fcn-4_mnist_learnt_gaussian_sig0.03_bounded-pmin1e-05_epoch50_bs250_lr0.001_mon0.95_dp0.2_objective-channel_gradient-chan1.0-bec-outage0.2-spec-kl0.01_perc-pri0.5_epoch-pri20_bs-pri250_lr-pri0.005_mom-pri0.99_dp-pri0.2_seed7,bec-outage0.2_chan-layer2_mcsamples500_norm-spec_seed7_bounds.json
fcn-4,mnist,50.0,bec,outage 0.2,spec,channel_grad,0.001,0.02,1.0,0.008576402440667152,0.028252,0.008163976669311523,0.27989399433135986,✓,✗,0.030430759997791688,0.02749999999999997,0.2538483738899231,✓,✗,0.05647640024342036,40.276771545410156,0.041887346655130386,0.041887346655130386,600.0,0.009085108526051044,0.008163976669311523,0.009487340599298478,0.02624673333333333,0.02749999999999997,0.028000000000000025,fcn-4_mnist_learnt_gaussian_sig0.03_bounded-pmin1e-05_epoch50_bs250_lr0.001_mon0.95_dp0.2_objective-channel_gradient-chan1.0-bec-outage0.2-spec-kl0.02_perc-pri0.5_epoch-pri20_bs-pri250_lr-pri0.005_mom-pri0.99_dp-pri0.2_seed7,bec-outage0.2_chan-layer2_mcsamples500_norm-spec_seed7_bounds.json
fcn-4,mnist,50.0,bec,outage 0.2,spec,channel_grad,0.001,0.03,1.0,0.008774606510996819,0.028556199999999997,0.008353250473737717,0.21488288044929504,✓,✗,0.030986274674184664,0.02749999999999997,0.18870675563812256,✓,✗,0.05716238456000186,23.835163116455078,0.04331281781196594,0.04331281781196594,600.0,0.00941292755305767,0.008353250473737717,0.009760833531618118,0.026735333333333323,0.02749999999999997,0.028000000000000025,fcn-4_mnist_learnt_gaussian_sig0.03_bounded-pmin1e-05_epoch50_bs250_lr0.001_mon0.95_dp0.2_objective-channel_gradient-chan1.0-bec-outage0.2-spec-kl0.03_perc-pri0.5_epoch-pri20_bs-pri250_lr-pri0.005_mom-pri0.99_dp-pri0.2_seed7,bec-outage0.2_chan-layer2_mcsamples500_norm-spec_seed7_bounds.json
fcn-4,mnist,50.0,bec,outage 0.2,spec,channel_grad,0.001,0.04,1.0,0.008880040608346462,0.0287266,0.008446260541677474,0.18853804469108582,✓,✗,0.031306849732700634,0.027699999999999947,0.16225028038024902,✓,✗,0.05759462915278192,17.092744827270508,0.0440615639090538,0.0440615639090538,600.0,0.009603049606084824,0.008446260541677474,0.009915317595005035,0.027043599999999998,0.027699999999999947,0.028299999999999992,fcn-4_mnist_learnt_gaussian_sig0.03_bounded-pmin1e-05_epoch50_bs250_lr0.001_mon0.95_dp0.2_objective-channel_gradient-chan1.0-bec-outage0.2-spec-kl0.04_perc-pri0.5_epoch-pri20_bs-pri250_lr-pri0.005_mom-pri0.99_dp-pri0.2_seed7,bec-outage0.2_chan-layer2_mcsamples500_norm-spec_seed7_bounds.json
fcn-4,mnist,50.0,bec,outage 0.2,spec,channel_grad,0.001,0.05,1.0,0.008967201225459576,0.028892800000000007,0.008528625220060348,0.17245200257984755,✓,✗,0.0315306075968545,0.027900000000000036,0.14608625398217656,✓,✗,0.0578963561945255,12.942178726196289,0.0446183942258358,0.0446183942258358,600.0,0.009736231528222561,0.008528625220060348,0.010033346712589264,0.027259333333333337,0.027900000000000036,0.02839999999999998,fcn-4_mnist_learnt_gaussian_sig0.03_bounded-pmin1e-05_epoch50_bs250_lr0.001_mon0.95_dp0.2_objective-channel_gradient-chan1.0-bec-outage0.2-spec-kl0.05_perc-pri0.5_epoch-pri20_bs-pri250_lr-pri0.005_mom-pri0.99_dp-pri0.2_seed7,bec-outage0.2_chan-layer2_mcsamples500_norm-spec_seed7_bounds.json
fcn-4,mnist,50.0,bec,outage 0.2,spec,channel_grad,0.001,0.06,1.0,0.009033977054059505,0.0290216,0.008589008450508117,0.16253770887851715,✓,✗,0.03169482320372398,0.028000000000000025,0.13610756397247314,✓,✗,0.05812497236289006,10.360252380371094,0.04501615837216377,0.04501615837216377,600.0,0.009834140539169312,0.008589008450508117,0.010127066820859908,0.02742259999999997,0.028000000000000025,0.02849999999999997,fcn-4_mnist_learnt_gaussian_sig0.03_bounded-pmin1e-05_epoch50_bs250_lr0.001_mon0.95_dp0.2_objective-channel_gradient-chan1.0-bec-outage0.2-spec-kl0.06_perc-pri0.5_epoch-pri20_bs-pri250_lr-pri0.005_mom-pri0.99_dp-pri0.2_seed7,bec-outage0.2_chan-layer2_mcsamples500_norm-spec_seed7_bounds.json
fcn-4,mnist,50.0,bec,outage 0.2,spec,channel_grad,0.001,0.07,1.0,0.009095928631722927,0.0291596,0.008645673096179963,0.15527355670928955,✓,✗,0.0318179582199751,0.028000000000000025,0.12879657745361328,✓,✗,0.05829492666497317,8.468953132629395,0.045303232967853546,0.045303232967853546,600.0,0.009907916188240051,0.008645673096179963,0.010213039815425873,0.027544466666666653,0.028000000000000025,0.028900000000000037,fcn-4_mnist_learnt_gaussian_sig0.03_bounded-pmin1e-05_epoch50_bs250_lr0.001_mon0.95_dp0.2_objective-channel_gradient-chan1.0-bec-outage0.2-spec-kl0.07_perc-pri0.5_epoch-pri20_bs-pri250_lr-pri0.005_mom-pri0.99_dp-pri0.2_seed7,bec-outage0.2_chan-layer2_mcsamples500_norm-spec_seed7_bounds.json
fcn-4,mnist,50.0,bec,outage 0.2,spec,channel_grad,0.001,0.08,1.0,0.009140397422015667,0.029238199999999995,0.008685976266860962,0.1507711410522461,✓,✗,0.031924741475966835,0.028299999999999992,0.12426641583442688,✓,✗,0.0584294675042278,7.260333061218262,0.04560045897960663,0.04560045897960663,600.0,0.009971735998988152,0.008685976266860962,0.010277733951807023,0.027641266666666657,0.028299999999999992,0.028900000000000037,fcn-4_mnist_learnt_gaussian_sig0.03_bounded-pmin1e-05_epoch50_bs250_lr0.001_mon0.95_dp0.2_objective-channel_gradient-chan1.0-bec-outage0.2-spec-kl0.08_perc-pri0.5_epoch-pri20_bs-pri250_lr-pri0.005_mom-pri0.99_dp-pri0.2_seed7,bec-outage0.2_chan-layer2_mcsamples500_norm-spec_seed7_bounds.json
fcn-4,mnist,50.0,bec,outage 0.2,spec,channel_grad,0.001,0.09,1.0,0.009182698093354702,0.02931480000000001,0.008724154531955719,0.1476195603609085,✓,✗,0.032017045470405237,0.028200000000000003,0.12108105421066284,✓,✗,0.05855556136084464,6.407451152801514,0.045804668217897415,0.045804668217897415,600.0,0.010027029551565647,0.008724154531955719,0.010333506017923355,0.0277312666666667,0.028200000000000003,0.028900000000000037,fcn-4_mnist_learnt_gaussian_sig0.03_bounded-pmin1e-05_epoch50_bs250_lr0.001_mon0.95_dp0.2_objective-channel_gradient-chan1.0-bec-outage0.2-spec-kl0.09_perc-pri0.5_epoch-pri20_bs-pri250_lr-pri0.005_mom-pri0.99_dp-pri0.2_seed7,bec-outage0.2_chan-layer2_mcsamples500_norm-spec_seed7_bounds.json
fcn-4,mnist,50.0,bec,outage 0.2,spec,channel_grad,0.001,0.1,1.0,0.009215852245688438,0.0293732,0.008753703534603119,0.14498427510261536,✓,✗,0.03208895612975809,0.02849999999999997,0.11841435730457306,✓,✗,0.05865886774880624,5.682104587554932,0.046027280390262604,0.046027280390262604,600.0,0.010070160031318665,0.008753703534603119,0.01037798672914505,0.0278054,0.02849999999999997,0.029000000000000026,fcn-4_mnist_learnt_gaussian_sig0.03_bounded-pmin1e-05_epoch50_bs250_lr0.001_mon0.95_dp0.2_objective-channel_gradient-chan1.0-bec-outage0.2-spec-kl0.1_perc-pri0.5_epoch-pri20_bs-pri250_lr-pri0.005_mom-pri0.99_dp-pri0.2_seed7,bec-outage0.2_chan-layer2_mcsamples500_norm-spec_seed7_bounds.json
fcn-4,mnist,50.0,bec,outage 0.2,spec,channel_grad,0.001,0.5,1.0,0.009570599533617496,0.030229800000000005,0.00906762182712555,0.12870904803276062,✓,✗,0.03270768513736688,0.02859999999999996,0.10176587104797363,✓,✗,0.05965086133789039,1.0369491577148438,0.04772382974624634,0.04772382974624634,600.0,0.01044284738600254,0.00906762182712555,0.01082240641117096,0.028518933333333343,0.02859999999999996,0.030100000000000016,fcn-4_mnist_learnt_gaussian_sig0.03_bounded-pmin1e-05_epoch50_bs250_lr0.001_mon0.95_dp0.2_objective-channel_gradient-chan1.0-bec-outage0.2-spec-kl0.5_perc-pri0.5_epoch-pri20_bs-pri250_lr-pri0.005_mom-pri0.99_dp-pri0.2_seed7,bec-outage0.2_chan-layer2_mcsamples500_norm-spec_seed7_bounds.json
fcn-4,mnist,50.0,bec,outage 0.2,spec,channel_grad,0.001,1.0,1.0,0.00966979842633009,0.030480199999999995,0.00915021300315857,0.12707193195819855,✓,✗,0.03283689068694716,0.028699999999999948,0.10002252459526062,✓,✗,0.0598862880773532,0.499654084444046,0.048044782131910324,0.048044782131910324,600.0,0.010520966723561287,0.00915021300315857,0.01094106063246727,0.02868846666666667,0.028699999999999948,0.030299999999999994,fcn-4_mnist_learnt_gaussian_sig0.03_bounded-pmin1e-05_epoch50_bs250_lr0.001_mon0.95_dp0.2_objective-channel_gradient-chan1.0-bec-outage0.2-spec-kl1.0_perc-pri0.5_epoch-pri20_bs-pri250_lr-pri0.005_mom-pri0.99_dp-pri0.2_seed7,bec-outage0.2_chan-layer2_mcsamples500_norm-spec_seed7_bounds.json
fcn-4,mnist,5.0,bec,outage 0.5,frob,channel_grad,0.001,0.01,0.01,0.010573103092610836,0.03640900000000001,0.010682284832000732,1.2048640251159668,✓,?,0.03100653381810959,0.03839999999999999,1.178930401802063,✓,?,0.056940240284597966,14.638882637023926,1.0710597688860468,0.06183943897485733,600.0,0.009424946270883083,0.010682284832000732,0.009287984669208526,0.026576933333333348,0.03839999999999999,0.026800000000000046,fcn-4_mnist_learnt_gaussian_sig0.03_bounded-pmin1e-05_epoch5_bs250_lr0.001_mon0.95_dp0.2_objective-channel_gradient-chan0.01-bec-outage0.5-frob-kl0.01_perc-pri0.5_epoch-pri20_bs-pri250_lr-pri0.005_mom-pri0.99_dp-pri0.2_seed7,bec-outage0.5_chan-layer2_mcsamples500_norm-frob_seed7_bounds.json
fcn-4,mnist,5.0,bec,outage 0.5,frob,channel_grad,0.001,0.01,0.1,0.011007382534444332,0.0359948,0.011080104112625121,1.9794421195983887,✓,?,0.02813215409928562,0.03749999999999998,1.954726219177246,✓,?,0.052848105156295816,249.5751953125,0.8906066392590845,0.0514206737279892,600.0,0.007754749618470669,0.011080104112625121,0.00812043771147728,0.023686999999999986,0.03749999999999998,0.026499999999999968,fcn-4_mnist_learnt_gaussian_sig0.03_bounded-pmin1e-05_epoch5_bs250_lr0.001_mon0.95_dp0.2_objective-channel_gradient-chan0.1-bec-outage0.5-frob-kl0.01_perc-pri0.5_epoch-pri20_bs-pri250_lr-pri0.005_mom-pri0.99_dp-pri0.2_seed7,bec-outage0.5_chan-layer2_mcsamples500_norm-frob_seed7_bounds.json
fcn-4,mnist,5.0,bec,outage 0.5,frob,channel_grad,0.001,0.01,1.0,0.014813810586929321,0.0370278,0.014838536083698273,21.227781295776367,✓,?,0.024379417425018673,0.0373,21.20595359802246,✓,?,0.0462074337066056,5037.0673828125,0.6007325970372831,0.034684307873249054,600.0,0.005684366915374994,0.014838536083698273,0.006632065773010254,0.019120133333333345,0.0373,0.0242,fcn-4_mnist_learnt_gaussian_sig0.03_bounded-pmin1e-05_epoch5_bs250_lr0.001_mon0.95_dp0.2_objective-channel_gradient-chan1.0-bec-outage0.5-frob-kl0.01_perc-pri0.5_epoch-pri20_bs-pri250_lr-pri0.005_mom-pri0.99_dp-pri0.2_seed7,bec-outage0.5_chan-layer2_mcsamples500_norm-frob_seed7_bounds.json
fcn-4,mnist,5.0,bec,outage 0.5,frob,channel_grad,0.001,0.1,0.01,0.010925228707492352,0.03786899999999999,0.01105416938662529,1.2376915216445923,✓,?,0.03242333344528793,0.0393,1.2110217809677124,✓,?,0.05909311980262559,0.9830129146575928,1.157484241722749,0.06682930141687393,600.0,0.010271202772855759,0.01105416938662529,0.009981619566679001,0.028116999999999982,0.0393,0.028000000000000025,fcn-4_mnist_learnt_gaussian_sig0.03_bounded-pmin1e-05_epoch5_bs250_lr0.001_mon0.95_dp0.2_objective-channel_gradient-chan0.01-bec-outage0.5-frob-kl0.1_perc-pri0.5_epoch-pri20_bs-pri250_lr-pri0.005_mom-pri0.99_dp-pri0.2_seed7,bec-outage0.5_chan-layer2_mcsamples500_norm-frob_seed7_bounds.json
fcn-4,mnist,5.0,bec,outage 0.5,frob,channel_grad,0.001,0.1,0.1,0.010699961334466934,0.03701579999999999,0.010831942409276962,1.2532413005828857,✓,?,0.031300336083619484,0.03920000000000001,1.2272697687149048,✓,?,0.05727183381069642,23.74066734313965,1.0819476099896757,0.062468066811561584,600.0,0.009599287062883377,0.010831942409276962,0.009430544078350067,0.026812866666666654,0.03920000000000001,0.027900000000000036,fcn-4_mnist_learnt_gaussian_sig0.03_bounded-pmin1e-05_epoch5_bs250_lr0.001_mon0.95_dp0.2_objective-channel_gradient-chan0.1-bec-outage0.5-frob-kl0.1_perc-pri0.5_epoch-pri20_bs-pri250_lr-pri0.005_mom-pri0.99_dp-pri0.2_seed7,bec-outage0.5_chan-layer2_mcsamples500_norm-frob_seed7_bounds.json
fcn-4,mnist,5.0,bec,outage 0.5,frob,channel_grad,0.001,0.1,1.0,0.01165559608489275,0.0384966,0.011747577041387559,4.65241003036499,✓,?,0.02950165663358627,0.03920000000000001,4.62582540512085,✓,?,0.056085925031113135,887.8487548828125,0.9545956917300863,0.05511518940329552,600.0,0.008542381227016449,0.011747577041387559,0.00834333524107933,0.02596933333333331,0.03920000000000001,0.026900000000000035,fcn-4_mnist_learnt_gaussian_sig0.03_bounded-pmin1e-05_epoch5_bs250_lr0.001_mon0.95_dp0.2_objective-channel_gradient-chan1.0-bec-outage0.5-frob-kl0.1_perc-pri0.5_epoch-pri20_bs-pri250_lr-pri0.005_mom-pri0.99_dp-pri0.2_seed7,bec-outage0.5_chan-layer2_mcsamples500_norm-frob_seed7_bounds.json
fcn-4,mnist,5.0,bec,outage 0.5,frob,channel_grad,0.001,1.0,0.01,0.011128981597721577,0.0385586,0.011254753917455673,1.2653428316116333,✓,?,0.032915639479600495,0.0393,1.2382785081863403,✓,?,0.05997997891276258,0.0529572069644928,1.188045636016318,0.0685938149690628,600.0,0.010568710044026375,0.011254753917455673,0.010236673057079315,0.02875559999999999,0.0393,0.028699999999999948,fcn-4_mnist_learnt_gaussian_sig0.03_bounded-pmin1e-05_epoch5_bs250_lr0.001_mon0.95_dp0.2_objective-channel_gradient-chan0.01-bec-outage0.5-frob-kl1.0_perc-pri0.5_epoch-pri20_bs-pri250_lr-pri0.005_mom-pri0.99_dp-pri0.2_seed7,bec-outage0.5_chan-layer2_mcsamples500_norm-frob_seed7_bounds.json
fcn-4,mnist,5.0,bec,outage 0.5,frob,channel_grad,0.001,1.0,0.1,0.011075994931161404,0.0384104,0.01121404767036438,1.2668678760528564,✓,?,0.03276781712998007,0.03869999999999996,1.2399797439575195,✓,?,0.05965594079847927,2.934866189956665,1.1781293682319884,0.06802128255367279,600.0,0.01047926302999258,0.01121404767036438,0.01013476774096489,0.028522266666666653,0.03869999999999996,0.02849999999999997,fcn-4_mnist_learnt_gaussian_sig0.03_bounded-pmin1e-05_epoch5_bs250_lr0.001_mon0.95_dp0.2_objective-channel_gradient-chan0.1-bec-outage0.5-frob-kl1.0_perc-pri0.5_epoch-pri20_bs-pri250_lr-pri0.005_mom-pri0.99_dp-pri0.2_seed7,bec-outage0.5_chan-layer2_mcsamples500_norm-frob_seed7_bounds.json
fcn-4,mnist,5.0,bec,outage 0.5,frob,channel_grad,0.001,1.0,1.0,0.011374133639037609,0.039682199999999994,0.011430191993713378,2.1547484397888184,✓,?,0.03384962467125188,0.042200000000000015,2.1268539428710938,✓,?,0.06174411868788894,204.30596923828125,1.2418277487808598,0.07169901579618454,600.0,0.011137374676764011,0.011430191993713378,0.0103776715695858,0.030032599999999986,0.042200000000000015,0.02939999999999998,fcn-4_mnist_learnt_gaussian_sig0.03_bounded-pmin1e-05_epoch5_bs250_lr0.001_mon0.95_dp0.2_objective-channel_gradient-chan1.0-bec-outage0.5-frob-kl1.0_perc-pri0.5_epoch-pri20_bs-pri250_lr-pri0.005_mom-pri0.99_dp-pri0.2_seed7,bec-outage0.5_chan-layer2_mcsamples500_norm-frob_seed7_bounds.json
fcn-4,mnist,10.0,bec,outage 0.5,frob,vanilla,0.001,1.0,0.0,0.010566108860075474,0.036226200000000014,0.010413500666618346,0.31495429019167,✓,-,0.03030767630663866,0.03380000000000005,0.2891374131982236,✓,-,0.05612455330008498,24.68744468688965,0.14094263723713407,0.008137560449540615,600.0,0.009012921713292599,0.010413500666618346,0.009729553759098054,0.025996733333333355,0.03380000000000005,0.028100000000000014,fcn-4_mnist_learnt_gaussian_sig0.03_bounded-pmin1e-05_epoch10_bs250_lr0.001_mon0.95_dp0.2_objective-vanilla_perc-pri0.5_epoch-pri20_bs-pri250_lr-pri0.005_mom-pri0.99_dp-pri0.2_seed7,bec-outage0.5_chan-layer2_mcsamples500_norm-frob_seed7_bounds.json
fcn-4,mnist,10.0,bec,outage 0.5,frob,channel_grad,0.001,0.01,0.01,0.010517057031393051,0.036248,0.010143407434225083,1.1802727876468264,✓,✓,0.030708474570089437,0.03620000000000001,1.1545381384427569,✓,✗,0.056443123774159,20.020835876464844,1.0249939149094118,0.059179749339818954,600.0,0.009248713031411171,0.010143407434225083,0.009140071272850037,0.026222933333333358,0.03620000000000001,0.027599999999999958,fcn-4_mnist_learnt_gaussian_sig0.03_bounded-pmin1e-05_epoch10_bs250_lr0.001_mon0.95_dp0.2_objective-channel_gradient-chan0.01-bec-outage0.5-frob-kl0.01_perc-pri0.5_epoch-pri20_bs-pri250_lr-pri0.005_mom-pri0.99_dp-pri0.2_seed7,bec-outage0.5_chan-layer2_mcsamples500_norm-frob_seed7_bounds.json
fcn-4,mnist,10.0,bec,outage 0.5,frob,channel_grad,0.001,0.01,0.1,0.010975269600749016,0.03528260000000001,0.01061314195394516,2.194542020067293,✓,✗,0.02760876448231792,0.033499999999999974,2.170144639557802,✓,✓,0.0520061449918085,315.65106201171875,0.8367947818206023,0.04831375554203987,600.0,0.007458122447133064,0.01061314195394516,0.007869108766317367,0.023099533333333342,0.033499999999999974,0.0252,fcn-4_mnist_learnt_gaussian_sig0.03_bounded-pmin1e-05_epoch10_bs250_lr0.001_mon0.95_dp0.2_objective-channel_gradient-chan0.1-bec-outage0.5-frob-kl0.01_perc-pri0.5_epoch-pri20_bs-pri250_lr-pri0.005_mom-pri0.99_dp-pri0.2_seed7,bec-outage0.5_chan-layer2_mcsamples500_norm-frob_seed7_bounds.json
fcn-4,mnist,10.0,bec,outage 0.5,frob,channel_grad,0.001,0.01,1.0,0.014501914381980896,0.032698599999999994,0.014333185553550721,24.574872970581055,✓,✗,0.023920213649103465,0.03090000000000004,24.554157257080078,✓,✓,0.04463610221035881,5864.62939453125,0.5708878493672667,0.0329611711204052,600.0,0.0054406290873885155,0.014333185553550721,0.006697872281074524,0.018064666666666687,0.03090000000000004,0.023499999999999965,fcn-4_mnist_learnt_gaussian_sig0.03_bounded-pmin1e-05_epoch10_bs250_lr0.001_mon0.95_dp0.2_objective-channel_gradient-chan1.0-bec-outage0.5-frob-kl0.01_perc-pri0.5_epoch-pri20_bs-pri250_lr-pri0.005_mom-pri0.99_dp-pri0.2_seed7,bec-outage0.5_chan-layer2_mcsamples500_norm-frob_seed7_bounds.json
fcn-4,mnist,10.0,bec,outage 0.5,frob,channel_grad,0.001,0.1,0.01,0.010841015726327896,0.037677400000000014,0.01049593761563301,1.2094058990478516,✓,✗,0.03244408418832094,0.03810000000000002,1.1827888488769531,✓,✗,0.05906117350558507,1.0718116760253906,1.1288680587739954,0.06517709791660309,600.0,0.010283739306032658,0.01049593761563301,0.009976842254400254,0.02809453333333332,0.03810000000000002,0.028699999999999948,fcn-4_mnist_learnt_gaussian_sig0.03_bounded-pmin1e-05_epoch10_bs250_lr0.001_mon0.95_dp0.2_objective-channel_gradient-chan0.01-bec-outage0.5-frob-kl0.1_perc-pri0.5_epoch-pri20_bs-pri250_lr-pri0.005_mom-pri0.99_dp-pri0.2_seed7,bec-outage0.5_chan-layer2_mcsamples500_norm-frob_seed7_bounds.json
fcn-4,mnist,10.0,bec,outage 0.5,frob,channel_grad,0.001,0.1,0.1,0.010501950047910213,0.036482600000000004,0.01010839119553566,1.2277334928512573,✓,✓,0.03130573163675707,0.03610000000000002,1.2019414901733398,✓,✗,0.05709768416505557,25.87356948852539,1.047906346933339,0.060502637177705765,600.0,0.009602389298379421,0.01010839119553566,0.00940033495426178,0.026688666666666687,0.03610000000000002,0.027900000000000036,fcn-4_mnist_learnt_gaussian_sig0.03_bounded-pmin1e-05_epoch10_bs250_lr0.001_mon0.95_dp0.2_objective-channel_gradient-chan0.1-bec-outage0.5-frob-kl0.1_perc-pri0.5_epoch-pri20_bs-pri250_lr-pri0.005_mom-pri0.99_dp-pri0.2_seed7,bec-outage0.5_chan-layer2_mcsamples500_norm-frob_seed7_bounds.json
fcn-4,mnist,10.0,bec,outage 0.5,frob,channel_grad,0.001,0.1,1.0,0.011721458286046982,0.038597799999999995,0.011304185539484025,4.926178455352783,✓,✗,0.029357028936073348,0.0383,4.899446964263916,✓,✗,0.05608898591403108,965.7503662109375,0.9103294873099587,0.05255940556526184,600.0,0.008458388037979603,0.011304185539484025,0.00833914875984192,0.0259715333333333,0.0383,0.027699999999999947,fcn-4_mnist_learnt_gaussian_sig0.03_bounded-pmin1e-05_epoch10_bs250_lr0.001_mon0.95_dp0.2_objective-channel_gradient-chan1.0-bec-outage0.5-frob-kl0.1_perc-pri0.5_epoch-pri20_bs-pri250_lr-pri0.005_mom-pri0.99_dp-pri0.2_seed7,bec-outage0.5_chan-layer2_mcsamples500_norm-frob_seed7_bounds.json
fcn-4,mnist,10.0,bec,outage 0.5,frob,channel_grad,0.001,1.0,0.01,0.011066356673836708,0.038461199999999994,0.010739002376794815,1.244269609451294,✓,✗,0.03294548911859359,0.03959999999999997,1.217225193977356,✓,✗,0.059989919742706926,0.052377134561538696,1.166964856495264,0.06737668067216873,600.0,0.010586699470877647,0.010739002376794815,0.010221634060144424,0.028763000000000004,0.03959999999999997,0.028299999999999992,fcn-4_mnist_learnt_gaussian_sig0.03_bounded-pmin1e-05_epoch10_bs250_lr0.001_mon0.95_dp0.2_objective-channel_gradient-chan0.01-bec-outage0.5-frob-kl1.0_perc-pri0.5_epoch-pri20_bs-pri250_lr-pri0.005_mom-pri0.99_dp-pri0.2_seed7,bec-outage0.5_chan-layer2_mcsamples500_norm-frob_seed7_bounds.json
fcn-4,mnist,10.0,bec,outage 0.5,frob,channel_grad,0.001,1.0,0.1,0.010842411778867245,0.0376696,0.010493479669094086,1.2298431396484375,✓,✗,0.032692713079679636,0.037900000000000045,1.2030593156814575,✓,✗,0.059476534839005904,2.699857473373413,1.1422434837368522,0.06594935059547424,600.0,0.010433806106448174,0.010493479669094086,0.009958615154027938,0.0283934,0.037900000000000045,0.028200000000000003,fcn-4_mnist_learnt_gaussian_sig0.03_bounded-pmin1e-05_epoch10_bs250_lr0.001_mon0.95_dp0.2_objective-channel_gradient-chan0.1-bec-outage0.5-frob-kl1.0_perc-pri0.5_epoch-pri20_bs-pri250_lr-pri0.005_mom-pri0.99_dp-pri0.2_seed7,bec-outage0.5_chan-layer2_mcsamples500_norm-frob_seed7_bounds.json
fcn-4,mnist,10.0,bec,outage 0.5,frob,channel_grad,0.001,1.0,1.0,0.010861444287002087,0.037741000000000004,0.010429344326257705,1.7952282428741455,✓,✗,0.032396876716767276,0.03700000000000003,1.7684004306793213,✓,✗,0.059224813936538986,149.10635375976562,1.1101783380965184,0.06409801542758942,600.0,0.010255243629217148,0.010429344326257705,0.009741795808076858,0.028211866666666675,0.03700000000000003,0.028900000000000037,fcn-4_mnist_learnt_gaussian_sig0.03_bounded-pmin1e-05_epoch10_bs250_lr0.001_mon0.95_dp0.2_objective-channel_gradient-chan1.0-bec-outage0.5-frob-kl1.0_perc-pri0.5_epoch-pri20_bs-pri250_lr-pri0.005_mom-pri0.99_dp-pri0.2_seed7,bec-outage0.5_chan-layer2_mcsamples500_norm-frob_seed7_bounds.json
fcn-4,mnist,20.0,bec,outage 0.5,frob,vanilla,0.001,1.0,0.0,0.010686589404940605,0.035978199999999995,0.010514961183071136,0.48155192017305287,✓,-,0.028971681264870108,0.03320000000000001,0.45605343751102356,✓,-,0.054470163926899406,65.90060424804688,0.14094263723713407,0.008137560449540615,600.0,0.008235758170485497,0.010514961183071136,0.009177878499031067,0.024826000000000015,0.03320000000000001,0.028100000000000014,fcn-4_mnist_learnt_gaussian_sig0.03_bounded-pmin1e-05_epoch20_bs250_lr0.001_mon0.95_dp0.2_objective-vanilla_perc-pri0.5_epoch-pri20_bs-pri250_lr-pri0.005_mom-pri0.99_dp-pri0.2_seed7,bec-outage0.5_chan-layer2_mcsamples500_norm-frob_seed7_bounds.json
fcn-4,mnist,20.0,bec,outage 0.5,frob,channel_grad,0.001,0.01,0.01,0.010500027798116207,0.03596800000000001,0.010386383533477784,1.191100693759774,✓,✓,0.03060906189174967,0.03620000000000001,1.165442421763166,✓,✓,0.05626733388835756,22.102676391601562,1.027498532594931,0.05932435765862465,600.0,0.00919007882475853,0.010386383533477784,0.008404891937971115,0.026098066666666666,0.03620000000000001,0.027200000000000002,fcn-4_mnist_learnt_gaussian_sig0.03_bounded-pmin1e-05_epoch20_bs250_lr0.001_mon0.95_dp0.2_objective-channel_gradient-chan0.01-bec-outage0.5-frob-kl0.01_perc-pri0.5_epoch-pri20_bs-pri250_lr-pri0.005_mom-pri0.99_dp-pri0.2_seed7,bec-outage0.5_chan-layer2_mcsamples500_norm-frob_seed7_bounds.json
fcn-4,mnist,20.0,bec,outage 0.5,frob,channel_grad,0.001,0.01,0.1,0.01114367600530386,0.0357432,0.011019580811262131,2.322422981262207,✓,✗,0.02747109761325432,0.03600000000000003,2.2980871200561523,✓,✓,0.05180703007450499,347.6219177246094,0.8343546216822989,0.04817286878824234,600.0,0.00738040916621685,0.011019580811262131,0.007146760076284409,0.02296059999999999,0.03600000000000003,0.025000000000000022,fcn-4_mnist_learnt_gaussian_sig0.03_bounded-pmin1e-05_epoch20_bs250_lr0.001_mon0.95_dp0.2_objective-channel_gradient-chan0.1-bec-outage0.5-frob-kl0.01_perc-pri0.5_epoch-pri20_bs-pri250_lr-pri0.005_mom-pri0.99_dp-pri0.2_seed7,bec-outage0.5_chan-layer2_mcsamples500_norm-frob_seed7_bounds.json
fcn-4,mnist,20.0,bec,outage 0.5,frob,channel_grad,0.001,0.01,1.0,0.01498373132199049,0.0367208,0.014900115132331849,25.71099437546376,✓,✗,0.023541967129861723,0.035699999999999954,25.690710255177837,✓,✗,0.04382608741578378,6143.6005859375,0.5689228942692501,0.03284772112965584,600.0,0.005241903010755777,0.014900115132331849,0.006431625038385391,0.017524400000000002,0.035699999999999954,0.023900000000000032,fcn-4_mnist_learnt_gaussian_sig0.03_bounded-pmin1e-05_epoch20_bs250_lr0.001_mon0.95_dp0.2_objective-channel_gradient-chan1.0-bec-outage0.5-frob-kl0.01_perc-pri0.5_epoch-pri20_bs-pri250_lr-pri0.005_mom-pri0.99_dp-pri0.2_seed7,bec-outage0.5_chan-layer2_mcsamples500_norm-frob_seed7_bounds.json
fcn-4,mnist,20.0,bec,outage 0.5,frob,channel_grad,0.001,0.1,0.01,0.010873868130147457,0.037688400000000004,0.010760238021612167,1.2253787517547607,✓,✗,0.03242331978812253,0.0373,1.1988416910171509,✓,✗,0.05896029730386318,1.055499792098999,1.145008383449869,0.06610898673534393,600.0,0.01027118880301714,0.010760238021612167,0.00931335762143135,0.028021933333333297,0.0373,0.02739999999999998,fcn-4_mnist_learnt_gaussian_sig0.03_bounded-pmin1e-05_epoch20_bs250_lr0.001_mon0.95_dp0.2_objective-channel_gradient-chan0.01-bec-outage0.5-frob-kl0.1_perc-pri0.5_epoch-pri20_bs-pri250_lr-pri0.005_mom-pri0.99_dp-pri0.2_seed7,bec-outage0.5_chan-layer2_mcsamples500_norm-frob_seed7_bounds.json
fcn-4,mnist,20.0,bec,outage 0.5,frob,channel_grad,0.001,0.1,0.1,0.010761584155261517,0.0374518,0.010666735470294952,1.2754863500595093,✓,✗,0.03153620654611736,0.03820000000000001,1.2494795322418213,✓,✗,0.05754295176605463,26.48661231994629,1.0927111815878607,0.063089519739151,600.0,0.009739542379975319,0.010666735470294952,0.00864238440990448,0.027006533333333346,0.03820000000000001,0.026599999999999957,fcn-4_mnist_learnt_gaussian_sig0.03_bounded-pmin1e-05_epoch20_bs250_lr0.001_mon0.95_dp0.2_objective-channel_gradient-chan0.1-bec-outage0.5-frob-kl0.1_perc-pri0.5_epoch-pri20_bs-pri250_lr-pri0.005_mom-pri0.99_dp-pri0.2_seed7,bec-outage0.5_chan-layer2_mcsamples500_norm-frob_seed7_bounds.json
fcn-4,mnist,20.0,bec,outage 0.5,frob,channel_grad,0.001,0.1,1.0,0.01159300934523344,0.03840799999999999,0.011430040746927262,5.077832221984863,✓,✗,0.029699044889727143,0.03839999999999999,5.051082134246826,✓,✗,0.056449115353341704,999.2210083007812,0.9249798038398251,0.053405266255140305,600.0,0.008657107129693031,0.011430040746927262,0.008208902180194854,0.02622719999999999,0.03839999999999999,0.02729999999999999,fcn-4_mnist_learnt_gaussian_sig0.03_bounded-pmin1e-05_epoch20_bs250_lr0.001_mon0.95_dp0.2_objective-channel_gradient-chan1.0-bec-outage0.5-frob-kl0.1_perc-pri0.5_epoch-pri20_bs-pri250_lr-pri0.005_mom-pri0.99_dp-pri0.2_seed7,bec-outage0.5_chan-layer2_mcsamples500_norm-frob_seed7_bounds.json
fcn-4,mnist,20.0,bec,outage 0.5,frob,channel_grad,0.001,1.0,0.01,0.01111906860023737,0.0385544,0.011021293699741364,1.257474660873413,✓,✗,0.03289382284876328,0.037699999999999956,1.2305169105529785,✓,✗,0.05985157870305361,0.0528293251991272,1.1803064718938154,0.06814698129892349,600.0,0.010555560700595379,0.011021293699741364,0.009640485793352128,0.02866313333333332,0.037699999999999956,0.028000000000000025,fcn-4_mnist_learnt_gaussian_sig0.03_bounded-pmin1e-05_epoch20_bs250_lr0.001_mon0.95_dp0.2_objective-channel_gradient-chan0.01-bec-outage0.5-frob-kl1.0_perc-pri0.5_epoch-pri20_bs-pri250_lr-pri0.005_mom-pri0.99_dp-pri0.2_seed7,bec-outage0.5_chan-layer2_mcsamples500_norm-frob_seed7_bounds.json
fcn-4,mnist,20.0,bec,outage 0.5,frob,channel_grad,0.001,1.0,0.1,0.011070976965129375,0.0384682,0.010996761918067931,1.2546842098236084,✓,✗,0.03262812034829761,0.037799999999999945,1.2279891967773438,✓,✗,0.059323138010073134,2.243603467941284,1.1691005369886096,0.06749998778104782,600.0,0.01039476040750742,0.010996761918067931,0.00942358747124672,0.028282800000000004,0.037799999999999945,0.02749999999999997,fcn-4_mnist_learnt_gaussian_sig0.03_bounded-pmin1e-05_epoch20_bs250_lr0.001_mon0.95_dp0.2_objective-channel_gradient-chan0.1-bec-outage0.5-frob-kl1.0_perc-pri0.5_epoch-pri20_bs-pri250_lr-pri0.005_mom-pri0.99_dp-pri0.2_seed7,bec-outage0.5_chan-layer2_mcsamples500_norm-frob_seed7_bounds.json
fcn-4,mnist,20.0,bec,outage 0.5,frob,channel_grad,0.001,1.0,1.0,0.011427328921854496,0.03959699999999999,0.011449691653251649,1.946818232536316,✓,✗,0.0328980003657985,0.039000000000000035,1.9197051525115967,✓,✗,0.0600111146418838,166.71969604492188,1.1890757953745283,0.06865329295396805,600.0,0.010557903908193111,0.011449691653251649,0.009544492512941361,0.028778199999999997,0.039000000000000035,0.028000000000000025,fcn-4_mnist_learnt_gaussian_sig0.03_bounded-pmin1e-05_epoch20_bs250_lr0.001_mon0.95_dp0.2_objective-channel_gradient-chan1.0-bec-outage0.5-frob-kl1.0_perc-pri0.5_epoch-pri20_bs-pri250_lr-pri0.005_mom-pri0.99_dp-pri0.2_seed7,bec-outage0.5_chan-layer2_mcsamples500_norm-frob_seed7_bounds.json
fcn-4,mnist,30.0,bec,outage 0.5,frob,channel_grad,0.001,0.01,0.01,0.010553859174251556,0.036181399999999996,0.010719586908817292,1.189665675163269,✓,?,0.03061689038387189,0.03600000000000003,1.1639297008514404,✓,?,0.05635292513508688,21.412052154541016,1.0287973618496455,0.05939934775233269,600.0,0.009194700047373772,0.010719586908817292,0.008987516164779663,0.026158600000000004,0.03600000000000003,0.0262,fcn-4_mnist_learnt_gaussian_sig0.03_bounded-pmin1e-05_epoch30_bs250_lr0.001_mon0.95_dp0.2_objective-channel_gradient-chan0.01-bec-outage0.5-frob-kl0.01_perc-pri0.5_epoch-pri20_bs-pri250_lr-pri0.005_mom-pri0.99_dp-pri0.2_seed7,bec-outage0.5_chan-layer2_mcsamples500_norm-frob_seed7_bounds.json
fcn-4,mnist,30.0,bec,outage 0.5,frob,channel_grad,0.001,0.01,0.1,0.01111302524805069,0.03567820000000001,0.011268388479948044,2.321775197982788,✓,?,0.02741932708311017,0.036599999999999966,2.2975330352783203,✓,?,0.05166142177099477,345.680419921875,0.8417784019301349,0.04860149323940277,600.0,0.007351241540163755,0.011268388479948044,0.0078535795211792,0.022859533333333355,0.036599999999999966,0.024900000000000033,fcn-4_mnist_learnt_gaussian_sig0.03_bounded-pmin1e-05_epoch30_bs250_lr0.001_mon0.95_dp0.2_objective-channel_gradient-chan0.1-bec-outage0.5-frob-kl0.01_perc-pri0.5_epoch-pri20_bs-pri250_lr-pri0.005_mom-pri0.99_dp-pri0.2_seed7,bec-outage0.5_chan-layer2_mcsamples500_norm-frob_seed7_bounds.json
fcn-4,mnist,30.0,bec,outage 0.5,frob,channel_grad,0.001,0.01,1.0,0.015101428143680096,0.03382020000000001,0.015316621959209442,25.95842933654785,✓,?,0.023383264789494144,0.03400000000000003,25.938535690307617,✓,?,0.04327819842969283,6209.26416015625,0.5488362707917449,0.031687986105680466,600.0,0.005158999003469944,0.015316621959209442,0.006546977162361145,0.017160799999999997,0.03400000000000003,0.023700000000000054,fcn-4_mnist_learnt_gaussian_sig0.03_bounded-pmin1e-05_epoch30_bs250_lr0.001_mon0.95_dp0.2_objective-channel_gradient-chan1.0-bec-outage0.5-frob-kl0.01_perc-pri0.5_epoch-pri20_bs-pri250_lr-pri0.005_mom-pri0.99_dp-pri0.2_seed7,bec-outage0.5_chan-layer2_mcsamples500_norm-frob_seed7_bounds.json
fcn-4,mnist,30.0,bec,outage 0.5,frob,channel_grad,0.001,0.1,0.01,0.010925390757620335,0.03778980000000001,0.011096586287021638,1.2121917009353638,✓,?,0.03247161494208051,0.03869999999999996,1.1855133771896362,✓,?,0.05914994759797047,0.9022940397262573,1.1322571449852787,0.0653727725148201,600.0,0.010300314985215664,0.011096586287021638,0.009879186749458313,0.02815846666666667,0.03869999999999996,0.027200000000000002,fcn-4_mnist_learnt_gaussian_sig0.03_bounded-pmin1e-05_epoch30_bs250_lr0.001_mon0.95_dp0.2_objective-channel_gradient-chan0.01-bec-outage0.5-frob-kl0.1_perc-pri0.5_epoch-pri20_bs-pri250_lr-pri0.005_mom-pri0.99_dp-pri0.2_seed7,bec-outage0.5_chan-layer2_mcsamples500_norm-frob_seed7_bounds.json
fcn-4,mnist,30.0,bec,outage 0.5,frob,channel_grad,0.001,0.1,0.1,0.010822881013154984,0.0374542,0.010985790193080902,1.2369341850280762,✓,?,0.03146040691107966,0.037900000000000045,1.210806965827942,✓,?,0.057587672083416946,21.456449508666992,1.0746499058652232,0.06204672157764435,600.0,0.009694387204945087,0.010985790193080902,0.009537782520055771,0.02703833333333335,0.037900000000000045,0.02749999999999997,fcn-4_mnist_learnt_gaussian_sig0.03_bounded-pmin1e-05_epoch30_bs250_lr0.001_mon0.95_dp0.2_objective-channel_gradient-chan0.1-bec-outage0.5-frob-kl0.1_perc-pri0.5_epoch-pri20_bs-pri250_lr-pri0.005_mom-pri0.99_dp-pri0.2_seed7,bec-outage0.5_chan-layer2_mcsamples500_norm-frob_seed7_bounds.json
fcn-4,mnist,30.0,bec,outage 0.5,frob,channel_grad,0.001,0.1,1.0,0.012194265611469746,0.03981140000000001,0.012375605851411819,5.336368083953857,✓,?,0.029630896231850584,0.04190000000000005,5.308939456939697,✓,?,0.0570593959162953,1057.02099609375,0.9469379544590217,0.05467305704951286,600.0,0.008617425337433815,0.012375605851411819,0.009028781205415726,0.026661600000000014,0.04190000000000005,0.02959999999999996,fcn-4_mnist_learnt_gaussian_sig0.03_bounded-pmin1e-05_epoch30_bs250_lr0.001_mon0.95_dp0.2_objective-channel_gradient-chan1.0-bec-outage0.5-frob-kl0.1_perc-pri0.5_epoch-pri20_bs-pri250_lr-pri0.005_mom-pri0.99_dp-pri0.2_seed7,bec-outage0.5_chan-layer2_mcsamples500_norm-frob_seed7_bounds.json
fcn-4,mnist,30.0,bec,outage 0.5,frob,channel_grad,0.001,1.0,0.01,0.011119033209979534,0.0384786,0.011298812925815582,1.2396043539047241,✓,?,0.03293878696705945,0.03859999999999997,1.2125375270843506,✓,?,0.06000551985498572,0.05746781826019287,1.1622631333064393,0.06710521876811981,600.0,0.010582738555967808,0.011298812925815582,0.01013505905866623,0.028774333333333357,0.03859999999999997,0.02739999999999998,fcn-4_mnist_learnt_gaussian_sig0.03_bounded-pmin1e-05_epoch30_bs250_lr0.001_mon0.95_dp0.2_objective-channel_gradient-chan0.01-bec-outage0.5-frob-kl1.0_perc-pri0.5_epoch-pri20_bs-pri250_lr-pri0.005_mom-pri0.99_dp-pri0.2_seed7,bec-outage0.5_chan-layer2_mcsamples500_norm-frob_seed7_bounds.json
fcn-4,mnist,30.0,bec,outage 0.5,frob,channel_grad,0.001,1.0,0.1,0.011095534078776836,0.0384394,0.011279965937137603,1.243297815322876,✓,?,0.032789749837903004,0.03820000000000001,1.2163127660751343,✓,?,0.05977486226094786,2.429302215576172,1.1565044095785815,0.06677272915840149,600.0,0.010492529720067978,0.011279965937137603,0.010152673721313477,0.028607800000000003,0.03820000000000001,0.027599999999999958,fcn-4_mnist_learnt_gaussian_sig0.03_bounded-pmin1e-05_epoch30_bs250_lr0.001_mon0.95_dp0.2_objective-channel_gradient-chan0.1-bec-outage0.5-frob-kl1.0_perc-pri0.5_epoch-pri20_bs-pri250_lr-pri0.005_mom-pri0.99_dp-pri0.2_seed7,bec-outage0.5_chan-layer2_mcsamples500_norm-frob_seed7_bounds.json
fcn-4,mnist,30.0,bec,outage 0.5,frob,channel_grad,0.001,1.0,1.0,0.012000259943306446,0.04179420000000001,0.01237684190273285,1.8635718822479248,✓,?,0.033806110902756994,0.04359999999999997,1.834665060043335,✓,?,0.06271296580890726,132.38807678222656,1.243285947546709,0.07178320735692978,600.0,0.011110695078969002,0.01237684190273285,0.011129430681467056,0.030736999999999997,0.04359999999999997,0.03059999999999996,fcn-4_mnist_learnt_gaussian_sig0.03_bounded-pmin1e-05_epoch30_bs250_lr0.001_mon0.95_dp0.2_objective-channel_gradient-chan1.0-bec-outage0.5-frob-kl1.0_perc-pri0.5_epoch-pri20_bs-pri250_lr-pri0.005_mom-pri0.99_dp-pri0.2_seed7,bec-outage0.5_chan-layer2_mcsamples500_norm-frob_seed7_bounds.json
fcn-4,mnist,50.0,bec,outage 0.5,frob,vanilla,0.001,1.0,0.0,0.010891425423324108,0.035353800000000005,0.010699467360973358,1.1186315596231444,✓,-,0.026670843572489285,0.03249999999999997,1.094104956533883,✓,-,0.0511974466617509,222.75425720214844,0.14094263723713407,0.008137560449540615,600.0,0.006932391785085201,0.010699467360973358,0.008326570689678191,0.022537066666666664,0.03249999999999997,0.027200000000000002,fcn-4_mnist_learnt_gaussian_sig0.03_bounded-pmin1e-05_epoch50_bs250_lr0.001_mon0.95_dp0.2_objective-vanilla_perc-pri0.5_epoch-pri20_bs-pri250_lr-pri0.005_mom-pri0.99_dp-pri0.2_seed7,bec-outage0.5_chan-layer2_mcsamples500_norm-frob_seed7_bounds.json
fcn-4,mnist,50.0,bec,outage 0.5,frob,channel_grad,0.001,0.01,0.01,0.010566412471234798,0.036302999999999995,0.010232385247945786,1.1909584999084473,✓,✓,0.030570925400328703,0.035800000000000054,1.1652153730392456,✓,✗,0.056314042483091534,21.477933883666992,1.029860169374914,0.05946071073412895,600.0,0.009167518466711044,0.010232385247945786,0.00969584435224533,0.026130933333333373,0.035800000000000054,0.02749999999999997,fcn-4_mnist_learnt_gaussian_sig0.03_bounded-pmin1e-05_epoch50_bs250_lr0.001_mon0.95_dp0.2_objective-channel_gradient-chan0.01-bec-outage0.5-frob-kl0.01_perc-pri0.5_epoch-pri20_bs-pri250_lr-pri0.005_mom-pri0.99_dp-pri0.2_seed7,bec-outage0.5_chan-layer2_mcsamples500_norm-frob_seed7_bounds.json
fcn-4,mnist,50.0,bec,outage 0.5,frob,channel_grad,0.001,0.01,0.1,0.01089370809495449,0.0347524,0.010633532702922822,2.277331590652466,✓,✗,0.027456484692246746,0.034499999999999975,2.2529728412628174,✓,✓,0.051815130658026225,335.3979187011719,0.8391591930495647,0.04845026880502701,600.0,0.007372257765382528,0.010633532702922822,0.008191756904125214,0.022966066666666653,0.034499999999999975,0.026699999999999946,fcn-4_mnist_learnt_gaussian_sig0.03_bounded-pmin1e-05_epoch50_bs250_lr0.001_mon0.95_dp0.2_objective-channel_gradient-chan0.1-bec-outage0.5-frob-kl0.01_perc-pri0.5_epoch-pri20_bs-pri250_lr-pri0.005_mom-pri0.99_dp-pri0.2_seed7,bec-outage0.5_chan-layer2_mcsamples500_norm-frob_seed7_bounds.json
fcn-4,mnist,50.0,bec,outage 0.5,frob,channel_grad,0.001,0.01,1.0,0.014874580316245556,0.034122999999999994,0.014718386530876159,26.380756378173828,✓,✗,0.023480497645631815,0.032200000000000006,26.36092185974121,✓,✓,0.043316449192694464,6305.6259765625,0.5777294469839407,0.033356182277202606,600.0,0.005209725815802813,0.014718386530876159,0.006773525476455688,0.017186133333333325,0.032200000000000006,0.024900000000000033,fcn-4_mnist_learnt_gaussian_sig0.03_bounded-pmin1e-05_epoch50_bs250_lr0.001_mon0.95_dp0.2_objective-channel_gradient-chan1.0-bec-outage0.5-frob-kl0.01_perc-pri0.5_epoch-pri20_bs-pri250_lr-pri0.005_mom-pri0.99_dp-pri0.2_seed7,bec-outage0.5_chan-layer2_mcsamples500_norm-frob_seed7_bounds.json
fcn-4,mnist,50.0,bec,outage 0.5,frob,channel_grad,0.001,0.1,0.01,0.010921135544776917,0.03792679999999999,0.010531903803348541,1.219295859336853,✓,✗,0.032468561247112435,0.036900000000000044,1.1925880908966064,✓,✗,0.05917629567755564,0.8755431175231934,1.1394441292388373,0.06578772515058517,600.0,0.01029863953590393,0.010531903803348541,0.010716407746076583,0.02817706666666667,0.036900000000000044,0.02949999999999997,fcn-4_mnist_learnt_gaussian_sig0.03_bounded-pmin1e-05_epoch50_bs250_lr0.001_mon0.95_dp0.2_objective-channel_gradient-chan0.01-bec-outage0.5-frob-kl0.1_perc-pri0.5_epoch-pri20_bs-pri250_lr-pri0.005_mom-pri0.99_dp-pri0.2_seed7,bec-outage0.5_chan-layer2_mcsamples500_norm-frob_seed7_bounds.json
fcn-4,mnist,50.0,bec,outage 0.5,frob,channel_grad,0.001,0.1,0.1,0.010558628477156162,0.0363642,0.01024213582277298,1.2370036840438843,✓,✓,0.0313984672979551,0.03520000000000001,1.2108145952224731,✓,✗,0.05758747836307622,22.35222816467285,1.071062543335026,0.061839599162340164,600.0,0.009657612070441246,0.01024213582277298,0.0099729523062706,0.027038133333333353,0.03520000000000001,0.02849999999999997,fcn-4_mnist_learnt_gaussian_sig0.03_bounded-pmin1e-05_epoch50_bs250_lr0.001_mon0.95_dp0.2_objective-channel_gradient-chan0.1-bec-outage0.5-frob-kl0.1_perc-pri0.5_epoch-pri20_bs-pri250_lr-pri0.005_mom-pri0.99_dp-pri0.2_seed7,bec-outage0.5_chan-layer2_mcsamples500_norm-frob_seed7_bounds.json
fcn-4,mnist,50.0,bec,outage 0.5,frob,channel_grad,0.001,0.1,1.0,0.011998272500932217,0.0389988,0.011679454147815705,5.172078609466553,✓,✗,0.029136756918638967,0.0393,5.145198822021484,✓,✗,0.05601662188189201,1019.92138671875,0.9351497078785156,0.05399244278669357,600.0,0.008330948650836945,0.011679454147815705,0.008871939778327943,0.025919866666666642,0.0393,0.028200000000000003,fcn-4_mnist_learnt_gaussian_sig0.03_bounded-pmin1e-05_epoch50_bs250_lr0.001_mon0.95_dp0.2_objective-channel_gradient-chan1.0-bec-outage0.5-frob-kl0.1_perc-pri0.5_epoch-pri20_bs-pri250_lr-pri0.005_mom-pri0.99_dp-pri0.2_seed7,bec-outage0.5_chan-layer2_mcsamples500_norm-frob_seed7_bounds.json
fcn-4,mnist,50.0,bec,outage 0.5,frob,channel_grad,0.001,1.0,0.01,0.01112417783588171,0.0386272,0.01071791872382164,1.242567777633667,✓,✗,0.0329191776610797,0.036900000000000044,1.2154518365859985,✓,✗,0.06003510669863428,0.04592481255531311,1.1652440529074233,0.06727732717990875,600.0,0.010570881888270378,0.01071791872382164,0.011001619696617126,0.02879533333333332,0.036900000000000044,0.030399999999999983,fcn-4_mnist_learnt_gaussian_sig0.03_bounded-pmin1e-05_epoch50_bs250_lr0.001_mon0.95_dp0.2_objective-channel_gradient-chan0.01-bec-outage0.5-frob-kl1.0_perc-pri0.5_epoch-pri20_bs-pri250_lr-pri0.005_mom-pri0.99_dp-pri0.2_seed7,bec-outage0.5_chan-layer2_mcsamples500_norm-frob_seed7_bounds.json
fcn-4,mnist,50.0,bec,outage 0.5,frob,channel_grad,0.001,1.0,0.1,0.01101134717464447,0.038226200000000016,0.01061963066458702,1.2404537200927734,✓,✗,0.032718890053953203,0.03639999999999999,1.213531255722046,✓,✗,0.05964130620912557,2.0641961097717285,1.1552842972483952,0.06670228391885757,600.0,0.010449483059346676,0.01061963066458702,0.010890984535217285,0.02851193333333334,0.03639999999999999,0.03049999999999997,fcn-4_mnist_learnt_gaussian_sig0.03_bounded-pmin1e-05_epoch50_bs250_lr0.001_mon0.95_dp0.2_objective-channel_gradient-chan0.1-bec-outage0.5-frob-kl1.0_perc-pri0.5_epoch-pri20_bs-pri250_lr-pri0.005_mom-pri0.99_dp-pri0.2_seed7,bec-outage0.5_chan-layer2_mcsamples500_norm-frob_seed7_bounds.json
fcn-4,mnist,50.0,bec,outage 0.5,frob,channel_grad,0.001,1.0,1.0,0.011283502914011478,0.039431,0.011257652193307877,1.9996992349624634,✓,✗,0.03368680963580027,0.03920000000000001,1.971290111541748,✓,✗,0.062095927922211205,172.94944763183594,1.2144391627223294,0.07011768966913223,600.0,0.011037821881473064,0.011257652193307877,0.011151665449142456,0.030288266666666654,0.03920000000000001,0.03159999999999996,fcn-4_mnist_learnt_gaussian_sig0.03_bounded-pmin1e-05_epoch50_bs250_lr0.001_mon0.95_dp0.2_objective-channel_gradient-chan1.0-bec-outage0.5-frob-kl1.0_perc-pri0.5_epoch-pri20_bs-pri250_lr-pri0.005_mom-pri0.99_dp-pri0.2_seed7,bec-outage0.5_chan-layer2_mcsamples500_norm-frob_seed7_bounds.json
fcn-4,mnist,5.0,bec,outage 0.5,spec,channel_grad,0.001,0.01,0.01,0.010727383196353912,0.037085,0.0108457550406456,0.13780279457569122,✓,?,0.031730232111235254,0.039100000000000024,0.11141033470630646,✓,?,0.05812268903473851,4.103407382965088,0.0458269901573658,0.0458269901573658,600.0,0.009855382144451141,0.0108457550406456,0.009634726494550706,0.02742120000000001,0.039100000000000024,0.027100000000000013,fcn-4_mnist_learnt_gaussian_sig0.03_bounded-pmin1e-05_epoch5_bs250_lr0.001_mon0.95_dp0.2_objective-channel_gradient-chan0.01-bec-outage0.5-spec-kl0.01_perc-pri0.5_epoch-pri20_bs-pri250_lr-pri0.005_mom-pri0.99_dp-pri0.2_seed7,bec-outage0.5_chan-layer2_mcsamples500_norm-spec_seed7_bounds.json
fcn-4,mnist,5.0,bec,outage 0.5,spec,channel_grad,0.001,0.01,0.1,0.010659335181117058,0.036787400000000005,0.010773291438817978,0.1494753360748291,✓,?,0.03144930694249719,0.038900000000000046,0.1232185885310173,✓,?,0.05770605857839939,7.240604400634766,0.0451086089015007,0.0451086089015007,600.0,0.00968786608427763,0.010773291438817978,0.0094832643866539,0.02712319999999997,0.038900000000000046,0.027100000000000013,fcn-4_mnist_learnt_gaussian_sig0.03_bounded-pmin1e-05_epoch5_bs250_lr0.001_mon0.95_dp0.2_objective-channel_gradient-chan0.1-bec-outage0.5-spec-kl0.01_perc-pri0.5_epoch-pri20_bs-pri250_lr-pri0.005_mom-pri0.99_dp-pri0.2_seed7,bec-outage0.5_chan-layer2_mcsamples500_norm-spec_seed7_bounds.json
fcn-4,mnist,5.0,bec,outage 0.5,spec,channel_grad,0.001,0.01,1.0,0.01091134175658226,0.0367446,0.010987380892038346,0.411833256483078,✓,?,0.029764743622809214,0.03849999999999998,0.38589078187942505,✓,?,0.0557072384903627,73.04034423828125,0.04083904251456261,0.04083904251456261,600.0,0.008695254102349281,0.010987380892038346,0.008696502447128296,0.025700333333333346,0.03849999999999998,0.027000000000000024,fcn-4_mnist_learnt_gaussian_sig0.03_bounded-pmin1e-05_epoch5_bs250_lr0.001_mon0.95_dp0.2_objective-channel_gradient-chan1.0-bec-outage0.5-spec-kl0.01_perc-pri0.5_epoch-pri20_bs-pri250_lr-pri0.005_mom-pri0.99_dp-pri0.2_seed7,bec-outage0.5_chan-layer2_mcsamples500_norm-spec_seed7_bounds.json
fcn-4,mnist,5.0,bec,outage 0.5,spec,channel_grad,0.001,0.1,0.01,0.01104144100099802,0.038269,0.01116715595126152,0.12543541193008423,✓,?,0.032690214435889195,0.038900000000000046,0.0985255241394043,✓,?,0.059600093782178225,0.19942545890808105,0.04792013391852379,0.04792013391852379,600.0,0.01043221540749073,0.01116715595126152,0.010121577233076096,0.02848179999999997,0.038900000000000046,0.02859999999999996,fcn-4_mnist_learnt_gaussian_sig0.03_bounded-pmin1e-05_epoch5_bs250_lr0.001_mon0.95_dp0.2_objective-channel_gradient-chan0.01-bec-outage0.5-spec-kl0.1_perc-pri0.5_epoch-pri20_bs-pri250_lr-pri0.005_mom-pri0.99_dp-pri0.2_seed7,bec-outage0.5_chan-layer2_mcsamples500_norm-spec_seed7_bounds.json
fcn-4,mnist,5.0,bec,outage 0.5,spec,channel_grad,0.001,0.1,0.1,0.01099944394081831,0.0381148,0.011125798523426055,0.12598323822021484,✓,?,0.03259032692230911,0.03949999999999998,0.09916166961193085,✓,?,0.05941190165209536,0.4195001721382141,0.04775770753622055,0.04775770753622055,600.0,0.010372028686106205,0.011125798523426055,0.010063256323337554,0.02834673333333333,0.03949999999999998,0.027800000000000047,fcn-4_mnist_learnt_gaussian_sig0.03_bounded-pmin1e-05_epoch5_bs250_lr0.001_mon0.95_dp0.2_objective-channel_gradient-chan0.1-bec-outage0.5-spec-kl0.1_perc-pri0.5_epoch-pri20_bs-pri250_lr-pri0.005_mom-pri0.99_dp-pri0.2_seed7,bec-outage0.5_chan-layer2_mcsamples500_norm-spec_seed7_bounds.json
fcn-4,mnist,5.0,bec,outage 0.5,spec,channel_grad,0.001,0.1,1.0,0.01084314938634634,0.037615800000000005,0.010967274755239486,0.14750482141971588,✓,?,0.031984951998093106,0.03920000000000001,0.1210165023803711,✓,?,0.058473266088433284,6.279327392578125,0.04629528149962425,0.04629528149962425,600.0,0.010007725097239017,0.010967274755239486,0.009733669459819794,0.027672133333333338,0.03920000000000001,0.027800000000000047,fcn-4_mnist_learnt_gaussian_sig0.03_bounded-pmin1e-05_epoch5_bs250_lr0.001_mon0.95_dp0.2_objective-channel_gradient-chan1.0-bec-outage0.5-spec-kl0.1_perc-pri0.5_epoch-pri20_bs-pri250_lr-pri0.005_mom-pri0.99_dp-pri0.2_seed7,bec-outage0.5_chan-layer2_mcsamples500_norm-spec_seed7_bounds.json
fcn-4,mnist,5.0,bec,outage 0.5,spec,channel_grad,0.001,1.0,0.01,0.011142954230308533,0.038611200000000005,0.01126709282398224,0.12578406929969788,✓,?,0.032947968331638794,0.039100000000000024,0.09867236018180847,✓,?,0.06005967918977069,0.005788087844848633,0.0485997349023819,0.0485997349023819,600.0,0.010588270612061024,0.01126709282398224,0.01025553122162819,0.028813066666666644,0.039100000000000024,0.029000000000000026,fcn-4_mnist_learnt_gaussian_sig0.03_bounded-pmin1e-05_epoch5_bs250_lr0.001_mon0.95_dp0.2_objective-channel_gradient-chan0.01-bec-outage0.5-spec-kl1.0_perc-pri0.5_epoch-pri20_bs-pri250_lr-pri0.005_mom-pri0.99_dp-pri0.2_seed7,bec-outage0.5_chan-layer2_mcsamples500_norm-spec_seed7_bounds.json
fcn-4,mnist,5.0,bec,outage 0.5,spec,channel_grad,0.001,1.0,0.1,0.011140679009258747,0.038597,0.011265546083450317,0.12577301263809204,✓,?,0.03293969205065547,0.03920000000000001,0.09867975115776062,✓,?,0.06003295456141847,0.018704354763031006,0.0485626645386219,0.0485626645386219,600.0,0.010583181865513325,0.011265546083450317,0.010249462723731995,0.02879406666666668,0.03920000000000001,0.028900000000000037,fcn-4_mnist_learnt_gaussian_sig0.03_bounded-pmin1e-05_epoch5_bs250_lr0.001_mon0.95_dp0.2_objective-channel_gradient-chan0.1-bec-outage0.5-spec-kl1.0_perc-pri0.5_epoch-pri20_bs-pri250_lr-pri0.005_mom-pri0.99_dp-pri0.2_seed7,bec-outage0.5_chan-layer2_mcsamples500_norm-spec_seed7_bounds.json
fcn-4,mnist,5.0,bec,outage 0.5,spec,channel_grad,0.001,1.0,1.0,0.011119185015559196,0.0385262,0.011250662803649902,0.1285487711429596,✓,?,0.032881852442382745,0.039000000000000035,0.10152249038219452,✓,?,0.05990812921631941,0.7489683032035828,0.048481959849596024,0.048481959849596024,600.0,0.010548140853643417,0.011250662803649902,0.010201271623373032,0.02870433333333333,0.039000000000000035,0.02859999999999996,fcn-4_mnist_learnt_gaussian_sig0.03_bounded-pmin1e-05_epoch5_bs250_lr0.001_mon0.95_dp0.2_objective-channel_gradient-chan1.0-bec-outage0.5-spec-kl1.0_perc-pri0.5_epoch-pri20_bs-pri250_lr-pri0.005_mom-pri0.99_dp-pri0.2_seed7,bec-outage0.5_chan-layer2_mcsamples500_norm-spec_seed7_bounds.json
fcn-4,mnist,10.0,bec,outage 0.5,spec,vanilla,0.001,1.0,0.0,0.010566108860075474,0.036226200000000014,0.010413500666618346,0.24470175582976858,✓,-,0.03030767630663866,0.03380000000000005,0.21888487883632227,✓,-,0.05612455330008498,24.68744468688965,0.0706901028752327,0.0706901028752327,600.0,0.009012921713292599,0.010413500666618346,0.009729553759098054,0.025996733333333355,0.03380000000000005,0.028100000000000014,fcn-4_mnist_learnt_gaussian_sig0.03_bounded-pmin1e-05_epoch10_bs250_lr0.001_mon0.95_dp0.2_objective-vanilla_perc-pri0.5_epoch-pri20_bs-pri250_lr-pri0.005_mom-pri0.99_dp-pri0.2_seed7,bec-outage0.5_chan-layer2_mcsamples500_norm-spec_seed7_bounds.json
fcn-4,mnist,10.0,bec,outage 0.5,spec,channel_grad,0.001,0.0001,0.0001,0.010527951642870903,0.036214800000000005,0.010149865597486495,0.21635723114013672,✓,✓,0.030340920460431475,0.03600000000000003,0.19055065512657166,✓,✓,0.05614748932201617,24.712675094604492,0.04221964627504349,0.04221964627504349,600.0,0.009032408706843853,0.010149865597486495,0.008987125009298325,0.02601273333333335,0.03600000000000003,0.027000000000000024,fcn-4_mnist_learnt_gaussian_sig0.03_bounded-pmin1e-05_epoch10_bs250_lr0.001_mon0.95_dp0.2_objective-channel_gradient-chan0.0001-bec-outage0.5-spec-kl0.0001_perc-pri0.5_epoch-pri20_bs-pri250_lr-pri0.005_mom-pri0.99_dp-pri0.2_seed7,bec-outage0.5_chan-layer2_mcsamples500_norm-spec_seed7_bounds.json
fcn-4,mnist,10.0,bec,outage 0.5,spec,channel_grad,0.001,0.0001,0.001,0.010528107173740864,0.036212400000000006,0.010150020569562912,0.21688538789749146,✓,✓,0.0303352889807347,0.03600000000000003,0.19107988476753235,✓,✓,0.05614078627709322,24.84855842590332,0.042199764400720596,0.042199764400720596,600.0,0.009029068052768707,0.010150020569562912,0.008984597772359848,0.026007733333333345,0.03600000000000003,0.027000000000000024,fcn-4_mnist_learnt_gaussian_sig0.03_bounded-pmin1e-05_epoch10_bs250_lr0.001_mon0.95_dp0.2_objective-channel_gradient-chan0.001-bec-outage0.5-spec-kl0.0001_perc-pri0.5_epoch-pri20_bs-pri250_lr-pri0.005_mom-pri0.99_dp-pri0.2_seed7,bec-outage0.5_chan-layer2_mcsamples500_norm-spec_seed7_bounds.json
fcn-4,mnist,10.0,bec,outage 0.5,spec,channel_grad,0.001,0.0001,0.01,0.010529105551540852,0.03618459999999999,0.010152141004800797,0.2224293053150177,✓,✓,0.030277810406324882,0.03600000000000003,0.19664272665977478,✓,✓,0.05606436952157835,26.262706756591797,0.04204685240983963,0.04204685240983963,600.0,0.008995438925921917,0.010152141004800797,0.008959047496318817,0.0259538,0.03600000000000003,0.026900000000000035,fcn-4_mnist_learnt_gaussian_sig0.03_bounded-pmin1e-05_epoch10_bs250_lr0.001_mon0.95_dp0.2_objective-channel_gradient-chan0.01-bec-outage0.5-spec-kl0.0001_perc-pri0.5_epoch-pri20_bs-pri250_lr-pri0.005_mom-pri0.99_dp-pri0.2_seed7,bec-outage0.5_chan-layer2_mcsamples500_norm-spec_seed7_bounds.json
fcn-4,mnist,10.0,bec,outage 0.5,spec,channel_grad,0.001,0.001,0.0001,0.01053737010806799,0.0363126,0.010160181671380997,0.20151589810848236,✓,✓,0.030503297451846805,0.0363,0.17565350234508514,✓,✗,0.05636568395937135,20.950550079345703,0.04251893237233162,0.04251893237233162,600.0,0.00912785530090332,0.010160181671380997,0.009059303253889085,0.026167933333333313,0.0363,0.027000000000000024,fcn-4_mnist_learnt_gaussian_sig0.03_bounded-pmin1e-05_epoch10_bs250_lr0.001_mon0.95_dp0.2_objective-channel_gradient-chan0.0001-bec-outage0.5-spec-kl0.001_perc-pri0.5_epoch-pri20_bs-pri250_lr-pri0.005_mom-pri0.99_dp-pri0.2_seed7,bec-outage0.5_chan-layer2_mcsamples500_norm-spec_seed7_bounds.json
fcn-4,mnist,10.0,bec,outage 0.5,spec,channel_grad,0.001,0.001,0.001,0.010537228547036648,0.036308400000000005,0.010160073637962341,0.20196419954299927,✓,✓,0.03049783136563272,0.0363,0.17610330879688263,✓,✗,0.056358723160504026,21.06676483154297,0.04249974712729454,0.04249974712729454,600.0,0.00912468321621418,0.010160073637962341,0.009056833386421204,0.026162666666666678,0.0363,0.027000000000000024,fcn-4_mnist_learnt_gaussian_sig0.03_bounded-pmin1e-05_epoch10_bs250_lr0.001_mon0.95_dp0.2_objective-channel_gradient-chan0.001-bec-outage0.5-spec-kl0.001_perc-pri0.5_epoch-pri20_bs-pri250_lr-pri0.005_mom-pri0.99_dp-pri0.2_seed7,bec-outage0.5_chan-layer2_mcsamples500_norm-spec_seed7_bounds.json
fcn-4,mnist,10.0,bec,outage 0.5,spec,channel_grad,0.001,0.001,0.01,0.010536015033721924,0.03627059999999999,0.010159644484519958,0.2066967487335205,✓,✓,0.030443898706666653,0.0363,0.1808592975139618,✓,✗,0.05628134498388093,22.284807205200195,0.042337026447057724,0.042337026447057724,600.0,0.009092741645872593,0.010159644484519958,0.009031952172517777,0.026107733333333348,0.0363,0.027000000000000024,fcn-4_mnist_learnt_gaussian_sig0.03_bounded-pmin1e-05_epoch10_bs250_lr0.001_mon0.95_dp0.2_objective-channel_gradient-chan0.01-bec-outage0.5-spec-kl0.001_perc-pri0.5_epoch-pri20_bs-pri250_lr-pri0.005_mom-pri0.99_dp-pri0.2_seed7,bec-outage0.5_chan-layer2_mcsamples500_norm-spec_seed7_bounds.json
fcn-4,mnist,10.0,bec,outage 0.5,spec,channel_grad,0.001,0.01,0.0001,0.010664866305887699,0.0369688,0.010297083109617234,0.14287786185741425,✓,✗,0.03154417529583489,0.037699999999999956,0.11664588749408722,✓,✗,0.057776148129909624,5.700628280639648,0.04472796246409416,0.04472796246409416,600.0,0.00974431075155735,0.010297083109617234,0.009532631933689117,0.027173533333333326,0.037699999999999956,0.028100000000000014,fcn-4_mnist_learnt_gaussian_sig0.03_bounded-pmin1e-05_epoch10_bs250_lr0.001_mon0.95_dp0.2_objective-channel_gradient-chan0.0001-bec-outage0.5-spec-kl0.01_perc-pri0.5_epoch-pri20_bs-pri250_lr-pri0.005_mom-pri0.99_dp-pri0.2_seed7,bec-outage0.5_chan-layer2_mcsamples500_norm-spec_seed7_bounds.json
fcn-4,mnist,10.0,bec,outage 0.5,spec,channel_grad,0.001,0.01,0.001,0.010664007626473904,0.03696499999999999,0.010296221077442168,0.14299917221069336,✓,✗,0.0315406984456606,0.037699999999999956,0.11677047610282898,✓,✗,0.0577693853186305,5.734426498413086,0.04471806064248085,0.04471806064248085,600.0,0.00974220409989357,0.010296221077442168,0.009530989080667495,0.02716846666666664,0.037699999999999956,0.028100000000000014,fcn-4_mnist_learnt_gaussian_sig0.03_bounded-pmin1e-05_epoch10_bs250_lr0.001_mon0.95_dp0.2_objective-channel_gradient-chan0.001-bec-outage0.5-spec-kl0.01_perc-pri0.5_epoch-pri20_bs-pri250_lr-pri0.005_mom-pri0.99_dp-pri0.2_seed7,bec-outage0.5_chan-layer2_mcsamples500_norm-spec_seed7_bounds.json
fcn-4,mnist,10.0,bec,outage 0.5,spec,channel_grad,0.001,0.01,0.01,0.010656249709427357,0.036935600000000006,0.010287971794605255,0.14426561902666757,✓,✗,0.031504793933423675,0.037900000000000045,0.11805492016884853,✓,✗,0.05771549279124272,6.087274074554443,0.04459790512919426,0.04459790512919426,600.0,0.009720942005515099,0.010287971794605255,0.009513580799102783,0.027130066666666675,0.037900000000000045,0.028200000000000003,fcn-4_mnist_learnt_gaussian_sig0.03_bounded-pmin1e-05_epoch10_bs250_lr0.001_mon0.95_dp0.2_objective-channel_gradient-chan0.01-bec-outage0.5-spec-kl0.01_perc-pri0.5_epoch-pri20_bs-pri250_lr-pri0.005_mom-pri0.99_dp-pri0.2_seed7,bec-outage0.5_chan-layer2_mcsamples500_norm-spec_seed7_bounds.json
fcn-4,mnist,10.0,bec,outage 0.5,spec,channel_grad,0.001,0.01,0.1,0.01061148103326559,0.0367058,0.010241512954235078,0.159748412201291,✓,✗,0.031184059873693683,0.0373,0.1336339447398013,✓,✗,0.057298527335183376,10.207822799682617,0.04367559403181076,0.04367559403181076,600.0,0.009530141949653625,0.010241512954235078,0.00936584621667862,0.026831799999999992,0.0373,0.028100000000000014,fcn-4_mnist_learnt_gaussian_sig0.03_bounded-pmin1e-05_epoch10_bs250_lr0.001_mon0.95_dp0.2_objective-channel_gradient-chan0.1-bec-outage0.5-spec-kl0.01_perc-pri0.5_epoch-pri20_bs-pri250_lr-pri0.005_mom-pri0.99_dp-pri0.2_seed7,bec-outage0.5_chan-layer2_mcsamples500_norm-spec_seed7_bounds.json
fcn-4,mnist,10.0,bec,outage 0.5,spec,channel_grad,0.001,0.01,1.0,0.010776049457490444,0.03592240000000001,0.01041901707649231,0.4945783308326072,✓,✗,0.02928934715306466,0.035499999999999976,0.4687907060434456,✓,✓,0.05507697194222629,94.04834747314453,0.03844955936074257,0.03844955936074257,600.0,0.00841919519007206,0.01041901707649231,0.008502820879220963,0.025254333333333354,0.035499999999999976,0.027000000000000024,fcn-4_mnist_learnt_gaussian_sig0.03_bounded-pmin1e-05_epoch10_bs250_lr0.001_mon0.95_dp0.2_objective-channel_gradient-chan1.0-bec-outage0.5-spec-kl0.01_perc-pri0.5_epoch-pri20_bs-pri250_lr-pri0.005_mom-pri0.99_dp-pri0.2_seed7,bec-outage0.5_chan-layer2_mcsamples500_norm-spec_seed7_bounds.json
fcn-4,mnist,10.0,bec,outage 0.5,spec,channel_grad,0.001,0.1,0.01,0.010987791232764721,0.038179599999999994,0.01065288931131363,0.12503116255058966,✓,✗,0.03271342552398646,0.039000000000000035,0.09815497615284441,✓,✗,0.059589611921731726,0.21223068237304688,0.04747409373521805,0.04747409373521805,600.0,0.010446306318044662,0.01065288931131363,0.010126198083162308,0.028474800000000012,0.039000000000000035,0.02839999999999998,fcn-4_mnist_learnt_gaussian_sig0.03_bounded-pmin1e-05_epoch10_bs250_lr0.001_mon0.95_dp0.2_objective-channel_gradient-chan0.01-bec-outage0.5-spec-kl0.1_perc-pri0.5_epoch-pri20_bs-pri250_lr-pri0.005_mom-pri0.99_dp-pri0.2_seed7,bec-outage0.5_chan-layer2_mcsamples500_norm-spec_seed7_bounds.json
fcn-4,mnist,10.0,bec,outage 0.5,spec,channel_grad,0.001,0.1,0.1,0.010930508375167847,0.0379818,0.010592770576477051,0.12547637620431937,✓,✗,0.03260861178398444,0.03849999999999998,0.0986945450996482,✓,✗,0.059390442888655595,0.4553050994873047,0.047126129269599915,0.047126129269599915,600.0,0.010383009910583496,0.010592770576477051,0.010073676705360413,0.028331266666666684,0.03849999999999998,0.02849999999999997,fcn-4_mnist_learnt_gaussian_sig0.03_bounded-pmin1e-05_epoch10_bs250_lr0.001_mon0.95_dp0.2_objective-channel_gradient-chan0.1-bec-outage0.5-spec-kl0.1_perc-pri0.5_epoch-pri20_bs-pri250_lr-pri0.005_mom-pri0.99_dp-pri0.2_seed7,bec-outage0.5_chan-layer2_mcsamples500_norm-spec_seed7_bounds.json
fcn-4,mnist,10.0,bec,outage 0.5,spec,channel_grad,0.001,0.1,1.0,0.010703427717089653,0.037209,0.010336466878652573,0.14811513948949295,✓,✗,0.03198849637414894,0.03710000000000002,0.12175347511024953,✓,✗,0.05835016075339235,6.703732490539551,0.0452960766851902,0.0452960766851902,600.0,0.010009901598095894,0.010336466878652573,0.00975744053721428,0.02758426666666668,0.03710000000000002,0.028800000000000048,fcn-4_mnist_learnt_gaussian_sig0.03_bounded-pmin1e-05_epoch10_bs250_lr0.001_mon0.95_dp0.2_objective-channel_gradient-chan1.0-bec-outage0.5-spec-kl0.1_perc-pri0.5_epoch-pri20_bs-pri250_lr-pri0.005_mom-pri0.99_dp-pri0.2_seed7,bec-outage0.5_chan-layer2_mcsamples500_norm-spec_seed7_bounds.json
fcn-4,mnist,10.0,bec,outage 0.5,spec,channel_grad,0.001,1.0,0.01,0.011101213283836842,0.038576,0.010777163505554199,0.12542601649727153,✓,✗,0.03298617644556573,0.03959999999999997,0.09833366517334255,✓,✗,0.06007852776949473,0.005167961120605469,0.04822536185383797,0.04822536185383797,600.0,0.010611433535814285,0.010777163505554199,0.010259316116571427,0.028826799999999955,0.03959999999999997,0.028299999999999992,fcn-4_mnist_learnt_gaussian_sig0.03_bounded-pmin1e-05_epoch10_bs250_lr0.001_mon0.95_dp0.2_objective-channel_gradient-chan0.01-bec-outage0.5-spec-kl1.0_perc-pri0.5_epoch-pri20_bs-pri250_lr-pri0.005_mom-pri0.99_dp-pri0.2_seed7,bec-outage0.5_chan-layer2_mcsamples500_norm-spec_seed7_bounds.json
fcn-4,mnist,10.0,bec,outage 0.5,spec,channel_grad,0.001,1.0,0.1,0.011087242513895035,0.038526600000000015,0.01076243668794632,0.1253785607698433,✓,✗,0.0329721033478367,0.03969999999999996,0.09829918335968697,✓,✗,0.060051480757993034,0.016906052827835083,0.04815703257918358,0.04815703257918358,600.0,0.010602827183902264,0.01076243668794632,0.010246460884809494,0.02880746666666666,0.03969999999999996,0.028299999999999992,fcn-4_mnist_learnt_gaussian_sig0.03_bounded-pmin1e-05_epoch10_bs250_lr0.001_mon0.95_dp0.2_objective-channel_gradient-chan0.1-bec-outage0.5-spec-kl1.0_perc-pri0.5_epoch-pri20_bs-pri250_lr-pri0.005_mom-pri0.99_dp-pri0.2_seed7,bec-outage0.5_chan-layer2_mcsamples500_norm-spec_seed7_bounds.json
fcn-4,mnist,10.0,bec,outage 0.5,spec,channel_grad,0.001,1.0,1.0,0.010962152853608131,0.038078999999999995,0.01062939390540123,0.1269891608761598,✓,✗,0.0328518343560589,0.03869999999999996,0.10002238421190708,✓,✗,0.059818611020311614,0.5829952955245972,0.04768945276737213,0.04768945276737213,600.0,0.010529980063438416,0.01062939390540123,0.010125297307968139,0.02863960000000002,0.03869999999999996,0.028000000000000025,fcn-4_mnist_learnt_gaussian_sig0.03_bounded-pmin1e-05_epoch10_bs250_lr0.001_mon0.95_dp0.2_objective-channel_gradient-chan1.0-bec-outage0.5-spec-kl1.0_perc-pri0.5_epoch-pri20_bs-pri250_lr-pri0.005_mom-pri0.99_dp-pri0.2_seed7,bec-outage0.5_chan-layer2_mcsamples500_norm-spec_seed7_bounds.json
fcn-4,mnist,20.0,bec,outage 0.5,spec,vanilla,0.001,1.0,0.0,0.010686589404940605,0.035978199999999995,0.010514961183071136,0.4112993858111515,✓,-,0.028971681264870108,0.03320000000000001,0.3858009031491222,✓,-,0.054470163926899406,65.90060424804688,0.0706901028752327,0.0706901028752327,600.0,0.008235758170485497,0.010514961183071136,0.009177878499031067,0.024826000000000015,0.03320000000000001,0.028100000000000014,fcn-4_mnist_learnt_gaussian_sig0.03_bounded-pmin1e-05_epoch20_bs250_lr0.001_mon0.95_dp0.2_objective-vanilla_perc-pri0.5_epoch-pri20_bs-pri250_lr-pri0.005_mom-pri0.99_dp-pri0.2_seed7,bec-outage0.5_chan-layer2_mcsamples500_norm-spec_seed7_bounds.json
fcn-4,mnist,20.0,bec,outage 0.5,spec,channel_grad,0.001,0.0001,0.0001,0.010611653327941895,0.0357694,0.010486318171024323,0.37408310174942017,✓,✓,0.02901816954139459,0.03539999999999999,0.3486770689487457,✓,✓,0.054424191586221776,64.22906494140625,0.04034382849931717,0.04034382849931717,600.0,0.008262470364570618,0.010486318171024323,0.007784046232700348,0.024793933333333372,0.03539999999999999,0.025499999999999967,fcn-4_mnist_learnt_gaussian_sig0.03_bounded-pmin1e-05_epoch20_bs250_lr0.001_mon0.95_dp0.2_objective-channel_gradient-chan0.0001-bec-outage0.5-spec-kl0.0001_perc-pri0.5_epoch-pri20_bs-pri250_lr-pri0.005_mom-pri0.99_dp-pri0.2_seed7,bec-outage0.5_chan-layer2_mcsamples500_norm-spec_seed7_bounds.json
fcn-4,mnist,20.0,bec,outage 0.5,spec,channel_grad,0.001,0.0001,0.001,0.010613031685352325,0.03576480000000001,0.010487870872020721,0.3754781186580658,✓,✓,0.029010473336862144,0.03539999999999999,0.3500738739967346,✓,✓,0.054414743446936004,64.5792465209961,0.04031870886683464,0.04031870886683464,600.0,0.008257990702986717,0.010487870872020721,0.007781202346086502,0.024787066666666677,0.03539999999999999,0.025399999999999978,fcn-4_mnist_learnt_gaussian_sig0.03_bounded-pmin1e-05_epoch20_bs250_lr0.001_mon0.95_dp0.2_objective-channel_gradient-chan0.001-bec-outage0.5-spec-kl0.0001_perc-pri0.5_epoch-pri20_bs-pri250_lr-pri0.005_mom-pri0.99_dp-pri0.2_seed7,bec-outage0.5_chan-layer2_mcsamples500_norm-spec_seed7_bounds.json
fcn-4,mnist,20.0,bec,outage 0.5,spec,channel_grad,0.001,0.0001,0.01,0.010623153299093246,0.03573539999999999,0.010498389601707458,0.38986077904701233,✓,✓,0.02893366226598089,0.03539999999999999,0.3644710183143616,✓,✓,0.05432340231715914,68.18818664550781,0.040059249848127365,0.040059249848127365,600.0,0.008213832974433899,0.010498389601707458,0.007748311758041382,0.024722600000000015,0.03539999999999999,0.025499999999999967,fcn-4_mnist_learnt_gaussian_sig0.03_bounded-pmin1e-05_epoch20_bs250_lr0.001_mon0.95_dp0.2_objective-channel_gradient-chan0.01-bec-outage0.5-spec-kl0.0001_perc-pri0.5_epoch-pri20_bs-pri250_lr-pri0.005_mom-pri0.99_dp-pri0.2_seed7,bec-outage0.5_chan-layer2_mcsamples500_norm-spec_seed7_bounds.json
fcn-4,mnist,20.0,bec,outage 0.5,spec,channel_grad,0.001,0.001,0.0001,0.010581886395812035,0.035890799999999994,0.010458672791719437,0.30350467562675476,✓,✓,0.029462835552799927,0.0353,0.2779679596424103,✓,✓,0.0549995486111588,46.59209060668945,0.0411926805973053,0.0411926805973053,600.0,0.008519626222550869,0.010458672791719437,0.007968718558549881,0.0251994,0.0353,0.025399999999999978,fcn-4_mnist_learnt_gaussian_sig0.03_bounded-pmin1e-05_epoch20_bs250_lr0.001_mon0.95_dp0.2_objective-channel_gradient-chan0.0001-bec-outage0.5-spec-kl0.001_perc-pri0.5_epoch-pri20_bs-pri250_lr-pri0.005_mom-pri0.99_dp-pri0.2_seed7,bec-outage0.5_chan-layer2_mcsamples500_norm-spec_seed7_bounds.json
fcn-4,mnist,20.0,bec,outage 0.5,spec,channel_grad,0.001,0.001,0.001,0.010582144372165203,0.03588720000000001,0.010458891093730927,0.30452290177345276,✓,✓,0.029455505739412906,0.0353,0.27898934483528137,✓,✓,0.054989044008822305,46.849727630615234,0.041169602423906326,0.041169602423906326,600.0,0.008515519089996815,0.010458891093730927,0.00796586200594902,0.025192400000000018,0.0353,0.025399999999999978,fcn-4_mnist_learnt_gaussian_sig0.03_bounded-pmin1e-05_epoch20_bs250_lr0.001_mon0.95_dp0.2_objective-channel_gradient-chan0.001-bec-outage0.5-spec-kl0.001_perc-pri0.5_epoch-pri20_bs-pri250_lr-pri0.005_mom-pri0.99_dp-pri0.2_seed7,bec-outage0.5_chan-layer2_mcsamples500_norm-spec_seed7_bounds.json
fcn-4,mnist,20.0,bec,outage 0.5,spec,channel_grad,0.001,0.001,0.01,0.010586793534457684,0.0358416,0.010463382303714752,0.3149636387825012,✓,✓,0.02938560447078569,0.03520000000000001,0.28945183753967285,✓,✓,0.054897403696630445,49.4920768737793,0.040914639830589294,0.040914639830589294,600.0,0.008475021459162235,0.010463382303714752,0.007936274260282516,0.025127600000000014,0.03520000000000001,0.02529999999999999,fcn-4_mnist_learnt_gaussian_sig0.03_bounded-pmin1e-05_epoch20_bs250_lr0.001_mon0.95_dp0.2_objective-channel_gradient-chan0.01-bec-outage0.5-spec-kl0.001_perc-pri0.5_epoch-pri20_bs-pri250_lr-pri0.005_mom-pri0.99_dp-pri0.2_seed7,bec-outage0.5_chan-layer2_mcsamples500_norm-spec_seed7_bounds.json
fcn-4,mnist,20.0,bec,outage 0.5,spec,channel_grad,0.001,0.01,0.0001,0.010679333470761776,0.03688259999999999,0.010560304671525956,0.1452520489692688,✓,✓,0.031454593697418334,0.0363,0.11911774426698685,✓,✗,0.05758889897890819,6.214500904083252,0.045191533863544464,0.045191533863544464,600.0,0.009690857492387295,0.010560304671525956,0.008847514539957047,0.02703959999999999,0.0363,0.02729999999999999,fcn-4_mnist_learnt_gaussian_sig0.03_bounded-pmin1e-05_epoch20_bs250_lr0.001_mon0.95_dp0.2_objective-channel_gradient-chan0.0001-bec-outage0.5-spec-kl0.01_perc-pri0.5_epoch-pri20_bs-pri250_lr-pri0.005_mom-pri0.99_dp-pri0.2_seed7,bec-outage0.5_chan-layer2_mcsamples500_norm-spec_seed7_bounds.json
fcn-4,mnist,20.0,bec,outage 0.5,spec,channel_grad,0.001,0.01,0.001,0.010678239166736603,0.036878999999999995,0.010559153556823731,0.14537803828716278,✓,✓,0.0314506854627815,0.0363,0.11924347281455994,✓,✗,0.057585259004123424,6.250741004943848,0.04517320916056633,0.04517320916056633,600.0,0.009688792750239372,0.010559153556823731,0.008845652639865875,0.027036799999999982,0.0363,0.02729999999999999,fcn-4_mnist_learnt_gaussian_sig0.03_bounded-pmin1e-05_epoch20_bs250_lr0.001_mon0.95_dp0.2_objective-channel_gradient-chan0.001-bec-outage0.5-spec-kl0.01_perc-pri0.5_epoch-pri20_bs-pri250_lr-pri0.005_mom-pri0.99_dp-pri0.2_seed7,bec-outage0.5_chan-layer2_mcsamples500_norm-spec_seed7_bounds.json
fcn-4,mnist,20.0,bec,outage 0.5,spec,channel_grad,0.001,0.01,0.01,0.010668905451893806,0.03683940000000001,0.010549762845039367,0.14672992612155097,✓,✓,0.03141501472540266,0.03620000000000001,0.12061599200947343,✓,✗,0.05752894883748021,6.633669376373291,0.04501810669898987,0.04501810669898987,600.0,0.0096672885119915,0.010549762845039367,0.008825601637363433,0.02699686666666666,0.03620000000000001,0.02729999999999999,fcn-4_mnist_learnt_gaussian_sig0.03_bounded-pmin1e-05_epoch20_bs250_lr0.001_mon0.95_dp0.2_objective-channel_gradient-chan0.01-bec-outage0.5-spec-kl0.01_perc-pri0.5_epoch-pri20_bs-pri250_lr-pri0.005_mom-pri0.99_dp-pri0.2_seed7,bec-outage0.5_chan-layer2_mcsamples500_norm-spec_seed7_bounds.json
fcn-4,mnist,20.0,bec,outage 0.5,spec,channel_grad,0.001,0.01,0.1,0.010601628571748734,0.0364692,0.010483448952436447,0.16422726172833801,✓,✓,0.03109153833074901,0.0363,0.13820646434262637,✓,✗,0.057112335716460655,11.263803482055664,0.044029612094163895,0.044029612094163895,600.0,0.009475148282945156,0.010483448952436447,0.008645220845937728,0.026699,0.0363,0.02729999999999999,fcn-4_mnist_learnt_gaussian_sig0.03_bounded-pmin1e-05_epoch20_bs250_lr0.001_mon0.95_dp0.2_objective-channel_gradient-chan0.1-bec-outage0.5-spec-kl0.01_perc-pri0.5_epoch-pri20_bs-pri250_lr-pri0.005_mom-pri0.99_dp-pri0.2_seed7,bec-outage0.5_chan-layer2_mcsamples500_norm-spec_seed7_bounds.json
fcn-4,mnist,20.0,bec,outage 0.5,spec,channel_grad,0.001,0.01,1.0,0.010835282504558563,0.03578879999999999,0.010706977546215057,0.5425414083298317,✓,✗,0.029126843499251123,0.03539999999999999,0.5168273565087946,✓,✓,0.0548408953202882,105.91995239257812,0.03818308934569359,0.03818308934569359,600.0,0.008325169794261456,0.010706977546215057,0.007741861045360565,0.025087533333333332,0.03539999999999999,0.025699999999999945,fcn-4_mnist_learnt_gaussian_sig0.03_bounded-pmin1e-05_epoch20_bs250_lr0.001_mon0.95_dp0.2_objective-channel_gradient-chan1.0-bec-outage0.5-spec-kl0.01_perc-pri0.5_epoch-pri20_bs-pri250_lr-pri0.005_mom-pri0.99_dp-pri0.2_seed7,bec-outage0.5_chan-layer2_mcsamples500_norm-spec_seed7_bounds.json
fcn-4,mnist,20.0,bec,outage 0.5,spec,channel_grad,0.001,0.1,0.01,0.011009682901203632,0.03815620000000001,0.010901054739952088,0.12532264741233634,✓,✗,0.03267750239045876,0.037699999999999956,0.09854812935247681,✓,✗,0.05945202045031828,0.22821441292762756,0.047837916761636734,0.047837916761636734,600.0,0.010424520820379257,0.010901054739952088,0.00950280874967575,0.028375733333333344,0.037699999999999956,0.027699999999999947,fcn-4_mnist_learnt_gaussian_sig0.03_bounded-pmin1e-05_epoch20_bs250_lr0.001_mon0.95_dp0.2_objective-channel_gradient-chan0.01-bec-outage0.5-spec-kl0.1_perc-pri0.5_epoch-pri20_bs-pri250_lr-pri0.005_mom-pri0.99_dp-pri0.2_seed7,bec-outage0.5_chan-layer2_mcsamples500_norm-spec_seed7_bounds.json
fcn-4,mnist,20.0,bec,outage 0.5,spec,channel_grad,0.001,0.1,0.1,0.010952967219054699,0.03793800000000001,0.010840869694948196,0.12581312316248466,✓,✗,0.03258201092983523,0.037699999999999956,0.09911218173211732,✓,✗,0.05928295236020257,0.45615655183792114,0.047566890716552734,0.047566890716552734,600.0,0.010366900824010372,0.010840869694948196,0.009429243206977845,0.028253733333333347,0.037699999999999956,0.02749999999999997,fcn-4_mnist_learnt_gaussian_sig0.03_bounded-pmin1e-05_epoch20_bs250_lr0.001_mon0.95_dp0.2_objective-channel_gradient-chan0.1-bec-outage0.5-spec-kl0.1_perc-pri0.5_epoch-pri20_bs-pri250_lr-pri0.005_mom-pri0.99_dp-pri0.2_seed7,bec-outage0.5_chan-layer2_mcsamples500_norm-spec_seed7_bounds.json
fcn-4,mnist,20.0,bec,outage 0.5,spec,channel_grad,0.001,0.1,1.0,0.010722992941737175,0.0371886,0.010599135607481002,0.14996067966217727,✓,✗,0.03200432823530899,0.03710000000000002,0.12366786265652695,✓,✗,0.05829714524095932,6.945781707763672,0.04620647057890892,0.04620647057890892,600.0,0.0100193340331316,0.010599135607481002,0.00896114706993103,0.02754580000000001,0.03710000000000002,0.027000000000000024,fcn-4_mnist_learnt_gaussian_sig0.03_bounded-pmin1e-05_epoch20_bs250_lr0.001_mon0.95_dp0.2_objective-channel_gradient-chan1.0-bec-outage0.5-spec-kl0.1_perc-pri0.5_epoch-pri20_bs-pri250_lr-pri0.005_mom-pri0.99_dp-pri0.2_seed7,bec-outage0.5_chan-layer2_mcsamples500_norm-spec_seed7_bounds.json
fcn-4,mnist,20.0,bec,outage 0.5,spec,channel_grad,0.001,1.0,0.01,0.011135662905871868,0.03860819999999999,0.011036647111177444,0.12552151018011176,✓,✗,0.03294189090522247,0.03759999999999997,0.09850988966934734,✓,✗,0.059953511415986885,0.007608652114868164,0.04843590781092644,0.04843590781092644,600.0,0.01058446615934372,0.011036647111177444,0.009675727039575577,0.02873686666666668,0.03759999999999997,0.028200000000000003,fcn-4_mnist_learnt_gaussian_sig0.03_bounded-pmin1e-05_epoch20_bs250_lr0.001_mon0.95_dp0.2_objective-channel_gradient-chan0.01-bec-outage0.5-spec-kl1.0_perc-pri0.5_epoch-pri20_bs-pri250_lr-pri0.005_mom-pri0.99_dp-pri0.2_seed7,bec-outage0.5_chan-layer2_mcsamples500_norm-spec_seed7_bounds.json
fcn-4,mnist,20.0,bec,outage 0.5,spec,channel_grad,0.001,1.0,0.1,0.011131541803479195,0.038596,0.011033327877521515,0.12555479745933285,✓,✗,0.03292481275789153,0.037699999999999956,0.09856399179525874,✓,✗,0.05991561842196565,0.02003270387649536,0.04845636710524559,0.04845636710524559,600.0,0.01057423371821642,0.011033327877521515,0.009663183242082596,0.028709200000000004,0.037699999999999956,0.027900000000000036,fcn-4_mnist_learnt_gaussian_sig0.03_bounded-pmin1e-05_epoch20_bs250_lr0.001_mon0.95_dp0.2_objective-channel_gradient-chan0.1-bec-outage0.5-spec-kl1.0_perc-pri0.5_epoch-pri20_bs-pri250_lr-pri0.005_mom-pri0.99_dp-pri0.2_seed7,bec-outage0.5_chan-layer2_mcsamples500_norm-spec_seed7_bounds.json
fcn-4,mnist,20.0,bec,outage 0.5,spec,channel_grad,0.001,1.0,1.0,0.01112344954162836,0.038599800000000004,0.011037585884332657,0.12760578657008728,✓,✗,0.03279667370228588,0.037900000000000045,0.10073812594734008,✓,✗,0.05966433432503308,0.5825468301773071,0.04846218600869179,0.04846218600869179,600.0,0.010496716946363449,0.011037585884332657,0.009560096263885497,0.02852806666666665,0.037900000000000045,0.028200000000000003,fcn-4_mnist_learnt_gaussian_sig0.03_bounded-pmin1e-05_epoch20_bs250_lr0.001_mon0.95_dp0.2_objective-channel_gradient-chan1.0-bec-outage0.5-spec-kl1.0_perc-pri0.5_epoch-pri20_bs-pri250_lr-pri0.005_mom-pri0.99_dp-pri0.2_seed7,bec-outage0.5_chan-layer2_mcsamples500_norm-spec_seed7_bounds.json
fcn-4,mnist,30.0,bec,outage 0.5,spec,channel_grad,0.001,0.0001,0.0001,0.010699118487536907,0.03556919999999999,0.010853352397680283,0.5525402426719666,✓,?,0.02813431314192098,0.035599999999999965,0.527381181716919,✓,?,0.05329332590785288,108.54471588134766,0.03901390731334686,0.03901390731334686,600.0,0.00775598781183362,0.010853352397680283,0.008050350099802017,0.023999133333333325,0.035599999999999965,0.024599999999999955,fcn-4_mnist_learnt_gaussian_sig0.03_bounded-pmin1e-05_epoch30_bs250_lr0.001_mon0.95_dp0.2_objective-channel_gradient-chan0.0001-bec-outage0.5-spec-kl0.0001_perc-pri0.5_epoch-pri20_bs-pri250_lr-pri0.005_mom-pri0.99_dp-pri0.2_seed7,bec-outage0.5_chan-layer2_mcsamples500_norm-spec_seed7_bounds.json
fcn-4,mnist,30.0,bec,outage 0.5,spec,channel_grad,0.001,0.0001,0.001,0.010701828636229038,0.03556919999999999,0.01085631549358368,0.5549779534339905,✓,?,0.028124744523621372,0.035599999999999965,0.5298222899436951,✓,?,0.05328042019464474,109.14885711669922,0.03899817913770676,0.03899817913770676,600.0,0.007750566117465496,0.01085631549358368,0.008047205209732056,0.023989666666666652,0.035599999999999965,0.024599999999999955,fcn-4_mnist_learnt_gaussian_sig0.03_bounded-pmin1e-05_epoch30_bs250_lr0.001_mon0.95_dp0.2_objective-channel_gradient-chan0.001-bec-outage0.5-spec-kl0.0001_perc-pri0.5_epoch-pri20_bs-pri250_lr-pri0.005_mom-pri0.99_dp-pri0.2_seed7,bec-outage0.5_chan-layer2_mcsamples500_norm-spec_seed7_bounds.json
fcn-4,mnist,30.0,bec,outage 0.5,spec,channel_grad,0.001,0.0001,0.01,0.010724019259214401,0.0355422,0.010879834741353988,0.5787346363067627,✓,?,0.028037007300328036,0.035699999999999954,0.5536059141159058,✓,?,0.05316571549640385,115.05965423583984,0.03873881697654724,0.03873881697654724,600.0,0.007700602523982525,0.010879834741353988,0.008013089001178742,0.023909800000000012,0.035699999999999954,0.024599999999999955,fcn-4_mnist_learnt_gaussian_sig0.03_bounded-pmin1e-05_epoch30_bs250_lr0.001_mon0.95_dp0.2_objective-channel_gradient-chan0.01-bec-outage0.5-spec-kl0.0001_perc-pri0.5_epoch-pri20_bs-pri250_lr-pri0.005_mom-pri0.99_dp-pri0.2_seed7,bec-outage0.5_chan-layer2_mcsamples500_norm-spec_seed7_bounds.json
fcn-4,mnist,30.0,bec,outage 0.5,spec,channel_grad,0.001,0.001,0.0001,0.010619073174893856,0.035779000000000005,0.01077178493142128,0.38965079188346863,✓,?,0.028892192979426242,0.03590000000000004,0.3642212152481079,✓,?,0.05432176114363754,68.0170669555664,0.040549490600824356,0.040549490600824356,600.0,0.008189833723008633,0.01077178493142128,0.00832243487238884,0.024721866666666665,0.03590000000000004,0.024700000000000055,fcn-4_mnist_learnt_gaussian_sig0.03_bounded-pmin1e-05_epoch30_bs250_lr0.001_mon0.95_dp0.2_objective-channel_gradient-chan0.0001-bec-outage0.5-spec-kl0.001_perc-pri0.5_epoch-pri20_bs-pri250_lr-pri0.005_mom-pri0.99_dp-pri0.2_seed7,bec-outage0.5_chan-layer2_mcsamples500_norm-spec_seed7_bounds.json
fcn-4,mnist,30.0,bec,outage 0.5,spec,channel_grad,0.001,0.001,0.001,0.010620093904435635,0.03577559999999999,0.010772860050201416,0.39111411571502686,✓,?,0.028883850092176245,0.03590000000000004,0.3656892478466034,✓,?,0.05430873207818791,68.38480377197266,0.04052457958459854,0.04052457958459854,600.0,0.008185177110135555,0.010772860050201416,0.008319167047739029,0.02471226666666668,0.03590000000000004,0.024700000000000055,fcn-4_mnist_learnt_gaussian_sig0.03_bounded-pmin1e-05_epoch30_bs250_lr0.001_mon0.95_dp0.2_objective-channel_gradient-chan0.001-bec-outage0.5-spec-kl0.001_perc-pri0.5_epoch-pri20_bs-pri250_lr-pri0.005_mom-pri0.99_dp-pri0.2_seed7,bec-outage0.5_chan-layer2_mcsamples500_norm-spec_seed7_bounds.json
fcn-4,mnist,30.0,bec,outage 0.5,spec,channel_grad,0.001,0.001,0.01,0.010630295611917973,0.0357394,0.010784357041120528,0.4061306416988373,✓,?,0.028804459495256094,0.03590000000000004,0.38073989748954773,✓,?,0.05419520587684806,72.15393829345703,0.04026718810200691,0.04026718810200691,600.0,0.008139356039464474,0.010784357041120528,0.00828656107187271,0.024632599999999984,0.03590000000000004,0.024900000000000033,fcn-4_mnist_learnt_gaussian_sig0.03_bounded-pmin1e-05_epoch30_bs250_lr0.001_mon0.95_dp0.2_objective-channel_gradient-chan0.01-bec-outage0.5-spec-kl0.001_perc-pri0.5_epoch-pri20_bs-pri250_lr-pri0.005_mom-pri0.99_dp-pri0.2_seed7,bec-outage0.5_chan-layer2_mcsamples500_norm-spec_seed7_bounds.json
fcn-4,mnist,30.0,bec,outage 0.5,spec,channel_grad,0.001,0.01,0.0001,0.01069673802703619,0.036898,0.01085960790514946,0.14459706842899323,✓,?,0.03147659455681086,0.036800000000000055,0.11833727359771729,✓,?,0.05773638658266328,6.0950469970703125,0.04487672820687294,0.04487672820687294,600.0,0.009704179130494595,0.01085960790514946,0.009373535960912704,0.027144933333333312,0.036800000000000055,0.026900000000000035,fcn-4_mnist_learnt_gaussian_sig0.03_bounded-pmin1e-05_epoch30_bs250_lr0.001_mon0.95_dp0.2_objective-channel_gradient-chan0.0001-bec-outage0.5-spec-kl0.01_perc-pri0.5_epoch-pri20_bs-pri250_lr-pri0.005_mom-pri0.99_dp-pri0.2_seed7,bec-outage0.5_chan-layer2_mcsamples500_norm-spec_seed7_bounds.json
fcn-4,mnist,30.0,bec,outage 0.5,spec,channel_grad,0.001,0.01,0.001,0.010695936158299446,0.0368914,0.010858823359012604,0.14472512900829315,✓,?,0.031473051097047386,0.036800000000000055,0.11846829950809479,✓,?,0.05772988193585357,6.130901336669922,0.044864919036626816,0.044864919036626816,600.0,0.009702004492282867,0.010858823359012604,0.009371791779994965,0.027140133333333302,0.036800000000000055,0.026900000000000035,fcn-4_mnist_learnt_gaussian_sig0.03_bounded-pmin1e-05_epoch30_bs250_lr0.001_mon0.95_dp0.2_objective-channel_gradient-chan0.001-bec-outage0.5-spec-kl0.01_perc-pri0.5_epoch-pri20_bs-pri250_lr-pri0.005_mom-pri0.99_dp-pri0.2_seed7,bec-outage0.5_chan-layer2_mcsamples500_norm-spec_seed7_bounds.json
fcn-4,mnist,30.0,bec,outage 0.5,spec,channel_grad,0.001,0.01,0.01,0.010687409900128841,0.0368514,0.010850685089826584,0.14604018441700647,✓,?,0.031437001446860346,0.036699999999999955,0.11980113284624602,✓,?,0.0576760530176208,6.498201370239258,0.04473430663347244,0.04473430663347244,600.0,0.009680595248937607,0.010850685089826584,0.00935320258140564,0.0271018,0.036699999999999955,0.026900000000000035,fcn-4_mnist_learnt_gaussian_sig0.03_bounded-pmin1e-05_epoch30_bs250_lr0.001_mon0.95_dp0.2_objective-channel_gradient-chan0.01-bec-outage0.5-spec-kl0.01_perc-pri0.5_epoch-pri20_bs-pri250_lr-pri0.005_mom-pri0.99_dp-pri0.2_seed7,bec-outage0.5_chan-layer2_mcsamples500_norm-spec_seed7_bounds.json
fcn-4,mnist,30.0,bec,outage 0.5,spec,channel_grad,0.001,0.01,0.1,0.010634412057697773,0.036577,0.01080101877450943,0.16283939206199846,✓,?,0.031111008885840192,0.03639999999999999,0.13671482634451693,✓,?,0.057235574603321716,10.905229568481445,0.0439823754131794,0.0439823754131794,600.0,0.009486844763159752,0.01080101877450943,0.009194613993167877,0.026786933333333315,0.03639999999999999,0.02629999999999999,fcn-4_mnist_learnt_gaussian_sig0.03_bounded-pmin1e-05_epoch30_bs250_lr0.001_mon0.95_dp0.2_objective-channel_gradient-chan0.1-bec-outage0.5-spec-kl0.01_perc-pri0.5_epoch-pri20_bs-pri250_lr-pri0.005_mom-pri0.99_dp-pri0.2_seed7,bec-outage0.5_chan-layer2_mcsamples500_norm-spec_seed7_bounds.json
fcn-4,mnist,30.0,bec,outage 0.5,spec,channel_grad,0.001,0.01,1.0,0.010982472449541092,0.0364082,0.011161603033542633,0.5306886119119715,✓,?,0.029163955565833354,0.03749999999999998,0.5049666383577427,✓,?,0.05488592912006222,102.801513671875,0.0390162318944931,0.0390162318944931,600.0,0.008346655406057835,0.011161603033542633,0.008440927416086198,0.025119600000000016,0.03749999999999998,0.02639999999999998,fcn-4_mnist_learnt_gaussian_sig0.03_bounded-pmin1e-05_epoch30_bs250_lr0.001_mon0.95_dp0.2_objective-channel_gradient-chan1.0-bec-outage0.5-spec-kl0.01_perc-pri0.5_epoch-pri20_bs-pri250_lr-pri0.005_mom-pri0.99_dp-pri0.2_seed7,bec-outage0.5_chan-layer2_mcsamples500_norm-spec_seed7_bounds.json
fcn-4,mnist,30.0,bec,outage 0.5,spec,channel_grad,0.001,0.1,0.01,0.01102507021278143,0.03814719999999998,0.011200115829706193,0.12502693343840743,✓,?,0.032723802603993324,0.03859999999999997,0.09811332472094497,✓,?,0.059637411321455794,0.1927228569984436,0.04750170558691025,0.04750170558691025,600.0,0.010452577844262123,0.011200115829706193,0.010003764927387238,0.028508866666666684,0.03859999999999997,0.02749999999999997,fcn-4_mnist_learnt_gaussian_sig0.03_bounded-pmin1e-05_epoch30_bs250_lr0.001_mon0.95_dp0.2_objective-channel_gradient-chan0.01-bec-outage0.5-spec-kl0.1_perc-pri0.5_epoch-pri20_bs-pri250_lr-pri0.005_mom-pri0.99_dp-pri0.2_seed7,bec-outage0.5_chan-layer2_mcsamples500_norm-spec_seed7_bounds.json
fcn-4,mnist,30.0,bec,outage 0.5,spec,channel_grad,0.001,0.1,0.1,0.01098592672497034,0.038019,0.011160813271999359,0.1253641800948042,✓,?,0.03262831699440501,0.03839999999999999,0.09853597750708448,✓,?,0.059456519582124744,0.38769593834877014,0.04722386971116066,0.04722386971116066,600.0,0.010394961573183537,0.011160813271999359,0.009957644343376159,0.028378466666666647,0.03839999999999999,0.02749999999999997,fcn-4_mnist_learnt_gaussian_sig0.03_bounded-pmin1e-05_epoch30_bs250_lr0.001_mon0.95_dp0.2_objective-channel_gradient-chan0.1-bec-outage0.5-spec-kl0.1_perc-pri0.5_epoch-pri20_bs-pri250_lr-pri0.005_mom-pri0.99_dp-pri0.2_seed7,bec-outage0.5_chan-layer2_mcsamples500_norm-spec_seed7_bounds.json
fcn-4,mnist,30.0,bec,outage 0.5,spec,channel_grad,0.001,0.1,1.0,0.010888469405472279,0.03767900000000001,0.011071398109197616,0.1436290453473749,✓,?,0.03208019152048501,0.038000000000000034,0.11715582924487813,✓,?,0.05855340762298178,5.45152473449707,0.045718852430582047,0.045718852430582047,600.0,0.010065058246254921,0.011071398109197616,0.009795449674129486,0.027729999999999987,0.038000000000000034,0.02739999999999998,fcn-4_mnist_learnt_gaussian_sig0.03_bounded-pmin1e-05_epoch30_bs250_lr0.001_mon0.95_dp0.2_objective-channel_gradient-chan1.0-bec-outage0.5-spec-kl0.1_perc-pri0.5_epoch-pri20_bs-pri250_lr-pri0.005_mom-pri0.99_dp-pri0.2_seed7,bec-outage0.5_chan-layer2_mcsamples500_norm-spec_seed7_bounds.json
fcn-4,mnist,30.0,bec,outage 0.5,spec,channel_grad,0.001,1.0,0.01,0.011129718273878098,0.0385106,0.011309628933668136,0.12532840870434922,✓,?,0.03297891006744304,0.038799999999999946,0.09822001198322809,✓,?,0.060087306788564165,0.006381601095199585,0.04811402037739754,0.04811402037739754,600.0,0.010606895200908184,0.011309628933668136,0.010144934803247452,0.028832999999999998,0.038799999999999946,0.02739999999999998,fcn-4_mnist_learnt_gaussian_sig0.03_bounded-pmin1e-05_epoch30_bs250_lr0.001_mon0.95_dp0.2_objective-channel_gradient-chan0.01-bec-outage0.5-spec-kl1.0_perc-pri0.5_epoch-pri20_bs-pri250_lr-pri0.005_mom-pri0.99_dp-pri0.2_seed7,bec-outage0.5_chan-layer2_mcsamples500_norm-spec_seed7_bounds.json
fcn-4,mnist,30.0,bec,outage 0.5,spec,channel_grad,0.001,1.0,0.1,0.011125262826681137,0.0384966,0.01130533367395401,0.1253212142085286,✓,?,0.03296286747799039,0.038900000000000046,0.0982287712423294,✓,?,0.0600553104441896,0.02058812975883484,0.04808082431554794,0.04808082431554794,600.0,0.01059723924845457,0.01130533367395401,0.010141236335039138,0.02881046666666667,0.038900000000000046,0.02749999999999997,fcn-4_mnist_learnt_gaussian_sig0.03_bounded-pmin1e-05_epoch30_bs250_lr0.001_mon0.95_dp0.2_objective-channel_gradient-chan0.1-bec-outage0.5-spec-kl1.0_perc-pri0.5_epoch-pri20_bs-pri250_lr-pri0.005_mom-pri0.99_dp-pri0.2_seed7,bec-outage0.5_chan-layer2_mcsamples500_norm-spec_seed7_bounds.json
fcn-4,mnist,30.0,bec,outage 0.5,spec,channel_grad,0.001,1.0,1.0,0.011102268472313881,0.0384232,0.0112830251455307,0.12742170342553533,✓,?,0.032857439602849384,0.03839999999999999,0.1004171712532031,✓,?,0.05986197177518161,0.6397058963775635,0.047847114503383636,0.047847114503383636,600.0,0.010533301159739494,0.0112830251455307,0.010131575167179108,0.02867099999999999,0.03839999999999999,0.027599999999999958,fcn-4_mnist_learnt_gaussian_sig0.03_bounded-pmin1e-05_epoch30_bs250_lr0.001_mon0.95_dp0.2_objective-channel_gradient-chan1.0-bec-outage0.5-spec-kl1.0_perc-pri0.5_epoch-pri20_bs-pri250_lr-pri0.005_mom-pri0.99_dp-pri0.2_seed7,bec-outage0.5_chan-layer2_mcsamples500_norm-spec_seed7_bounds.json
fcn-4,mnist,50.0,bec,outage 0.5,spec,vanilla,0.001,1.0,0.0,0.010891425423324108,0.035353800000000005,0.010699467360973358,1.048379025261243,✓,-,0.026670843572489285,0.03249999999999997,1.0238524221719816,✓,-,0.0511974466617509,222.75425720214844,0.0706901028752327,0.0706901028752327,600.0,0.006932391785085201,0.010699467360973358,0.008326570689678191,0.022537066666666664,0.03249999999999997,0.027200000000000002,fcn-4_mnist_learnt_gaussian_sig0.03_bounded-pmin1e-05_epoch50_bs250_lr0.001_mon0.95_dp0.2_objective-vanilla_perc-pri0.5_epoch-pri20_bs-pri250_lr-pri0.005_mom-pri0.99_dp-pri0.2_seed7,bec-outage0.5_chan-layer2_mcsamples500_norm-spec_seed7_bounds.json
fcn-4,mnist,50.0,bec,outage 0.5,spec,channel_grad,0.001,0.0001,0.0001,0.010844902135431767,0.035426400000000004,0.010600488632917404,0.9370599985122681,✓,✓,0.02681924800048219,0.03590000000000004,0.9124809503555298,✓,✗,0.05139832620937201,203.81434631347656,0.036492135375738144,0.036492135375738144,600.0,0.0070152063854038715,0.010600488632917404,0.008135685324668884,0.022676800000000007,0.03590000000000004,0.0262,fcn-4_mnist_learnt_gaussian_sig0.03_bounded-pmin1e-05_epoch50_bs250_lr0.001_mon0.95_dp0.2_objective-channel_gradient-chan0.0001-bec-outage0.5-spec-kl0.0001_perc-pri0.5_epoch-pri20_bs-pri250_lr-pri0.005_mom-pri0.99_dp-pri0.2_seed7,bec-outage0.5_chan-layer2_mcsamples500_norm-spec_seed7_bounds.json
fcn-4,mnist,50.0,bec,outage 0.5,spec,channel_grad,0.001,0.0001,0.001,0.010848303325474262,0.03542180000000001,0.010604458302259446,0.9410834908485413,✓,✓,0.026809630541455454,0.03590000000000004,0.9165119528770447,✓,✗,0.051381151215762186,204.81394958496094,0.03645196184515953,0.03645196184515953,600.0,0.007009741384536028,0.010604458302259446,0.00813056007027626,0.022664866666666665,0.03590000000000004,0.0262,fcn-4_mnist_learnt_gaussian_sig0.03_bounded-pmin1e-05_epoch50_bs250_lr0.001_mon0.95_dp0.2_objective-channel_gradient-chan0.001-bec-outage0.5-spec-kl0.0001_perc-pri0.5_epoch-pri20_bs-pri250_lr-pri0.005_mom-pri0.99_dp-pri0.2_seed7,bec-outage0.5_chan-layer2_mcsamples500_norm-spec_seed7_bounds.json
fcn-4,mnist,50.0,bec,outage 0.5,spec,channel_grad,0.001,0.0001,0.01,0.010885900817811489,0.0353904,0.010645043104887009,0.9834042191505432,✓,✓,0.026710915075198263,0.035699999999999954,0.9588868021965027,✓,✗,0.051228343535510076,215.31436157226562,0.03605768457055092,0.03605768457055092,600.0,0.0069549172185361385,0.010645043104887009,0.008080514520406723,0.022558333333333333,0.035699999999999954,0.0262,fcn-4_mnist_learnt_gaussian_sig0.03_bounded-pmin1e-05_epoch50_bs250_lr0.001_mon0.95_dp0.2_objective-channel_gradient-chan0.01-bec-outage0.5-spec-kl0.0001_perc-pri0.5_epoch-pri20_bs-pri250_lr-pri0.005_mom-pri0.99_dp-pri0.2_seed7,bec-outage0.5_chan-layer2_mcsamples500_norm-spec_seed7_bounds.json
fcn-4,mnist,50.0,bec,outage 0.5,spec,channel_grad,0.001,0.001,0.0001,0.010670854710042477,0.03572440000000001,0.01039082631468773,0.513217031955719,✓,✓,0.028197712171098344,0.035699999999999954,0.48799359798431396,✓,✗,0.05342118747375648,98.91871643066406,0.03886087238788605,0.03886087238788605,600.0,0.0077922167256474495,0.01039082631468773,0.008695635199546813,0.024088733333333324,0.035699999999999954,0.026900000000000035,fcn-4_mnist_learnt_gaussian_sig0.03_bounded-pmin1e-05_epoch50_bs250_lr0.001_mon0.95_dp0.2_objective-channel_gradient-chan0.0001-bec-outage0.5-spec-kl0.001_perc-pri0.5_epoch-pri20_bs-pri250_lr-pri0.005_mom-pri0.99_dp-pri0.2_seed7,bec-outage0.5_chan-layer2_mcsamples500_norm-spec_seed7_bounds.json
fcn-4,mnist,50.0,bec,outage 0.5,spec,channel_grad,0.001,0.001,0.001,0.010672567412257195,0.035718400000000004,0.010392767190933228,0.515161395072937,✓,✓,0.028189197582907544,0.035699999999999954,0.48994097113609314,✓,✗,0.053409640425855734,99.40452575683594,0.03883346542716026,0.03883346542716026,600.0,0.007787387818098068,0.010392767190933228,0.008691415190696716,0.024080666666666688,0.035699999999999954,0.026900000000000035,fcn-4_mnist_learnt_gaussian_sig0.03_bounded-pmin1e-05_epoch50_bs250_lr0.001_mon0.95_dp0.2_objective-channel_gradient-chan0.001-bec-outage0.5-spec-kl0.001_perc-pri0.5_epoch-pri20_bs-pri250_lr-pri0.005_mom-pri0.99_dp-pri0.2_seed7,bec-outage0.5_chan-layer2_mcsamples500_norm-spec_seed7_bounds.json
fcn-4,mnist,50.0,bec,outage 0.5,spec,channel_grad,0.001,0.001,0.01,0.010691816918551922,0.035698999999999995,0.01041678711771965,0.5362317562103271,✓,✓,0.028101055015220717,0.035800000000000054,0.5110480785369873,✓,✗,0.053284778282788325,104.66468048095703,0.03855420649051666,0.03855420649051666,600.0,0.007737007457762957,0.01041678711771965,0.008646497130393982,0.023993199999999985,0.035800000000000054,0.026900000000000035,fcn-4_mnist_learnt_gaussian_sig0.03_bounded-pmin1e-05_epoch50_bs250_lr0.001_mon0.95_dp0.2_objective-channel_gradient-chan0.01-bec-outage0.5-spec-kl0.001_perc-pri0.5_epoch-pri20_bs-pri250_lr-pri0.005_mom-pri0.99_dp-pri0.2_seed7,bec-outage0.5_chan-layer2_mcsamples500_norm-spec_seed7_bounds.json
fcn-4,mnist,50.0,bec,outage 0.5,spec,channel_grad,0.001,0.01,0.0001,0.010716728866100311,0.0370822,0.010357113927602768,0.1442851573228836,✓,✓,0.03144956744771059,0.03590000000000004,0.11797770857810974,✓,✗,0.05775702189604638,6.014395236968994,0.0448734425008297,0.0448734425008297,600.0,0.00968813244253397,0.010357113927602768,0.010166357457637786,0.027159533333333343,0.03590000000000004,0.028699999999999948,fcn-4_mnist_learnt_gaussian_sig0.03_bounded-pmin1e-05_epoch50_bs250_lr0.001_mon0.95_dp0.2_objective-channel_gradient-chan0.0001-bec-outage0.5-spec-kl0.01_perc-pri0.5_epoch-pri20_bs-pri250_lr-pri0.005_mom-pri0.99_dp-pri0.2_seed7,bec-outage0.5_chan-layer2_mcsamples500_norm-spec_seed7_bounds.json
fcn-4,mnist,50.0,bec,outage 0.5,spec,channel_grad,0.001,0.01,0.001,0.010715826414525509,0.0370786,0.010356352478265763,0.14440056681632996,✓,✓,0.0314459911491914,0.035800000000000054,0.11809603869915009,✓,✗,0.05775051730912739,6.05008602142334,0.04484965279698372,0.04484965279698372,600.0,0.009685924276709557,0.010356352478265763,0.010164205729961396,0.027154733333333327,0.035800000000000054,0.028699999999999948,fcn-4_mnist_learnt_gaussian_sig0.03_bounded-pmin1e-05_epoch50_bs250_lr0.001_mon0.95_dp0.2_objective-channel_gradient-chan0.001-bec-outage0.5-spec-kl0.01_perc-pri0.5_epoch-pri20_bs-pri250_lr-pri0.005_mom-pri0.99_dp-pri0.2_seed7,bec-outage0.5_chan-layer2_mcsamples500_norm-spec_seed7_bounds.json
fcn-4,mnist,50.0,bec,outage 0.5,spec,channel_grad,0.001,0.01,0.01,0.010708438232541084,0.03704700000000001,0.010350850224494935,0.1458215783355548,✓,✓,0.03140826005090122,0.03590000000000004,0.11953646643833704,✓,✗,0.05769337194811899,6.427860260009766,0.044785548001527786,0.044785548001527786,600.0,0.009663279168307781,0.010350850224494935,0.01014191284775734,0.02711393333333334,0.03590000000000004,0.028699999999999948,fcn-4_mnist_learnt_gaussian_sig0.03_bounded-pmin1e-05_epoch50_bs250_lr0.001_mon0.95_dp0.2_objective-channel_gradient-chan0.01-bec-outage0.5-spec-kl0.01_perc-pri0.5_epoch-pri20_bs-pri250_lr-pri0.005_mom-pri0.99_dp-pri0.2_seed7,bec-outage0.5_chan-layer2_mcsamples500_norm-spec_seed7_bounds.json
fcn-4,mnist,50.0,bec,outage 0.5,spec,channel_grad,0.001,0.01,0.1,0.010660381987690926,0.03676820000000001,0.010315594077110291,0.16264175113744714,✓,✓,0.031068084792282454,0.03590000000000004,0.13650069728933834,✓,✗,0.057209138640391254,10.899934768676758,0.04383278638124466,0.04383278638124466,600.0,0.009461311623454094,0.010315594077110291,0.009949710965156556,0.02676826666666665,0.03590000000000004,0.02849999999999997,fcn-4_mnist_learnt_gaussian_sig0.03_bounded-pmin1e-05_epoch50_bs250_lr0.001_mon0.95_dp0.2_objective-channel_gradient-chan0.1-bec-outage0.5-spec-kl0.01_perc-pri0.5_epoch-pri20_bs-pri250_lr-pri0.005_mom-pri0.99_dp-pri0.2_seed7,bec-outage0.5_chan-layer2_mcsamples500_norm-spec_seed7_bounds.json
fcn-4,mnist,50.0,bec,outage 0.5,spec,channel_grad,0.001,0.01,1.0,0.01082900445908308,0.03587019999999999,0.01052868813276291,0.5216843334294217,✓,✓,0.029131194053275297,0.03590000000000004,0.4958852117818829,✓,✗,0.05493031570081412,100.6974868774414,0.03855722025036812,0.03855722025036812,600.0,0.008327681571245193,0.01052868813276291,0.008884523063898087,0.025151000000000014,0.03590000000000004,0.02729999999999999,fcn-4_mnist_learnt_gaussian_sig0.03_bounded-pmin1e-05_epoch50_bs250_lr0.001_mon0.95_dp0.2_objective-channel_gradient-chan1.0-bec-outage0.5-spec-kl0.01_perc-pri0.5_epoch-pri20_bs-pri250_lr-pri0.005_mom-pri0.99_dp-pri0.2_seed7,bec-outage0.5_chan-layer2_mcsamples500_norm-spec_seed7_bounds.json
fcn-4,mnist,50.0,bec,outage 0.5,spec,channel_grad,0.001,0.1,0.01,0.01104501448571682,0.0383534,0.010642944276332856,0.12503604853378883,✓,✗,0.032712405627546765,0.03710000000000002,0.09808276470715593,✓,✗,0.05966568945417966,0.16957345604896545,0.04757704958319664,0.04757704958319664,600.0,0.010445745661854744,0.010642944276332856,0.01087523102760315,0.028529466666666645,0.03710000000000002,0.030200000000000005,fcn-4_mnist_learnt_gaussian_sig0.03_bounded-pmin1e-05_epoch50_bs250_lr0.001_mon0.95_dp0.2_objective-channel_gradient-chan0.01-bec-outage0.5-spec-kl0.1_perc-pri0.5_epoch-pri20_bs-pri250_lr-pri0.005_mom-pri0.99_dp-pri0.2_seed7,bec-outage0.5_chan-layer2_mcsamples500_norm-spec_seed7_bounds.json
fcn-4,mnist,50.0,bec,outage 0.5,spec,channel_grad,0.001,0.1,0.1,0.01099767629057169,0.038185199999999996,0.010600961744785309,0.12538826508381823,✓,✗,0.03262100835803763,0.03710000000000002,0.09851739304671842,✓,✗,0.05949188039513744,0.36470550298690796,0.047306451946496964,0.047306451946496964,600.0,0.010390381328761578,0.010600961744785309,0.01081230640411377,0.028404466666666687,0.03710000000000002,0.02969999999999995,fcn-4_mnist_learnt_gaussian_sig0.03_bounded-pmin1e-05_epoch50_bs250_lr0.001_mon0.95_dp0.2_objective-channel_gradient-chan0.1-bec-outage0.5-spec-kl0.1_perc-pri0.5_epoch-pri20_bs-pri250_lr-pri0.005_mom-pri0.99_dp-pri0.2_seed7,bec-outage0.5_chan-layer2_mcsamples500_norm-spec_seed7_bounds.json
fcn-4,mnist,50.0,bec,outage 0.5,spec,channel_grad,0.001,0.1,1.0,0.010724877007305622,0.0370992,0.010367748886346817,0.14498427174114273,✓,✓,0.03208895612975809,0.035699999999999954,0.11841436012209458,✓,✗,0.05865886774880624,5.682104587554932,0.046027280390262604,0.046027280390262604,600.0,0.010070160031318665,0.010367748886346817,0.01037798672914505,0.0278054,0.035699999999999954,0.029000000000000026,fcn-4_mnist_learnt_gaussian_sig0.03_bounded-pmin1e-05_epoch50_bs250_lr0.001_mon0.95_dp0.2_objective-channel_gradient-chan1.0-bec-outage0.5-spec-kl0.1_perc-pri0.5_epoch-pri20_bs-pri250_lr-pri0.005_mom-pri0.99_dp-pri0.2_seed7,bec-outage0.5_chan-layer2_mcsamples500_norm-spec_seed7_bounds.json
fcn-4,mnist,50.0,bec,outage 0.5,spec,channel_grad,0.001,1.0,0.01,0.011142372153699398,0.0386802,0.010733702778816223,0.12529770163961482,✓,✗,0.032944158028112236,0.03710000000000002,0.0981660646814862,✓,✗,0.06007579498624087,0.006581723690032959,0.0480940081179142,0.0480940081179142,600.0,0.01058582030236721,0.010733702778816223,0.011016470193862916,0.028824933333333327,0.03710000000000002,0.03069999999999995,fcn-4_mnist_learnt_gaussian_sig0.03_bounded-pmin1e-05_epoch50_bs250_lr0.001_mon0.95_dp0.2_objective-channel_gradient-chan0.01-bec-outage0.5-spec-kl1.0_perc-pri0.5_epoch-pri20_bs-pri250_lr-pri0.005_mom-pri0.99_dp-pri0.2_seed7,bec-outage0.5_chan-layer2_mcsamples500_norm-spec_seed7_bounds.json
fcn-4,mnist,50.0,bec,outage 0.5,spec,channel_grad,0.001,1.0,0.1,0.01113317720592022,0.03865540000000002,0.010725706815719604,0.12536224279859667,✓,✗,0.032933117319010635,0.03700000000000003,0.0982342614491658,✓,✗,0.06006109866844149,0.01855120062828064,0.04812438040971756,0.04812438040971756,600.0,0.010579351335763931,0.010725706815719604,0.011008800566196441,0.028814533333333354,0.03700000000000003,0.03049999999999997,fcn-4_mnist_learnt_gaussian_sig0.03_bounded-pmin1e-05_epoch50_bs250_lr0.001_mon0.95_dp0.2_objective-channel_gradient-chan0.1-bec-outage0.5-spec-kl1.0_perc-pri0.5_epoch-pri20_bs-pri250_lr-pri0.005_mom-pri0.99_dp-pri0.2_seed7,bec-outage0.5_chan-layer2_mcsamples500_norm-spec_seed7_bounds.json
fcn-4,mnist,50.0,bec,outage 0.5,spec,channel_grad,0.001,1.0,1.0,0.011056092567741871,0.038375,0.01065869927406311,0.12707192822825136,✓,✗,0.03283689068694716,0.036800000000000055,0.1000225308378453,✓,✗,0.0598862880773532,0.499654084444046,0.048044782131910324,0.048044782131910324,600.0,0.010520966723561287,0.01065869927406311,0.01094106063246727,0.02868846666666667,0.036800000000000055,0.030299999999999994,fcn-4_mnist_learnt_gaussian_sig0.03_bounded-pmin1e-05_epoch50_bs250_lr0.001_mon0.95_dp0.2_objective-channel_gradient-chan1.0-bec-outage0.5-spec-kl1.0_perc-pri0.5_epoch-pri20_bs-pri250_lr-pri0.005_mom-pri0.99_dp-pri0.2_seed7,bec-outage0.5_chan-layer2_mcsamples500_norm-spec_seed7_bounds.json
fcn-4,mnist,10.0,bec,outage 0.75,spec,vanilla,0.001,1.0,0.0,0.031660258769989014,0.08145839999999997,0.031172168254852296,0.34132957458496094,✓,-,0.028981455949522474,0.08040000000000003,0.3158807158470154,✓,-,0.054430317948004917,66.08679962158203,0.0,0.0,600.0,0.00824139453470707,0.031172168254852296,0.008221279084682464,0.02479833333333334,0.08040000000000003,0.024700000000000055,fcn-4_mnist_learnt_gaussian_sig0.03_bounded-pmin1e-05_epoch10_bs250_lr0.001_mon0.95_dp0.2_objective-vanilla_perc-pri0.5_epoch-pri20_bs-pri250_lr-pri0.005_mom-pri0.99_dp-pri0.2_seed7,bec-outage0.75_chan-layer2_mcsamples500_norm-spec_seed7_bounds.json
fcn-4,mnist,10.0,bec,outage 0.75,spec,channel_grad,0.001,0.05,1.0,0.029303401708602905,0.0779766,0.029237091541290283,0.1759720742702484,✓,✓,0.03148432672573209,0.07799999999999996,0.1497769057750702,✓,✓,0.0576794991356894,13.988397598266602,0.044084154069423676,0.044084154069423676,600.0,0.009708705358207226,0.029237091541290283,0.00952414944767952,0.0271044,0.07799999999999996,0.02849999999999997,fcn-4_mnist_learnt_gaussian_sig0.03_bounded-pmin1e-05_epoch10_bs250_lr0.001_mon0.95_dp0.2_objective-channel_gradient-chan1.0-bec-outage0.75-spec-kl0.05_perc-pri0.5_epoch-pri20_bs-pri250_lr-pri0.005_mom-pri0.99_dp-pri0.2_seed7,bec-outage0.75_chan-layer2_mcsamples500_norm-spec_seed7_bounds.json
fcn-4,mnist,10.0,bec,outage 0.75,spec,channel_grad,0.001,0.25,1.0,0.028774697333574295,0.078382,0.028684109449386597,0.13294172286987305,✓,✓,0.03244086110285523,0.07769999999999999,0.10632536560297012,✓,✓,0.05905721312156595,2.518195152282715,0.046502985060214996,0.046502985060214996,600.0,0.010281890630722046,0.028684109449386597,0.00998375117778778,0.028091399999999985,0.07769999999999999,0.028800000000000048,fcn-4_mnist_learnt_gaussian_sig0.03_bounded-pmin1e-05_epoch10_bs250_lr0.001_mon0.95_dp0.2_objective-channel_gradient-chan1.0-bec-outage0.75-spec-kl0.25_perc-pri0.5_epoch-pri20_bs-pri250_lr-pri0.005_mom-pri0.99_dp-pri0.2_seed7,bec-outage0.75_chan-layer2_mcsamples500_norm-spec_seed7_bounds.json
fcn-4,mnist,10.0,bec,outage 0.75,spec,channel_grad,0.001,0.5,1.0,0.028796378523111343,0.07880859999999999,0.02869400680065155,0.1284407526254654,✓,✓,0.03267786016962172,0.07809999999999995,0.10162165760993958,✓,✓,0.0594969602393577,1.1597007513046265,0.04710830748081207,0.04710830748081207,600.0,0.010424886830151081,0.02869400680065155,0.010072389245033264,0.0284078,0.07809999999999995,0.02839999999999998,fcn-4_mnist_learnt_gaussian_sig0.03_bounded-pmin1e-05_epoch10_bs250_lr0.001_mon0.95_dp0.2_objective-channel_gradient-chan1.0-bec-outage0.75-spec-kl0.5_perc-pri0.5_epoch-pri20_bs-pri250_lr-pri0.005_mom-pri0.99_dp-pri0.2_seed7,bec-outage0.75_chan-layer2_mcsamples500_norm-spec_seed7_bounds.json
fcn-4,mnist,10.0,bec,outage 0.75,spec,channel_grad,0.001,1.0,1.0,0.028788162395358086,0.078952,0.028680333495140077,0.12698915600776672,✓,✓,0.0328518343560589,0.07820000000000005,0.10002238303422928,✓,✓,0.059818611020311614,0.5829952955245972,0.04768945276737213,0.04768945276737213,600.0,0.010529980063438416,0.028680333495140077,0.010125297307968139,0.02863960000000002,0.07820000000000005,0.028000000000000025,fcn-4_mnist_learnt_gaussian_sig0.03_bounded-pmin1e-05_epoch10_bs250_lr0.001_mon0.95_dp0.2_objective-channel_gradient-chan1.0-bec-outage0.75-spec-kl1.0_perc-pri0.5_epoch-pri20_bs-pri250_lr-pri0.005_mom-pri0.99_dp-pri0.2_seed7,bec-outage0.75_chan-layer2_mcsamples500_norm-spec_seed7_bounds.json
fcn-4,mnist,20.0,bec,outage 0.75,spec,vanilla,0.001,1.0,0.0,0.0337960310280323,0.084878,0.03327010869979859,0.7580431699752808,✓,-,0.02728017367472103,0.07899999999999996,0.7332862615585327,✓,-,0.05203709493897392,168.74659729003906,0.0,0.0,600.0,0.007272990886121988,0.03327010869979859,0.008004511147737503,0.02312086666666669,0.07899999999999996,0.023900000000000032,fcn-4_mnist_learnt_gaussian_sig0.03_bounded-pmin1e-05_epoch20_bs250_lr0.001_mon0.95_dp0.2_objective-vanilla_perc-pri0.5_epoch-pri20_bs-pri250_lr-pri0.005_mom-pri0.99_dp-pri0.2_seed7,bec-outage0.75_chan-layer2_mcsamples500_norm-spec_seed7_bounds.json
fcn-4,mnist,20.0,bec,outage 0.75,spec,channel_grad,0.001,0.05,1.0,0.029484394937753677,0.0789802,0.029149702191352843,0.17954707145690918,✓,✓,0.031493292532264475,0.07830000000000004,0.15342497825622559,✓,✓,0.057615394942798735,14.70015811920166,0.04481751471757889,0.04481751471757889,600.0,0.009714010171592236,0.029149702191352843,0.00869007632136345,0.02705833333333338,0.07830000000000004,0.026900000000000035,fcn-4_mnist_learnt_gaussian_sig0.03_bounded-pmin1e-05_epoch20_bs250_lr0.001_mon0.95_dp0.2_objective-channel_gradient-chan1.0-bec-outage0.75-spec-kl0.05_perc-pri0.5_epoch-pri20_bs-pri250_lr-pri0.005_mom-pri0.99_dp-pri0.2_seed7,bec-outage0.75_chan-layer2_mcsamples500_norm-spec_seed7_bounds.json
fcn-4,mnist,20.0,bec,outage 0.75,spec,channel_grad,0.001,0.25,1.0,0.029162827879190445,0.08080080000000002,0.02882697284221649,0.13332857191562653,✓,✓,0.032462216520416864,0.0797,0.10676024854183197,✓,✓,0.05903054089898436,2.3525853157043457,0.047592613846063614,0.047592613846063614,600.0,0.010294563136994839,0.02882697284221649,0.009299129247665405,0.0280724666666667,0.0797,0.02749999999999997,fcn-4_mnist_learnt_gaussian_sig0.03_bounded-pmin1e-05_epoch20_bs250_lr0.001_mon0.95_dp0.2_objective-channel_gradient-chan1.0-bec-outage0.75-spec-kl0.25_perc-pri0.5_epoch-pri20_bs-pri250_lr-pri0.005_mom-pri0.99_dp-pri0.2_seed7,bec-outage0.75_chan-layer2_mcsamples500_norm-spec_seed7_bounds.json
fcn-4,mnist,20.0,bec,outage 0.75,spec,channel_grad,0.001,0.5,1.0,0.029273036867380142,0.0817068,0.028944656252861023,0.12959064543247223,✓,✓,0.03269866653624092,0.08079999999999998,0.10282864421606064,✓,✓,0.05946067290358159,1.1395795345306396,0.04837663471698761,0.04837663471698761,600.0,0.010437482967972755,0.028944656252861023,0.009482945501804351,0.028381800000000033,0.08079999999999998,0.027800000000000047,fcn-4_mnist_learnt_gaussian_sig0.03_bounded-pmin1e-05_epoch20_bs250_lr0.001_mon0.95_dp0.2_objective-channel_gradient-chan1.0-bec-outage0.75-spec-kl0.5_perc-pri0.5_epoch-pri20_bs-pri250_lr-pri0.005_mom-pri0.99_dp-pri0.2_seed7,bec-outage0.75_chan-layer2_mcsamples500_norm-spec_seed7_bounds.json
fcn-4,mnist,20.0,bec,outage 0.75,spec,channel_grad,0.001,1.0,1.0,0.02922116219997406,0.081278,0.028898990154266356,0.12760578095912933,✓,✓,0.03279667370228588,0.07989999999999997,0.10073812305927277,✓,✓,0.05966433432503308,0.5825468301773071,0.04846218600869179,0.04846218600869179,600.0,0.010496716946363449,0.028898990154266356,0.009560096263885497,0.02852806666666665,0.07989999999999997,0.028200000000000003,fcn-4_mnist_learnt_gaussian_sig0.03_bounded-pmin1e-05_epoch20_bs250_lr0.001_mon0.95_dp0.2_objective-channel_gradient-chan1.0-bec-outage0.75-spec-kl1.0_perc-pri0.5_epoch-pri20_bs-pri250_lr-pri0.005_mom-pri0.99_dp-pri0.2_seed7,bec-outage0.75_chan-layer2_mcsamples500_norm-spec_seed7_bounds.json
fcn-4,mnist,50.0,bec,outage 0.75,spec,vanilla,0.001,1.0,0.0,0.035602815449237823,0.087421,0.03562549352645874,2.197242021560669,✓,-,0.02459546977465305,0.08630000000000004,2.174431085586548,✓,-,0.04740635431502077,522.4111938476562,0.0,0.0,600.0,0.0057997144758701324,0.03562549352645874,0.007167582213878631,0.01993233333333334,0.08630000000000004,0.023700000000000054,fcn-4_mnist_learnt_gaussian_sig0.03_bounded-pmin1e-05_epoch50_bs250_lr0.001_mon0.95_dp0.2_objective-vanilla_perc-pri0.5_epoch-pri20_bs-pri250_lr-pri0.005_mom-pri0.99_dp-pri0.2_seed7,bec-outage0.75_chan-layer2_mcsamples500_norm-spec_seed7_bounds.json
fcn-4,mnist,50.0,bec,outage 0.75,spec,channel_grad,0.001,0.05,1.0,0.029343685135245323,0.0776208,0.029100042581558228,0.17245200276374817,✓,✓,0.0315306075968545,0.0756,0.14608626067638397,✓,✓,0.0578963561945255,12.942178726196289,0.0446183942258358,0.0446183942258358,600.0,0.009736231528222561,0.029100042581558228,0.010033346712589264,0.027259333333333337,0.0756,0.02839999999999998,fcn-4_mnist_learnt_gaussian_sig0.03_bounded-pmin1e-05_epoch50_bs250_lr0.001_mon0.95_dp0.2_objective-channel_gradient-chan1.0-bec-outage0.75-spec-kl0.05_perc-pri0.5_epoch-pri20_bs-pri250_lr-pri0.005_mom-pri0.99_dp-pri0.2_seed7,bec-outage0.75_chan-layer2_mcsamples500_norm-spec_seed7_bounds.json
fcn-4,mnist,50.0,bec,outage 0.75,spec,channel_grad,0.001,0.25,1.0,0.02881825901567936,0.07837100000000002,0.028568577766418458,0.13281142711639404,✓,✓,0.03250639794695144,0.07750000000000001,0.10603116452693939,✓,✓,0.05928665421691096,2.2699272632598877,0.04715679585933685,0.04715679585933685,600.0,0.010321413166821003,0.028568577766418458,0.010666638612747192,0.028256599999999986,0.07750000000000001,0.029200000000000004,fcn-4_mnist_learnt_gaussian_sig0.03_bounded-pmin1e-05_epoch50_bs250_lr0.001_mon0.95_dp0.2_objective-channel_gradient-chan1.0-bec-outage0.75-spec-kl0.25_perc-pri0.5_epoch-pri20_bs-pri250_lr-pri0.005_mom-pri0.99_dp-pri0.2_seed7,bec-outage0.75_chan-layer2_mcsamples500_norm-spec_seed7_bounds.json
fcn-4,mnist,50.0,bec,outage 0.75,spec,channel_grad,0.001,0.5,1.0,0.028810853138566017,0.07865760000000001,0.028561708331108094,0.12870904803276062,✓,✓,0.03270768513736688,0.07769999999999999,0.10176587104797363,✓,✓,0.05965086133789039,1.0369491577148438,0.04772382974624634,0.04772382974624634,600.0,0.01044284738600254,0.028561708331108094,0.01082240641117096,0.028518933333333343,0.07769999999999999,0.030100000000000016,fcn-4_mnist_learnt_gaussian_sig0.03_bounded-pmin1e-05_epoch50_bs250_lr0.001_mon0.95_dp0.2_objective-channel_gradient-chan1.0-bec-outage0.75-spec-kl0.5_perc-pri0.5_epoch-pri20_bs-pri250_lr-pri0.005_mom-pri0.99_dp-pri0.2_seed7,bec-outage0.75_chan-layer2_mcsamples500_norm-spec_seed7_bounds.json
fcn-4,mnist,50.0,bec,outage 0.75,spec,channel_grad,0.001,1.0,1.0,0.028901083394885063,0.0793752,0.02865382134914398,0.12707193195819855,✓,✓,0.03283689068694716,0.07899999999999996,0.10002252459526062,✓,✓,0.0598862880773532,0.499654084444046,0.048044782131910324,0.048044782131910324,600.0,0.010520966723561287,0.02865382134914398,0.01094106063246727,0.02868846666666667,0.07899999999999996,0.030299999999999994,fcn-4_mnist_learnt_gaussian_sig0.03_bounded-pmin1e-05_epoch50_bs250_lr0.001_mon0.95_dp0.2_objective-channel_gradient-chan1.0-bec-outage0.75-spec-kl1.0_perc-pri0.5_epoch-pri20_bs-pri250_lr-pri0.005_mom-pri0.99_dp-pri0.2_seed7,bec-outage0.75_chan-layer2_mcsamples500_norm-spec_seed7_bounds.json
fcn-4,mnist,10.0,bec,outage 0.8,spec,vanilla,0.001,1.0,0.0,0.045163627713918686,0.11706539999999997,0.04430927634239197,0.34132957458496094,✓,-,0.028981455949522474,0.11219999999999997,0.3158807158470154,✓,-,0.054430317948004917,66.08679962158203,0.0,0.0,600.0,0.00824139453470707,0.04430927634239197,0.008221279084682464,0.02479833333333334,0.11219999999999997,0.024700000000000055,fcn-4_mnist_learnt_gaussian_sig0.03_bounded-pmin1e-05_epoch10_bs250_lr0.001_mon0.95_dp0.2_objective-vanilla_perc-pri0.5_epoch-pri20_bs-pri250_lr-pri0.005_mom-pri0.99_dp-pri0.2_seed7,bec-outage0.8_chan-layer2_mcsamples500_norm-spec_seed7_bounds.json
fcn-4,mnist,10.0,bec,outage 0.8,spec,channel_grad,0.001,0.05,1.0,0.04197535663843155,0.11023400000000001,0.04192514717578888,0.1759720742702484,✓,✓,0.03148432672573209,0.10729999999999995,0.1497769057750702,✓,✓,0.0576794991356894,13.988397598266602,0.044084154069423676,0.044084154069423676,600.0,0.009708705358207226,0.04192514717578888,0.00952414944767952,0.0271044,0.10729999999999995,0.02849999999999997,fcn-4_mnist_learnt_gaussian_sig0.03_bounded-pmin1e-05_epoch10_bs250_lr0.001_mon0.95_dp0.2_objective-channel_gradient-chan1.0-bec-outage0.8-spec-kl0.05_perc-pri0.5_epoch-pri20_bs-pri250_lr-pri0.005_mom-pri0.99_dp-pri0.2_seed7,bec-outage0.8_chan-layer2_mcsamples500_norm-spec_seed7_bounds.json
fcn-4,mnist,10.0,bec,outage 0.8,spec,channel_grad,0.001,0.25,1.0,0.04114305600523949,0.11001959999999997,0.04107754230499268,0.13294172286987305,✓,✓,0.03244086110285523,0.10770000000000002,0.10632536560297012,✗,✓,0.05905721312156595,2.518195152282715,0.046502985060214996,0.046502985060214996,600.0,0.010281890630722046,0.04107754230499268,0.00998375117778778,0.028091399999999985,0.10770000000000002,0.028800000000000048,fcn-4_mnist_learnt_gaussian_sig0.03_bounded-pmin1e-05_epoch10_bs250_lr0.001_mon0.95_dp0.2_objective-channel_gradient-chan1.0-bec-outage0.8-spec-kl0.25_perc-pri0.5_epoch-pri20_bs-pri250_lr-pri0.005_mom-pri0.99_dp-pri0.2_seed7,bec-outage0.8_chan-layer2_mcsamples500_norm-spec_seed7_bounds.json
fcn-4,mnist,10.0,bec,outage 0.8,spec,channel_grad,0.001,0.5,1.0,0.04112594574689865,0.11050099999999997,0.04105198085308075,0.1284407526254654,✓,✓,0.03267786016962172,0.10829999999999995,0.10162165760993958,✗,✓,0.0594969602393577,1.1597007513046265,0.04710830748081207,0.04710830748081207,600.0,0.010424886830151081,0.04105198085308075,0.010072389245033264,0.0284078,0.10829999999999995,0.02839999999999998,fcn-4_mnist_learnt_gaussian_sig0.03_bounded-pmin1e-05_epoch10_bs250_lr0.001_mon0.95_dp0.2_objective-channel_gradient-chan1.0-bec-outage0.8-spec-kl0.5_perc-pri0.5_epoch-pri20_bs-pri250_lr-pri0.005_mom-pri0.99_dp-pri0.2_seed7,bec-outage0.8_chan-layer2_mcsamples500_norm-spec_seed7_bounds.json
fcn-4,mnist,10.0,bec,outage 0.8,spec,channel_grad,0.001,1.0,1.0,0.04108795151114464,0.1105884,0.04101167619228363,0.12698915600776672,✓,✓,0.0328518343560589,0.10770000000000002,0.10002238303422928,✗,✓,0.059818611020311614,0.5829952955245972,0.04768945276737213,0.04768945276737213,600.0,0.010529980063438416,0.04101167619228363,0.010125297307968139,0.02863960000000002,0.10770000000000002,0.028000000000000025,fcn-4_mnist_learnt_gaussian_sig0.03_bounded-pmin1e-05_epoch10_bs250_lr0.001_mon0.95_dp0.2_objective-channel_gradient-chan1.0-bec-outage0.8-spec-kl1.0_perc-pri0.5_epoch-pri20_bs-pri250_lr-pri0.005_mom-pri0.99_dp-pri0.2_seed7,bec-outage0.8_chan-layer2_mcsamples500_norm-spec_seed7_bounds.json
fcn-4,mnist,20.0,bec,outage 0.8,spec,vanilla,0.001,1.0,0.0,0.047887157648801804,0.12311,0.047815757989883426,0.7580603274378186,✓,-,0.02726990942956402,0.119,0.7332760368430999,✓,-,0.05205420002428266,168.74659729003906,0.0,0.0,600.0,0.007267346605658531,0.047815757989883426,0.008517667651176453,0.02313273333333334,0.119,0.027100000000000013,fcn-4_mnist_learnt_gaussian_sig0.03_bounded-pmin1e-05_epoch20_bs250_lr0.001_mon0.95_dp0.2_objective-vanilla_perc-pri0.5_epoch-pri20_bs-pri250_lr-pri0.005_mom-pri0.99_dp-pri0.2_seed7,bec-outage0.8_chan-layer2_mcsamples500_norm-spec_seed7_bounds.json
fcn-4,mnist,20.0,bec,outage 0.8,spec,channel_grad,0.001,0.05,1.0,0.04225912690162659,0.11218359999999998,0.042036819458007815,0.17954707145690918,✓,✓,0.031493292532264475,0.10999999999999999,0.15342497825622559,✓,✓,0.057615394942798735,14.70015811920166,0.04481751471757889,0.04481751471757889,600.0,0.009714010171592236,0.042036819458007815,0.00869007632136345,0.02705833333333338,0.10999999999999999,0.026900000000000035,fcn-4_mnist_learnt_gaussian_sig0.03_bounded-pmin1e-05_epoch20_bs250_lr0.001_mon0.95_dp0.2_objective-channel_gradient-chan1.0-bec-outage0.8-spec-kl0.05_perc-pri0.5_epoch-pri20_bs-pri250_lr-pri0.005_mom-pri0.99_dp-pri0.2_seed7,bec-outage0.8_chan-layer2_mcsamples500_norm-spec_seed7_bounds.json
fcn-4,mnist,20.0,bec,outage 0.8,spec,channel_grad,0.001,0.25,1.0,0.041637394577264786,0.11391919999999998,0.041420334577560426,0.13332857191562653,✓,✓,0.032462216520416864,0.1099,0.10676024854183197,✗,✓,0.05903054089898436,2.3525853157043457,0.047592613846063614,0.047592613846063614,600.0,0.010294563136994839,0.041420334577560426,0.009299129247665405,0.0280724666666667,0.1099,0.02749999999999997,fcn-4_mnist_learnt_gaussian_sig0.03_bounded-pmin1e-05_epoch20_bs250_lr0.001_mon0.95_dp0.2_objective-channel_gradient-chan1.0-bec-outage0.8-spec-kl0.25_perc-pri0.5_epoch-pri20_bs-pri250_lr-pri0.005_mom-pri0.99_dp-pri0.2_seed7,bec-outage0.8_chan-layer2_mcsamples500_norm-spec_seed7_bounds.json
fcn-4,mnist,20.0,bec,outage 0.8,spec,channel_grad,0.001,0.5,1.0,0.041705649346113205,0.11494159999999998,0.041495701670646666,0.12959064543247223,✓,✓,0.03269866653624092,0.11229999999999996,0.10282864421606064,✗,✓,0.05946067290358159,1.1395795345306396,0.04837663471698761,0.04837663471698761,600.0,0.010437482967972755,0.041495701670646666,0.009482945501804351,0.028381800000000033,0.11229999999999996,0.027800000000000047,fcn-4_mnist_learnt_gaussian_sig0.03_bounded-pmin1e-05_epoch20_bs250_lr0.001_mon0.95_dp0.2_objective-channel_gradient-chan1.0-bec-outage0.8-spec-kl0.5_perc-pri0.5_epoch-pri20_bs-pri250_lr-pri0.005_mom-pri0.99_dp-pri0.2_seed7,bec-outage0.8_chan-layer2_mcsamples500_norm-spec_seed7_bounds.json
fcn-4,mnist,20.0,bec,outage 0.8,spec,channel_grad,0.001,1.0,1.0,0.041607752442359924,0.1141932,0.04140582084655762,0.12760578095912933,✓,✓,0.03279667370228588,0.11199999999999999,0.10073812305927277,✗,✓,0.05966433432503308,0.5825468301773071,0.04846218600869179,0.04846218600869179,600.0,0.010496716946363449,0.04140582084655762,0.009560096263885497,0.02852806666666665,0.11199999999999999,0.028200000000000003,fcn-4_mnist_learnt_gaussian_sig0.03_bounded-pmin1e-05_epoch20_bs250_lr0.001_mon0.95_dp0.2_objective-channel_gradient-chan1.0-bec-outage0.8-spec-kl1.0_perc-pri0.5_epoch-pri20_bs-pri250_lr-pri0.005_mom-pri0.99_dp-pri0.2_seed7,bec-outage0.8_chan-layer2_mcsamples500_norm-spec_seed7_bounds.json
fcn-4,mnist,50.0,bec,outage 0.8,spec,vanilla,0.001,1.0,0.0,0.050281960517168045,0.1286166,0.05041916966438294,2.197242021560669,✓,-,0.02459546977465305,0.1269,2.174431085586548,✓,-,0.04740635431502077,522.4111938476562,0.0,0.0,600.0,0.0057997144758701324,0.05041916966438294,0.007167582213878631,0.01993233333333334,0.1269,0.023700000000000054,fcn-4_mnist_learnt_gaussian_sig0.03_bounded-pmin1e-05_epoch50_bs250_lr0.001_mon0.95_dp0.2_objective-vanilla_perc-pri0.5_epoch-pri20_bs-pri250_lr-pri0.005_mom-pri0.99_dp-pri0.2_seed7,bec-outage0.8_chan-layer2_mcsamples500_norm-spec_seed7_bounds.json
fcn-4,mnist,50.0,bec,outage 0.8,spec,channel_grad,0.001,0.05,1.0,0.04202325642108917,0.10998799999999999,0.04166618883609772,0.17245200276374817,✓,✓,0.0315306075968545,0.10940000000000005,0.14608626067638397,✓,✓,0.0578963561945255,12.942178726196289,0.0446183942258358,0.0446183942258358,600.0,0.009736231528222561,0.04166618883609772,0.010033346712589264,0.027259333333333337,0.10940000000000005,0.02839999999999998,fcn-4_mnist_learnt_gaussian_sig0.03_bounded-pmin1e-05_epoch50_bs250_lr0.001_mon0.95_dp0.2_objective-channel_gradient-chan1.0-bec-outage0.8-spec-kl0.05_perc-pri0.5_epoch-pri20_bs-pri250_lr-pri0.005_mom-pri0.99_dp-pri0.2_seed7,bec-outage0.8_chan-layer2_mcsamples500_norm-spec_seed7_bounds.json
fcn-4,mnist,50.0,bec,outage 0.8,spec,channel_grad,0.001,0.25,1.0,0.04117341339588165,0.11020159999999997,0.04080647826194763,0.13281142711639404,✓,✓,0.03250639794695144,0.10860000000000003,0.10603116452693939,✗,✓,0.05928665421691096,2.2699272632598877,0.04715679585933685,0.04715679585933685,600.0,0.010321413166821003,0.04080647826194763,0.010666638612747192,0.028256599999999986,0.10860000000000003,0.029200000000000004,fcn-4_mnist_learnt_gaussian_sig0.03_bounded-pmin1e-05_epoch50_bs250_lr0.001_mon0.95_dp0.2_objective-channel_gradient-chan1.0-bec-outage0.8-spec-kl0.25_perc-pri0.5_epoch-pri20_bs-pri250_lr-pri0.005_mom-pri0.99_dp-pri0.2_seed7,bec-outage0.8_chan-layer2_mcsamples500_norm-spec_seed7_bounds.json
fcn-4,mnist,50.0,bec,outage 0.8,spec,channel_grad,0.001,0.5,1.0,0.04110892117023468,0.1103358,0.04074411988258362,0.12870904803276062,✓,✓,0.03270768513736688,0.10899999999999999,0.10176587104797363,✗,✓,0.05965086133789039,1.0369491577148438,0.04772382974624634,0.04772382974624634,600.0,0.01044284738600254,0.04074411988258362,0.01082240641117096,0.028518933333333343,0.10899999999999999,0.030100000000000016,fcn-4_mnist_learnt_gaussian_sig0.03_bounded-pmin1e-05_epoch50_bs250_lr0.001_mon0.95_dp0.2_objective-channel_gradient-chan1.0-bec-outage0.8-spec-kl0.5_perc-pri0.5_epoch-pri20_bs-pri250_lr-pri0.005_mom-pri0.99_dp-pri0.2_seed7,bec-outage0.8_chan-layer2_mcsamples500_norm-spec_seed7_bounds.json
fcn-4,mnist,50.0,bec,outage 0.8,spec,channel_grad,0.001,1.0,1.0,0.04118092358112335,0.11120839999999999,0.040818816423416136,0.12707193195819855,✓,✓,0.03283689068694716,0.11050000000000004,0.10002252459526062,✗,✓,0.0598862880773532,0.499654084444046,0.048044782131910324,0.048044782131910324,600.0,0.010520966723561287,0.040818816423416136,0.01094106063246727,0.02868846666666667,0.11050000000000004,0.030299999999999994,fcn-4_mnist_learnt_gaussian_sig0.03_bounded-pmin1e-05_epoch50_bs250_lr0.001_mon0.95_dp0.2_objective-channel_gradient-chan1.0-bec-outage0.8-spec-kl1.0_perc-pri0.5_epoch-pri20_bs-pri250_lr-pri0.005_mom-pri0.99_dp-pri0.2_seed7,bec-outage0.8_chan-layer2_mcsamples500_norm-spec_seed7_bounds.json
fcn-4,mnist,10.0,bec,outage 0.9,spec,vanilla,0.001,1.0,0.0,0.09821867197751999,0.3232076,0.09803081750869751,0.3413196111435419,✓,-,0.02897831839452703,0.3198,0.3158775768329265,✗,-,0.05442035270514248,66.08679962158203,0.0,0.0,600.0,0.00823963899165392,0.09803081750869751,0.009155288338661194,0.024790933333333324,0.3198,0.02749999999999997,fcn-4_mnist_learnt_gaussian_sig0.03_bounded-pmin1e-05_epoch10_bs250_lr0.001_mon0.95_dp0.2_objective-vanilla_perc-pri0.5_epoch-pri20_bs-pri250_lr-pri0.005_mom-pri0.99_dp-pri0.2_seed7,bec-outage0.9_chan-layer2_mcsamples500_norm-spec_seed7_bounds.json
fcn-4,mnist,10.0,bec,outage 0.9,spec,channel_grad,0.001,0.05,1.0,0.0941058099269867,0.3042268000000001,0.09431121349334717,0.1759720742702484,✓,✓,0.03148432672573209,0.30579999999999996,0.1497769057750702,✗,✓,0.0576794991356894,13.988397598266602,0.044084154069423676,0.044084154069423676,600.0,0.009708705358207226,0.09431121349334717,0.00952414944767952,0.0271044,0.30579999999999996,0.02849999999999997,fcn-4_mnist_learnt_gaussian_sig0.03_bounded-pmin1e-05_epoch10_bs250_lr0.001_mon0.95_dp0.2_objective-channel_gradient-chan1.0-bec-outage0.9-spec-kl0.05_perc-pri0.5_epoch-pri20_bs-pri250_lr-pri0.005_mom-pri0.99_dp-pri0.2_seed7,bec-outage0.9_chan-layer2_mcsamples500_norm-spec_seed7_bounds.json
fcn-4,mnist,10.0,bec,outage 0.9,spec,channel_grad,0.001,0.25,1.0,0.09277250617742538,0.30049499999999996,0.09296069741249084,0.13294172286987305,✓,✓,0.03244086110285523,0.3032,0.10632536560297012,✗,✓,0.05905721312156595,2.518195152282715,0.046502985060214996,0.046502985060214996,600.0,0.010281890630722046,0.09296069741249084,0.00998375117778778,0.028091399999999985,0.3032,0.028800000000000048,fcn-4_mnist_learnt_gaussian_sig0.03_bounded-pmin1e-05_epoch10_bs250_lr0.001_mon0.95_dp0.2_objective-channel_gradient-chan1.0-bec-outage0.9-spec-kl0.25_perc-pri0.5_epoch-pri20_bs-pri250_lr-pri0.005_mom-pri0.99_dp-pri0.2_seed7,bec-outage0.9_chan-layer2_mcsamples500_norm-spec_seed7_bounds.json
fcn-4,mnist,10.0,bec,outage 0.9,spec,channel_grad,0.001,0.5,1.0,0.09266286343336105,0.30057419999999996,0.09284339547157287,0.1284407526254654,✓,✓,0.03267786016962172,0.30300000000000005,0.10162165760993958,✗,✓,0.0594969602393577,1.1597007513046265,0.04710830748081207,0.04710830748081207,600.0,0.010424886830151081,0.09284339547157287,0.010072389245033264,0.0284078,0.30300000000000005,0.02839999999999998,fcn-4_mnist_learnt_gaussian_sig0.03_bounded-pmin1e-05_epoch10_bs250_lr0.001_mon0.95_dp0.2_objective-channel_gradient-chan1.0-bec-outage0.9-spec-kl0.5_perc-pri0.5_epoch-pri20_bs-pri250_lr-pri0.005_mom-pri0.99_dp-pri0.2_seed7,bec-outage0.9_chan-layer2_mcsamples500_norm-spec_seed7_bounds.json
fcn-4,mnist,10.0,bec,outage 0.9,spec,channel_grad,0.001,1.0,1.0,0.09256204217672348,0.3001968,0.0927388310432434,0.12698915600776672,✓,✓,0.0328518343560589,0.3014,0.10002238303422928,✗,✓,0.059818611020311614,0.5829952955245972,0.04768945276737213,0.04768945276737213,600.0,0.010529980063438416,0.0927388310432434,0.010125297307968139,0.02863960000000002,0.3014,0.028000000000000025,fcn-4_mnist_learnt_gaussian_sig0.03_bounded-pmin1e-05_epoch10_bs250_lr0.001_mon0.95_dp0.2_objective-channel_gradient-chan1.0-bec-outage0.9-spec-kl1.0_perc-pri0.5_epoch-pri20_bs-pri250_lr-pri0.005_mom-pri0.99_dp-pri0.2_seed7,bec-outage0.9_chan-layer2_mcsamples500_norm-spec_seed7_bounds.json
fcn-4,mnist,20.0,bec,outage 0.9,spec,vanilla,0.001,1.0,0.0,0.10150325298309326,0.33905159999999995,0.10133135318756104,0.7580603274378186,✓,-,0.02726990942956402,0.3365,0.7332760368430999,✓,-,0.05205420002428266,168.74659729003906,0.0,0.0,600.0,0.007267346605658531,0.10133135318756104,0.008517667651176453,0.02313273333333334,0.3365,0.027100000000000013,fcn-4_mnist_learnt_gaussian_sig0.03_bounded-pmin1e-05_epoch20_bs250_lr0.001_mon0.95_dp0.2_objective-vanilla_perc-pri0.5_epoch-pri20_bs-pri250_lr-pri0.005_mom-pri0.99_dp-pri0.2_seed7,bec-outage0.9_chan-layer2_mcsamples500_norm-spec_seed7_bounds.json
fcn-4,mnist,20.0,bec,outage 0.9,spec,channel_grad,0.001,0.05,1.0,0.09462791681289673,0.3094043999999999,0.09437675476074218,0.17954707145690918,✓,✓,0.031493292532264475,0.3075,0.15342497825622559,✗,✓,0.057615394942798735,14.70015811920166,0.04481751471757889,0.04481751471757889,600.0,0.009714010171592236,0.09437675476074218,0.00869007632136345,0.02705833333333338,0.3075,0.026900000000000035,fcn-4_mnist_learnt_gaussian_sig0.03_bounded-pmin1e-05_epoch20_bs250_lr0.001_mon0.95_dp0.2_objective-channel_gradient-chan1.0-bec-outage0.9-spec-kl0.05_perc-pri0.5_epoch-pri20_bs-pri250_lr-pri0.005_mom-pri0.99_dp-pri0.2_seed7,bec-outage0.9_chan-layer2_mcsamples500_norm-spec_seed7_bounds.json
fcn-4,mnist,20.0,bec,outage 0.9,spec,channel_grad,0.001,0.25,1.0,0.09345253556966782,0.30854980000000004,0.09323449730873108,0.13332857191562653,✓,✓,0.032462216520416864,0.30479999999999996,0.10676024854183197,✗,✓,0.05903054089898436,2.3525853157043457,0.047592613846063614,0.047592613846063614,600.0,0.010294563136994839,0.09323449730873108,0.009299129247665405,0.0280724666666667,0.30479999999999996,0.02749999999999997,fcn-4_mnist_learnt_gaussian_sig0.03_bounded-pmin1e-05_epoch20_bs250_lr0.001_mon0.95_dp0.2_objective-channel_gradient-chan1.0-bec-outage0.9-spec-kl0.25_perc-pri0.5_epoch-pri20_bs-pri250_lr-pri0.005_mom-pri0.99_dp-pri0.2_seed7,bec-outage0.9_chan-layer2_mcsamples500_norm-spec_seed7_bounds.json
fcn-4,mnist,20.0,bec,outage 0.9,spec,channel_grad,0.001,0.5,1.0,0.0933835506439209,0.3092136,0.09317411780357361,0.12959064543247223,✓,✓,0.03269866653624092,0.30610000000000004,0.10282864421606064,✗,✓,0.05946067290358159,1.1395795345306396,0.04837663471698761,0.04837663471698761,600.0,0.010437482967972755,0.09317411780357361,0.009482945501804351,0.028381800000000033,0.30610000000000004,0.027800000000000047,fcn-4_mnist_learnt_gaussian_sig0.03_bounded-pmin1e-05_epoch20_bs250_lr0.001_mon0.95_dp0.2_objective-channel_gradient-chan1.0-bec-outage0.9-spec-kl0.5_perc-pri0.5_epoch-pri20_bs-pri250_lr-pri0.005_mom-pri0.99_dp-pri0.2_seed7,bec-outage0.9_chan-layer2_mcsamples500_norm-spec_seed7_bounds.json
fcn-4,mnist,20.0,bec,outage 0.9,spec,channel_grad,0.001,1.0,1.0,0.09317220747470856,0.30699779999999993,0.09297069311141967,0.12760578095912933,✓,✓,0.03279667370228588,0.3034,0.10073812305927277,✗,✓,0.05966433432503308,0.5825468301773071,0.04846218600869179,0.04846218600869179,600.0,0.010496716946363449,0.09297069311141967,0.009560096263885497,0.02852806666666665,0.3034,0.028200000000000003,fcn-4_mnist_learnt_gaussian_sig0.03_bounded-pmin1e-05_epoch20_bs250_lr0.001_mon0.95_dp0.2_objective-channel_gradient-chan1.0-bec-outage0.9-spec-kl1.0_perc-pri0.5_epoch-pri20_bs-pri250_lr-pri0.005_mom-pri0.99_dp-pri0.2_seed7,bec-outage0.9_chan-layer2_mcsamples500_norm-spec_seed7_bounds.json
fcn-4,mnist,50.0,bec,outage 0.9,spec,vanilla,0.001,1.0,0.0,0.10430890321731567,0.3530014,0.10413680076599122,2.1972612644981906,✓,-,0.024596546441402644,0.3499,2.1744323432773287,✓,-,0.04742546766226437,522.4111938476562,0.0,0.0,600.0,0.005800328683108091,0.10413680076599122,0.007729244977235794,0.019945266666666676,0.3499,0.026100000000000012,fcn-4_mnist_learnt_gaussian_sig0.03_bounded-pmin1e-05_epoch50_bs250_lr0.001_mon0.95_dp0.2_objective-vanilla_perc-pri0.5_epoch-pri20_bs-pri250_lr-pri0.005_mom-pri0.99_dp-pri0.2_seed7,bec-outage0.9_chan-layer2_mcsamples500_norm-spec_seed7_bounds.json
fcn-4,mnist,50.0,bec,outage 0.9,spec,channel_grad,0.001,0.05,1.0,0.09421991556882858,0.304034,0.09414958357810974,0.17245200276374817,✓,✓,0.0315306075968545,0.30179999999999996,0.14608626067638397,✗,✓,0.0578963561945255,12.942178726196289,0.0446183942258358,0.0446183942258358,600.0,0.009736231528222561,0.09414958357810974,0.010033346712589264,0.027259333333333337,0.30179999999999996,0.02839999999999998,fcn-4_mnist_learnt_gaussian_sig0.03_bounded-pmin1e-05_epoch50_bs250_lr0.001_mon0.95_dp0.2_objective-channel_gradient-chan1.0-bec-outage0.9-spec-kl0.05_perc-pri0.5_epoch-pri20_bs-pri250_lr-pri0.005_mom-pri0.99_dp-pri0.2_seed7,bec-outage0.9_chan-layer2_mcsamples500_norm-spec_seed7_bounds.json
fcn-4,mnist,50.0,bec,outage 0.9,spec,channel_grad,0.001,0.25,1.0,0.0928540751338005,0.3006546000000001,0.09277845621109009,0.13281142711639404,✓,✓,0.03250639794695144,0.2975,0.10603116452693939,✗,✓,0.05928665421691096,2.2699272632598877,0.04715679585933685,0.04715679585933685,600.0,0.010321413166821003,0.09277845621109009,0.010666638612747192,0.028256599999999986,0.2975,0.029200000000000004,fcn-4_mnist_learnt_gaussian_sig0.03_bounded-pmin1e-05_epoch50_bs250_lr0.001_mon0.95_dp0.2_objective-channel_gradient-chan1.0-bec-outage0.9-spec-kl0.25_perc-pri0.5_epoch-pri20_bs-pri250_lr-pri0.005_mom-pri0.99_dp-pri0.2_seed7,bec-outage0.9_chan-layer2_mcsamples500_norm-spec_seed7_bounds.json
fcn-4,mnist,50.0,bec,outage 0.9,spec,channel_grad,0.001,0.5,1.0,0.09265600889921188,0.29991180000000006,0.09257707595825196,0.12870904803276062,✓,✓,0.03270768513736688,0.29700000000000004,0.10176587104797363,✗,✓,0.05965086133789039,1.0369491577148438,0.04772382974624634,0.04772382974624634,600.0,0.01044284738600254,0.09257707595825196,0.01082240641117096,0.028518933333333343,0.29700000000000004,0.030100000000000016,fcn-4_mnist_learnt_gaussian_sig0.03_bounded-pmin1e-05_epoch50_bs250_lr0.001_mon0.95_dp0.2_objective-channel_gradient-chan1.0-bec-outage0.9-spec-kl0.5_perc-pri0.5_epoch-pri20_bs-pri250_lr-pri0.005_mom-pri0.99_dp-pri0.2_seed7,bec-outage0.9_chan-layer2_mcsamples500_norm-spec_seed7_bounds.json
fcn-4,mnist,50.0,bec,outage 0.9,spec,channel_grad,0.001,1.0,1.0,0.09265312552452087,0.3007828,0.0925779938697815,0.12707193195819855,✓,✓,0.03283689068694716,0.2976,0.10002252459526062,✗,✓,0.0598862880773532,0.499654084444046,0.048044782131910324,0.048044782131910324,600.0,0.010520966723561287,0.0925779938697815,0.01094106063246727,0.02868846666666667,0.2976,0.030299999999999994,fcn-4_mnist_learnt_gaussian_sig0.03_bounded-pmin1e-05_epoch50_bs250_lr0.001_mon0.95_dp0.2_objective-channel_gradient-chan1.0-bec-outage0.9-spec-kl1.0_perc-pri0.5_epoch-pri20_bs-pri250_lr-pri0.005_mom-pri0.99_dp-pri0.2_seed7,bec-outage0.9_chan-layer2_mcsamples500_norm-spec_seed7_bounds.json
