Model,Dataset,Epochs,Channel Type,Channel Param,Norm Type,Objective,Learning Rate,KL Penalty,Chan Penalty,Pop Loss CE (MC),Pop Err 01 (MC),Risk CE (LHS),Bound CE (RHS),Valid CE,Eff CE,Emp Loss CE,Risk 01 (LHS),Bound 01 (RHS),Valid 01,Eff 01,Emp Err 01,KL Term,Channel Term,Lipschitz,Dimension,Train Loss CE,Pop Loss CE,Pop Loss CE (Wired),Train Err 01,Pop Err 01,Pop Err 01 (Wired),Folder,File
cnn-4,mnist,5.0,bec,outage 0.1,frob,channel_grad,0.001,0.01,0.01,0.004991316702216864,0.013063,0.005354175344109535,1.1842111349105835,✓,?,0.023767271991541498,0.013499999999999956,1.172196626663208,✓,?,0.03578175561053602,21.213653564453125,1.0447239909536983,0.03441128879785538,9216.0,0.005360180512070656,0.005354175344109535,0.005091586709022522,0.012331630252100857,0.013499999999999956,0.012800000000000034,cnn-4_mnist_learnt_gaussian_sig0.03_bounded-pmin1e-05_epoch5_bs250_lr0.001_mon0.95_dp0.2_objective-channel_gradient-chan0.01-bec-outage0.1-frob-kl0.01_perc-pri0.5_epoch-pri70_bs-pri250_lr-pri0.005_mom-pri0.99_dp-pri0.2_seed7,bec-outage0.1_chan-layer2_mcsamples500_norm-frob_seed7_bounds.json
cnn-4,mnist,5.0,bec,outage 0.1,frob,channel_grad,0.001,0.01,0.1,0.0037061565089970827,0.0128344,0.0038778461515903474,2.7174735069274902,✓,?,0.020114275666598416,0.012700000000000045,2.7049238681793213,✓,?,0.03266390502922854,490.5031433105469,0.6652379576730122,0.02191171608865261,9216.0,0.0035211595240980387,0.0038778461515903474,0.00367918461561203,0.010416403361344563,0.012700000000000045,0.012800000000000034,cnn-4_mnist_learnt_gaussian_sig0.03_bounded-pmin1e-05_epoch5_bs250_lr0.001_mon0.95_dp0.2_objective-channel_gradient-chan0.1-bec-outage0.1-frob-kl0.01_perc-pri0.5_epoch-pri70_bs-pri250_lr-pri0.005_mom-pri0.99_dp-pri0.2_seed7,bec-outage0.1_chan-layer2_mcsamples500_norm-frob_seed7_bounds.json
cnn-4,mnist,5.0,bec,outage 0.1,frob,channel_grad,0.001,0.01,1.0,0.0033982903696596622,0.012332999999999998,0.003459230437874794,16.21819305419922,✓,?,0.01807883475553316,0.0131,16.20803451538086,✓,?,0.028236326369479266,3863.622314453125,0.399683231956533,0.013164831325411797,9216.0,0.002580356551334262,0.003459230437874794,0.0031513247638940813,0.00781425210084035,0.0131,0.011499999999999955,cnn-4_mnist_learnt_gaussian_sig0.03_bounded-pmin1e-05_epoch5_bs250_lr0.001_mon0.95_dp0.2_objective-channel_gradient-chan1.0-bec-outage0.1-frob-kl0.01_perc-pri0.5_epoch-pri70_bs-pri250_lr-pri0.005_mom-pri0.99_dp-pri0.2_seed7,bec-outage0.1_chan-layer2_mcsamples500_norm-frob_seed7_bounds.json
cnn-4,mnist,5.0,bec,outage 0.1,frob,channel_grad,0.001,0.1,0.01,0.005539114587008953,0.0136526,0.0058833487331867215,1.240602970123291,✓,?,0.0252447572754111,0.014399999999999968,1.2282894849777222,✓,?,0.037558274301761875,1.210630178451538,1.1810013314701326,0.03890001401305199,9216.0,0.006149471737444401,0.0058833487331867215,0.005653170496225357,0.013449277310924386,0.014399999999999968,0.013800000000000034,cnn-4_mnist_learnt_gaussian_sig0.03_bounded-pmin1e-05_epoch5_bs250_lr0.001_mon0.95_dp0.2_objective-channel_gradient-chan0.01-bec-outage0.1-frob-kl0.1_perc-pri0.5_epoch-pri70_bs-pri250_lr-pri0.005_mom-pri0.99_dp-pri0.2_seed7,bec-outage0.1_chan-layer2_mcsamples500_norm-frob_seed7_bounds.json
cnn-4,mnist,5.0,bec,outage 0.1,frob,channel_grad,0.001,0.1,0.1,0.005011996254324913,0.0132608,0.005410437658429146,1.2797186374664307,✓,?,0.023809158111695438,0.01429999999999998,1.267406940460205,✓,?,0.036120868563275885,43.39605712890625,1.0493331355767324,0.034563105553388596,9216.0,0.005382078234106302,0.005410437658429146,0.005058636516332626,0.012543462184873969,0.01429999999999998,0.012800000000000034,cnn-4_mnist_learnt_gaussian_sig0.03_bounded-pmin1e-05_epoch5_bs250_lr0.001_mon0.95_dp0.2_objective-channel_gradient-chan0.1-bec-outage0.1-frob-kl0.1_perc-pri0.5_epoch-pri70_bs-pri250_lr-pri0.005_mom-pri0.99_dp-pri0.2_seed7,bec-outage0.1_chan-layer2_mcsamples500_norm-frob_seed7_bounds.json
cnn-4,mnist,5.0,bec,outage 0.1,frob,channel_grad,0.001,0.1,1.0,0.004122747574001551,0.014364599999999998,0.004344135895371437,4.472957611083984,✓,?,0.021506221778130587,0.015700000000000047,4.457889080047607,✓,?,0.03657489151882397,898.3060913085938,0.7519626108855407,0.024768266826868057,9216.0,0.004201258532702923,0.004344135895371437,0.004001699760556221,0.012828235294117668,0.015700000000000047,0.01429999999999998,cnn-4_mnist_learnt_gaussian_sig0.03_bounded-pmin1e-05_epoch5_bs250_lr0.001_mon0.95_dp0.2_objective-channel_gradient-chan1.0-bec-outage0.1-frob-kl0.1_perc-pri0.5_epoch-pri70_bs-pri250_lr-pri0.005_mom-pri0.99_dp-pri0.2_seed7,bec-outage0.1_chan-layer2_mcsamples500_norm-frob_seed7_bounds.json
cnn-4,mnist,5.0,bec,outage 0.1,frob,channel_grad,0.001,1.0,0.01,0.005706996191293001,0.013872200000000003,0.0060288097709417345,1.282586932182312,✓,?,0.025700031418804465,0.01429999999999998,1.2701160907745361,✓,?,0.0381709705226331,0.07023191452026367,1.2270281978761715,0.04041605442762375,9216.0,0.006397250108420849,0.0060288097709417345,0.005823427066206932,0.01383872268907565,0.01429999999999998,0.013700000000000045,cnn-4_mnist_learnt_gaussian_sig0.03_bounded-pmin1e-05_epoch5_bs250_lr0.001_mon0.95_dp0.2_objective-channel_gradient-chan0.01-bec-outage0.1-frob-kl1.0_perc-pri0.5_epoch-pri70_bs-pri250_lr-pri0.005_mom-pri0.99_dp-pri0.2_seed7,bec-outage0.1_chan-layer2_mcsamples500_norm-frob_seed7_bounds.json
cnn-4,mnist,5.0,bec,outage 0.1,frob,channel_grad,0.001,1.0,0.1,0.005547053646296263,0.013642199999999997,0.00590449869632721,1.267166256904602,✓,?,0.02534077762792422,0.014100000000000001,1.2548660039901733,✓,?,0.03764094657489768,4.845702648162842,1.1926417599758108,0.039283428341150284,9216.0,0.006201472599059343,0.00590449869632721,0.005650205537676811,0.013501714285714304,0.014100000000000001,0.013700000000000045,cnn-4_mnist_learnt_gaussian_sig0.03_bounded-pmin1e-05_epoch5_bs250_lr0.001_mon0.95_dp0.2_objective-channel_gradient-chan0.1-bec-outage0.1-frob-kl1.0_perc-pri0.5_epoch-pri70_bs-pri250_lr-pri0.005_mom-pri0.99_dp-pri0.2_seed7,bec-outage0.1_chan-layer2_mcsamples500_norm-frob_seed7_bounds.json
cnn-4,mnist,5.0,bec,outage 0.1,frob,channel_grad,0.001,1.0,1.0,0.005277015268802643,0.013653399999999996,0.005603399500250817,2.717607021331787,✓,?,0.02483134775861575,0.013800000000000034,2.7047455310821533,✓,?,0.03769277221288937,372.9044494628906,1.1404371717431736,0.037563905119895935,9216.0,0.005926115438342094,0.005603399500250817,0.005246222019195557,0.013534588235294142,0.013800000000000034,0.012599999999999945,cnn-4_mnist_learnt_gaussian_sig0.03_bounded-pmin1e-05_epoch5_bs250_lr0.001_mon0.95_dp0.2_objective-channel_gradient-chan1.0-bec-outage0.1-frob-kl1.0_perc-pri0.5_epoch-pri70_bs-pri250_lr-pri0.005_mom-pri0.99_dp-pri0.2_seed7,bec-outage0.1_chan-layer2_mcsamples500_norm-frob_seed7_bounds.json
cnn-4,mnist,10.0,bec,outage 0.1,frob,vanilla,0.001,1.0,0.0,0.005090740974992514,0.013148199999999997,0.004942094907164574,0.24113053061518222,✓,-,0.023808342436290597,0.013499999999999956,0.22896230269357493,✓,-,0.035976570357897884,13.565025329589844,0.13267394748723166,0.004370036069303751,9216.0,0.005381730385124683,0.004942094907164574,0.005039001628756523,0.012453042016806738,0.013499999999999956,0.012299999999999978,cnn-4_mnist_learnt_gaussian_sig0.03_bounded-pmin1e-05_epoch10_bs250_lr0.001_mon0.95_dp0.2_objective-vanilla_perc-pri0.5_epoch-pri70_bs-pri250_lr-pri0.005_mom-pri0.99_dp-pri0.2_seed7,bec-outage0.1_chan-layer2_mcsamples500_norm-frob_seed7_bounds.json
cnn-4,mnist,10.0,bec,outage 0.1,frob,channel_grad,0.001,0.01,0.01,0.0048435041680932045,0.012837800000000002,0.004488085210323334,1.199733018875122,✓,✓,0.023343894014884438,0.01319999999999999,1.1878114938735962,✓,✓,0.03526539769471029,31.820045471191406,1.0174618047390918,0.03351332247257233,9216.0,0.005138464737683535,0.004488085210323334,0.004888249188661575,0.012010218487394973,0.01319999999999999,0.011600000000000055,cnn-4_mnist_learnt_gaussian_sig0.03_bounded-pmin1e-05_epoch10_bs250_lr0.001_mon0.95_dp0.2_objective-channel_gradient-chan0.01-bec-outage0.1-frob-kl0.01_perc-pri0.5_epoch-pri70_bs-pri250_lr-pri0.005_mom-pri0.99_dp-pri0.2_seed7,bec-outage0.1_chan-layer2_mcsamples500_norm-frob_seed7_bounds.json
cnn-4,mnist,10.0,bec,outage 0.1,frob,channel_grad,0.001,0.01,0.1,0.003651644801720977,0.012608600000000001,0.003585098683834076,2.897247791290283,✓,✓,0.019774982101086677,0.012199999999999989,2.885071039199829,✓,✓,0.03195187602213986,541.3359375,0.6382003305497372,0.021021146327257156,9216.0,0.0033597678411751986,0.003585098683834076,0.0036391712725162505,0.00998789915966388,0.012199999999999989,0.011700000000000044,cnn-4_mnist_learnt_gaussian_sig0.03_bounded-pmin1e-05_epoch10_bs250_lr0.001_mon0.95_dp0.2_objective-channel_gradient-chan0.1-bec-outage0.1-frob-kl0.01_perc-pri0.5_epoch-pri70_bs-pri250_lr-pri0.005_mom-pri0.99_dp-pri0.2_seed7,bec-outage0.1_chan-layer2_mcsamples500_norm-frob_seed7_bounds.json
cnn-4,mnist,10.0,bec,outage 0.1,frob,channel_grad,0.001,0.01,1.0,0.003477283986285329,0.012115599999999999,0.003519013151526451,18.257644653320312,✓,✓,0.0173688971051513,0.013000000000000012,18.249481201171875,✓,✓,0.025532664578386238,4371.40234375,0.3688362151709786,0.012148787267506123,9216.0,0.002269263146445155,0.003519013151526451,0.0032273281365633013,0.0063058151260504324,0.013000000000000012,0.011299999999999977,cnn-4_mnist_learnt_gaussian_sig0.03_bounded-pmin1e-05_epoch10_bs250_lr0.001_mon0.95_dp0.2_objective-channel_gradient-chan1.0-bec-outage0.1-frob-kl0.01_perc-pri0.5_epoch-pri70_bs-pri250_lr-pri0.005_mom-pri0.99_dp-pri0.2_seed7,bec-outage0.1_chan-layer2_mcsamples500_norm-frob_seed7_bounds.json
cnn-4,mnist,10.0,bec,outage 0.1,frob,channel_grad,0.001,0.1,0.01,0.005499606486409903,0.013543600000000003,0.005160947889089584,1.2354320287704468,✓,✗,0.025165890307485127,0.014700000000000046,1.2231659889221191,✓,✗,0.03743191423520059,1.4415751695632935,1.1750139561309232,0.03870280086994171,9216.0,0.0061067501083016396,0.005160947889089584,0.005422965064644814,0.01336894117647061,0.014700000000000046,0.0121,cnn-4_mnist_learnt_gaussian_sig0.03_bounded-pmin1e-05_epoch10_bs250_lr0.001_mon0.95_dp0.2_objective-channel_gradient-chan0.01-bec-outage0.1-frob-kl0.1_perc-pri0.5_epoch-pri70_bs-pri250_lr-pri0.005_mom-pri0.99_dp-pri0.2_seed7,bec-outage0.1_chan-layer2_mcsamples500_norm-frob_seed7_bounds.json
cnn-4,mnist,10.0,bec,outage 0.1,frob,channel_grad,0.001,0.1,0.1,0.00495124189183116,0.012967599999999996,0.004546782746911049,1.2969136238098145,✓,✓,0.0235809683092654,0.013299999999999979,1.2850368022918701,✓,✓,0.03545782193173751,55.840431213378906,1.0163872462265051,0.03347792848944664,9216.0,0.005262306425720453,0.004546782746911049,0.005001026764512062,0.012129613445378168,0.013299999999999979,0.01200000000000001,cnn-4_mnist_learnt_gaussian_sig0.03_bounded-pmin1e-05_epoch10_bs250_lr0.001_mon0.95_dp0.2_objective-channel_gradient-chan0.1-bec-outage0.1-frob-kl0.1_perc-pri0.5_epoch-pri70_bs-pri250_lr-pri0.005_mom-pri0.99_dp-pri0.2_seed7,bec-outage0.1_chan-layer2_mcsamples500_norm-frob_seed7_bounds.json
cnn-4,mnist,10.0,bec,outage 0.1,frob,channel_grad,0.001,0.1,1.0,0.004123857244849205,0.0144826,0.004139361530542373,5.513510227203369,✓,✓,0.020712333523009163,0.01429999999999998,5.498359680175781,✓,✗,0.03586319898220136,1172.90771484375,0.6721707884259641,0.02214007079601288,9216.0,0.0038100392557680607,0.004139361530542373,0.004017636552453041,0.012382252100840348,0.01429999999999998,0.013599999999999945,cnn-4_mnist_learnt_gaussian_sig0.03_bounded-pmin1e-05_epoch10_bs250_lr0.001_mon0.95_dp0.2_objective-channel_gradient-chan1.0-bec-outage0.1-frob-kl0.1_perc-pri0.5_epoch-pri70_bs-pri250_lr-pri0.005_mom-pri0.99_dp-pri0.2_seed7,bec-outage0.1_chan-layer2_mcsamples500_norm-frob_seed7_bounds.json
cnn-4,mnist,10.0,bec,outage 0.1,frob,channel_grad,0.001,1.0,0.01,0.005691348575055599,0.013810999999999999,0.0054265595972537994,1.2730857133865356,✓,✗,0.02566331611359841,0.01539999999999997,1.2606441974639893,✓,✗,0.038104804452659194,0.08943390846252441,1.2175147188903022,0.040102697908878326,9216.0,0.006377201993018389,0.0054265595972537994,0.0055846177041530606,0.013796436974789935,0.01539999999999997,0.012499999999999956,cnn-4_mnist_learnt_gaussian_sig0.03_bounded-pmin1e-05_epoch10_bs250_lr0.001_mon0.95_dp0.2_objective-channel_gradient-chan0.01-bec-outage0.1-frob-kl1.0_perc-pri0.5_epoch-pri70_bs-pri250_lr-pri0.005_mom-pri0.99_dp-pri0.2_seed7,bec-outage0.1_chan-layer2_mcsamples500_norm-frob_seed7_bounds.json
cnn-4,mnist,10.0,bec,outage 0.1,frob,channel_grad,0.001,1.0,0.1,0.00557401729747653,0.013551000000000002,0.005233685672283173,1.2557264566421509,✓,✗,0.025243531618391934,0.015000000000000013,1.2434638738632202,✓,✗,0.03750618290512757,5.214038848876953,1.1798330134578159,0.038861531764268875,9216.0,0.006148705258965492,0.005233685672283173,0.005497941002249718,0.013416134453781535,0.015000000000000013,0.012599999999999945,cnn-4_mnist_learnt_gaussian_sig0.03_bounded-pmin1e-05_epoch10_bs250_lr0.001_mon0.95_dp0.2_objective-channel_gradient-chan0.1-bec-outage0.1-frob-kl1.0_perc-pri0.5_epoch-pri70_bs-pri250_lr-pri0.005_mom-pri0.99_dp-pri0.2_seed7,bec-outage0.1_chan-layer2_mcsamples500_norm-frob_seed7_bounds.json
cnn-4,mnist,10.0,bec,outage 0.1,frob,channel_grad,0.001,1.0,1.0,0.00517452135682106,0.013672,0.004734084755182266,2.254164218902588,✓,✗,0.024456895170543752,0.014000000000000012,2.2412686347961426,✓,✗,0.03735227332929453,275.0182800292969,1.0769533948626837,0.03547286614775658,9216.0,0.0057256403379142284,0.004734084755182266,0.005231496319174767,0.013318655462184885,0.014000000000000012,0.012399999999999967,cnn-4_mnist_learnt_gaussian_sig0.03_bounded-pmin1e-05_epoch10_bs250_lr0.001_mon0.95_dp0.2_objective-channel_gradient-chan1.0-bec-outage0.1-frob-kl1.0_perc-pri0.5_epoch-pri70_bs-pri250_lr-pri0.005_mom-pri0.99_dp-pri0.2_seed7,bec-outage0.1_chan-layer2_mcsamples500_norm-frob_seed7_bounds.json
cnn-4,mnist,20.0,bec,outage 0.1,frob,vanilla,0.001,1.0,0.0,0.004786162171512842,0.012928400000000001,0.004669194296002388,0.34395175634056885,✓,-,0.022766675829852832,0.01319999999999999,0.3317614287384778,✓,-,0.034957003431943925,39.0007209777832,0.13267394748723166,0.004370036069303751,9216.0,0.004839545115828514,0.004669194296002388,0.004714740812778473,0.011818890756302537,0.01319999999999999,0.011499999999999955,cnn-4_mnist_learnt_gaussian_sig0.03_bounded-pmin1e-05_epoch20_bs250_lr0.001_mon0.95_dp0.2_objective-vanilla_perc-pri0.5_epoch-pri70_bs-pri250_lr-pri0.005_mom-pri0.99_dp-pri0.2_seed7,bec-outage0.1_chan-layer2_mcsamples500_norm-frob_seed7_bounds.json
cnn-4,mnist,20.0,bec,outage 0.1,frob,channel_grad,0.001,0.01,0.01,0.004811724182218313,0.012903999999999999,0.004729590192437172,1.215664267539978,✓,✗,0.023239924871814067,0.013800000000000034,1.2037534713745117,✓,✓,0.035150650313825096,36.0550537109375,1.0162183886473775,0.033472366631031036,9216.0,0.0050842659547924995,0.004729590192437172,0.0048082321882247925,0.011939025210084055,0.013800000000000034,0.011299999999999977,cnn-4_mnist_learnt_gaussian_sig0.03_bounded-pmin1e-05_epoch20_bs250_lr0.001_mon0.95_dp0.2_objective-channel_gradient-chan0.01-bec-outage0.1-frob-kl0.01_perc-pri0.5_epoch-pri70_bs-pri250_lr-pri0.005_mom-pri0.99_dp-pri0.2_seed7,bec-outage0.1_chan-layer2_mcsamples500_norm-frob_seed7_bounds.json
cnn-4,mnist,20.0,bec,outage 0.1,frob,channel_grad,0.001,0.01,0.1,0.0036813642363995314,0.012708599999999999,0.00370338149368763,3.0096077919006348,✓,✓,0.019702056663897443,0.013700000000000045,2.997441291809082,✓,✓,0.03186870289609896,567.6443481445312,0.6432395926365506,0.021187130361795425,9216.0,0.0033252444118261337,0.00370338149368763,0.003486182913184166,0.009938084033613459,0.013700000000000045,0.010600000000000054,cnn-4_mnist_learnt_gaussian_sig0.03_bounded-pmin1e-05_epoch20_bs250_lr0.001_mon0.95_dp0.2_objective-channel_gradient-chan0.1-bec-outage0.1-frob-kl0.01_perc-pri0.5_epoch-pri70_bs-pri250_lr-pri0.005_mom-pri0.99_dp-pri0.2_seed7,bec-outage0.1_chan-layer2_mcsamples500_norm-frob_seed7_bounds.json
cnn-4,mnist,20.0,bec,outage 0.1,frob,channel_grad,0.001,0.01,1.0,0.003332391381263733,0.011730399999999997,0.003394462540745735,20.12343406677246,✓,✓,0.016900195274888175,0.012599999999999945,20.116254806518555,✓,✓,0.02408014284288732,4829.90478515625,0.36425056697263564,0.01199774444103241,9216.0,0.002069244859740138,0.003394462540745735,0.003015373833477497,0.0055253109243697555,0.012599999999999945,0.01090000000000002,cnn-4_mnist_learnt_gaussian_sig0.03_bounded-pmin1e-05_epoch20_bs250_lr0.001_mon0.95_dp0.2_objective-channel_gradient-chan1.0-bec-outage0.1-frob-kl0.01_perc-pri0.5_epoch-pri70_bs-pri250_lr-pri0.005_mom-pri0.99_dp-pri0.2_seed7,bec-outage0.1_chan-layer2_mcsamples500_norm-frob_seed7_bounds.json
cnn-4,mnist,20.0,bec,outage 0.1,frob,channel_grad,0.001,0.1,0.01,0.0055006882175803185,0.013566799999999999,0.005392626672983169,1.2713613510131836,✓,✗,0.025211320428593004,0.014499999999999957,1.2591389417648315,✓,✗,0.03743369644275367,1.3748172521591187,1.211213944789028,0.03989516198635101,9216.0,0.0061313253827393055,0.005392626672983169,0.0055222038179636,0.013370285714285727,0.014499999999999957,0.012199999999999989,cnn-4_mnist_learnt_gaussian_sig0.03_bounded-pmin1e-05_epoch20_bs250_lr0.001_mon0.95_dp0.2_objective-channel_gradient-chan0.01-bec-outage0.1-frob-kl0.1_perc-pri0.5_epoch-pri70_bs-pri250_lr-pri0.005_mom-pri0.99_dp-pri0.2_seed7,bec-outage0.1_chan-layer2_mcsamples500_norm-frob_seed7_bounds.json
cnn-4,mnist,20.0,bec,outage 0.1,frob,channel_grad,0.001,0.1,0.1,0.004948183428496122,0.013074,0.004856538027524948,1.3027303218841553,✓,✗,0.023633843730014648,0.013900000000000023,1.290659785270691,✓,✗,0.03570435876226119,52.03739929199219,1.0374831336657468,0.03417278826236725,9216.0,0.005290080327540636,0.004856538027524948,0.004942221567034721,0.01228322689075632,0.013900000000000023,0.011900000000000022,cnn-4_mnist_learnt_gaussian_sig0.03_bounded-pmin1e-05_epoch20_bs250_lr0.001_mon0.95_dp0.2_objective-channel_gradient-chan0.1-bec-outage0.1-frob-kl0.1_perc-pri0.5_epoch-pri70_bs-pri250_lr-pri0.005_mom-pri0.99_dp-pri0.2_seed7,bec-outage0.1_chan-layer2_mcsamples500_norm-frob_seed7_bounds.json
cnn-4,mnist,20.0,bec,outage 0.1,frob,channel_grad,0.001,0.1,1.0,0.00416996655985713,0.014602599999999999,0.004288574680685997,5.011613368988037,✓,✓,0.020850145467061452,0.015800000000000036,4.996633052825928,✓,✗,0.03583059808302722,1052.1754150390625,0.6631936839002509,0.02184438146650791,9216.0,0.0038772686384618282,0.004288574680685997,0.003936634585261345,0.01236188235294119,0.015800000000000036,0.013299999999999979,cnn-4_mnist_learnt_gaussian_sig0.03_bounded-pmin1e-05_epoch20_bs250_lr0.001_mon0.95_dp0.2_objective-channel_gradient-chan1.0-bec-outage0.1-frob-kl0.1_perc-pri0.5_epoch-pri70_bs-pri250_lr-pri0.005_mom-pri0.99_dp-pri0.2_seed7,bec-outage0.1_chan-layer2_mcsamples500_norm-frob_seed7_bounds.json
cnn-4,mnist,20.0,bec,outage 0.1,frob,channel_grad,0.001,1.0,0.01,0.005682562943547964,0.013862399999999997,0.005583186820149422,1.3112823963165283,✓,✗,0.025710384708125183,0.014800000000000035,1.2988464832305908,✓,✗,0.038146353795205784,0.06839907169342041,1.2557558145346877,0.04136228933930397,9216.0,0.006402976810932159,0.005583186820149422,0.00568901002407074,0.013823126050420192,0.014800000000000035,0.012499999999999956,cnn-4_mnist_learnt_gaussian_sig0.03_bounded-pmin1e-05_epoch20_bs250_lr0.001_mon0.95_dp0.2_objective-channel_gradient-chan0.01-bec-outage0.1-frob-kl1.0_perc-pri0.5_epoch-pri70_bs-pri250_lr-pri0.005_mom-pri0.99_dp-pri0.2_seed7,bec-outage0.1_chan-layer2_mcsamples500_norm-frob_seed7_bounds.json
cnn-4,mnist,20.0,bec,outage 0.1,frob,channel_grad,0.001,1.0,0.1,0.005590510088950396,0.013737000000000003,0.0054557546973228455,1.3070350885391235,✓,✗,0.025429140792375897,0.014800000000000035,1.294633150100708,✓,✗,0.03783109863066275,4.333852291107178,1.2344100902620279,0.04065920040011406,9216.0,0.006249535828828812,0.0054557546973228455,0.005608231201767922,0.013622386554621863,0.014800000000000035,0.012299999999999978,cnn-4_mnist_learnt_gaussian_sig0.03_bounded-pmin1e-05_epoch20_bs250_lr0.001_mon0.95_dp0.2_objective-channel_gradient-chan0.1-bec-outage0.1-frob-kl1.0_perc-pri0.5_epoch-pri70_bs-pri250_lr-pri0.005_mom-pri0.99_dp-pri0.2_seed7,bec-outage0.1_chan-layer2_mcsamples500_norm-frob_seed7_bounds.json
cnn-4,mnist,20.0,bec,outage 0.1,frob,channel_grad,0.001,1.0,1.0,0.006006172858178616,0.015665600000000002,0.0060960639268159865,2.9842605590820312,✓,✗,0.02585356033644362,0.017100000000000004,2.9701733589172363,✓,✗,0.039940798271962535,408.3062438964844,1.2603156477682376,0.04151248186826706,9216.0,0.006481350865215063,0.0060960639268159865,0.006017786636948586,0.014975260504201702,0.017100000000000004,0.013800000000000034,cnn-4_mnist_learnt_gaussian_sig0.03_bounded-pmin1e-05_epoch20_bs250_lr0.001_mon0.95_dp0.2_objective-channel_gradient-chan1.0-bec-outage0.1-frob-kl1.0_perc-pri0.5_epoch-pri70_bs-pri250_lr-pri0.005_mom-pri0.99_dp-pri0.2_seed7,bec-outage0.1_chan-layer2_mcsamples500_norm-frob_seed7_bounds.json
cnn-4,mnist,30.0,bec,outage 0.1,frob,vanilla,0.001,1.0,0.0,0.004550259560346603,0.012734999999999996,0.004500088095664978,0.46981558203697205,✓,-,0.02197875596297732,0.013299999999999979,0.45760712027549744,✓,-,0.03418719806696547,70.01950073242188,0.13267394748723166,0.004370036069303751,9216.0,0.004438175819814205,0.004500088095664978,0.004371031746268272,0.011344403361344558,0.013299999999999979,0.012499999999999956,cnn-4_mnist_learnt_gaussian_sig0.03_bounded-pmin1e-05_epoch30_bs250_lr0.001_mon0.95_dp0.2_objective-vanilla_perc-pri0.5_epoch-pri70_bs-pri250_lr-pri0.005_mom-pri0.99_dp-pri0.2_seed7,bec-outage0.1_chan-layer2_mcsamples500_norm-frob_seed7_bounds.json
cnn-4,mnist,30.0,bec,outage 0.1,frob,channel_grad,0.001,0.01,0.01,0.0047938767820596695,0.012874399999999998,0.004994931817054749,1.2553993463516235,✓,✗,0.023229727730301217,0.013000000000000012,1.2434037923812866,✓,✗,0.03522529961342766,36.59724044799805,1.0536654125817457,0.03470580279827118,9216.0,0.0050789532251656055,0.004994931817054749,0.004729630425572395,0.011985075630252124,0.013000000000000012,0.011600000000000055,cnn-4_mnist_learnt_gaussian_sig0.03_bounded-pmin1e-05_epoch30_bs250_lr0.001_mon0.95_dp0.2_objective-channel_gradient-chan0.01-bec-outage0.1-frob-kl0.01_perc-pri0.5_epoch-pri70_bs-pri250_lr-pri0.005_mom-pri0.99_dp-pri0.2_seed7,bec-outage0.1_chan-layer2_mcsamples500_norm-frob_seed7_bounds.json
cnn-4,mnist,30.0,bec,outage 0.1,frob,channel_grad,0.001,0.01,0.1,0.0036776650231331587,0.0127204,0.003737567365169525,3.0126187801361084,✓,✓,0.019678973856756043,0.012599999999999945,3.00036358833313,✓,✓,0.031934068023034626,566.1968994140625,0.652094323484691,0.021478788927197456,9216.0,0.0033143390901386738,0.003737567365169525,0.00354367233812809,0.0099774117647059,0.012599999999999945,0.011800000000000033,cnn-4_mnist_learnt_gaussian_sig0.03_bounded-pmin1e-05_epoch30_bs250_lr0.001_mon0.95_dp0.2_objective-channel_gradient-chan0.1-bec-outage0.1-frob-kl0.01_perc-pri0.5_epoch-pri70_bs-pri250_lr-pri0.005_mom-pri0.99_dp-pri0.2_seed7,bec-outage0.1_chan-layer2_mcsamples500_norm-frob_seed7_bounds.json
cnn-4,mnist,30.0,bec,outage 0.1,frob,channel_grad,0.001,0.01,1.0,0.0032750528771430254,0.0121536,0.0031042275950312614,20.623146057128906,✓,✓,0.016581808779503653,0.011299999999999977,20.615644454956055,✓,✓,0.024084084798726008,4950.880859375,0.3700752769312821,0.012189599685370922,9216.0,0.0019359110156074166,0.0031042275950312614,0.003104508109390736,0.0055273949579831986,0.011299999999999977,0.011199999999999988,cnn-4_mnist_learnt_gaussian_sig0.03_bounded-pmin1e-05_epoch30_bs250_lr0.001_mon0.95_dp0.2_objective-channel_gradient-chan1.0-bec-outage0.1-frob-kl0.01_perc-pri0.5_epoch-pri70_bs-pri250_lr-pri0.005_mom-pri0.99_dp-pri0.2_seed7,bec-outage0.1_chan-layer2_mcsamples500_norm-frob_seed7_bounds.json
cnn-4,mnist,30.0,bec,outage 0.1,frob,channel_grad,0.001,0.1,0.01,0.0055003720335662365,0.0135376,0.005776184052228928,1.2623459100723267,✓,✗,0.025206091776476414,0.013599999999999945,1.250096082687378,✓,✗,0.03745593795697478,1.5404845476150513,1.2014999403592248,0.03957520052790642,9216.0,0.006128410343080759,0.005776184052228928,0.005374794453382492,0.013384403361344558,0.013599999999999945,0.012499999999999956,cnn-4_mnist_learnt_gaussian_sig0.03_bounded-pmin1e-05_epoch30_bs250_lr0.001_mon0.95_dp0.2_objective-channel_gradient-chan0.01-bec-outage0.1-frob-kl0.1_perc-pri0.5_epoch-pri70_bs-pri250_lr-pri0.005_mom-pri0.99_dp-pri0.2_seed7,bec-outage0.1_chan-layer2_mcsamples500_norm-frob_seed7_bounds.json
cnn-4,mnist,30.0,bec,outage 0.1,frob,channel_grad,0.001,0.1,0.1,0.004977490287274122,0.012997799999999999,0.005195093154907226,1.3332643508911133,✓,✗,0.023732839831374756,0.012800000000000034,1.321386456489563,✓,✗,0.035610782164778684,51.82875061035156,1.0689625746764098,0.03520966321229935,9216.0,0.005342012271285057,0.005195093154907226,0.004929784312844276,0.01222500840336136,0.012800000000000034,0.01200000000000001,cnn-4_mnist_learnt_gaussian_sig0.03_bounded-pmin1e-05_epoch30_bs250_lr0.001_mon0.95_dp0.2_objective-channel_gradient-chan0.1-bec-outage0.1-frob-kl0.1_perc-pri0.5_epoch-pri70_bs-pri250_lr-pri0.005_mom-pri0.99_dp-pri0.2_seed7,bec-outage0.1_chan-layer2_mcsamples500_norm-frob_seed7_bounds.json
cnn-4,mnist,30.0,bec,outage 0.1,frob,channel_grad,0.001,0.1,1.0,0.004104373510926962,0.0141428,0.004106084629893303,4.777883052825928,✓,✓,0.021016612111974163,0.014000000000000012,4.763854503631592,✓,✗,0.035045443076249044,979.2611083984375,0.7279199155265592,0.023976344615221024,9216.0,0.003958923276513815,0.004106084629893303,0.003934796899557114,0.011873747899159683,0.014000000000000012,0.013299999999999979,cnn-4_mnist_learnt_gaussian_sig0.03_bounded-pmin1e-05_epoch30_bs250_lr0.001_mon0.95_dp0.2_objective-channel_gradient-chan1.0-bec-outage0.1-frob-kl0.1_perc-pri0.5_epoch-pri70_bs-pri250_lr-pri0.005_mom-pri0.99_dp-pri0.2_seed7,bec-outage0.1_chan-layer2_mcsamples500_norm-frob_seed7_bounds.json
cnn-4,mnist,30.0,bec,outage 0.1,frob,channel_grad,0.001,1.0,0.01,0.005704863928258419,0.013880600000000002,0.00598306730389595,1.2956008911132812,✓,✗,0.025756929818764606,0.013499999999999956,1.283103346824646,✓,✗,0.03825447033489232,0.09448704123497009,1.2398596773971167,0.04083869978785515,9216.0,0.00642821891233325,0.00598306730389595,0.005533017590641976,0.013892033613445398,0.013499999999999956,0.012700000000000045,cnn-4_mnist_learnt_gaussian_sig0.03_bounded-pmin1e-05_epoch30_bs250_lr0.001_mon0.95_dp0.2_objective-channel_gradient-chan0.01-bec-outage0.1-frob-kl1.0_perc-pri0.5_epoch-pri70_bs-pri250_lr-pri0.005_mom-pri0.99_dp-pri0.2_seed7,bec-outage0.1_chan-layer2_mcsamples500_norm-frob_seed7_bounds.json
cnn-4,mnist,30.0,bec,outage 0.1,frob,channel_grad,0.001,1.0,0.1,0.005693144630640745,0.0138582,0.005940095335245132,1.3048748970031738,✓,✗,0.025651216339731362,0.013599999999999945,1.292434573173523,✓,✗,0.03809156647374853,5.922088623046875,1.225505425977059,0.04036589711904526,9216.0,0.006370660848915577,0.005940095335245132,0.005510631203651428,0.01378816806722691,0.013599999999999945,0.013000000000000012,cnn-4_mnist_learnt_gaussian_sig0.03_bounded-pmin1e-05_epoch30_bs250_lr0.001_mon0.95_dp0.2_objective-channel_gradient-chan0.1-bec-outage0.1-frob-kl1.0_perc-pri0.5_epoch-pri70_bs-pri250_lr-pri0.005_mom-pri0.99_dp-pri0.2_seed7,bec-outage0.1_chan-layer2_mcsamples500_norm-frob_seed7_bounds.json
cnn-4,mnist,30.0,bec,outage 0.1,frob,channel_grad,0.001,1.0,1.0,0.005858071148395538,0.014825999999999995,0.005807575583457947,3.2117204666137695,✓,✗,0.025023563475480865,0.014100000000000001,3.198305606842041,✓,✗,0.03843846625016191,468.06378173828125,1.24531865179213,0.04101850837469101,9216.0,0.006029775831848383,0.005807575583457947,0.005668557435274124,0.01400934453781515,0.014100000000000001,0.013299999999999979,cnn-4_mnist_learnt_gaussian_sig0.03_bounded-pmin1e-05_epoch30_bs250_lr0.001_mon0.95_dp0.2_objective-channel_gradient-chan1.0-bec-outage0.1-frob-kl1.0_perc-pri0.5_epoch-pri70_bs-pri250_lr-pri0.005_mom-pri0.99_dp-pri0.2_seed7,bec-outage0.1_chan-layer2_mcsamples500_norm-frob_seed7_bounds.json
cnn-4,mnist,40.0,bec,outage 0.1,frob,vanilla,0.001,1.0,0.0,0.00433837017044425,0.0126496,0.004105976596474647,0.6166015082536817,✓,-,0.021329386299905016,0.011900000000000022,0.6043751784641704,✓,-,0.03355571608941614,106.12924194335938,0.13267394748723166,0.004370036069303751,9216.0,0.004113359376788139,0.004105976596474647,0.004260792583227158,0.010957714285714298,0.011900000000000022,0.011700000000000044,cnn-4_mnist_learnt_gaussian_sig0.03_bounded-pmin1e-05_epoch40_bs250_lr0.001_mon0.95_dp0.2_objective-vanilla_perc-pri0.5_epoch-pri70_bs-pri250_lr-pri0.005_mom-pri0.99_dp-pri0.2_seed7,bec-outage0.1_chan-layer2_mcsamples500_norm-frob_seed7_bounds.json
cnn-4,mnist,50.0,bec,outage 0.1,frob,vanilla,0.001,1.0,0.0,0.004215768538415432,0.0126422,0.00411018580198288,0.7811328014315275,✓,-,0.020736426766363183,0.012900000000000023,0.7689085483777423,✓,-,0.032960679820148456,146.57676696777344,0.13267394748723166,0.004370036069303751,9216.0,0.0038217431865632534,0.00411018580198288,0.0040778819471597675,0.010595966386554637,0.012900000000000023,0.011099999999999999,cnn-4_mnist_learnt_gaussian_sig0.03_bounded-pmin1e-05_epoch50_bs250_lr0.001_mon0.95_dp0.2_objective-vanilla_perc-pri0.5_epoch-pri70_bs-pri250_lr-pri0.005_mom-pri0.99_dp-pri0.2_seed7,bec-outage0.1_chan-layer2_mcsamples500_norm-frob_seed7_bounds.json
cnn-4,mnist,50.0,bec,outage 0.1,frob,channel_grad,0.001,0.01,0.01,0.004810582380741835,0.0129278,0.004995767027139664,1.2487753629684448,✓,✗,0.023212883699466703,0.011700000000000044,1.2367901802062988,✓,✗,0.03519811787152194,36.086395263671875,1.0491542121405768,0.03455721214413643,9216.0,0.005070252809673548,0.004995767027139664,0.004638208821415901,0.011968336134453802,0.011700000000000044,0.012199999999999989,cnn-4_mnist_learnt_gaussian_sig0.03_bounded-pmin1e-05_epoch50_bs250_lr0.001_mon0.95_dp0.2_objective-channel_gradient-chan0.01-bec-outage0.1-frob-kl0.01_perc-pri0.5_epoch-pri70_bs-pri250_lr-pri0.005_mom-pri0.99_dp-pri0.2_seed7,bec-outage0.1_chan-layer2_mcsamples500_norm-frob_seed7_bounds.json
cnn-4,mnist,50.0,bec,outage 0.1,frob,channel_grad,0.001,0.01,0.1,0.003599209478124976,0.012578200000000001,0.0036810971796512604,3.0925941467285156,✓,✓,0.019578086096306596,0.011700000000000044,3.0804452896118164,✓,✓,0.03172679023355073,585.8621826171875,0.6519938911134483,0.021475480869412422,9216.0,0.0032668535131961107,0.0036810971796512604,0.0033742163330316545,0.009853310924369762,0.011700000000000044,0.011700000000000044,cnn-4_mnist_learnt_gaussian_sig0.03_bounded-pmin1e-05_epoch50_bs250_lr0.001_mon0.95_dp0.2_objective-channel_gradient-chan0.1-bec-outage0.1-frob-kl0.01_perc-pri0.5_epoch-pri70_bs-pri250_lr-pri0.005_mom-pri0.99_dp-pri0.2_seed7,bec-outage0.1_chan-layer2_mcsamples500_norm-frob_seed7_bounds.json
cnn-4,mnist,50.0,bec,outage 0.1,frob,channel_grad,0.001,0.01,1.0,0.0032106537837535143,0.012283600000000002,0.0032147817313671113,21.70454216003418,✓,✓,0.016654780775388595,0.012499999999999956,21.696815490722656,✓,✓,0.024382161840193383,5211.46826171875,0.38733135093812693,0.012757983058691025,9216.0,0.001966259442269802,0.0032147817313671113,0.0028716504573822023,0.005685714285714295,0.012499999999999956,0.011700000000000044,cnn-4_mnist_learnt_gaussian_sig0.03_bounded-pmin1e-05_epoch50_bs250_lr0.001_mon0.95_dp0.2_objective-channel_gradient-chan1.0-bec-outage0.1-frob-kl0.01_perc-pri0.5_epoch-pri70_bs-pri250_lr-pri0.005_mom-pri0.99_dp-pri0.2_seed7,bec-outage0.1_chan-layer2_mcsamples500_norm-frob_seed7_bounds.json
cnn-4,mnist,50.0,bec,outage 0.1,frob,channel_grad,0.001,0.1,0.01,0.005514918826520443,0.013569400000000002,0.00585140772163868,1.3117307424545288,✓,✗,0.025246510728434226,0.013800000000000034,1.2994709014892578,✓,✗,0.037506379661234025,1.1914819478988647,1.2522591167624906,0.04124711453914642,9216.0,0.006150293163955212,0.00585140772163868,0.005297750234603882,0.013416336134453798,0.013800000000000034,0.013299999999999979,cnn-4_mnist_learnt_gaussian_sig0.03_bounded-pmin1e-05_epoch50_bs250_lr0.001_mon0.95_dp0.2_objective-channel_gradient-chan0.01-bec-outage0.1-frob-kl0.1_perc-pri0.5_epoch-pri70_bs-pri250_lr-pri0.005_mom-pri0.99_dp-pri0.2_seed7,bec-outage0.1_chan-layer2_mcsamples500_norm-frob_seed7_bounds.json
cnn-4,mnist,50.0,bec,outage 0.1,frob,channel_grad,0.001,0.1,0.1,0.004849317949265242,0.0129482,0.00505654476583004,1.3303786516189575,✓,✗,0.023606507706826825,0.012700000000000045,1.3182120323181152,✓,✗,0.03577314280450468,49.07847595214844,1.077142497255384,0.035479094833135605,9216.0,0.005275761242955923,0.00505654476583004,0.004704570770263672,0.012326184873949599,0.012700000000000045,0.012299999999999978,cnn-4_mnist_learnt_gaussian_sig0.03_bounded-pmin1e-05_epoch50_bs250_lr0.001_mon0.95_dp0.2_objective-channel_gradient-chan0.1-bec-outage0.1-frob-kl0.1_perc-pri0.5_epoch-pri70_bs-pri250_lr-pri0.005_mom-pri0.99_dp-pri0.2_seed7,bec-outage0.1_chan-layer2_mcsamples500_norm-frob_seed7_bounds.json
cnn-4,mnist,50.0,bec,outage 0.1,frob,channel_grad,0.001,0.1,1.0,0.003778955666348338,0.013762200000000002,0.0037565920501947403,4.668661594390869,✓,✓,0.020580201442221092,0.012900000000000023,4.653913497924805,✓,✗,0.03532843936934575,958.0955200195312,0.7048236369272163,0.02321559563279152,9216.0,0.0037456979043781757,0.0037565920501947403,0.00353645458817482,0.012049210084033623,0.012900000000000023,0.012900000000000023,cnn-4_mnist_learnt_gaussian_sig0.03_bounded-pmin1e-05_epoch50_bs250_lr0.001_mon0.95_dp0.2_objective-channel_gradient-chan1.0-bec-outage0.1-frob-kl0.1_perc-pri0.5_epoch-pri70_bs-pri250_lr-pri0.005_mom-pri0.99_dp-pri0.2_seed7,bec-outage0.1_chan-layer2_mcsamples500_norm-frob_seed7_bounds.json
cnn-4,mnist,50.0,bec,outage 0.1,frob,channel_grad,0.001,1.0,0.01,0.005666834302246571,0.0137722,0.006033339723944664,1.3460545539855957,✓,✗,0.025667232307489397,0.014599999999999946,1.3336703777313232,✓,✗,0.03805133872234677,0.10576710104942322,1.2904703541343445,0.04250572249293327,9216.0,0.006379263009876013,0.006033339723944664,0.005438284203410149,0.013762352941176495,0.014599999999999946,0.013299999999999979,cnn-4_mnist_learnt_gaussian_sig0.03_bounded-pmin1e-05_epoch50_bs250_lr0.001_mon0.95_dp0.2_objective-channel_gradient-chan0.01-bec-outage0.1-frob-kl1.0_perc-pri0.5_epoch-pri70_bs-pri250_lr-pri0.005_mom-pri0.99_dp-pri0.2_seed7,bec-outage0.1_chan-layer2_mcsamples500_norm-frob_seed7_bounds.json
cnn-4,mnist,50.0,bec,outage 0.1,frob,channel_grad,0.001,1.0,0.1,0.005438892170786858,0.013381999999999996,0.00572812482714653,1.3153103590011597,✓,✗,0.025220186644098353,0.013299999999999979,1.3032021522521973,✓,✗,0.03732844516247802,6.698596954345703,1.233534021402066,0.04063034430146217,9216.0,0.006136016454547644,0.00572812482714653,0.005262146890163422,0.01330339495798322,0.013299999999999979,0.012599999999999945,cnn-4_mnist_learnt_gaussian_sig0.03_bounded-pmin1e-05_epoch50_bs250_lr0.001_mon0.95_dp0.2_objective-channel_gradient-chan0.1-bec-outage0.1-frob-kl1.0_perc-pri0.5_epoch-pri70_bs-pri250_lr-pri0.005_mom-pri0.99_dp-pri0.2_seed7,bec-outage0.1_chan-layer2_mcsamples500_norm-frob_seed7_bounds.json
cnn-4,mnist,50.0,bec,outage 0.1,frob,channel_grad,0.001,1.0,1.0,0.0059624831192195415,0.015297399999999996,0.006216414645314217,3.0757317543029785,✓,✗,0.026604440216975896,0.015800000000000036,3.0617642402648926,✓,✗,0.04057204001989925,415.73687744140625,1.3208201571675613,0.043505389243364334,9216.0,0.006895563565194607,0.006216414645314217,0.005959793925285339,0.015384470588235312,0.015800000000000036,0.014599999999999946,cnn-4_mnist_learnt_gaussian_sig0.03_bounded-pmin1e-05_epoch50_bs250_lr0.001_mon0.95_dp0.2_objective-channel_gradient-chan1.0-bec-outage0.1-frob-kl1.0_perc-pri0.5_epoch-pri70_bs-pri250_lr-pri0.005_mom-pri0.99_dp-pri0.2_seed7,bec-outage0.1_chan-layer2_mcsamples500_norm-frob_seed7_bounds.json
cnn-4,mnist,5.0,bec,outage 0.1,spec,channel_grad,0.001,0.01,0.01,0.005430552642792463,0.013499199999999996,0.005780693143606186,0.09299533069133759,✓,?,0.024918672805969686,0.01419999999999999,0.08071915805339813,✓,?,0.03719484154330039,1.9780840873718262,0.030623961240053177,0.030623961240053177,9216.0,0.005973096936941147,0.005780693143606186,0.005540746077895164,0.013219025210084048,0.01419999999999999,0.013499999999999956,cnn-4_mnist_learnt_gaussian_sig0.03_bounded-pmin1e-05_epoch5_bs250_lr0.001_mon0.95_dp0.2_objective-channel_gradient-chan0.01-bec-outage0.1-spec-kl0.01_perc-pri0.5_epoch-pri70_bs-pri250_lr-pri0.005_mom-pri0.99_dp-pri0.2_seed7,bec-outage0.1_chan-layer2_mcsamples500_norm-spec_seed7_bounds.json
cnn-4,mnist,5.0,bec,outage 0.1,spec,channel_grad,0.001,0.01,0.1,0.005300335586071014,0.013374400000000005,0.00565953366458416,0.10292030870914459,✓,?,0.024580196876439305,0.01419999999999999,0.09069494903087616,✓,?,0.03680556156622233,4.763948917388916,0.029564980417490005,0.029564980417490005,9216.0,0.00579139543697238,0.00565953366458416,0.005408649519085884,0.012973445378151274,0.01419999999999999,0.013299999999999979,cnn-4_mnist_learnt_gaussian_sig0.03_bounded-pmin1e-05_epoch5_bs250_lr0.001_mon0.95_dp0.2_objective-channel_gradient-chan0.1-bec-outage0.1-spec-kl0.01_perc-pri0.5_epoch-pri70_bs-pri250_lr-pri0.005_mom-pri0.99_dp-pri0.2_seed7,bec-outage0.1_chan-layer2_mcsamples500_norm-spec_seed7_bounds.json
cnn-4,mnist,5.0,bec,outage 0.1,spec,channel_grad,0.001,0.01,1.0,0.004529673606157303,0.013038400000000002,0.004852529615163803,0.43394744396209717,✓,?,0.02265650433097089,0.013299999999999979,0.42144256830215454,✓,?,0.035161389694364636,87.51919555664062,0.024389421567320824,0.024389421567320824,9216.0,0.004782927688211203,0.004852529615163803,0.004609860107302665,0.011945680672268925,0.013299999999999979,0.012900000000000023,cnn-4_mnist_learnt_gaussian_sig0.03_bounded-pmin1e-05_epoch5_bs250_lr0.001_mon0.95_dp0.2_objective-channel_gradient-chan1.0-bec-outage0.1-spec-kl0.01_perc-pri0.5_epoch-pri70_bs-pri250_lr-pri0.005_mom-pri0.99_dp-pri0.2_seed7,bec-outage0.1_chan-layer2_mcsamples500_norm-spec_seed7_bounds.json
cnn-4,mnist,5.0,bec,outage 0.1,spec,channel_grad,0.001,0.1,0.01,0.005675220862030983,0.013824400000000002,0.005997901037335396,0.087447389960289,✓,?,0.025609371631472685,0.014499999999999957,0.07499609887599945,✓,?,0.038060663178344945,0.07090237736701965,0.031996238976716995,0.031996238976716995,9216.0,0.006347798742353916,0.005997901037335396,0.005790488049387932,0.013768537815126065,0.014499999999999957,0.013800000000000034,cnn-4_mnist_learnt_gaussian_sig0.03_bounded-pmin1e-05_epoch5_bs250_lr0.001_mon0.95_dp0.2_objective-channel_gradient-chan0.01-bec-outage0.1-spec-kl0.1_perc-pri0.5_epoch-pri70_bs-pri250_lr-pri0.005_mom-pri0.99_dp-pri0.2_seed7,bec-outage0.1_chan-layer2_mcsamples500_norm-spec_seed7_bounds.json
cnn-4,mnist,5.0,bec,outage 0.1,spec,channel_grad,0.001,0.1,0.1,0.005641843657940626,0.013784199999999998,0.005968289449810982,0.08766800165176392,✓,?,0.025519657771016467,0.014399999999999968,0.07523803412914276,✓,?,0.03794962856450747,0.2058003544807434,0.031777169555425644,0.031777169555425644,9216.0,0.0062988330610096455,0.005968289449810982,0.005757824704051018,0.013697613445378159,0.014399999999999968,0.014100000000000001,cnn-4_mnist_learnt_gaussian_sig0.03_bounded-pmin1e-05_epoch5_bs250_lr0.001_mon0.95_dp0.2_objective-channel_gradient-chan0.1-bec-outage0.1-spec-kl0.1_perc-pri0.5_epoch-pri70_bs-pri250_lr-pri0.005_mom-pri0.99_dp-pri0.2_seed7,bec-outage0.1_chan-layer2_mcsamples500_norm-spec_seed7_bounds.json
cnn-4,mnist,5.0,bec,outage 0.1,spec,channel_grad,0.001,0.1,1.0,0.005412221420556307,0.0135464,0.005778377875685692,0.10742020606994629,✓,?,0.024911908877511803,0.014399999999999968,0.09507979452610016,✓,?,0.03725231070671195,5.598728656768799,0.03021014854311943,0.03021014854311943,9216.0,0.005969583988189697,0.005778377875685692,0.005521676689386368,0.013255260504201694,0.014399999999999968,0.013700000000000045,cnn-4_mnist_learnt_gaussian_sig0.03_bounded-pmin1e-05_epoch5_bs250_lr0.001_mon0.95_dp0.2_objective-channel_gradient-chan1.0-bec-outage0.1-spec-kl0.1_perc-pri0.5_epoch-pri70_bs-pri250_lr-pri0.005_mom-pri0.99_dp-pri0.2_seed7,bec-outage0.1_chan-layer2_mcsamples500_norm-spec_seed7_bounds.json
cnn-4,mnist,5.0,bec,outage 0.1,spec,channel_grad,0.001,1.0,0.01,0.005727379582822323,0.013908600000000004,0.006044743582606316,0.08761653304100037,✓,?,0.02575102657212904,0.01429999999999998,0.07512936741113663,✓,?,0.0382381947712762,0.002263575792312622,0.03226807340979576,0.03226807340979576,9216.0,0.006425097584724426,0.006044743582606316,0.005844490975141526,0.013881613445378166,0.01429999999999998,0.013700000000000045,cnn-4_mnist_learnt_gaussian_sig0.03_bounded-pmin1e-05_epoch5_bs250_lr0.001_mon0.95_dp0.2_objective-channel_gradient-chan0.01-bec-outage0.1-spec-kl1.0_perc-pri0.5_epoch-pri70_bs-pri250_lr-pri0.005_mom-pri0.99_dp-pri0.2_seed7,bec-outage0.1_chan-layer2_mcsamples500_norm-spec_seed7_bounds.json
cnn-4,mnist,5.0,bec,outage 0.1,spec,channel_grad,0.001,1.0,0.1,0.005721988156437874,0.013900200000000001,0.00604044571518898,0.08759242296218872,✓,?,0.025737860888589505,0.01429999999999998,0.07511107623577118,✓,?,0.03821920832633885,0.009644657373428345,0.03223280981183052,0.03223280981183052,9216.0,0.006417952012270689,0.00604044571518898,0.005839144065976143,0.01386937815126052,0.01429999999999998,0.013700000000000045,cnn-4_mnist_learnt_gaussian_sig0.03_bounded-pmin1e-05_epoch5_bs250_lr0.001_mon0.95_dp0.2_objective-channel_gradient-chan0.1-bec-outage0.1-spec-kl1.0_perc-pri0.5_epoch-pri70_bs-pri250_lr-pri0.005_mom-pri0.99_dp-pri0.2_seed7,bec-outage0.1_chan-layer2_mcsamples500_norm-spec_seed7_bounds.json
cnn-4,mnist,5.0,bec,outage 0.1,spec,channel_grad,0.001,1.0,1.0,0.005679106339812279,0.013836600000000001,0.00600697509944439,0.08879715949296951,✓,?,0.02563552107354358,0.01429999999999998,0.07635487616062164,✓,?,0.038077803843623,0.40780624747276306,0.031953465193510056,0.031953465193510056,9216.0,0.006361902691423893,0.00600697509944439,0.005797009542584419,0.013779361344537826,0.01429999999999998,0.013900000000000023,cnn-4_mnist_learnt_gaussian_sig0.03_bounded-pmin1e-05_epoch5_bs250_lr0.001_mon0.95_dp0.2_objective-channel_gradient-chan1.0-bec-outage0.1-spec-kl1.0_perc-pri0.5_epoch-pri70_bs-pri250_lr-pri0.005_mom-pri0.99_dp-pri0.2_seed7,bec-outage0.1_chan-layer2_mcsamples500_norm-spec_seed7_bounds.json
cnn-4,mnist,10.0,bec,outage 0.1,spec,vanilla,0.001,1.0,0.0,0.005090740974992514,0.013148199999999997,0.004942094907164574,0.1539604043519248,✓,-,0.023808342436290597,0.013499999999999956,0.1417921764303175,✓,-,0.035976570357897884,13.565025329589844,0.04550382122397423,0.04550382122397423,9216.0,0.005381730385124683,0.004942094907164574,0.005039001628756523,0.012453042016806738,0.013499999999999956,0.012299999999999978,cnn-4_mnist_learnt_gaussian_sig0.03_bounded-pmin1e-05_epoch10_bs250_lr0.001_mon0.95_dp0.2_objective-vanilla_perc-pri0.5_epoch-pri70_bs-pri250_lr-pri0.005_mom-pri0.99_dp-pri0.2_seed7,bec-outage0.1_chan-layer2_mcsamples500_norm-spec_seed7_bounds.json
cnn-4,mnist,10.0,bec,outage 0.1,spec,channel_grad,0.001,0.0001,0.0001,0.005092989653348923,0.013100800000000001,0.004674030095338821,0.134958416223526,✓,✗,0.023846720532678695,0.01319999999999999,0.12283672392368317,✓,✓,0.035968417758082655,12.965532302856445,0.028957407921552658,0.028957407921552658,9216.0,0.005401987582445145,0.004674030095338821,0.005064535140991211,0.01244806722689078,0.01319999999999999,0.011600000000000055,cnn-4_mnist_learnt_gaussian_sig0.03_bounded-pmin1e-05_epoch10_bs250_lr0.001_mon0.95_dp0.2_objective-channel_gradient-chan0.0001-bec-outage0.1-spec-kl0.0001_perc-pri0.5_epoch-pri70_bs-pri250_lr-pri0.005_mom-pri0.99_dp-pri0.2_seed7,bec-outage0.1_chan-layer2_mcsamples500_norm-spec_seed7_bounds.json
cnn-4,mnist,10.0,bec,outage 0.1,spec,channel_grad,0.001,0.0001,0.001,0.005090049002319574,0.013096600000000002,0.004671469330787659,0.1354476809501648,✓,✓,0.02383888723405888,0.01319999999999999,0.12332748621702194,✓,✓,0.03595907233504978,13.0940523147583,0.028931329026818275,0.028931329026818275,9216.0,0.005397872067987919,0.004671469330787659,0.005062120035290718,0.012442352941176493,0.01319999999999999,0.011600000000000055,cnn-4_mnist_learnt_gaussian_sig0.03_bounded-pmin1e-05_epoch10_bs250_lr0.001_mon0.95_dp0.2_objective-channel_gradient-chan0.001-bec-outage0.1-spec-kl0.0001_perc-pri0.5_epoch-pri70_bs-pri250_lr-pri0.005_mom-pri0.99_dp-pri0.2_seed7,bec-outage0.1_chan-layer2_mcsamples500_norm-spec_seed7_bounds.json
cnn-4,mnist,10.0,bec,outage 0.1,spec,channel_grad,0.001,0.0001,0.01,0.005059868097305298,0.0130726,0.004645516350865364,0.14040501415729523,✓,✓,0.023764301138852122,0.01319999999999999,0.12828876078128815,✓,✓,0.03588055505033901,14.384268760681152,0.028699906542897224,0.028699906542897224,9216.0,0.0053586033172905445,0.004645516350865364,0.005036978796124458,0.012393277310924395,0.01319999999999999,0.011600000000000055,cnn-4_mnist_learnt_gaussian_sig0.03_bounded-pmin1e-05_epoch10_bs250_lr0.001_mon0.95_dp0.2_objective-channel_gradient-chan0.01-bec-outage0.1-spec-kl0.0001_perc-pri0.5_epoch-pri70_bs-pri250_lr-pri0.005_mom-pri0.99_dp-pri0.2_seed7,bec-outage0.1_chan-layer2_mcsamples500_norm-spec_seed7_bounds.json
cnn-4,mnist,10.0,bec,outage 0.1,spec,channel_grad,0.001,0.001,0.0001,0.0051302239298820496,0.013137200000000002,0.004715253412723541,0.1268860399723053,✓,✗,0.02397274916008532,0.013299999999999979,0.11475387960672379,✓,✓,0.03610490411506895,10.917330741882324,0.02911028452217579,0.02911028452217579,9216.0,0.005468549206852913,0.004715253412723541,0.005100889503955841,0.012533378151260523,0.013299999999999979,0.011700000000000044,cnn-4_mnist_learnt_gaussian_sig0.03_bounded-pmin1e-05_epoch10_bs250_lr0.001_mon0.95_dp0.2_objective-channel_gradient-chan0.0001-bec-outage0.1-spec-kl0.001_perc-pri0.5_epoch-pri70_bs-pri250_lr-pri0.005_mom-pri0.99_dp-pri0.2_seed7,bec-outage0.1_chan-layer2_mcsamples500_norm-spec_seed7_bounds.json
cnn-4,mnist,10.0,bec,outage 0.1,spec,channel_grad,0.001,0.001,0.001,0.005127207841724157,0.013133600000000004,0.004712639749050141,0.127299502491951,✓,✗,0.023965560601625385,0.013299999999999979,0.1151670590043068,✓,✓,0.0360980103659604,11.025491714477539,0.02908908762037754,0.02908908762037754,9216.0,0.005464606918394566,0.004712639749050141,0.005098048970103264,0.012529210084033631,0.013299999999999979,0.011700000000000044,cnn-4_mnist_learnt_gaussian_sig0.03_bounded-pmin1e-05_epoch10_bs250_lr0.001_mon0.95_dp0.2_objective-channel_gradient-chan0.001-bec-outage0.1-spec-kl0.001_perc-pri0.5_epoch-pri70_bs-pri250_lr-pri0.005_mom-pri0.99_dp-pri0.2_seed7,bec-outage0.1_chan-layer2_mcsamples500_norm-spec_seed7_bounds.json
cnn-4,mnist,10.0,bec,outage 0.1,spec,channel_grad,0.001,0.001,0.01,0.005098078399896622,0.013109799999999998,0.004686768725514412,0.13176870346069336,✓,✗,0.0238916852973397,0.013299999999999979,0.11963897198438644,✓,✓,0.03602142460203213,12.175753593444824,0.028938954696059227,0.028938954696059227,9216.0,0.005425574257969856,0.004686768725514412,0.005074409767985344,0.01248114285714287,0.013299999999999979,0.011600000000000055,cnn-4_mnist_learnt_gaussian_sig0.03_bounded-pmin1e-05_epoch10_bs250_lr0.001_mon0.95_dp0.2_objective-channel_gradient-chan0.01-bec-outage0.1-spec-kl0.001_perc-pri0.5_epoch-pri70_bs-pri250_lr-pri0.005_mom-pri0.99_dp-pri0.2_seed7,bec-outage0.1_chan-layer2_mcsamples500_norm-spec_seed7_bounds.json
cnn-4,mnist,10.0,bec,outage 0.1,spec,channel_grad,0.001,0.01,0.0001,0.005382743198424578,0.0133898,0.005009153485298156,0.09547622501850128,✓,✗,0.024770474013917677,0.014100000000000001,0.08324182033538818,✓,✗,0.03700488116791466,2.7455413341522217,0.030161689966917038,0.030161689966917038,9216.0,0.005893537774682045,0.005009153485298156,0.0053189054131507875,0.013099092436974814,0.014100000000000001,0.011700000000000044,cnn-4_mnist_learnt_gaussian_sig0.03_bounded-pmin1e-05_epoch10_bs250_lr0.001_mon0.95_dp0.2_objective-channel_gradient-chan0.0001-bec-outage0.1-spec-kl0.01_perc-pri0.5_epoch-pri70_bs-pri250_lr-pri0.005_mom-pri0.99_dp-pri0.2_seed7,bec-outage0.1_chan-layer2_mcsamples500_norm-spec_seed7_bounds.json
cnn-4,mnist,10.0,bec,outage 0.1,spec,channel_grad,0.001,0.01,0.001,0.0053809089586138725,0.013388400000000005,0.005007096007466317,0.09557666629552841,✓,✗,0.024766078645167455,0.014100000000000001,0.08334388583898544,✓,✗,0.03699885469074231,2.7749416828155518,0.030148128047585487,0.030148128047585487,9216.0,0.005890990141779184,0.005007096007466317,0.005317395925521851,0.01309532773109246,0.014100000000000001,0.011700000000000044,cnn-4_mnist_learnt_gaussian_sig0.03_bounded-pmin1e-05_epoch10_bs250_lr0.001_mon0.95_dp0.2_objective-channel_gradient-chan0.001-bec-outage0.1-spec-kl0.01_perc-pri0.5_epoch-pri70_bs-pri250_lr-pri0.005_mom-pri0.99_dp-pri0.2_seed7,bec-outage0.1_chan-layer2_mcsamples500_norm-spec_seed7_bounds.json
cnn-4,mnist,10.0,bec,outage 0.1,spec,channel_grad,0.001,0.01,0.01,0.005361811723560095,0.013367400000000003,0.004986230656504631,0.09670570674929463,✓,✗,0.024717222152468975,0.01419999999999999,0.08447843310458199,✓,✗,0.03694449579718162,3.0939388275146484,0.030029229819774628,0.030029229819774628,9216.0,0.0058648656122386456,0.004986230656504631,0.005301481485366822,0.013060840336134473,0.01419999999999999,0.011700000000000044,cnn-4_mnist_learnt_gaussian_sig0.03_bounded-pmin1e-05_epoch10_bs250_lr0.001_mon0.95_dp0.2_objective-channel_gradient-chan0.01-bec-outage0.1-spec-kl0.01_perc-pri0.5_epoch-pri70_bs-pri250_lr-pri0.005_mom-pri0.99_dp-pri0.2_seed7,bec-outage0.1_chan-layer2_mcsamples500_norm-spec_seed7_bounds.json
cnn-4,mnist,10.0,bec,outage 0.1,spec,channel_grad,0.001,0.01,0.1,0.005197843536734581,0.013205400000000003,0.004820793494582176,0.1132530355999178,✓,✗,0.024303005669443187,0.013900000000000023,0.10108215762368356,✓,✗,0.03647388364567744,7.47112512588501,0.029177382588386536,0.029177382588386536,9216.0,0.005643699783831835,0.004820793494582176,0.005173130333423615,0.012764773109243718,0.013900000000000023,0.011800000000000033,cnn-4_mnist_learnt_gaussian_sig0.03_bounded-pmin1e-05_epoch10_bs250_lr0.001_mon0.95_dp0.2_objective-channel_gradient-chan0.1-bec-outage0.1-spec-kl0.01_perc-pri0.5_epoch-pri70_bs-pri250_lr-pri0.005_mom-pri0.99_dp-pri0.2_seed7,bec-outage0.1_chan-layer2_mcsamples500_norm-spec_seed7_bounds.json
cnn-4,mnist,10.0,bec,outage 0.1,spec,channel_grad,0.001,0.01,1.0,0.004363836254924536,0.012904599999999999,0.00412813238799572,0.5729091222872897,✓,✓,0.022065438918169297,0.0131,0.5603387460598748,✓,✓,0.034635815145584226,121.94760131835938,0.02332328073680401,0.02332328073680401,9216.0,0.004481957759708166,0.00412813238799572,0.004436774551868439,0.011620302521008421,0.0131,0.012199999999999989,cnn-4_mnist_learnt_gaussian_sig0.03_bounded-pmin1e-05_epoch10_bs250_lr0.001_mon0.95_dp0.2_objective-channel_gradient-chan1.0-bec-outage0.1-spec-kl0.01_perc-pri0.5_epoch-pri70_bs-pri250_lr-pri0.005_mom-pri0.99_dp-pri0.2_seed7,bec-outage0.1_chan-layer2_mcsamples500_norm-spec_seed7_bounds.json
cnn-4,mnist,10.0,bec,outage 0.1,spec,channel_grad,0.001,0.1,0.01,0.005659565329551697,0.013770600000000001,0.005382787808775902,0.08697652550855348,✓,✗,0.025586877909682764,0.01539999999999997,0.07456236177532645,✓,✗,0.038001041642909794,0.08722087740898132,0.03151837736368179,0.03151837736368179,9216.0,0.006335490383207798,0.005382787808775902,0.0055555891245603565,0.013730554621848757,0.01539999999999997,0.012700000000000045,cnn-4_mnist_learnt_gaussian_sig0.03_bounded-pmin1e-05_epoch10_bs250_lr0.001_mon0.95_dp0.2_objective-channel_gradient-chan0.01-bec-outage0.1-spec-kl0.1_perc-pri0.5_epoch-pri70_bs-pri250_lr-pri0.005_mom-pri0.99_dp-pri0.2_seed7,bec-outage0.1_chan-layer2_mcsamples500_norm-spec_seed7_bounds.json
cnn-4,mnist,10.0,bec,outage 0.1,spec,channel_grad,0.001,0.1,0.1,0.005615666508674622,0.013711,0.005319641530513763,0.08750025428964467,✓,✗,0.025473974964726368,0.01529999999999998,0.07512427173894567,✓,✗,0.037849957515425366,0.2667178511619568,0.03146039694547653,0.03146039694547653,9216.0,0.006273992825299501,0.005319641530513763,0.005516955628991127,0.013634487394958013,0.01529999999999998,0.012599999999999945,cnn-4_mnist_learnt_gaussian_sig0.03_bounded-pmin1e-05_epoch10_bs250_lr0.001_mon0.95_dp0.2_objective-channel_gradient-chan0.1-bec-outage0.1-spec-kl0.1_perc-pri0.5_epoch-pri70_bs-pri250_lr-pri0.005_mom-pri0.99_dp-pri0.2_seed7,bec-outage0.1_chan-layer2_mcsamples500_norm-spec_seed7_bounds.json
cnn-4,mnist,10.0,bec,outage 0.1,spec,channel_grad,0.001,0.1,1.0,0.005331477150321007,0.013378999999999999,0.004958173260092735,0.1092216333605396,✓,✗,0.024746111682318068,0.01419999999999999,0.09699716341282477,✓,✗,0.036970581630032896,6.275721549987793,0.029529497027397156,0.029529497027397156,9216.0,0.005880300886929035,0.004958173260092735,0.005291009694337845,0.013077445378151278,0.01419999999999999,0.012199999999999989,cnn-4_mnist_learnt_gaussian_sig0.03_bounded-pmin1e-05_epoch10_bs250_lr0.001_mon0.95_dp0.2_objective-channel_gradient-chan1.0-bec-outage0.1-spec-kl0.1_perc-pri0.5_epoch-pri70_bs-pri250_lr-pri0.005_mom-pri0.99_dp-pri0.2_seed7,bec-outage0.1_chan-layer2_mcsamples500_norm-spec_seed7_bounds.json
cnn-4,mnist,10.0,bec,outage 0.1,spec,channel_grad,0.001,1.0,0.01,0.005717614199966192,0.013862799999999998,0.005468008667230606,0.087142677131463,✓,✗,0.0257446178458017,0.015499999999999958,0.07465889408366186,✓,✗,0.03822840089360283,0.003314763307571411,0.031799715012311935,0.031799715012311935,9216.0,0.006421460770070553,0.005468008667230606,0.005609627068042755,0.013875428571428592,0.015499999999999958,0.012599999999999945,cnn-4_mnist_learnt_gaussian_sig0.03_bounded-pmin1e-05_epoch10_bs250_lr0.001_mon0.95_dp0.2_objective-channel_gradient-chan0.01-bec-outage0.1-spec-kl1.0_perc-pri0.5_epoch-pri70_bs-pri250_lr-pri0.005_mom-pri0.99_dp-pri0.2_seed7,bec-outage0.1_chan-layer2_mcsamples500_norm-spec_seed7_bounds.json
cnn-4,mnist,10.0,bec,outage 0.1,spec,channel_grad,0.001,1.0,0.1,0.005710306111723185,0.0138524,0.005456574633717537,0.08711250800565246,✓,✗,0.025724630277907872,0.015499999999999958,0.07463851271079483,✓,✗,0.0381986255727655,0.01246654987335205,0.031761959195137024,0.031761959195137024,9216.0,0.006410740315914154,0.005456574633717537,0.00560261458158493,0.013856470588235314,0.015499999999999958,0.012499999999999956,cnn-4_mnist_learnt_gaussian_sig0.03_bounded-pmin1e-05_epoch10_bs250_lr0.001_mon0.95_dp0.2_objective-channel_gradient-chan0.1-bec-outage0.1-spec-kl1.0_perc-pri0.5_epoch-pri70_bs-pri250_lr-pri0.005_mom-pri0.99_dp-pri0.2_seed7,bec-outage0.1_chan-layer2_mcsamples500_norm-spec_seed7_bounds.json
cnn-4,mnist,10.0,bec,outage 0.1,spec,channel_grad,0.001,1.0,1.0,0.005641523748636246,0.013732200000000003,0.005347361415624618,0.08860081991257177,✓,✗,0.02554087975697657,0.01539999999999997,0.07621007660447121,✓,✗,0.03793162306507712,0.5285987854003906,0.03141017258167267,0.03141017258167267,9216.0,0.006310326978564262,0.005347361415624618,0.005537743121385575,0.013686386554621866,0.01539999999999997,0.012599999999999945,cnn-4_mnist_learnt_gaussian_sig0.03_bounded-pmin1e-05_epoch10_bs250_lr0.001_mon0.95_dp0.2_objective-channel_gradient-chan1.0-bec-outage0.1-spec-kl1.0_perc-pri0.5_epoch-pri70_bs-pri250_lr-pri0.005_mom-pri0.99_dp-pri0.2_seed7,bec-outage0.1_chan-layer2_mcsamples500_norm-spec_seed7_bounds.json
cnn-4,mnist,20.0,bec,outage 0.1,spec,vanilla,0.001,1.0,0.0,0.004786162171512842,0.012928400000000001,0.004669194296002388,0.2567816300773114,✓,-,0.022766675829852832,0.01319999999999999,0.24459130247522035,✓,-,0.034957003431943925,39.0007209777832,0.04550382122397423,0.04550382122397423,9216.0,0.004839545115828514,0.004669194296002388,0.004714740812778473,0.011818890756302537,0.01319999999999999,0.011499999999999955,cnn-4_mnist_learnt_gaussian_sig0.03_bounded-pmin1e-05_epoch20_bs250_lr0.001_mon0.95_dp0.2_objective-vanilla_perc-pri0.5_epoch-pri70_bs-pri250_lr-pri0.005_mom-pri0.99_dp-pri0.2_seed7,bec-outage0.1_chan-layer2_mcsamples500_norm-spec_seed7_bounds.json
cnn-4,mnist,20.0,bec,outage 0.1,spec,channel_grad,0.001,0.0001,0.0001,0.004779291804879904,0.012913399999999998,0.004748611524701118,0.2307448536157608,✓,✓,0.022844908909193794,0.01429999999999998,0.21861273050308228,✓,✓,0.03497702821656019,36.9181022644043,0.027949267998337746,0.027949267998337746,9216.0,0.004879831336438656,0.004748611524701118,0.004707984626293182,0.01183119327731094,0.01429999999999998,0.011700000000000044,cnn-4_mnist_learnt_gaussian_sig0.03_bounded-pmin1e-05_epoch20_bs250_lr0.001_mon0.95_dp0.2_objective-channel_gradient-chan0.0001-bec-outage0.1-spec-kl0.0001_perc-pri0.5_epoch-pri70_bs-pri250_lr-pri0.005_mom-pri0.99_dp-pri0.2_seed7,bec-outage0.1_chan-layer2_mcsamples500_norm-spec_seed7_bounds.json
cnn-4,mnist,20.0,bec,outage 0.1,spec,channel_grad,0.001,0.0001,0.001,0.004775100387632847,0.012908800000000002,0.004744376614689827,0.23216234147548676,✓,✓,0.02283378113754765,0.01429999999999998,0.22003282606601715,✓,✓,0.03496329859667706,37.27569580078125,0.027920618653297424,0.027920618653297424,9216.0,0.004874056205153465,0.004744376614689827,0.004703639447689057,0.011822924369747911,0.01429999999999998,0.011700000000000044,cnn-4_mnist_learnt_gaussian_sig0.03_bounded-pmin1e-05_epoch20_bs250_lr0.001_mon0.95_dp0.2_objective-channel_gradient-chan0.001-bec-outage0.1-spec-kl0.0001_perc-pri0.5_epoch-pri70_bs-pri250_lr-pri0.005_mom-pri0.99_dp-pri0.2_seed7,bec-outage0.1_chan-layer2_mcsamples500_norm-spec_seed7_bounds.json
cnn-4,mnist,20.0,bec,outage 0.1,spec,channel_grad,0.001,0.0001,0.01,0.004728483036160469,0.012882399999999999,0.004698517918586731,0.24688029289245605,✓,✓,0.022720296707337433,0.01419999999999999,0.23475809395313263,✓,✓,0.03484250115773178,41.01538848876953,0.027492132037878036,0.027492132037878036,9216.0,0.0048157526180148125,0.004698517918586731,0.0046564433723688126,0.011747966386554638,0.01419999999999999,0.011600000000000055,cnn-4_mnist_learnt_gaussian_sig0.03_bounded-pmin1e-05_epoch20_bs250_lr0.001_mon0.95_dp0.2_objective-channel_gradient-chan0.01-bec-outage0.1-spec-kl0.0001_perc-pri0.5_epoch-pri70_bs-pri250_lr-pri0.005_mom-pri0.99_dp-pri0.2_seed7,bec-outage0.1_chan-layer2_mcsamples500_norm-spec_seed7_bounds.json
cnn-4,mnist,20.0,bec,outage 0.1,spec,channel_grad,0.001,0.001,0.0001,0.004873849917203188,0.0129778,0.004825747385621071,0.18982553482055664,✓,✗,0.023184327254649084,0.014100000000000001,0.1776849925518036,✓,✗,0.03532485987837974,26.67238426208496,0.028510089963674545,0.028510089963674545,9216.0,0.005055421497672796,0.004825747385621071,0.004819648712873459,0.01204699159663867,0.014100000000000001,0.011600000000000055,cnn-4_mnist_learnt_gaussian_sig0.03_bounded-pmin1e-05_epoch20_bs250_lr0.001_mon0.95_dp0.2_objective-channel_gradient-chan0.0001-bec-outage0.1-spec-kl0.001_perc-pri0.5_epoch-pri70_bs-pri250_lr-pri0.005_mom-pri0.99_dp-pri0.2_seed7,bec-outage0.1_chan-layer2_mcsamples500_norm-spec_seed7_bounds.json
cnn-4,mnist,20.0,bec,outage 0.1,spec,channel_grad,0.001,0.001,0.001,0.004869604017585516,0.012977200000000005,0.004821427538990975,0.19091004133224487,✓,✗,0.023173629730642763,0.014100000000000001,0.1787707358598709,✓,✗,0.03531292819598589,26.948118209838867,0.028480863198637962,0.028480863198637962,9216.0,0.0050498410128057,0.004821427538990975,0.004815427958965302,0.012039596638655475,0.014100000000000001,0.011600000000000055,cnn-4_mnist_learnt_gaussian_sig0.03_bounded-pmin1e-05_epoch20_bs250_lr0.001_mon0.95_dp0.2_objective-channel_gradient-chan0.001-bec-outage0.1-spec-kl0.001_perc-pri0.5_epoch-pri70_bs-pri250_lr-pri0.005_mom-pri0.99_dp-pri0.2_seed7,bec-outage0.1_chan-layer2_mcsamples500_norm-spec_seed7_bounds.json
cnn-4,mnist,20.0,bec,outage 0.1,spec,channel_grad,0.001,0.001,0.01,0.004830703604966402,0.012953400000000002,0.00478321760892868,0.20152778923511505,✓,✗,0.023074077219052573,0.014100000000000001,0.18939287960529327,✓,✗,0.03520898829136837,29.65117645263672,0.028167348355054855,0.028167348355054855,9216.0,0.00499821687117219,0.00478321760892868,0.004776452854275704,0.011975126050420188,0.014100000000000001,0.011600000000000055,cnn-4_mnist_learnt_gaussian_sig0.03_bounded-pmin1e-05_epoch20_bs250_lr0.001_mon0.95_dp0.2_objective-channel_gradient-chan0.01-bec-outage0.1-spec-kl0.001_perc-pri0.5_epoch-pri70_bs-pri250_lr-pri0.005_mom-pri0.99_dp-pri0.2_seed7,bec-outage0.1_chan-layer2_mcsamples500_norm-spec_seed7_bounds.json
cnn-4,mnist,20.0,bec,outage 0.1,spec,channel_grad,0.001,0.01,0.0001,0.005338665097951889,0.013375999999999999,0.005248424783349037,0.09840521216392517,✓,✗,0.024710357479793787,0.014700000000000046,0.08618903160095215,✓,✗,0.03692654697532113,3.236039638519287,0.03116656467318535,0.03116656467318535,9216.0,0.005861250683665276,0.005248424783349037,0.005329878628253936,0.013049680672268926,0.014700000000000046,0.011800000000000033,cnn-4_mnist_learnt_gaussian_sig0.03_bounded-pmin1e-05_epoch20_bs250_lr0.001_mon0.95_dp0.2_objective-channel_gradient-chan0.0001-bec-outage0.1-spec-kl0.01_perc-pri0.5_epoch-pri70_bs-pri250_lr-pri0.005_mom-pri0.99_dp-pri0.2_seed7,bec-outage0.1_chan-layer2_mcsamples500_norm-spec_seed7_bounds.json
cnn-4,mnist,20.0,bec,outage 0.1,spec,channel_grad,0.001,0.01,0.001,0.005336937960237265,0.013374599999999999,0.005246842652559281,0.09851627051830292,✓,✗,0.024705435397226503,0.014599999999999946,0.0863010585308075,✓,✗,0.036920651466771585,3.269624710083008,0.031146403402090073,0.031146403402090073,9216.0,0.0058586494997143745,0.005246842652559281,0.00532817430794239,0.013046050420168086,0.014599999999999946,0.011800000000000033,cnn-4_mnist_learnt_gaussian_sig0.03_bounded-pmin1e-05_epoch20_bs250_lr0.001_mon0.95_dp0.2_objective-channel_gradient-chan0.001-bec-outage0.1-spec-kl0.01_perc-pri0.5_epoch-pri70_bs-pri250_lr-pri0.005_mom-pri0.99_dp-pri0.2_seed7,bec-outage0.1_chan-layer2_mcsamples500_norm-spec_seed7_bounds.json
cnn-4,mnist,20.0,bec,outage 0.1,spec,channel_grad,0.001,0.01,0.01,0.005318222567439079,0.0133572,0.005228767171502113,0.09974593753926878,✓,✗,0.02465624389271507,0.014700000000000046,0.08753946771489637,✓,✗,0.036862713717087464,3.6305055618286133,0.030960718169808388,0.030960718169808388,9216.0,0.005832185037434101,0.005228767171502113,0.0053091786801815035,0.013009344537815146,0.014700000000000046,0.011800000000000033,cnn-4_mnist_learnt_gaussian_sig0.03_bounded-pmin1e-05_epoch20_bs250_lr0.001_mon0.95_dp0.2_objective-channel_gradient-chan0.01-bec-outage0.1-spec-kl0.01_perc-pri0.5_epoch-pri70_bs-pri250_lr-pri0.005_mom-pri0.99_dp-pri0.2_seed7,bec-outage0.1_chan-layer2_mcsamples500_norm-spec_seed7_bounds.json
cnn-4,mnist,20.0,bec,outage 0.1,spec,channel_grad,0.001,0.01,0.1,0.005160636734217405,0.013236000000000001,0.005069112032651901,0.118168119240124,✓,✗,0.024226450646934614,0.014599999999999946,0.10599964288873812,✓,✗,0.03639492699832051,8.60560417175293,0.029539931565523148,0.029539931565523148,9216.0,0.005602889694273472,0.005069112032651901,0.005149299651384354,0.012715226890756322,0.014599999999999946,0.011600000000000055,cnn-4_mnist_learnt_gaussian_sig0.03_bounded-pmin1e-05_epoch20_bs250_lr0.001_mon0.95_dp0.2_objective-channel_gradient-chan0.1-bec-outage0.1-spec-kl0.01_perc-pri0.5_epoch-pri70_bs-pri250_lr-pri0.005_mom-pri0.99_dp-pri0.2_seed7,bec-outage0.1_chan-layer2_mcsamples500_norm-spec_seed7_bounds.json
cnn-4,mnist,20.0,bec,outage 0.1,spec,channel_grad,0.001,0.01,1.0,0.004328814800828695,0.012914000000000002,0.004270701482892036,0.6100538193147265,✓,✓,0.021964675349876214,0.013800000000000034,0.5974403774369704,✓,✓,0.03457811722763229,131.15850830078125,0.022922305390238762,0.022922305390238762,9216.0,0.004431091248989105,0.004270701482892036,0.004302303120493889,0.01158487394957985,0.013800000000000034,0.011199999999999988,cnn-4_mnist_learnt_gaussian_sig0.03_bounded-pmin1e-05_epoch20_bs250_lr0.001_mon0.95_dp0.2_objective-channel_gradient-chan1.0-bec-outage0.1-spec-kl0.01_perc-pri0.5_epoch-pri70_bs-pri250_lr-pri0.005_mom-pri0.99_dp-pri0.2_seed7,bec-outage0.1_chan-layer2_mcsamples500_norm-spec_seed7_bounds.json
cnn-4,mnist,20.0,bec,outage 0.1,spec,channel_grad,0.001,0.1,0.01,0.005650607403367758,0.013813399999999998,0.005550511181354523,0.08852746879238722,✓,✗,0.02562029190352157,0.014499999999999957,0.0761258064401008,✓,✗,0.038021954255807996,0.07621923089027405,0.033093322068452835,0.033093322068452835,9216.0,0.00635361997410655,0.005550511181354523,0.00565839484333992,0.013743798319327746,0.014499999999999957,0.012399999999999967,cnn-4_mnist_learnt_gaussian_sig0.03_bounded-pmin1e-05_epoch20_bs250_lr0.001_mon0.95_dp0.2_objective-channel_gradient-chan0.01-bec-outage0.1-spec-kl0.1_perc-pri0.5_epoch-pri70_bs-pri250_lr-pri0.005_mom-pri0.99_dp-pri0.2_seed7,bec-outage0.1_chan-layer2_mcsamples500_norm-spec_seed7_bounds.json
cnn-4,mnist,20.0,bec,outage 0.1,spec,channel_grad,0.001,0.1,0.1,0.005612834822386503,0.013747800000000001,0.005508828908205032,0.08872050215720592,✓,✗,0.02551729675773912,0.014399999999999968,0.07634865889747988,✓,✗,0.03788914001746517,0.2266395092010498,0.03280508145689964,0.03280508145689964,9216.0,0.006297391839325428,0.005508828908205032,0.005623137205839157,0.01365922689075632,0.014399999999999968,0.012299999999999978,cnn-4_mnist_learnt_gaussian_sig0.03_bounded-pmin1e-05_epoch20_bs250_lr0.001_mon0.95_dp0.2_objective-channel_gradient-chan0.1-bec-outage0.1-spec-kl0.1_perc-pri0.5_epoch-pri70_bs-pri250_lr-pri0.005_mom-pri0.99_dp-pri0.2_seed7,bec-outage0.1_chan-layer2_mcsamples500_norm-spec_seed7_bounds.json
cnn-4,mnist,20.0,bec,outage 0.1,spec,channel_grad,0.001,0.1,1.0,0.0053530181758105755,0.013407999999999998,0.005230938270688057,0.1118903664289202,✓,✗,0.02478714663434257,0.01429999999999998,0.09971209381229415,✓,✗,0.036965419250968606,6.61439847946167,0.030820749700069427,0.030820749700069427,9216.0,0.005902318749576807,0.005230938270688057,0.005383661016821861,0.01307408403361346,0.01429999999999998,0.011800000000000033,cnn-4_mnist_learnt_gaussian_sig0.03_bounded-pmin1e-05_epoch20_bs250_lr0.001_mon0.95_dp0.2_objective-channel_gradient-chan1.0-bec-outage0.1-spec-kl0.1_perc-pri0.5_epoch-pri70_bs-pri250_lr-pri0.005_mom-pri0.99_dp-pri0.2_seed7,bec-outage0.1_chan-layer2_mcsamples500_norm-spec_seed7_bounds.json
cnn-4,mnist,20.0,bec,outage 0.1,spec,channel_grad,0.001,1.0,0.01,0.005701174959540367,0.013892999999999996,0.005608287453651428,0.0883843117674753,✓,✗,0.025763193305800014,0.015000000000000013,0.07593431962117533,✓,✗,0.03821318545209998,0.0032665133476257324,0.03305676206946373,0.03305676206946373,9216.0,0.00643170764669776,0.005608287453651428,0.005705475062131882,0.013865613445378174,0.015000000000000013,0.012499999999999956,cnn-4_mnist_learnt_gaussian_sig0.03_bounded-pmin1e-05_epoch20_bs250_lr0.001_mon0.95_dp0.2_objective-channel_gradient-chan0.01-bec-outage0.1-spec-kl1.0_perc-pri0.5_epoch-pri70_bs-pri250_lr-pri0.005_mom-pri0.99_dp-pri0.2_seed7,bec-outage0.1_chan-layer2_mcsamples500_norm-spec_seed7_bounds.json
cnn-4,mnist,20.0,bec,outage 0.1,spec,channel_grad,0.001,1.0,0.1,0.005697006359696388,0.013883399999999997,0.005602117255330085,0.0883743572733367,✓,✗,0.025750969496659688,0.015000000000000013,0.07592570642801434,✓,✗,0.03819962034198205,0.01099655032157898,0.03302881494164467,0.03302881494164467,9216.0,0.006425039377063513,0.005602117255330085,0.005702058970928192,0.013857008403361364,0.015000000000000013,0.012499999999999956,cnn-4_mnist_learnt_gaussian_sig0.03_bounded-pmin1e-05_epoch20_bs250_lr0.001_mon0.95_dp0.2_objective-channel_gradient-chan0.1-bec-outage0.1-spec-kl1.0_perc-pri0.5_epoch-pri70_bs-pri250_lr-pri0.005_mom-pri0.99_dp-pri0.2_seed7,bec-outage0.1_chan-layer2_mcsamples500_norm-spec_seed7_bounds.json
cnn-4,mnist,20.0,bec,outage 0.1,spec,channel_grad,0.001,1.0,1.0,0.005667272489517927,0.013840199999999999,0.005555452406406402,0.08980226042974032,✓,✗,0.02566213866117212,0.014499999999999957,0.07737415529270855,✓,✗,0.0380902437982039,0.35361188650131226,0.03316737338900566,0.03316737338900566,9216.0,0.0063764844089746475,0.005555452406406402,0.005675581097602844,0.013787294117647076,0.014499999999999957,0.012399999999999967,cnn-4_mnist_learnt_gaussian_sig0.03_bounded-pmin1e-05_epoch20_bs250_lr0.001_mon0.95_dp0.2_objective-channel_gradient-chan1.0-bec-outage0.1-spec-kl1.0_perc-pri0.5_epoch-pri70_bs-pri250_lr-pri0.005_mom-pri0.99_dp-pri0.2_seed7,bec-outage0.1_chan-layer2_mcsamples500_norm-spec_seed7_bounds.json
cnn-4,mnist,30.0,bec,outage 0.1,spec,vanilla,0.001,1.0,0.0,0.004550259560346603,0.012734999999999996,0.004500088095664978,0.38264545798301697,✓,-,0.02197875596297732,0.013299999999999979,0.37043699622154236,✓,-,0.03418719806696547,70.01950073242188,0.04550382122397423,0.04550382122397423,9216.0,0.004438175819814205,0.004500088095664978,0.004371031746268272,0.011344403361344558,0.013299999999999979,0.012499999999999956,cnn-4_mnist_learnt_gaussian_sig0.03_bounded-pmin1e-05_epoch30_bs250_lr0.001_mon0.95_dp0.2_objective-vanilla_perc-pri0.5_epoch-pri70_bs-pri250_lr-pri0.005_mom-pri0.99_dp-pri0.2_seed7,bec-outage0.1_chan-layer2_mcsamples500_norm-spec_seed7_bounds.json
cnn-4,mnist,30.0,bec,outage 0.1,spec,channel_grad,0.001,0.0001,0.0001,0.004568279720842838,0.012792199999999997,0.004728105291724205,0.34928658604621887,✓,✗,0.022080478838928053,0.01319999999999999,0.3370649218559265,✓,✗,0.03430215497474602,66.2506332397461,0.02741631492972374,0.02741631492972374,9216.0,0.0044895363971591,0.004728105291724205,0.004507150128483772,0.011414789915966402,0.01319999999999999,0.011600000000000055,cnn-4_mnist_learnt_gaussian_sig0.03_bounded-pmin1e-05_epoch30_bs250_lr0.001_mon0.95_dp0.2_objective-channel_gradient-chan0.0001-bec-outage0.1-spec-kl0.0001_perc-pri0.5_epoch-pri70_bs-pri250_lr-pri0.005_mom-pri0.99_dp-pri0.2_seed7,bec-outage0.1_chan-layer2_mcsamples500_norm-spec_seed7_bounds.json
cnn-4,mnist,30.0,bec,outage 0.1,spec,channel_grad,0.001,0.0001,0.001,0.004562649875879288,0.012789600000000003,0.004721280187368393,0.35182076692581177,✓,✗,0.022066692115119496,0.01319999999999999,0.3396018147468567,✓,✗,0.03428563914649385,66.88539123535156,0.027375629171729088,0.027375629171729088,9216.0,0.004482508637011051,0.004721280187368393,0.004501033574342728,0.011404638655462202,0.01319999999999999,0.011600000000000055,cnn-4_mnist_learnt_gaussian_sig0.03_bounded-pmin1e-05_epoch30_bs250_lr0.001_mon0.95_dp0.2_objective-channel_gradient-chan0.001-bec-outage0.1-spec-kl0.0001_perc-pri0.5_epoch-pri70_bs-pri250_lr-pri0.005_mom-pri0.99_dp-pri0.2_seed7,bec-outage0.1_chan-layer2_mcsamples500_norm-spec_seed7_bounds.json
cnn-4,mnist,30.0,bec,outage 0.1,spec,channel_grad,0.001,0.0001,0.01,0.00450427969917655,0.012755800000000005,0.0046516042202711105,0.3792566657066345,✓,✓,0.0219279250215524,0.013299999999999979,0.36703628301620483,✓,✗,0.03414832644148349,73.7491226196289,0.02692781388759613,0.02692781388759613,9216.0,0.004412528593093157,0.0046516042202711105,0.00443594828248024,0.011320537815126064,0.013299999999999979,0.011499999999999955,cnn-4_mnist_learnt_gaussian_sig0.03_bounded-pmin1e-05_epoch30_bs250_lr0.001_mon0.95_dp0.2_objective-channel_gradient-chan0.01-bec-outage0.1-spec-kl0.0001_perc-pri0.5_epoch-pri70_bs-pri250_lr-pri0.005_mom-pri0.99_dp-pri0.2_seed7,bec-outage0.1_chan-layer2_mcsamples500_norm-spec_seed7_bounds.json
cnn-4,mnist,30.0,bec,outage 0.1,spec,channel_grad,0.001,0.001,0.0001,0.004737535957247019,0.012874799999999999,0.004926621168851853,0.24864672124385834,✓,✗,0.022690965394195302,0.013000000000000012,0.23642556369304657,✓,✗,0.034912113981471794,41.157554626464844,0.02860855869948864,0.02860855869948864,9216.0,0.004800622817128897,0.004926621168851853,0.004670276120305061,0.011791260504201704,0.013000000000000012,0.011299999999999977,cnn-4_mnist_learnt_gaussian_sig0.03_bounded-pmin1e-05_epoch30_bs250_lr0.001_mon0.95_dp0.2_objective-channel_gradient-chan0.0001-bec-outage0.1-spec-kl0.001_perc-pri0.5_epoch-pri70_bs-pri250_lr-pri0.005_mom-pri0.99_dp-pri0.2_seed7,bec-outage0.1_chan-layer2_mcsamples500_norm-spec_seed7_bounds.json
cnn-4,mnist,30.0,bec,outage 0.1,spec,channel_grad,0.001,0.001,0.001,0.004732457455247641,0.0128706,0.004920906573534012,0.250310480594635,✓,✗,0.022678636988231103,0.013000000000000012,0.23808953166007996,✓,✗,0.034899588970698156,41.56536102294922,0.028619995340704918,0.028619995340704918,9216.0,0.004794350825250149,0.004920906573534012,0.004665031284093857,0.011783260504201701,0.013000000000000012,0.011299999999999977,cnn-4_mnist_learnt_gaussian_sig0.03_bounded-pmin1e-05_epoch30_bs250_lr0.001_mon0.95_dp0.2_objective-channel_gradient-chan0.001-bec-outage0.1-spec-kl0.001_perc-pri0.5_epoch-pri70_bs-pri250_lr-pri0.005_mom-pri0.99_dp-pri0.2_seed7,bec-outage0.1_chan-layer2_mcsamples500_norm-spec_seed7_bounds.json
cnn-4,mnist,30.0,bec,outage 0.1,spec,channel_grad,0.001,0.001,0.01,0.004684362560510635,0.012849799999999996,0.004866015911102295,0.2673633396625519,✓,✗,0.022558665068953605,0.013000000000000012,0.25514131784439087,✓,✗,0.03478070344696295,45.86624526977539,0.028233444318175316,0.028233444318175316,9216.0,0.004732833243906498,0.004866015911102295,0.004613180458545685,0.011709781512605063,0.013000000000000012,0.011399999999999966,cnn-4_mnist_learnt_gaussian_sig0.03_bounded-pmin1e-05_epoch30_bs250_lr0.001_mon0.95_dp0.2_objective-channel_gradient-chan0.01-bec-outage0.1-spec-kl0.001_perc-pri0.5_epoch-pri70_bs-pri250_lr-pri0.005_mom-pri0.99_dp-pri0.2_seed7,bec-outage0.1_chan-layer2_mcsamples500_norm-spec_seed7_bounds.json
cnn-4,mnist,30.0,bec,outage 0.1,spec,channel_grad,0.001,0.01,0.0001,0.005346720106899738,0.013375,0.005620768293738365,0.09870007634162903,✓,✗,0.024720086943383547,0.0131,0.08643236756324768,✓,✗,0.0369877970701252,3.286731004714966,0.031193222850561142,0.031193222850561142,9216.0,0.005866336170583963,0.005620768293738365,0.005239173769950867,0.013088336134453801,0.0131,0.012299999999999978,cnn-4_mnist_learnt_gaussian_sig0.03_bounded-pmin1e-05_epoch30_bs250_lr0.001_mon0.95_dp0.2_objective-channel_gradient-chan0.0001-bec-outage0.1-spec-kl0.01_perc-pri0.5_epoch-pri70_bs-pri250_lr-pri0.005_mom-pri0.99_dp-pri0.2_seed7,bec-outage0.1_chan-layer2_mcsamples500_norm-spec_seed7_bounds.json
cnn-4,mnist,30.0,bec,outage 0.1,spec,channel_grad,0.001,0.01,0.001,0.005344982724636793,0.0133728,0.005618887767195701,0.09881259500980377,✓,✗,0.024715319294265844,0.0131,0.08654388785362244,✓,✗,0.03698402371792711,3.318512439727783,0.031179768964648247,0.031179768964648247,9216.0,0.005863892380148172,0.005618887767195701,0.00523764006793499,0.013085915966386575,0.0131,0.012299999999999978,cnn-4_mnist_learnt_gaussian_sig0.03_bounded-pmin1e-05_epoch30_bs250_lr0.001_mon0.95_dp0.2_objective-channel_gradient-chan0.001-bec-outage0.1-spec-kl0.01_perc-pri0.5_epoch-pri70_bs-pri250_lr-pri0.005_mom-pri0.99_dp-pri0.2_seed7,bec-outage0.1_chan-layer2_mcsamples500_norm-spec_seed7_bounds.json
cnn-4,mnist,30.0,bec,outage 0.1,spec,channel_grad,0.001,0.01,0.01,0.005340149160474539,0.013368800000000005,0.00516524538397789,0.10005403533601039,✓,✗,0.024631195469223217,0.013399999999999967,0.08782728612438288,✓,✗,0.03685794468085073,3.6860954761505127,0.031046640127897263,0.031046640127897263,9216.0,0.0058187334798276424,0.00516524538397789,0.005307972058653831,0.013006386554621868,0.013399999999999967,0.012900000000000023,cnn-4_mnist_learnt_gaussian_sig0.03_bounded-pmin1e-05_epoch30_bs250_lr0.001_mon0.95_dp0.2_objective-channel_gradient-chan0.01-bec-outage0.1-spec-kl0.01_perc-pri0.5_epoch-pri70_bs-pri250_lr-pri0.005_mom-pri0.99_dp-pri0.2_seed7,bec-outage0.1_chan-layer2_mcsamples500_norm-spec_seed7_bounds.json
cnn-4,mnist,30.0,bec,outage 0.1,spec,channel_grad,0.001,0.01,0.1,0.005175780039280653,0.013230600000000004,0.005010564997792244,0.11958084340768926,✓,✗,0.02420067076998245,0.013700000000000045,0.10737949760652514,✓,✗,0.036402016571146584,8.794183731079102,0.030175693333148956,0.030175693333148956,9216.0,0.005589181557297707,0.005010564997792244,0.005119473859667778,0.012719596638655479,0.013700000000000045,0.012700000000000045,cnn-4_mnist_learnt_gaussian_sig0.03_bounded-pmin1e-05_epoch30_bs250_lr0.001_mon0.95_dp0.2_objective-channel_gradient-chan0.1-bec-outage0.1-spec-kl0.01_perc-pri0.5_epoch-pri70_bs-pri250_lr-pri0.005_mom-pri0.99_dp-pri0.2_seed7,bec-outage0.1_chan-layer2_mcsamples500_norm-spec_seed7_bounds.json
cnn-4,mnist,30.0,bec,outage 0.1,spec,channel_grad,0.001,0.01,1.0,0.0043080342002213,0.012931799999999999,0.004191259667277336,0.6230768927630508,✓,✓,0.021896544123331696,0.013000000000000012,0.6103003587062517,✓,✗,0.03467307818013081,134.03720092773438,0.02409820444881916,0.02409820444881916,9216.0,0.004396774340420961,0.004191259667277336,0.0041530471295118335,0.01164349579831935,0.013000000000000012,0.0121,cnn-4_mnist_learnt_gaussian_sig0.03_bounded-pmin1e-05_epoch30_bs250_lr0.001_mon0.95_dp0.2_objective-channel_gradient-chan1.0-bec-outage0.1-spec-kl0.01_perc-pri0.5_epoch-pri70_bs-pri250_lr-pri0.005_mom-pri0.99_dp-pri0.2_seed7,bec-outage0.1_chan-layer2_mcsamples500_norm-spec_seed7_bounds.json
cnn-4,mnist,30.0,bec,outage 0.1,spec,channel_grad,0.001,0.1,0.01,0.005655016750097275,0.013807799999999997,0.005936953797936439,0.08812356404968408,✓,✗,0.02562118215938011,0.013599999999999945,0.07568031166248428,✓,✗,0.03806443454657991,0.0864725410938263,0.03260507807135582,0.03260507807135582,9216.0,0.006354044657200575,0.005936953797936439,0.005499478057026863,0.013770957983193303,0.013599999999999945,0.012499999999999956,cnn-4_mnist_learnt_gaussian_sig0.03_bounded-pmin1e-05_epoch30_bs250_lr0.001_mon0.95_dp0.2_objective-channel_gradient-chan0.01-bec-outage0.1-spec-kl0.1_perc-pri0.5_epoch-pri70_bs-pri250_lr-pri0.005_mom-pri0.99_dp-pri0.2_seed7,bec-outage0.1_chan-layer2_mcsamples500_norm-spec_seed7_bounds.json
cnn-4,mnist,30.0,bec,outage 0.1,spec,channel_grad,0.001,0.1,0.1,0.005632602609694004,0.013721599999999992,0.005434142425656319,0.08839492263086365,✓,✗,0.025486206439633938,0.013499999999999956,0.07602666715900247,✓,✗,0.037854461911495114,0.26069673895835876,0.032375141978263855,0.032375141978263855,9216.0,0.006280667148530483,0.005434142425656319,0.005649241432547569,0.01363717647058826,0.013499999999999956,0.013599999999999945,cnn-4_mnist_learnt_gaussian_sig0.03_bounded-pmin1e-05_epoch30_bs250_lr0.001_mon0.95_dp0.2_objective-channel_gradient-chan0.1-bec-outage0.1-spec-kl0.1_perc-pri0.5_epoch-pri70_bs-pri250_lr-pri0.005_mom-pri0.99_dp-pri0.2_seed7,bec-outage0.1_chan-layer2_mcsamples500_norm-spec_seed7_bounds.json
cnn-4,mnist,30.0,bec,outage 0.1,spec,channel_grad,0.001,0.1,1.0,0.0053969877772033215,0.013430600000000001,0.005176760256290436,0.1144193476272192,✓,✗,0.02480138339092731,0.012900000000000023,0.10224796179907739,✓,✗,0.036972769219069127,7.219945907592773,0.030870243906974792,0.030870243906974792,9216.0,0.005910066422075033,0.005176760256290436,0.005370935425162315,0.01307872268907565,0.012900000000000023,0.012800000000000034,cnn-4_mnist_learnt_gaussian_sig0.03_bounded-pmin1e-05_epoch30_bs250_lr0.001_mon0.95_dp0.2_objective-channel_gradient-chan1.0-bec-outage0.1-spec-kl0.1_perc-pri0.5_epoch-pri70_bs-pri250_lr-pri0.005_mom-pri0.99_dp-pri0.2_seed7,bec-outage0.1_chan-layer2_mcsamples500_norm-spec_seed7_bounds.json
cnn-4,mnist,30.0,bec,outage 0.1,spec,channel_grad,0.001,1.0,0.01,0.005712058395147324,0.013898400000000002,0.005994927883148193,0.08819262670928635,✓,✗,0.025781755805180415,0.013800000000000034,0.0756793493426966,✓,✗,0.03829503317177017,0.0025420784950256348,0.032786186784505844,0.032786186784505844,9216.0,0.006441941484808922,0.005994927883148193,0.0055412095040082935,0.013917714285714302,0.013800000000000034,0.012700000000000045,cnn-4_mnist_learnt_gaussian_sig0.03_bounded-pmin1e-05_epoch30_bs250_lr0.001_mon0.95_dp0.2_objective-channel_gradient-chan0.01-bec-outage0.1-spec-kl1.0_perc-pri0.5_epoch-pri70_bs-pri250_lr-pri0.005_mom-pri0.99_dp-pri0.2_seed7,bec-outage0.1_chan-layer2_mcsamples500_norm-spec_seed7_bounds.json
cnn-4,mnist,30.0,bec,outage 0.1,spec,channel_grad,0.001,1.0,0.1,0.005712335463613272,0.013900200000000001,0.005994191765785218,0.08822212920485074,✓,✗,0.025780440074329523,0.013800000000000034,0.0757118428179657,✓,✗,0.038290726461214585,0.01276177167892456,0.03277827426791191,0.03277827426791191,9216.0,0.006441082805395126,0.005994191765785218,0.00554044134914875,0.013915226890756324,0.013800000000000034,0.012700000000000045,cnn-4_mnist_learnt_gaussian_sig0.03_bounded-pmin1e-05_epoch30_bs250_lr0.001_mon0.95_dp0.2_objective-channel_gradient-chan0.1-bec-outage0.1-spec-kl1.0_perc-pri0.5_epoch-pri70_bs-pri250_lr-pri0.005_mom-pri0.99_dp-pri0.2_seed7,bec-outage0.1_chan-layer2_mcsamples500_norm-spec_seed7_bounds.json
cnn-4,mnist,30.0,bec,outage 0.1,spec,channel_grad,0.001,1.0,1.0,0.005722089670598507,0.013919999999999998,0.005993512645363808,0.09055242148456089,✓,✗,0.025782889809657577,0.013599999999999945,0.07803763303409231,✓,✗,0.038297678260126145,0.6060485243797302,0.03267953172326088,0.03267953172326088,9216.0,0.006442614831030369,0.005993512645363808,0.0055390212684869765,0.013919462184873964,0.013599999999999945,0.013000000000000012,cnn-4_mnist_learnt_gaussian_sig0.03_bounded-pmin1e-05_epoch30_bs250_lr0.001_mon0.95_dp0.2_objective-channel_gradient-chan1.0-bec-outage0.1-spec-kl1.0_perc-pri0.5_epoch-pri70_bs-pri250_lr-pri0.005_mom-pri0.99_dp-pri0.2_seed7,bec-outage0.1_chan-layer2_mcsamples500_norm-spec_seed7_bounds.json
cnn-4,mnist,40.0,bec,outage 0.1,spec,vanilla,0.001,1.0,0.0,0.00433837017044425,0.0126496,0.004105976596474647,0.5294313819904242,✓,-,0.021329386299905016,0.011900000000000022,0.5172050522009131,✓,-,0.03355571608941614,106.12924194335938,0.04550382122397423,0.04550382122397423,9216.0,0.004113359376788139,0.004105976596474647,0.004260792583227158,0.010957714285714298,0.011900000000000022,0.011700000000000044,cnn-4_mnist_learnt_gaussian_sig0.03_bounded-pmin1e-05_epoch40_bs250_lr0.001_mon0.95_dp0.2_objective-vanilla_perc-pri0.5_epoch-pri70_bs-pri250_lr-pri0.005_mom-pri0.99_dp-pri0.2_seed7,bec-outage0.1_chan-layer2_mcsamples500_norm-spec_seed7_bounds.json
cnn-4,mnist,50.0,bec,outage 0.1,spec,vanilla,0.001,1.0,0.0,0.004215768538415432,0.0126422,0.00411018580198288,0.6939626751682701,✓,-,0.020736426766363183,0.012900000000000023,0.6817384221144849,✓,-,0.032960679820148456,146.57676696777344,0.04550382122397423,0.04550382122397423,9216.0,0.0038217431865632534,0.00411018580198288,0.0040778819471597675,0.010595966386554637,0.012900000000000023,0.011099999999999999,cnn-4_mnist_learnt_gaussian_sig0.03_bounded-pmin1e-05_epoch50_bs250_lr0.001_mon0.95_dp0.2_objective-vanilla_perc-pri0.5_epoch-pri70_bs-pri250_lr-pri0.005_mom-pri0.99_dp-pri0.2_seed7,bec-outage0.1_chan-layer2_mcsamples500_norm-spec_seed7_bounds.json
cnn-4,mnist,50.0,bec,outage 0.1,spec,channel_grad,0.001,0.0001,0.0001,0.004232339560985565,0.012587200000000002,0.004364844039082527,0.6197798848152161,✓,✗,0.0209198052533327,0.011299999999999977,0.6076094508171082,✓,✓,0.03309019590074297,133.27235412597656,0.025506582111120224,0.025506582111120224,9216.0,0.003911412321031094,0.004364844039082527,0.004115714877843857,0.01067442016806724,0.011299999999999977,0.011700000000000044,cnn-4_mnist_learnt_gaussian_sig0.03_bounded-pmin1e-05_epoch50_bs250_lr0.001_mon0.95_dp0.2_objective-channel_gradient-chan0.0001-bec-outage0.1-spec-kl0.0001_perc-pri0.5_epoch-pri70_bs-pri250_lr-pri0.005_mom-pri0.99_dp-pri0.2_seed7,bec-outage0.1_chan-layer2_mcsamples500_norm-spec_seed7_bounds.json
cnn-4,mnist,50.0,bec,outage 0.1,spec,channel_grad,0.001,0.0001,0.001,0.004225662909448147,0.012585599999999999,0.004357446357607842,0.6250832080841064,✓,✗,0.02090286752575568,0.011199999999999988,0.6129127740859985,✓,✓,0.03307326406736429,134.59486389160156,0.025427673012018204,0.025427673012018204,9216.0,0.003903120057657361,0.004357446357607842,0.004107479006052017,0.010664336134453792,0.011199999999999988,0.011700000000000044,cnn-4_mnist_learnt_gaussian_sig0.03_bounded-pmin1e-05_epoch50_bs250_lr0.001_mon0.95_dp0.2_objective-channel_gradient-chan0.001-bec-outage0.1-spec-kl0.0001_perc-pri0.5_epoch-pri70_bs-pri250_lr-pri0.005_mom-pri0.99_dp-pri0.2_seed7,bec-outage0.1_chan-layer2_mcsamples500_norm-spec_seed7_bounds.json
cnn-4,mnist,50.0,bec,outage 0.1,spec,channel_grad,0.001,0.0001,0.01,0.004154594149440527,0.012544799999999997,0.004281250387430191,0.682231068611145,✓,✓,0.02073606337642512,0.011299999999999977,0.6700623035430908,✓,✓,0.032904851206116165,148.77255249023438,0.024863839149475098,0.024863839149475098,9216.0,0.0038216151297092438,0.004281250387430191,0.004026350006461144,0.010562016806722708,0.011299999999999977,0.011600000000000055,cnn-4_mnist_learnt_gaussian_sig0.03_bounded-pmin1e-05_epoch50_bs250_lr0.001_mon0.95_dp0.2_objective-channel_gradient-chan0.01-bec-outage0.1-spec-kl0.0001_perc-pri0.5_epoch-pri70_bs-pri250_lr-pri0.005_mom-pri0.99_dp-pri0.2_seed7,bec-outage0.1_chan-layer2_mcsamples500_norm-spec_seed7_bounds.json
cnn-4,mnist,50.0,bec,outage 0.1,spec,channel_grad,0.001,0.001,0.0001,0.004545462317764759,0.0127444,0.004703206941485405,0.34065353870391846,✓,✗,0.02206592740073162,0.011600000000000055,0.3284322917461395,✓,✗,0.03428716127981614,64.1451416015625,0.02739391103386879,0.02739391103386879,9216.0,0.004482213407754898,0.004703206941485405,0.004436636716127396,0.011405714285714307,0.011600000000000055,0.011900000000000022,cnn-4_mnist_learnt_gaussian_sig0.03_bounded-pmin1e-05_epoch50_bs250_lr0.001_mon0.95_dp0.2_objective-channel_gradient-chan0.0001-bec-outage0.1-spec-kl0.001_perc-pri0.5_epoch-pri70_bs-pri250_lr-pri0.005_mom-pri0.99_dp-pri0.2_seed7,bec-outage0.1_chan-layer2_mcsamples500_norm-spec_seed7_bounds.json
cnn-4,mnist,50.0,bec,outage 0.1,spec,channel_grad,0.001,0.001,0.001,0.004540303256362677,0.012742600000000001,0.004697713628411293,0.343159943819046,✓,✗,0.02205217305255951,0.011499999999999955,0.33093684911727905,✓,✗,0.03427528913242478,64.7723617553711,0.02735159918665886,0.02735159918665886,9216.0,0.0044752187095582485,0.004697713628411293,0.004430647566914558,0.011398386554621866,0.011499999999999955,0.011900000000000022,cnn-4_mnist_learnt_gaussian_sig0.03_bounded-pmin1e-05_epoch50_bs250_lr0.001_mon0.95_dp0.2_objective-channel_gradient-chan0.001-bec-outage0.1-spec-kl0.001_perc-pri0.5_epoch-pri70_bs-pri250_lr-pri0.005_mom-pri0.99_dp-pri0.2_seed7,bec-outage0.1_chan-layer2_mcsamples500_norm-spec_seed7_bounds.json
cnn-4,mnist,50.0,bec,outage 0.1,spec,channel_grad,0.001,0.001,0.01,0.004483985248953104,0.012716799999999999,0.004635503143072128,0.3712312579154968,✓,✗,0.021908165234803725,0.011299999999999977,0.3589935600757599,✓,✗,0.03414587304421358,71.8028564453125,0.02685043402016163,0.02685043402016163,9216.0,0.004402562975883484,0.004635503143072128,0.004369058087468148,0.01131899159663867,0.011299999999999977,0.011700000000000044,cnn-4_mnist_learnt_gaussian_sig0.03_bounded-pmin1e-05_epoch50_bs250_lr0.001_mon0.95_dp0.2_objective-channel_gradient-chan0.01-bec-outage0.1-spec-kl0.001_perc-pri0.5_epoch-pri70_bs-pri250_lr-pri0.005_mom-pri0.99_dp-pri0.2_seed7,bec-outage0.1_chan-layer2_mcsamples500_norm-spec_seed7_bounds.json
cnn-4,mnist,50.0,bec,outage 0.1,spec,channel_grad,0.001,0.01,0.0001,0.005335106980055571,0.013357000000000004,0.005627403408288956,0.09972452372312546,✓,✗,0.024679429304091553,0.013299999999999979,0.0875215083360672,✓,✗,0.036882445765730444,3.4202728271484375,0.031777843832969666,0.031777843832969666,9216.0,0.00584470434114337,0.005627403408288956,0.005154622346162796,0.013021848739495823,0.013299999999999979,0.012499999999999956,cnn-4_mnist_learnt_gaussian_sig0.03_bounded-pmin1e-05_epoch50_bs250_lr0.001_mon0.95_dp0.2_objective-channel_gradient-chan0.0001-bec-outage0.1-spec-kl0.01_perc-pri0.5_epoch-pri70_bs-pri250_lr-pri0.005_mom-pri0.99_dp-pri0.2_seed7,bec-outage0.1_chan-layer2_mcsamples500_norm-spec_seed7_bounds.json
cnn-4,mnist,50.0,bec,outage 0.1,spec,channel_grad,0.001,0.01,0.001,0.005333449691534042,0.013355200000000003,0.005625416338443756,0.09983961284160614,✓,✗,0.024675145200614108,0.013299999999999979,0.0876358225941658,✓,✗,0.036878934626173435,3.4524855613708496,0.031764935702085495,0.031764935702085495,9216.0,0.005842270329594612,0.005625416338443756,0.005153029784560203,0.013019697478991617,0.013299999999999979,0.012499999999999956,cnn-4_mnist_learnt_gaussian_sig0.03_bounded-pmin1e-05_epoch50_bs250_lr0.001_mon0.95_dp0.2_objective-channel_gradient-chan0.001-bec-outage0.1-spec-kl0.01_perc-pri0.5_epoch-pri70_bs-pri250_lr-pri0.005_mom-pri0.99_dp-pri0.2_seed7,bec-outage0.1_chan-layer2_mcsamples500_norm-spec_seed7_bounds.json
cnn-4,mnist,50.0,bec,outage 0.1,spec,channel_grad,0.001,0.01,0.01,0.0053154113702476025,0.0133364,0.0056039106100797655,0.10127673629064772,✓,✗,0.02462616719789348,0.01319999999999999,0.08907449170496537,✓,✗,0.03682841178357583,3.821354389190674,0.03174668177962303,0.03174668177962303,9216.0,0.005816024262458086,0.0056039106100797655,0.00513576865196228,0.012987697478991615,0.01319999999999999,0.012499999999999956,cnn-4_mnist_learnt_gaussian_sig0.03_bounded-pmin1e-05_epoch50_bs250_lr0.001_mon0.95_dp0.2_objective-channel_gradient-chan0.01-bec-outage0.1-spec-kl0.01_perc-pri0.5_epoch-pri70_bs-pri250_lr-pri0.005_mom-pri0.99_dp-pri0.2_seed7,bec-outage0.1_chan-layer2_mcsamples500_norm-spec_seed7_bounds.json
cnn-4,mnist,50.0,bec,outage 0.1,spec,channel_grad,0.001,0.01,0.1,0.005156801547855139,0.013210399999999999,0.0054058324545621875,0.12002871610929494,✓,✗,0.0242018952468563,0.012900000000000023,0.10787005979730499,✓,✗,0.036360551558846266,8.82896900177002,0.030523020774126053,0.030523020774126053,9216.0,0.005589946173131466,0.0054058324545621875,0.004977382346987724,0.012693512605042034,0.012900000000000023,0.012399999999999967,cnn-4_mnist_learnt_gaussian_sig0.03_bounded-pmin1e-05_epoch50_bs250_lr0.001_mon0.95_dp0.2_objective-channel_gradient-chan0.1-bec-outage0.1-spec-kl0.01_perc-pri0.5_epoch-pri70_bs-pri250_lr-pri0.005_mom-pri0.99_dp-pri0.2_seed7,bec-outage0.1_chan-layer2_mcsamples500_norm-spec_seed7_bounds.json
cnn-4,mnist,50.0,bec,outage 0.1,spec,channel_grad,0.001,0.01,1.0,0.004265889525413513,0.012881600000000003,0.004375926405191422,0.629509265539862,✓,✗,0.021883312795647203,0.011900000000000022,0.6168023937561594,✓,✗,0.03459018457934972,135.73829650878906,0.02366877719759941,0.02366877719759941,9216.0,0.004390071611851454,0.004375926405191422,0.004103968292474747,0.011592403361344553,0.011900000000000022,0.012399999999999967,cnn-4_mnist_learnt_gaussian_sig0.03_bounded-pmin1e-05_epoch50_bs250_lr0.001_mon0.95_dp0.2_objective-channel_gradient-chan1.0-bec-outage0.1-spec-kl0.01_perc-pri0.5_epoch-pri70_bs-pri250_lr-pri0.005_mom-pri0.99_dp-pri0.2_seed7,bec-outage0.1_chan-layer2_mcsamples500_norm-spec_seed7_bounds.json
cnn-4,mnist,50.0,bec,outage 0.1,spec,channel_grad,0.001,0.1,0.01,0.00565289007499814,0.013768,0.006016460061073303,0.08890303382596262,✓,✗,0.025596686571688457,0.014399999999999968,0.07650986208450739,✓,✗,0.037989858313143686,0.08411848545074463,0.033468734472990036,0.033468734472990036,9216.0,0.006340661086142063,0.006016460061073303,0.005426916107535362,0.013723428571428593,0.014399999999999968,0.013399999999999967,cnn-4_mnist_learnt_gaussian_sig0.03_bounded-pmin1e-05_epoch50_bs250_lr0.001_mon0.95_dp0.2_objective-channel_gradient-chan0.01-bec-outage0.1-spec-kl0.1_perc-pri0.5_epoch-pri70_bs-pri250_lr-pri0.005_mom-pri0.99_dp-pri0.2_seed7,bec-outage0.1_chan-layer2_mcsamples500_norm-spec_seed7_bounds.json
cnn-4,mnist,50.0,bec,outage 0.1,spec,channel_grad,0.001,0.1,0.1,0.005617407616227865,0.013723200000000003,0.005973406881093979,0.0891801790519989,✓,✗,0.025510292418974574,0.01429999999999998,0.07681132373530147,✓,✗,0.037879147735672004,0.22201845049858093,0.03329361602663994,0.03329361602663994,9216.0,0.006293631624430418,0.005973406881093979,0.005392839387059212,0.013652840336134474,0.01429999999999998,0.013299999999999979,cnn-4_mnist_learnt_gaussian_sig0.03_bounded-pmin1e-05_epoch50_bs250_lr0.001_mon0.95_dp0.2_objective-channel_gradient-chan0.1-bec-outage0.1-spec-kl0.1_perc-pri0.5_epoch-pri70_bs-pri250_lr-pri0.005_mom-pri0.99_dp-pri0.2_seed7,bec-outage0.1_chan-layer2_mcsamples500_norm-spec_seed7_bounds.json
cnn-4,mnist,50.0,bec,outage 0.1,spec,channel_grad,0.001,0.1,1.0,0.005367548670619726,0.013440800000000001,0.005684677883982659,0.11010550330933952,✓,✗,0.0248946686162831,0.013499999999999956,0.09785777041228191,✓,✗,0.037142401513340716,5.909518718719482,0.03173656389117241,0.03173656389117241,9216.0,0.005960223264992237,0.005684677883982659,0.005172521620988846,0.01318601680672271,0.013499999999999956,0.013000000000000012,cnn-4_mnist_learnt_gaussian_sig0.03_bounded-pmin1e-05_epoch50_bs250_lr0.001_mon0.95_dp0.2_objective-channel_gradient-chan1.0-bec-outage0.1-spec-kl0.1_perc-pri0.5_epoch-pri70_bs-pri250_lr-pri0.005_mom-pri0.99_dp-pri0.2_seed7,bec-outage0.1_chan-layer2_mcsamples500_norm-spec_seed7_bounds.json
cnn-4,mnist,50.0,bec,outage 0.1,spec,channel_grad,0.001,1.0,0.01,0.005708544980734587,0.01385,0.006086215749382973,0.08908810184201263,✓,✗,0.0257574179267543,0.014499999999999957,0.07664477352331074,✓,✗,0.03820074624545619,0.0020997226238250732,0.03377775475382805,0.03377775475382805,9216.0,0.006428716704249382,0.006086215749382973,0.005477676913142204,0.013857680672268922,0.014499999999999957,0.013399999999999967,cnn-4_mnist_learnt_gaussian_sig0.03_bounded-pmin1e-05_epoch50_bs250_lr0.001_mon0.95_dp0.2_objective-channel_gradient-chan0.01-bec-outage0.1-spec-kl1.0_perc-pri0.5_epoch-pri70_bs-pri250_lr-pri0.005_mom-pri0.99_dp-pri0.2_seed7,bec-outage0.1_chan-layer2_mcsamples500_norm-spec_seed7_bounds.json
cnn-4,mnist,50.0,bec,outage 0.1,spec,channel_grad,0.001,1.0,0.1,0.0056979358196258545,0.013835800000000004,0.006073052063584328,0.08903931586952026,✓,✗,0.025735747617019977,0.014499999999999957,0.07661018154956012,✓,✗,0.038164881936980116,0.01313316822052002,0.03371978923678398,0.03371978923678398,9216.0,0.006416763179004192,0.006073052063584328,0.005467519536614418,0.013834890756302544,0.014499999999999957,0.013399999999999967,cnn-4_mnist_learnt_gaussian_sig0.03_bounded-pmin1e-05_epoch50_bs250_lr0.001_mon0.95_dp0.2_objective-channel_gradient-chan0.1-bec-outage0.1-spec-kl1.0_perc-pri0.5_epoch-pri70_bs-pri250_lr-pri0.005_mom-pri0.99_dp-pri0.2_seed7,bec-outage0.1_chan-layer2_mcsamples500_norm-spec_seed7_bounds.json
cnn-4,mnist,50.0,bec,outage 0.1,spec,channel_grad,0.001,1.0,1.0,0.005600401666015387,0.013685200000000003,0.005951534584164619,0.09075604851780077,✓,✗,0.02553777414669933,0.01419999999999999,0.07844889416808572,✓,✗,0.03784492849641438,0.6028326749801636,0.033349037170410156,0.033349037170410156,9216.0,0.0063086096197366714,0.005951534584164619,0.005371296033263207,0.013631260504201707,0.01419999999999999,0.013399999999999967,cnn-4_mnist_learnt_gaussian_sig0.03_bounded-pmin1e-05_epoch50_bs250_lr0.001_mon0.95_dp0.2_objective-channel_gradient-chan1.0-bec-outage0.1-spec-kl1.0_perc-pri0.5_epoch-pri70_bs-pri250_lr-pri0.005_mom-pri0.99_dp-pri0.2_seed7,bec-outage0.1_chan-layer2_mcsamples500_norm-spec_seed7_bounds.json
cnn-4,mnist,10.0,bec,outage 0.2,spec,vanilla,0.001,1.0,0.0,0.0048000323586165905,0.013774600000000001,0.004705720394849777,0.21121126183734834,✓,-,0.022758024829979302,0.013599999999999945,0.19899093377648175,✓,-,0.0349783528908459,38.979190826416016,0.0,0.0,9216.0,0.004835084546357393,0.004705720394849777,0.004712611436843872,0.011832067226890772,0.013599999999999945,0.011499999999999955,cnn-4_mnist_learnt_gaussian_sig0.03_bounded-pmin1e-05_epoch10_bs250_lr0.001_mon0.95_dp0.2_objective-vanilla_perc-pri0.5_epoch-pri70_bs-pri250_lr-pri0.005_mom-pri0.99_dp-pri0.2_seed7,bec-outage0.2_chan-layer2_mcsamples500_norm-spec_seed7_bounds.json
cnn-4,mnist,10.0,bec,outage 0.2,spec,channel_grad,0.001,0.001,1.0,0.003897360060364008,0.013883200000000002,0.0038717761635780334,1.8241822719573975,✓,✓,0.02015700686833625,0.013399999999999967,1.8110500574111938,✓,✗,0.03328912144406312,430.2561950683594,0.017278576269745827,0.017278576269745827,9216.0,0.0035416625905781984,0.0038717761635780334,0.003684575483202934,0.01079542857142859,0.013399999999999967,0.012199999999999989,cnn-4_mnist_learnt_gaussian_sig0.03_bounded-pmin1e-05_epoch10_bs250_lr0.001_mon0.95_dp0.2_objective-channel_gradient-chan1.0-bec-outage0.2-spec-kl0.001_perc-pri0.5_epoch-pri70_bs-pri250_lr-pri0.005_mom-pri0.99_dp-pri0.2_seed7,bec-outage0.2_chan-layer2_mcsamples500_norm-spec_seed7_bounds.json
cnn-4,mnist,10.0,bec,outage 0.2,spec,channel_grad,0.001,0.005,1.0,0.004101071041077375,0.013757800000000002,0.0040289279073476795,1.0062638521194458,✓,✓,0.02111744477303331,0.013800000000000034,0.9934497475624084,✓,✓,0.03393153410572558,228.9502410888672,0.020545903593301773,0.020545903593301773,9216.0,0.004008602350950241,0.0040289279073476795,0.004083462059497833,0.011187428571428593,0.013800000000000034,0.011800000000000033,cnn-4_mnist_learnt_gaussian_sig0.03_bounded-pmin1e-05_epoch10_bs250_lr0.001_mon0.95_dp0.2_objective-channel_gradient-chan1.0-bec-outage0.2-spec-kl0.005_perc-pri0.5_epoch-pri70_bs-pri250_lr-pri0.005_mom-pri0.99_dp-pri0.2_seed7,bec-outage0.2_chan-layer2_mcsamples500_norm-spec_seed7_bounds.json
cnn-4,mnist,10.0,bec,outage 0.2,spec,channel_grad,0.001,0.01,1.0,0.004379298537969589,0.013736400000000001,0.004266846552491188,0.5729091167449951,✓,✓,0.022065438918169297,0.01319999999999999,0.5603387355804443,✓,✓,0.034635815145584226,121.94760131835938,0.02332328073680401,0.02332328073680401,9216.0,0.004481957759708166,0.004266846552491188,0.004436774551868439,0.011620302521008421,0.01319999999999999,0.012199999999999989,cnn-4_mnist_learnt_gaussian_sig0.03_bounded-pmin1e-05_epoch10_bs250_lr0.001_mon0.95_dp0.2_objective-channel_gradient-chan1.0-bec-outage0.2-spec-kl0.01_perc-pri0.5_epoch-pri70_bs-pri250_lr-pri0.005_mom-pri0.99_dp-pri0.2_seed7,bec-outage0.2_chan-layer2_mcsamples500_norm-spec_seed7_bounds.json
cnn-4,mnist,10.0,bec,outage 0.2,spec,channel_grad,0.001,0.02,1.0,0.004723160061985254,0.013785400000000001,0.0045380908995866776,0.2883615493774414,✓,✓,0.023150341095319382,0.014000000000000012,0.2760421335697174,✓,✗,0.035469752758228695,51.37656021118164,0.026046833023428917,0.026046833023428917,9216.0,0.005037717986851931,0.0045380908995866776,0.004815041646361351,0.012137008403361361,0.014000000000000012,0.011900000000000022,cnn-4_mnist_learnt_gaussian_sig0.03_bounded-pmin1e-05_epoch10_bs250_lr0.001_mon0.95_dp0.2_objective-channel_gradient-chan1.0-bec-outage0.2-spec-kl0.02_perc-pri0.5_epoch-pri70_bs-pri250_lr-pri0.005_mom-pri0.99_dp-pri0.2_seed7,bec-outage0.2_chan-layer2_mcsamples500_norm-spec_seed7_bounds.json
cnn-4,mnist,10.0,bec,outage 0.2,spec,channel_grad,0.001,0.03,1.0,0.004924810957163572,0.013879800000000003,0.004711119085550308,0.20264767110347748,✓,✗,0.023704803477598277,0.014499999999999957,0.19042719900608063,✓,✗,0.035925280167034924,29.95814323425293,0.02731775864958763,0.02731775864958763,9216.0,0.005327340681105852,0.004711119085550308,0.00500333309173584,0.012421243697479009,0.014499999999999957,0.012199999999999989,cnn-4_mnist_learnt_gaussian_sig0.03_bounded-pmin1e-05_epoch10_bs250_lr0.001_mon0.95_dp0.2_objective-channel_gradient-chan1.0-bec-outage0.2-spec-kl0.03_perc-pri0.5_epoch-pri70_bs-pri250_lr-pri0.005_mom-pri0.99_dp-pri0.2_seed7,bec-outage0.2_chan-layer2_mcsamples500_norm-spec_seed7_bounds.json
cnn-4,mnist,10.0,bec,outage 0.2,spec,channel_grad,0.001,0.04,1.0,0.005035633686929941,0.013965000000000003,0.004808414727449417,0.16470745205879211,✓,✗,0.024028812016669822,0.014399999999999968,0.15254132449626923,✓,✗,0.03619493403516258,20.46552085876465,0.027861351147294044,0.027861351147294044,9216.0,0.005498132202774286,0.004808414727449417,0.0050971247255802155,0.012589915966386573,0.014399999999999968,0.0121,cnn-4_mnist_learnt_gaussian_sig0.03_bounded-pmin1e-05_epoch10_bs250_lr0.001_mon0.95_dp0.2_objective-channel_gradient-chan1.0-bec-outage0.2-spec-kl0.04_perc-pri0.5_epoch-pri70_bs-pri250_lr-pri0.005_mom-pri0.99_dp-pri0.2_seed7,bec-outage0.2_chan-layer2_mcsamples500_norm-spec_seed7_bounds.json
cnn-4,mnist,10.0,bec,outage 0.2,spec,channel_grad,0.001,0.05,1.0,0.005101663991808891,0.013987200000000002,0.004868971183896065,0.1469830870628357,✓,✗,0.02421655148345094,0.014499999999999957,0.13483643531799316,✓,✗,0.03636319912572968,15.934256553649902,0.028467530384659767,0.028467530384659767,9216.0,0.005597633775323629,0.004868971183896065,0.005145907402038574,0.012695260504201705,0.014499999999999957,0.01200000000000001,cnn-4_mnist_learnt_gaussian_sig0.03_bounded-pmin1e-05_epoch10_bs250_lr0.001_mon0.95_dp0.2_objective-channel_gradient-chan1.0-bec-outage0.2-spec-kl0.05_perc-pri0.5_epoch-pri70_bs-pri250_lr-pri0.005_mom-pri0.99_dp-pri0.2_seed7,bec-outage0.2_chan-layer2_mcsamples500_norm-spec_seed7_bounds.json
cnn-4,mnist,10.0,bec,outage 0.2,spec,channel_grad,0.001,0.06,1.0,0.005152163561433554,0.014032999999999995,0.004923969507217407,0.1336904913187027,✓,✗,0.024377014838660793,0.01429999999999998,0.1215234026312828,✓,✗,0.036544096459781336,12.541279792785645,0.02884580008685589,0.02884580008685589,9216.0,0.005682884715497494,0.004923969507217407,0.005184671655297279,0.012808739495798332,0.01429999999999998,0.01200000000000001,cnn-4_mnist_learnt_gaussian_sig0.03_bounded-pmin1e-05_epoch10_bs250_lr0.001_mon0.95_dp0.2_objective-channel_gradient-chan1.0-bec-outage0.2-spec-kl0.06_perc-pri0.5_epoch-pri70_bs-pri250_lr-pri0.005_mom-pri0.99_dp-pri0.2_seed7,bec-outage0.2_chan-layer2_mcsamples500_norm-spec_seed7_bounds.json
cnn-4,mnist,10.0,bec,outage 0.2,spec,channel_grad,0.001,0.07,1.0,0.005195887293666601,0.0140756,0.00496722012758255,0.12455181777477264,✓,✗,0.02449744824358065,0.014399999999999968,0.11237788200378418,✓,✗,0.036671387320986265,10.209221839904785,0.029100436717271805,0.029100436717271805,9216.0,0.005747160874307156,0.00496722012758255,0.005219923332333565,0.012889008403361362,0.014399999999999968,0.0121,cnn-4_mnist_learnt_gaussian_sig0.03_bounded-pmin1e-05_epoch10_bs250_lr0.001_mon0.95_dp0.2_objective-channel_gradient-chan1.0-bec-outage0.2-spec-kl0.07_perc-pri0.5_epoch-pri70_bs-pri250_lr-pri0.005_mom-pri0.99_dp-pri0.2_seed7,bec-outage0.2_chan-layer2_mcsamples500_norm-spec_seed7_bounds.json
cnn-4,mnist,10.0,bec,outage 0.2,spec,channel_grad,0.001,0.08,1.0,0.0052302018739283085,0.014111199999999999,0.00500284768640995,0.11798572540283203,✓,✗,0.024594502296378714,0.014499999999999957,0.10579446703195572,✓,✗,0.036785763168469696,8.554627418518066,0.029174814000725746,0.029174814000725746,9216.0,0.00579921156167984,0.00500284768640995,0.005247387662529945,0.012960873949579852,0.014499999999999957,0.0121,cnn-4_mnist_learnt_gaussian_sig0.03_bounded-pmin1e-05_epoch10_bs250_lr0.001_mon0.95_dp0.2_objective-channel_gradient-chan1.0-bec-outage0.2-spec-kl0.08_perc-pri0.5_epoch-pri70_bs-pri250_lr-pri0.005_mom-pri0.99_dp-pri0.2_seed7,bec-outage0.2_chan-layer2_mcsamples500_norm-spec_seed7_bounds.json
cnn-4,mnist,10.0,bec,outage 0.2,spec,channel_grad,0.001,0.09,1.0,0.00525829428806901,0.014147600000000005,0.00502919964492321,0.11291387677192688,✓,✗,0.024675327479778204,0.014499999999999957,0.1007070243358612,✓,✗,0.036882183359116805,7.247644424438477,0.0293422844260931,0.0293422844260931,9216.0,0.005842456128448248,0.00502919964492321,0.005269959568977356,0.013021579831932794,0.014499999999999957,0.0121,cnn-4_mnist_learnt_gaussian_sig0.03_bounded-pmin1e-05_epoch10_bs250_lr0.001_mon0.95_dp0.2_objective-channel_gradient-chan1.0-bec-outage0.2-spec-kl0.09_perc-pri0.5_epoch-pri70_bs-pri250_lr-pri0.005_mom-pri0.99_dp-pri0.2_seed7,bec-outage0.2_chan-layer2_mcsamples500_norm-spec_seed7_bounds.json
cnn-4,mnist,10.0,bec,outage 0.2,spec,channel_grad,0.001,0.1,1.0,0.0052851662039756775,0.014183000000000001,0.005057963356375694,0.10922163724899292,✓,✗,0.024746111682318068,0.014499999999999957,0.09699716418981552,✓,✗,0.036970581630032896,6.275721549987793,0.029529497027397156,0.029529497027397156,9216.0,0.005880300886929035,0.005057963356375694,0.005291009694337845,0.013077445378151278,0.014499999999999957,0.012199999999999989,cnn-4_mnist_learnt_gaussian_sig0.03_bounded-pmin1e-05_epoch10_bs250_lr0.001_mon0.95_dp0.2_objective-channel_gradient-chan1.0-bec-outage0.2-spec-kl0.1_perc-pri0.5_epoch-pri70_bs-pri250_lr-pri0.005_mom-pri0.99_dp-pri0.2_seed7,bec-outage0.2_chan-layer2_mcsamples500_norm-spec_seed7_bounds.json
cnn-4,mnist,10.0,bec,outage 0.2,spec,channel_grad,0.001,0.5,1.0,0.005519449710845947,0.014452600000000005,0.005343199148774147,0.09064944088459015,✓,✗,0.025385627523779857,0.015199999999999991,0.07830092310905457,✓,✗,0.03773414448991517,1.159712553024292,0.031079763546586037,0.031079763546586037,9216.0,0.006225943565368652,0.005343199148774147,0.005480342358350754,0.013560605042016827,0.015199999999999991,0.012199999999999989,cnn-4_mnist_learnt_gaussian_sig0.03_bounded-pmin1e-05_epoch10_bs250_lr0.001_mon0.95_dp0.2_objective-channel_gradient-chan1.0-bec-outage0.2-spec-kl0.5_perc-pri0.5_epoch-pri70_bs-pri250_lr-pri0.005_mom-pri0.99_dp-pri0.2_seed7,bec-outage0.2_chan-layer2_mcsamples500_norm-spec_seed7_bounds.json
cnn-4,mnist,10.0,bec,outage 0.2,spec,channel_grad,0.001,1.0,1.0,0.005589369218796492,0.014543399999999996,0.005450242012739181,0.08860082179307938,✓,✗,0.02554087975697657,0.015499999999999958,0.07621008157730103,✓,✗,0.03793162306507712,0.5285987854003906,0.03141017258167267,0.03141017258167267,9216.0,0.006310326978564262,0.005450242012739181,0.005537743121385575,0.013686386554621866,0.015499999999999958,0.012599999999999945,cnn-4_mnist_learnt_gaussian_sig0.03_bounded-pmin1e-05_epoch10_bs250_lr0.001_mon0.95_dp0.2_objective-channel_gradient-chan1.0-bec-outage0.2-spec-kl1.0_perc-pri0.5_epoch-pri70_bs-pri250_lr-pri0.005_mom-pri0.99_dp-pri0.2_seed7,bec-outage0.2_chan-layer2_mcsamples500_norm-spec_seed7_bounds.json
cnn-4,mnist,20.0,bec,outage 0.2,spec,vanilla,0.001,1.0,0.0,0.004410277120769024,0.013560400000000002,0.004340825974941254,0.49239528497156676,✓,-,0.02127624760559336,0.013499999999999956,0.4801552376358983,✓,-,0.033516294941261834,108.21305847167969,0.0,0.0,9216.0,0.00408707233145833,0.004340825974941254,0.004241562262177467,0.010933781512605056,0.013499999999999956,0.011099999999999999,cnn-4_mnist_learnt_gaussian_sig0.03_bounded-pmin1e-05_epoch20_bs250_lr0.001_mon0.95_dp0.2_objective-vanilla_perc-pri0.5_epoch-pri70_bs-pri250_lr-pri0.005_mom-pri0.99_dp-pri0.2_seed7,bec-outage0.2_chan-layer2_mcsamples500_norm-spec_seed7_bounds.json
cnn-4,mnist,20.0,bec,outage 0.2,spec,channel_grad,0.001,0.001,1.0,0.004073939751833677,0.014082199999999998,0.004146933183073997,3.103389024734497,✓,✓,0.019484880806742134,0.014800000000000035,3.0902562141418457,✓,✗,0.032617626314609696,744.5234985351562,0.014165942557156086,0.014165942557156086,9216.0,0.003223075997084379,0.004146933183073997,0.0033486921340227125,0.010388369747899175,0.014800000000000035,0.011199999999999988,cnn-4_mnist_learnt_gaussian_sig0.03_bounded-pmin1e-05_epoch20_bs250_lr0.001_mon0.95_dp0.2_objective-channel_gradient-chan1.0-bec-outage0.2-spec-kl0.001_perc-pri0.5_epoch-pri70_bs-pri250_lr-pri0.005_mom-pri0.99_dp-pri0.2_seed7,bec-outage0.2_chan-layer2_mcsamples500_norm-spec_seed7_bounds.json
cnn-4,mnist,20.0,bec,outage 0.2,spec,channel_grad,0.001,0.005,1.0,0.0040057688020169735,0.013811800000000003,0.004035883024334908,1.2560131549835205,✓,✓,0.020671205497951158,0.015199999999999991,1.2429343461990356,✓,✗,0.03375000437207511,290.4432067871094,0.01943274587392807,0.01943274587392807,9216.0,0.0037899466697126627,0.004035883024334908,0.003771673142910004,0.011076436974789933,0.015199999999999991,0.010800000000000032,cnn-4_mnist_learnt_gaussian_sig0.03_bounded-pmin1e-05_epoch20_bs250_lr0.001_mon0.95_dp0.2_objective-channel_gradient-chan1.0-bec-outage0.2-spec-kl0.005_perc-pri0.5_epoch-pri70_bs-pri250_lr-pri0.005_mom-pri0.99_dp-pri0.2_seed7,bec-outage0.2_chan-layer2_mcsamples500_norm-spec_seed7_bounds.json
cnn-4,mnist,20.0,bec,outage 0.2,spec,channel_grad,0.001,0.01,1.0,0.004355931654572487,0.013736400000000001,0.004339314624667167,0.6100537776947021,✓,✓,0.021964675349876214,0.014900000000000024,0.5974403023719788,✓,✗,0.03457811722763229,131.15850830078125,0.022922305390238762,0.022922305390238762,9216.0,0.004431091248989105,0.004339314624667167,0.004302303120493889,0.01158487394957985,0.014900000000000024,0.011199999999999988,cnn-4_mnist_learnt_gaussian_sig0.03_bounded-pmin1e-05_epoch20_bs250_lr0.001_mon0.95_dp0.2_objective-channel_gradient-chan1.0-bec-outage0.2-spec-kl0.01_perc-pri0.5_epoch-pri70_bs-pri250_lr-pri0.005_mom-pri0.99_dp-pri0.2_seed7,bec-outage0.2_chan-layer2_mcsamples500_norm-spec_seed7_bounds.json
cnn-4,mnist,20.0,bec,outage 0.2,spec,channel_grad,0.001,0.02,1.0,0.004744686186313629,0.013833599999999996,0.004713523387908936,0.29419615864753723,✓,✗,0.023148021646757347,0.014900000000000024,0.28194841742515564,✓,✗,0.0353957804971394,52.7738151550293,0.026251165196299553,0.026251165196299553,9216.0,0.005036563612520695,0.004713523387908936,0.004771236702799797,0.01209115966386556,0.014900000000000024,0.011399999999999966,cnn-4_mnist_learnt_gaussian_sig0.03_bounded-pmin1e-05_epoch20_bs250_lr0.001_mon0.95_dp0.2_objective-channel_gradient-chan1.0-bec-outage0.2-spec-kl0.02_perc-pri0.5_epoch-pri70_bs-pri250_lr-pri0.005_mom-pri0.99_dp-pri0.2_seed7,bec-outage0.2_chan-layer2_mcsamples500_norm-spec_seed7_bounds.json
cnn-4,mnist,20.0,bec,outage 0.2,spec,channel_grad,0.001,0.03,1.0,0.004956132732331753,0.013947799999999998,0.00490681566298008,0.20856241881847382,✓,✗,0.023708231870238836,0.014599999999999946,0.19638778269290924,✓,✗,0.03588287509425537,31.31756591796875,0.027725087478756905,0.027725087478756905,9216.0,0.005329142324626446,0.00490681566298008,0.005006145313382148,0.01239468907563027,0.014599999999999946,0.011600000000000055,cnn-4_mnist_learnt_gaussian_sig0.03_bounded-pmin1e-05_epoch20_bs250_lr0.001_mon0.95_dp0.2_objective-channel_gradient-chan1.0-bec-outage0.2-spec-kl0.03_perc-pri0.5_epoch-pri70_bs-pri250_lr-pri0.005_mom-pri0.99_dp-pri0.2_seed7,bec-outage0.2_chan-layer2_mcsamples500_norm-spec_seed7_bounds.json
cnn-4,mnist,20.0,bec,outage 0.2,spec,channel_grad,0.001,0.04,1.0,0.005067118443548679,0.014035599999999999,0.005014703422784805,0.16987785696983337,✓,✗,0.024035689137490192,0.014700000000000046,0.15772582590579987,✓,✗,0.03618771249509648,21.556612014770508,0.028584619984030724,0.028584619984030724,9216.0,0.005501757375895977,0.005014703422784805,0.005125322565436363,0.012585411764705899,0.014700000000000046,0.011600000000000055,cnn-4_mnist_learnt_gaussian_sig0.03_bounded-pmin1e-05_epoch20_bs250_lr0.001_mon0.95_dp0.2_objective-channel_gradient-chan1.0-bec-outage0.2-spec-kl0.04_perc-pri0.5_epoch-pri70_bs-pri250_lr-pri0.005_mom-pri0.99_dp-pri0.2_seed7,bec-outage0.2_chan-layer2_mcsamples500_norm-spec_seed7_bounds.json
cnn-4,mnist,20.0,bec,outage 0.2,spec,channel_grad,0.001,0.05,1.0,0.005140161141753197,0.014065600000000001,0.005092233419418335,0.14724233746528625,✓,✗,0.02426977845391076,0.014700000000000046,0.1350879669189453,✓,✗,0.036424138117786824,15.750886917114258,0.02941444143652916,0.02941444143652916,9216.0,0.0056257834658026695,0.005092233419418335,0.00520794428884983,0.012733579831932787,0.014700000000000046,0.011700000000000044,cnn-4_mnist_learnt_gaussian_sig0.03_bounded-pmin1e-05_epoch20_bs250_lr0.001_mon0.95_dp0.2_objective-channel_gradient-chan1.0-bec-outage0.2-spec-kl0.05_perc-pri0.5_epoch-pri70_bs-pri250_lr-pri0.005_mom-pri0.99_dp-pri0.2_seed7,bec-outage0.2_chan-layer2_mcsamples500_norm-spec_seed7_bounds.json
cnn-4,mnist,20.0,bec,outage 0.2,spec,channel_grad,0.001,0.06,1.0,0.0051897307857871056,0.014102600000000002,0.005142996832728386,0.13509143888950348,✓,✗,0.02442120969603453,0.014800000000000035,0.12292954325675964,✓,✗,0.036583107273116214,12.666545867919922,0.029696350917220116,0.029696350917220116,9216.0,0.005706665571779013,0.005142996832728386,0.005260122939944267,0.012833277310924388,0.014800000000000035,0.011399999999999966,cnn-4_mnist_learnt_gaussian_sig0.03_bounded-pmin1e-05_epoch20_bs250_lr0.001_mon0.95_dp0.2_objective-channel_gradient-chan1.0-bec-outage0.2-spec-kl0.06_perc-pri0.5_epoch-pri70_bs-pri250_lr-pri0.005_mom-pri0.99_dp-pri0.2_seed7,bec-outage0.2_chan-layer2_mcsamples500_norm-spec_seed7_bounds.json
cnn-4,mnist,20.0,bec,outage 0.2,spec,channel_grad,0.001,0.07,1.0,0.005226545035839081,0.014131399999999999,0.005181325599551201,0.1271563619375229,✓,✗,0.02453039792632666,0.014800000000000035,0.11499861627817154,✓,✗,0.036688146044092304,10.600239753723145,0.030091889202594757,0.030091889202594757,9216.0,0.0057647982612252235,0.005181325599551201,0.005299785733222961,0.012899428571428584,0.014800000000000035,0.011499999999999955,cnn-4_mnist_learnt_gaussian_sig0.03_bounded-pmin1e-05_epoch20_bs250_lr0.001_mon0.95_dp0.2_objective-channel_gradient-chan1.0-bec-outage0.2-spec-kl0.07_perc-pri0.5_epoch-pri70_bs-pri250_lr-pri0.005_mom-pri0.99_dp-pri0.2_seed7,bec-outage0.2_chan-layer2_mcsamples500_norm-spec_seed7_bounds.json
cnn-4,mnist,20.0,bec,outage 0.2,spec,channel_grad,0.001,0.08,1.0,0.00526069849729538,0.014172799999999998,0.0052152790129184725,0.12085027992725372,✓,✗,0.024631454503048607,0.014800000000000035,0.1086883619427681,✓,✗,0.03679337620158776,8.959911346435547,0.03037719428539276,0.03037719428539276,9216.0,0.005818997509777546,0.0052152790129184725,0.0053362991660833355,0.01296578151260506,0.014800000000000035,0.011600000000000055,cnn-4_mnist_learnt_gaussian_sig0.03_bounded-pmin1e-05_epoch20_bs250_lr0.001_mon0.95_dp0.2_objective-channel_gradient-chan1.0-bec-outage0.2-spec-kl0.08_perc-pri0.5_epoch-pri70_bs-pri250_lr-pri0.005_mom-pri0.99_dp-pri0.2_seed7,bec-outage0.2_chan-layer2_mcsamples500_norm-spec_seed7_bounds.json
cnn-4,mnist,20.0,bec,outage 0.2,spec,channel_grad,0.001,0.09,1.0,0.005288844462484121,0.014191999999999998,0.005240653827786446,0.11557319760322571,✓,✗,0.02471508265574129,0.014900000000000024,0.10340112447738647,✓,✗,0.03688714914274068,7.5903000831604,0.0305977500975132,0.0305977500975132,9216.0,0.005863651167601347,0.005240653827786446,0.00536162331700325,0.013024739495798328,0.014900000000000024,0.011700000000000044,cnn-4_mnist_learnt_gaussian_sig0.03_bounded-pmin1e-05_epoch20_bs250_lr0.001_mon0.95_dp0.2_objective-channel_gradient-chan1.0-bec-outage0.2-spec-kl0.09_perc-pri0.5_epoch-pri70_bs-pri250_lr-pri0.005_mom-pri0.99_dp-pri0.2_seed7,bec-outage0.2_chan-layer2_mcsamples500_norm-spec_seed7_bounds.json
cnn-4,mnist,20.0,bec,outage 0.2,spec,channel_grad,0.001,0.1,1.0,0.005310830194503069,0.014212399999999997,0.005260657891631127,0.11189036816358566,✓,✗,0.02478714663434257,0.015000000000000013,0.09971208870410919,✓,✗,0.036965419250968606,6.61439847946167,0.030820749700069427,0.030820749700069427,9216.0,0.005902318749576807,0.005260657891631127,0.005383661016821861,0.01307408403361346,0.015000000000000013,0.011800000000000033,cnn-4_mnist_learnt_gaussian_sig0.03_bounded-pmin1e-05_epoch20_bs250_lr0.001_mon0.95_dp0.2_objective-channel_gradient-chan1.0-bec-outage0.2-spec-kl0.1_perc-pri0.5_epoch-pri70_bs-pri250_lr-pri0.005_mom-pri0.99_dp-pri0.2_seed7,bec-outage0.2_chan-layer2_mcsamples500_norm-spec_seed7_bounds.json
cnn-4,mnist,20.0,bec,outage 0.2,spec,channel_grad,0.001,0.5,1.0,0.0055569312535226345,0.014532800000000004,0.005503849685192108,0.09111007302999496,✓,✗,0.025492069843709473,0.015100000000000002,0.07876144349575043,✓,✗,0.037840697687306954,0.8561496734619141,0.032673127949237823,0.032673127949237823,9216.0,0.006283747032284737,0.005503849685192108,0.005613978579640388,0.013628369747899174,0.015100000000000002,0.012299999999999978,cnn-4_mnist_learnt_gaussian_sig0.03_bounded-pmin1e-05_epoch20_bs250_lr0.001_mon0.95_dp0.2_objective-channel_gradient-chan1.0-bec-outage0.2-spec-kl0.5_perc-pri0.5_epoch-pri70_bs-pri250_lr-pri0.005_mom-pri0.99_dp-pri0.2_seed7,bec-outage0.2_chan-layer2_mcsamples500_norm-spec_seed7_bounds.json
cnn-4,mnist,20.0,bec,outage 0.2,spec,channel_grad,0.001,1.0,1.0,0.0056199864484369755,0.014667400000000004,0.005561231076717377,0.08980226516723633,✓,✗,0.02566213866117212,0.01539999999999997,0.0773741602897644,✓,✗,0.0380902437982039,0.35361188650131226,0.03316737338900566,0.03316737338900566,9216.0,0.0063764844089746475,0.005561231076717377,0.005675581097602844,0.013787294117647076,0.01539999999999997,0.012399999999999967,cnn-4_mnist_learnt_gaussian_sig0.03_bounded-pmin1e-05_epoch20_bs250_lr0.001_mon0.95_dp0.2_objective-channel_gradient-chan1.0-bec-outage0.2-spec-kl1.0_perc-pri0.5_epoch-pri70_bs-pri250_lr-pri0.005_mom-pri0.99_dp-pri0.2_seed7,bec-outage0.2_chan-layer2_mcsamples500_norm-spec_seed7_bounds.json
cnn-4,mnist,50.0,bec,outage 0.2,spec,vanilla,0.001,1.0,0.0,0.003930195234715939,0.013327999999999998,0.0038782022893428802,1.515468470314415,✓,-,0.018901044947527527,0.013399999999999967,1.5037244469210793,✓,-,0.030645068340863016,359.51708984375,0.0,0.0,9216.0,0.0029521696269512177,0.0038782022893428802,0.003596680238842964,0.00921142857142858,0.013399999999999967,0.01100000000000001,cnn-4_mnist_learnt_gaussian_sig0.03_bounded-pmin1e-05_epoch50_bs250_lr0.001_mon0.95_dp0.2_objective-vanilla_perc-pri0.5_epoch-pri70_bs-pri250_lr-pri0.005_mom-pri0.99_dp-pri0.2_seed7,bec-outage0.2_chan-layer2_mcsamples500_norm-spec_seed7_bounds.json
cnn-4,mnist,50.0,bec,outage 0.2,spec,channel_grad,0.001,0.001,1.0,0.004057264421135187,0.013721200000000001,0.00417817234992981,4.189310550689697,✓,✗,0.018870645248508594,0.013299999999999979,4.177120685577393,✓,✗,0.031060240341634175,1011.2656860351562,0.012674122117459774,0.012674122117459774,9216.0,0.002938186516985297,0.00417817234992981,0.0032043114304542543,0.00945667226890758,0.013299999999999979,0.011900000000000022,cnn-4_mnist_learnt_gaussian_sig0.03_bounded-pmin1e-05_epoch50_bs250_lr0.001_mon0.95_dp0.2_objective-channel_gradient-chan1.0-bec-outage0.2-spec-kl0.001_perc-pri0.5_epoch-pri70_bs-pri250_lr-pri0.005_mom-pri0.99_dp-pri0.2_seed7,bec-outage0.2_chan-layer2_mcsamples500_norm-spec_seed7_bounds.json
cnn-4,mnist,50.0,bec,outage 0.2,spec,channel_grad,0.001,0.005,1.0,0.0039384751580655575,0.0137792,0.004129958152770996,1.3656638860702515,✓,✗,0.020479969184333258,0.013299999999999979,1.3523683547973633,✓,✗,0.033775486106181585,317.29632568359375,0.019430477172136307,0.019430477172136307,9216.0,0.0036971408408135176,0.004129958152770996,0.003589940816164017,0.011091899159663883,0.013299999999999979,0.0121,cnn-4_mnist_learnt_gaussian_sig0.03_bounded-pmin1e-05_epoch50_bs250_lr0.001_mon0.95_dp0.2_objective-channel_gradient-chan1.0-bec-outage0.2-spec-kl0.005_perc-pri0.5_epoch-pri70_bs-pri250_lr-pri0.005_mom-pri0.99_dp-pri0.2_seed7,bec-outage0.2_chan-layer2_mcsamples500_norm-spec_seed7_bounds.json
cnn-4,mnist,50.0,bec,outage 0.2,spec,channel_grad,0.001,0.01,1.0,0.00430285232141614,0.013696599999999998,0.004524248093366623,0.6295092105865479,✓,✗,0.021883312795647203,0.012499999999999956,0.6168023347854614,✓,✗,0.03459018457934972,135.73829650878906,0.02366877719759941,0.02366877719759941,9216.0,0.004390071611851454,0.004524248093366623,0.004103968292474747,0.011592403361344553,0.012499999999999956,0.012399999999999967,cnn-4_mnist_learnt_gaussian_sig0.03_bounded-pmin1e-05_epoch50_bs250_lr0.001_mon0.95_dp0.2_objective-channel_gradient-chan1.0-bec-outage0.2-spec-kl0.01_perc-pri0.5_epoch-pri70_bs-pri250_lr-pri0.005_mom-pri0.99_dp-pri0.2_seed7,bec-outage0.2_chan-layer2_mcsamples500_norm-spec_seed7_bounds.json
cnn-4,mnist,50.0,bec,outage 0.2,spec,channel_grad,0.001,0.02,1.0,0.004728168714791536,0.0138468,0.005026525259017945,0.2886642515659332,✓,✗,0.023177503370860386,0.013000000000000012,0.2762279808521271,✓,✗,0.03561377043266108,51.17268371582031,0.027037840336561203,0.027037840336561203,9216.0,0.005051853600889444,0.005026525259017945,0.0045618943870067595,0.012226621848739516,0.013000000000000012,0.012199999999999989,cnn-4_mnist_learnt_gaussian_sig0.03_bounded-pmin1e-05_epoch50_bs250_lr0.001_mon0.95_dp0.2_objective-channel_gradient-chan1.0-bec-outage0.2-spec-kl0.02_perc-pri0.5_epoch-pri70_bs-pri250_lr-pri0.005_mom-pri0.99_dp-pri0.2_seed7,bec-outage0.2_chan-layer2_mcsamples500_norm-spec_seed7_bounds.json
cnn-4,mnist,50.0,bec,outage 0.2,spec,channel_grad,0.001,0.03,1.0,0.004945406224578619,0.0139614,0.00529475249350071,0.19636599719524384,✓,✗,0.023785685092442267,0.013399999999999967,0.18403366208076477,✓,✗,0.0361180238195794,28.02963638305664,0.028716441243886948,0.028716441243886948,9216.0,0.005369759630411863,0.00529475249350071,0.004791706055402756,0.012541512605042033,0.013399999999999967,0.012299999999999978,cnn-4_mnist_learnt_gaussian_sig0.03_bounded-pmin1e-05_epoch50_bs250_lr0.001_mon0.95_dp0.2_objective-channel_gradient-chan1.0-bec-outage0.2-spec-kl0.03_perc-pri0.5_epoch-pri70_bs-pri250_lr-pri0.005_mom-pri0.99_dp-pri0.2_seed7,bec-outage0.2_chan-layer2_mcsamples500_norm-spec_seed7_bounds.json
cnn-4,mnist,50.0,bec,outage 0.2,spec,channel_grad,0.001,0.04,1.0,0.0050667282193899155,0.0140262,0.005439529567956925,0.15856824815273285,✓,✗,0.02413544060945987,0.013700000000000045,0.14627942442893982,✓,✗,0.036424269345199996,18.457260131835938,0.029691504314541817,0.029691504314541817,9216.0,0.005554600618779659,0.005439529567956925,0.00491265133023262,0.012733714285714307,0.013700000000000045,0.012499999999999956,cnn-4_mnist_learnt_gaussian_sig0.03_bounded-pmin1e-05_epoch50_bs250_lr0.001_mon0.95_dp0.2_objective-channel_gradient-chan1.0-bec-outage0.2-spec-kl0.04_perc-pri0.5_epoch-pri70_bs-pri250_lr-pri0.005_mom-pri0.99_dp-pri0.2_seed7,bec-outage0.2_chan-layer2_mcsamples500_norm-spec_seed7_bounds.json
cnn-4,mnist,50.0,bec,outage 0.2,spec,channel_grad,0.001,0.05,1.0,0.005139929708093405,0.01408,0.005535079166293144,0.1403085293010228,✓,✗,0.024345625989347454,0.013700000000000045,0.12803661073004496,✓,✗,0.036617544560325295,13.784780502319336,0.030313825234770775,0.030313825234770775,9216.0,0.0056663574650883675,0.005535079166293144,0.0049777798354625705,0.012855058823529428,0.013700000000000045,0.012399999999999967,cnn-4_mnist_learnt_gaussian_sig0.03_bounded-pmin1e-05_epoch50_bs250_lr0.001_mon0.95_dp0.2_objective-channel_gradient-chan1.0-bec-outage0.2-spec-kl0.05_perc-pri0.5_epoch-pri70_bs-pri250_lr-pri0.005_mom-pri0.99_dp-pri0.2_seed7,bec-outage0.2_chan-layer2_mcsamples500_norm-spec_seed7_bounds.json
cnn-4,mnist,50.0,bec,outage 0.2,spec,channel_grad,0.001,0.06,1.0,0.005197607446461916,0.014109199999999999,0.005605421215295792,0.1281743347644806,✓,✗,0.024521538175349227,0.013900000000000023,0.11590633541345596,✓,✗,0.03678953688649404,10.680916786193848,0.03067910671234131,0.03067910671234131,9216.0,0.005760116968303919,0.005605421215295792,0.0050360079854726795,0.01296329411764708,0.013900000000000023,0.012700000000000045,cnn-4_mnist_learnt_gaussian_sig0.03_bounded-pmin1e-05_epoch50_bs250_lr0.001_mon0.95_dp0.2_objective-channel_gradient-chan1.0-bec-outage0.2-spec-kl0.06_perc-pri0.5_epoch-pri70_bs-pri250_lr-pri0.005_mom-pri0.99_dp-pri0.2_seed7,bec-outage0.2_chan-layer2_mcsamples500_norm-spec_seed7_bounds.json
cnn-4,mnist,50.0,bec,outage 0.2,spec,channel_grad,0.001,0.07,1.0,0.005241509526968002,0.014147199999999999,0.005659535154700279,0.12097121775150299,✓,✗,0.024640064316905706,0.014000000000000012,0.10870698094367981,✓,✗,0.03690429968673831,8.786288261413574,0.031096016988158226,0.031096016988158226,9216.0,0.005823424551635981,0.005659535154700279,0.005080333724617958,0.013035563025210114,0.014000000000000012,0.012700000000000045,cnn-4_mnist_learnt_gaussian_sig0.03_bounded-pmin1e-05_epoch50_bs250_lr0.001_mon0.95_dp0.2_objective-channel_gradient-chan1.0-bec-outage0.2-spec-kl0.07_perc-pri0.5_epoch-pri70_bs-pri250_lr-pri0.005_mom-pri0.99_dp-pri0.2_seed7,bec-outage0.2_chan-layer2_mcsamples500_norm-spec_seed7_bounds.json
cnn-4,mnist,50.0,bec,outage 0.2,spec,channel_grad,0.001,0.08,1.0,0.00527406157925725,0.014181600000000003,0.005700862035155296,0.11601731926202774,✓,✗,0.02473353996590213,0.014000000000000012,0.10375829041004181,✓,✗,0.03699256580054504,7.485626697540283,0.031363777816295624,0.031363777816295624,9216.0,0.005873767659068108,0.005700862035155296,0.005109560862183571,0.013091294117647083,0.014000000000000012,0.012700000000000045,cnn-4_mnist_learnt_gaussian_sig0.03_bounded-pmin1e-05_epoch50_bs250_lr0.001_mon0.95_dp0.2_objective-channel_gradient-chan1.0-bec-outage0.2-spec-kl0.08_perc-pri0.5_epoch-pri70_bs-pri250_lr-pri0.005_mom-pri0.99_dp-pri0.2_seed7,bec-outage0.2_chan-layer2_mcsamples500_norm-spec_seed7_bounds.json
cnn-4,mnist,50.0,bec,outage 0.2,spec,channel_grad,0.001,0.09,1.0,0.005309618543833494,0.014215799999999999,0.005745673924684525,0.11294349282979965,✓,✗,0.02482553170600563,0.013900000000000023,0.10068812966346741,✓,✗,0.037080893684061644,6.6647162437438965,0.03155297785997391,0.03155297785997391,9216.0,0.00592308584600687,0.005745673924684525,0.00515059269964695,0.013147092436974808,0.013900000000000023,0.012800000000000034,cnn-4_mnist_learnt_gaussian_sig0.03_bounded-pmin1e-05_epoch50_bs250_lr0.001_mon0.95_dp0.2_objective-channel_gradient-chan1.0-bec-outage0.2-spec-kl0.09_perc-pri0.5_epoch-pri70_bs-pri250_lr-pri0.005_mom-pri0.99_dp-pri0.2_seed7,bec-outage0.2_chan-layer2_mcsamples500_norm-spec_seed7_bounds.json
cnn-4,mnist,50.0,bec,outage 0.2,spec,channel_grad,0.001,0.1,1.0,0.005334046203643084,0.014248999999999998,0.005775453522801399,0.110105499625206,✓,✗,0.0248946686162831,0.013900000000000023,0.0978577733039856,✓,✗,0.037142401513340716,5.909518718719482,0.03173656389117241,0.03173656389117241,9216.0,0.005960223264992237,0.005775453522801399,0.005172521620988846,0.01318601680672271,0.013900000000000023,0.013000000000000012,cnn-4_mnist_learnt_gaussian_sig0.03_bounded-pmin1e-05_epoch50_bs250_lr0.001_mon0.95_dp0.2_objective-channel_gradient-chan1.0-bec-outage0.2-spec-kl0.1_perc-pri0.5_epoch-pri70_bs-pri250_lr-pri0.005_mom-pri0.99_dp-pri0.2_seed7,bec-outage0.2_chan-layer2_mcsamples500_norm-spec_seed7_bounds.json
cnn-4,mnist,50.0,bec,outage 0.2,spec,channel_grad,0.001,0.5,1.0,0.0055169714614748955,0.014432399999999998,0.006001096218824387,0.09226343035697937,✓,✗,0.025423005020917048,0.014399999999999968,0.07998638600111008,✓,✗,0.037700053975917795,1.0600707530975342,0.03313463181257248,0.03313463181257248,9216.0,0.006246178410947323,0.006001096218824387,0.005336905270814896,0.013539159663865574,0.014399999999999968,0.013299999999999979,cnn-4_mnist_learnt_gaussian_sig0.03_bounded-pmin1e-05_epoch50_bs250_lr0.001_mon0.95_dp0.2_objective-channel_gradient-chan1.0-bec-outage0.2-spec-kl0.5_perc-pri0.5_epoch-pri70_bs-pri250_lr-pri0.005_mom-pri0.99_dp-pri0.2_seed7,bec-outage0.2_chan-layer2_mcsamples500_norm-spec_seed7_bounds.json
cnn-4,mnist,50.0,bec,outage 0.2,spec,channel_grad,0.001,1.0,1.0,0.005560224410146475,0.014487399999999998,0.006054828315973282,0.09075604379177094,✓,✗,0.02553777414669933,0.01429999999999998,0.07844889163970947,✓,✗,0.03784492849641438,0.6028326749801636,0.033349037170410156,0.033349037170410156,9216.0,0.0063086096197366714,0.006054828315973282,0.005371296033263207,0.013631260504201707,0.01429999999999998,0.013399999999999967,cnn-4_mnist_learnt_gaussian_sig0.03_bounded-pmin1e-05_epoch50_bs250_lr0.001_mon0.95_dp0.2_objective-channel_gradient-chan1.0-bec-outage0.2-spec-kl1.0_perc-pri0.5_epoch-pri70_bs-pri250_lr-pri0.005_mom-pri0.99_dp-pri0.2_seed7,bec-outage0.2_chan-layer2_mcsamples500_norm-spec_seed7_bounds.json
cnn-4,mnist,5.0,bec,outage 0.5,frob,channel_grad,0.001,0.01,0.01,0.005406791344285011,0.019027,0.005307517573237419,2.4405033588409424,✓,?,0.02283194000187566,0.01870000000000005,2.4284863471984863,✓,?,0.034848862331906254,65.9133071899414,2.1194635205781163,0.031371571123600006,9216.0,0.004873147699981928,0.005307517573237419,0.004716877266764641,0.011752067226890772,0.01870000000000005,0.012299999999999978,cnn-4_mnist_learnt_gaussian_sig0.03_bounded-pmin1e-05_epoch5_bs250_lr0.001_mon0.95_dp0.2_objective-channel_gradient-chan0.01-bec-outage0.5-frob-kl0.01_perc-pri0.5_epoch-pri70_bs-pri250_lr-pri0.005_mom-pri0.99_dp-pri0.2_seed7,bec-outage0.5_chan-layer2_mcsamples500_norm-frob_seed7_bounds.json
cnn-4,mnist,5.0,bec,outage 0.5,frob,channel_grad,0.001,0.01,0.1,0.007948359474539757,0.020584599999999998,0.007855360209941865,5.408325672149658,✓,?,0.01924274005096975,0.020499999999999963,5.395989894866943,✓,?,0.03157861559984167,1019.02197265625,1.1995063752574757,0.017754681408405304,9216.0,0.0031100513879209757,0.007855360209941865,0.0034301217645406725,0.009765042016806749,0.020499999999999963,0.0131,cnn-4_mnist_learnt_gaussian_sig0.03_bounded-pmin1e-05_epoch5_bs250_lr0.001_mon0.95_dp0.2_objective-channel_gradient-chan0.1-bec-outage0.5-frob-kl0.01_perc-pri0.5_epoch-pri70_bs-pri250_lr-pri0.005_mom-pri0.99_dp-pri0.2_seed7,bec-outage0.5_chan-layer2_mcsamples500_norm-frob_seed7_bounds.json
cnn-4,mnist,5.0,bec,outage 0.5,frob,channel_grad,0.001,0.01,1.0,0.008508502505719662,0.018217599999999994,0.008412581682205201,35.44123077392578,✓,?,0.01746242373644957,0.018199999999999994,35.43210983276367,✓,?,0.02658593296878456,8478.0263671875,0.7861502556910971,0.011636326089501381,9216.0,0.002309642732143402,0.008412581682205201,0.0030787035822868345,0.006885378151260518,0.018199999999999994,0.011700000000000044,cnn-4_mnist_learnt_gaussian_sig0.03_bounded-pmin1e-05_epoch5_bs250_lr0.001_mon0.95_dp0.2_objective-channel_gradient-chan1.0-bec-outage0.5-frob-kl0.01_perc-pri0.5_epoch-pri70_bs-pri250_lr-pri0.005_mom-pri0.99_dp-pri0.2_seed7,bec-outage0.5_chan-layer2_mcsamples500_norm-frob_seed7_bounds.json
cnn-4,mnist,5.0,bec,outage 0.5,frob,channel_grad,0.001,0.1,0.01,0.005905641708523035,0.019565799999999994,0.005870548263192177,2.6316418647766113,✓,?,0.02492262155435666,0.019100000000000006,2.619401216506958,✓,?,0.03716319174706416,4.278946399688721,2.5599089075995978,0.03789089247584343,9216.0,0.005975189618766308,0.005870548263192177,0.005521751195192337,0.01319912605042018,0.019100000000000006,0.013700000000000045,cnn-4_mnist_learnt_gaussian_sig0.03_bounded-pmin1e-05_epoch5_bs250_lr0.001_mon0.95_dp0.2_objective-channel_gradient-chan0.01-bec-outage0.5-frob-kl0.1_perc-pri0.5_epoch-pri70_bs-pri250_lr-pri0.005_mom-pri0.99_dp-pri0.2_seed7,bec-outage0.5_chan-layer2_mcsamples500_norm-frob_seed7_bounds.json
cnn-4,mnist,5.0,bec,outage 0.5,frob,channel_grad,0.001,0.1,0.1,0.0054953210055828094,0.0195696,0.005376483500003815,2.7518327236175537,✓,?,0.022708185637691933,0.01870000000000005,2.739138126373291,✓,?,0.03540261101740037,152.88339233398438,2.0751853467439827,0.0307161808013916,9216.0,0.004809460137039423,0.005376483500003815,0.00450555570423603,0.0120952605042017,0.01870000000000005,0.012700000000000045,cnn-4_mnist_learnt_gaussian_sig0.03_bounded-pmin1e-05_epoch5_bs250_lr0.001_mon0.95_dp0.2_objective-channel_gradient-chan0.1-bec-outage0.5-frob-kl0.1_perc-pri0.5_epoch-pri70_bs-pri250_lr-pri0.005_mom-pri0.99_dp-pri0.2_seed7,bec-outage0.5_chan-layer2_mcsamples500_norm-frob_seed7_bounds.json
cnn-4,mnist,5.0,bec,outage 0.5,frob,channel_grad,0.001,0.1,1.0,0.007772656623274088,0.020649800000000003,0.0076943933963775635,9.318048477172852,✓,?,0.020282088562325086,0.02080000000000004,9.303607940673828,✓,?,0.034723009680715955,1957.2801513671875,1.2756627956390552,0.018881922587752342,9216.0,0.00360170379281044,0.0076943933963775635,0.003590129315853119,0.011674352941176493,0.02080000000000004,0.012800000000000034,cnn-4_mnist_learnt_gaussian_sig0.03_bounded-pmin1e-05_epoch5_bs250_lr0.001_mon0.95_dp0.2_objective-channel_gradient-chan1.0-bec-outage0.5-frob-kl0.1_perc-pri0.5_epoch-pri70_bs-pri250_lr-pri0.005_mom-pri0.99_dp-pri0.2_seed7,bec-outage0.5_chan-layer2_mcsamples500_norm-frob_seed7_bounds.json
cnn-4,mnist,5.0,bec,outage 0.5,frob,channel_grad,0.001,1.0,0.01,0.00612172344699502,0.019946600000000005,0.006123671308159828,2.7802271842956543,✓,?,0.025639556503047386,0.01970000000000005,2.7677841186523438,✓,?,0.038082701150016975,0.28901946544647217,2.723863487741326,0.04031769186258316,9216.0,0.006364085245877504,0.006123671308159828,0.005798183754086495,0.013782453781512617,0.01970000000000005,0.013800000000000034,cnn-4_mnist_learnt_gaussian_sig0.03_bounded-pmin1e-05_epoch5_bs250_lr0.001_mon0.95_dp0.2_objective-channel_gradient-chan0.01-bec-outage0.5-frob-kl1.0_perc-pri0.5_epoch-pri70_bs-pri250_lr-pri0.005_mom-pri0.99_dp-pri0.2_seed7,bec-outage0.5_chan-layer2_mcsamples500_norm-frob_seed7_bounds.json
cnn-4,mnist,5.0,bec,outage 0.5,frob,channel_grad,0.001,1.0,0.1,0.005934186279773712,0.019593199999999998,0.005916745215654373,2.740051031112671,✓,?,0.02517604089012396,0.01870000000000005,2.7277705669403076,✓,?,0.03745647399860315,17.580167770385742,2.613722757272006,0.03868742659687996,9216.0,0.006112267263233662,0.005916745215654373,0.005542316287755966,0.01338447058823531,0.01870000000000005,0.013399999999999967,cnn-4_mnist_learnt_gaussian_sig0.03_bounded-pmin1e-05_epoch5_bs250_lr0.001_mon0.95_dp0.2_objective-channel_gradient-chan0.1-bec-outage0.5-frob-kl1.0_perc-pri0.5_epoch-pri70_bs-pri250_lr-pri0.005_mom-pri0.99_dp-pri0.2_seed7,bec-outage0.5_chan-layer2_mcsamples500_norm-frob_seed7_bounds.json
cnn-4,mnist,5.0,bec,outage 0.5,frob,channel_grad,0.001,1.0,1.0,0.006676753517240286,0.023574399999999995,0.006489701569080353,7.577520370483398,✓,?,0.025814510993204264,0.02310000000000001,7.562787055969238,✓,?,0.040548052710820945,1157.9893798828125,2.792399899425758,0.041332144290208817,9216.0,0.0064598857425153255,0.006489701569080353,0.005304016172885895,0.015369008403361363,0.02310000000000001,0.014599999999999946,cnn-4_mnist_learnt_gaussian_sig0.03_bounded-pmin1e-05_epoch5_bs250_lr0.001_mon0.95_dp0.2_objective-channel_gradient-chan1.0-bec-outage0.5-frob-kl1.0_perc-pri0.5_epoch-pri70_bs-pri250_lr-pri0.005_mom-pri0.99_dp-pri0.2_seed7,bec-outage0.5_chan-layer2_mcsamples500_norm-frob_seed7_bounds.json
cnn-4,mnist,10.0,bec,outage 0.5,frob,vanilla,0.001,1.0,0.0,0.005716865416616201,0.0192654,0.005353602021932602,0.29979857789512354,✓,-,0.023808342436290597,0.018199999999999994,0.2876303499735162,✓,-,0.035976570357897884,13.565025329589844,0.19134199476717295,0.0028321784920990467,9216.0,0.005381730385124683,0.005353602021932602,0.005039001628756523,0.012453042016806738,0.018199999999999994,0.012299999999999978,cnn-4_mnist_learnt_gaussian_sig0.03_bounded-pmin1e-05_epoch10_bs250_lr0.001_mon0.95_dp0.2_objective-vanilla_perc-pri0.5_epoch-pri70_bs-pri250_lr-pri0.005_mom-pri0.99_dp-pri0.2_seed7,bec-outage0.5_chan-layer2_mcsamples500_norm-frob_seed7_bounds.json
cnn-4,mnist,10.0,bec,outage 0.5,frob,channel_grad,0.001,0.01,0.01,0.00530533492565155,0.018698600000000003,0.00533735603094101,2.449272632598877,✓,✓,0.02231793693119663,0.01980000000000004,2.4373939037323,✓,✓,0.03419668307137409,91.07786560058594,2.0261511639804812,0.029990393668413162,9216.0,0.004609988536685705,0.00533735603094101,0.004571926966309548,0.011350252100840353,0.01980000000000004,0.011700000000000044,cnn-4_mnist_learnt_gaussian_sig0.03_bounded-pmin1e-05_epoch10_bs250_lr0.001_mon0.95_dp0.2_objective-channel_gradient-chan0.01-bec-outage0.5-frob-kl0.01_perc-pri0.5_epoch-pri70_bs-pri250_lr-pri0.005_mom-pri0.99_dp-pri0.2_seed7,bec-outage0.5_chan-layer2_mcsamples500_norm-frob_seed7_bounds.json
cnn-4,mnist,10.0,bec,outage 0.5,frob,channel_grad,0.001,0.01,0.1,0.007511649280786514,0.0195952,0.007607310265302658,5.664828777313232,✓,✗,0.018865531308047946,0.020000000000000018,5.653278350830078,✓,✗,0.03041626418252579,1091.545166015625,1.1610976454748727,0.01718616858124733,9216.0,0.0029358884785324335,0.007607310265302658,0.0033545799553394316,0.009076571428571439,0.020000000000000018,0.011600000000000055,cnn-4_mnist_learnt_gaussian_sig0.03_bounded-pmin1e-05_epoch10_bs250_lr0.001_mon0.95_dp0.2_objective-channel_gradient-chan0.1-bec-outage0.5-frob-kl0.01_perc-pri0.5_epoch-pri70_bs-pri250_lr-pri0.005_mom-pri0.99_dp-pri0.2_seed7,bec-outage0.5_chan-layer2_mcsamples500_norm-frob_seed7_bounds.json
cnn-4,mnist,10.0,bec,outage 0.5,frob,channel_grad,0.001,0.01,1.0,0.00948343425989151,0.0180122,0.009490665793418885,39.4381217956543,✓,✗,0.016614424264751924,0.018199999999999994,39.431373596191406,✓,✓,0.02335899080789043,9475.4609375,0.7142556693152035,0.010572167113423347,9216.0,0.001949450932443142,0.009490665793418885,0.0032220382243394853,0.0051463529411764795,0.018199999999999994,0.012499999999999956,cnn-4_mnist_learnt_gaussian_sig0.03_bounded-pmin1e-05_epoch10_bs250_lr0.001_mon0.95_dp0.2_objective-channel_gradient-chan1.0-bec-outage0.5-frob-kl0.01_perc-pri0.5_epoch-pri70_bs-pri250_lr-pri0.005_mom-pri0.99_dp-pri0.2_seed7,bec-outage0.5_chan-layer2_mcsamples500_norm-frob_seed7_bounds.json
cnn-4,mnist,10.0,bec,outage 0.5,frob,channel_grad,0.001,0.1,0.01,0.005803122650831938,0.019207,0.005815063044428826,2.6017496585845947,✓,✗,0.024794200614849504,0.02090000000000003,2.589616298675537,✓,✓,0.036927476793177955,4.914035320281982,2.527659557958203,0.037413548678159714,9216.0,0.00590612692758441,0.005815063044428826,0.005319910496473313,0.013050151260504222,0.02090000000000003,0.011900000000000022,cnn-4_mnist_learnt_gaussian_sig0.03_bounded-pmin1e-05_epoch10_bs250_lr0.001_mon0.95_dp0.2_objective-channel_gradient-chan0.01-bec-outage0.5-frob-kl0.1_perc-pri0.5_epoch-pri70_bs-pri250_lr-pri0.005_mom-pri0.99_dp-pri0.2_seed7,bec-outage0.5_chan-layer2_mcsamples500_norm-frob_seed7_bounds.json
cnn-4,mnist,10.0,bec,outage 0.5,frob,channel_grad,0.001,0.1,0.1,0.005375364329665899,0.018948399999999997,0.005404450371861458,2.81413197517395,✓,✓,0.022569570778003162,0.01970000000000005,2.8019919395446777,✓,✓,0.03470948695613211,170.9504852294922,2.06441895260838,0.030556820333003998,9216.0,0.004738380666822195,0.005404450371861458,0.004736564680933952,0.01166581512605044,0.01970000000000005,0.011600000000000055,cnn-4_mnist_learnt_gaussian_sig0.03_bounded-pmin1e-05_epoch10_bs250_lr0.001_mon0.95_dp0.2_objective-channel_gradient-chan0.1-bec-outage0.5-frob-kl0.1_perc-pri0.5_epoch-pri70_bs-pri250_lr-pri0.005_mom-pri0.99_dp-pri0.2_seed7,bec-outage0.5_chan-layer2_mcsamples500_norm-frob_seed7_bounds.json
cnn-4,mnist,10.0,bec,outage 0.5,frob,channel_grad,0.001,0.1,1.0,0.008438938297331333,0.021869,0.008460745960474015,10.701313018798828,✓,✗,0.02024384195309354,0.02200000000000002,10.686413764953613,✓,✗,0.03514335939949823,2290.676513671875,1.2974205863965202,0.019203973934054375,9216.0,0.003583342768251896,0.008460745960474015,0.003960980847477913,0.011934453781512623,0.02200000000000002,0.014499999999999957,cnn-4_mnist_learnt_gaussian_sig0.03_bounded-pmin1e-05_epoch10_bs250_lr0.001_mon0.95_dp0.2_objective-channel_gradient-chan1.0-bec-outage0.5-frob-kl0.1_perc-pri0.5_epoch-pri70_bs-pri250_lr-pri0.005_mom-pri0.99_dp-pri0.2_seed7,bec-outage0.5_chan-layer2_mcsamples500_norm-frob_seed7_bounds.json
cnn-4,mnist,10.0,bec,outage 0.5,frob,channel_grad,0.001,1.0,0.01,0.0060651893727481365,0.019703999999999996,0.006085269898176193,2.7567434310913086,✓,✗,0.02557053615406515,0.02210000000000001,2.7443466186523438,✓,✗,0.03796736032329766,0.3623521327972412,2.700195692656985,0.0399673692882061,9216.0,0.006326556671410799,0.006085269898176193,0.005557614937424659,0.013709042016806741,0.02210000000000001,0.012599999999999945,cnn-4_mnist_learnt_gaussian_sig0.03_bounded-pmin1e-05_epoch10_bs250_lr0.001_mon0.95_dp0.2_objective-channel_gradient-chan0.01-bec-outage0.5-frob-kl1.0_perc-pri0.5_epoch-pri70_bs-pri250_lr-pri0.005_mom-pri0.99_dp-pri0.2_seed7,bec-outage0.5_chan-layer2_mcsamples500_norm-frob_seed7_bounds.json
cnn-4,mnist,10.0,bec,outage 0.5,frob,channel_grad,0.001,1.0,0.1,0.005958200432360172,0.0194558,0.006003899127244949,2.702749729156494,✓,✗,0.02508502859801875,0.021199999999999997,2.69046950340271,✓,✗,0.03736538495071792,18.501230239868164,2.572752422002654,0.03808099776506424,9216.0,0.00606296444311738,0.006003899127244949,0.005498302355408669,0.013326789915966405,0.021199999999999997,0.012199999999999989,cnn-4_mnist_learnt_gaussian_sig0.03_bounded-pmin1e-05_epoch10_bs250_lr0.001_mon0.95_dp0.2_objective-channel_gradient-chan0.1-bec-outage0.5-frob-kl1.0_perc-pri0.5_epoch-pri70_bs-pri250_lr-pri0.005_mom-pri0.99_dp-pri0.2_seed7,bec-outage0.5_chan-layer2_mcsamples500_norm-frob_seed7_bounds.json
cnn-4,mnist,10.0,bec,outage 0.5,frob,channel_grad,0.001,1.0,1.0,0.006766957696527243,0.0237254,0.0071217469871044155,6.453186988830566,✓,✗,0.024142120862724648,0.025399999999999978,6.438311576843262,✓,✗,0.03901716746142808,997.7467041015625,2.3237846541496694,0.034395862370729446,9216.0,0.005558025557547808,0.0071217469871044155,0.005490529909729957,0.014380100840336162,0.025399999999999978,0.013700000000000045,cnn-4_mnist_learnt_gaussian_sig0.03_bounded-pmin1e-05_epoch10_bs250_lr0.001_mon0.95_dp0.2_objective-channel_gradient-chan1.0-bec-outage0.5-frob-kl1.0_perc-pri0.5_epoch-pri70_bs-pri250_lr-pri0.005_mom-pri0.99_dp-pri0.2_seed7,bec-outage0.5_chan-layer2_mcsamples500_norm-frob_seed7_bounds.json
cnn-4,mnist,20.0,bec,outage 0.5,frob,vanilla,0.001,1.0,0.0,0.005575445014983416,0.0192198,0.0052247907966375354,0.40261980362051014,✓,-,0.022766675829852832,0.017900000000000027,0.39042947601841904,✓,-,0.034957003431943925,39.0007209777832,0.19134199476717295,0.0028321784920990467,9216.0,0.004839545115828514,0.0052247907966375354,0.004714740812778473,0.011818890756302537,0.017900000000000027,0.011499999999999955,cnn-4_mnist_learnt_gaussian_sig0.03_bounded-pmin1e-05_epoch20_bs250_lr0.001_mon0.95_dp0.2_objective-vanilla_perc-pri0.5_epoch-pri70_bs-pri250_lr-pri0.005_mom-pri0.99_dp-pri0.2_seed7,bec-outage0.5_chan-layer2_mcsamples500_norm-frob_seed7_bounds.json
cnn-4,mnist,20.0,bec,outage 0.5,frob,channel_grad,0.001,0.01,0.01,0.005334325600415468,0.0188576,0.005138668417930603,2.4820120334625244,✓,✓,0.022179081882603938,0.01870000000000005,2.470080614089966,✓,✓,0.034110582272442125,102.40554809570312,2.0127315526075718,0.029791761189699173,9216.0,0.004539417568594217,0.005138668417930603,0.004416393861174583,0.011297344537815142,0.01870000000000005,0.01090000000000002,cnn-4_mnist_learnt_gaussian_sig0.03_bounded-pmin1e-05_epoch20_bs250_lr0.001_mon0.95_dp0.2_objective-channel_gradient-chan0.01-bec-outage0.5-frob-kl0.01_perc-pri0.5_epoch-pri70_bs-pri250_lr-pri0.005_mom-pri0.99_dp-pri0.2_seed7,bec-outage0.5_chan-layer2_mcsamples500_norm-frob_seed7_bounds.json
cnn-4,mnist,20.0,bec,outage 0.5,frob,channel_grad,0.001,0.01,0.1,0.007690233178436756,0.019879400000000005,0.007724860310554504,5.950862407684326,✓,✗,0.018733596207133843,0.018900000000000028,5.939507961273193,✓,✗,0.030087851249863497,1164.05224609375,1.1514502234353683,0.017043370753526688,9216.0,0.0028754970990121365,0.007724860310554504,0.0032500717788934708,0.008883899159663885,0.018900000000000028,0.01100000000000001,cnn-4_mnist_learnt_gaussian_sig0.03_bounded-pmin1e-05_epoch20_bs250_lr0.001_mon0.95_dp0.2_objective-channel_gradient-chan0.1-bec-outage0.5-frob-kl0.01_perc-pri0.5_epoch-pri70_bs-pri250_lr-pri0.005_mom-pri0.99_dp-pri0.2_seed7,bec-outage0.5_chan-layer2_mcsamples500_norm-frob_seed7_bounds.json
cnn-4,mnist,20.0,bec,outage 0.5,frob,channel_grad,0.001,0.01,1.0,0.008744519203901291,0.0181914,0.008760780841112138,48.14566421508789,✓,✗,0.01593511022905194,0.017900000000000027,48.1403923034668,✓,✓,0.021205047753967886,11614.708984375,0.6905085948313413,0.010220671072602272,9216.0,0.0016718824626877904,0.008760780841112138,0.002886589616537094,0.004051831932773114,0.017900000000000027,0.011299999999999977,cnn-4_mnist_learnt_gaussian_sig0.03_bounded-pmin1e-05_epoch20_bs250_lr0.001_mon0.95_dp0.2_objective-channel_gradient-chan1.0-bec-outage0.5-frob-kl0.01_perc-pri0.5_epoch-pri70_bs-pri250_lr-pri0.005_mom-pri0.99_dp-pri0.2_seed7,bec-outage0.5_chan-layer2_mcsamples500_norm-frob_seed7_bounds.json
cnn-4,mnist,20.0,bec,outage 0.5,frob,channel_grad,0.001,0.1,0.01,0.005832464434206486,0.019339599999999995,0.005570745095610619,2.681731939315796,✓,✗,0.02486460106868138,0.019000000000000017,2.6696174144744873,✓,✗,0.03697899257089206,4.622260093688965,2.608781511396456,0.038614287972450256,9216.0,0.00594406807795167,0.005570745095610619,0.00539836585521698,0.013082689075630273,0.019000000000000017,0.011900000000000022,cnn-4_mnist_learnt_gaussian_sig0.03_bounded-pmin1e-05_epoch20_bs250_lr0.001_mon0.95_dp0.2_objective-channel_gradient-chan0.01-bec-outage0.5-frob-kl0.1_perc-pri0.5_epoch-pri70_bs-pri250_lr-pri0.005_mom-pri0.99_dp-pri0.2_seed7,bec-outage0.5_chan-layer2_mcsamples500_norm-frob_seed7_bounds.json
cnn-4,mnist,20.0,bec,outage 0.5,frob,channel_grad,0.001,0.1,0.1,0.00551436934620142,0.019407,0.00522884838283062,2.8343899250030518,✓,✓,0.022668542553511827,0.018399999999999972,2.822246789932251,✓,✗,0.034811602539050926,184.75941467285156,2.028200096016994,0.03002072125673294,9216.0,0.004789145663380623,0.00522884838283062,0.004641526937484741,0.01172887394957985,0.018399999999999972,0.011499999999999955,cnn-4_mnist_learnt_gaussian_sig0.03_bounded-pmin1e-05_epoch20_bs250_lr0.001_mon0.95_dp0.2_objective-channel_gradient-chan0.1-bec-outage0.5-frob-kl0.1_perc-pri0.5_epoch-pri70_bs-pri250_lr-pri0.005_mom-pri0.99_dp-pri0.2_seed7,bec-outage0.5_chan-layer2_mcsamples500_norm-frob_seed7_bounds.json
cnn-4,mnist,20.0,bec,outage 0.5,frob,channel_grad,0.001,0.1,1.0,0.008514446206390858,0.020992,0.008572623878717423,9.377899169921875,✓,✗,0.020345199009289494,0.022399999999999975,9.36297607421875,✓,✗,0.03526838649142512,1957.6204833984375,1.3335781587536732,0.019739165902137756,9216.0,0.0036320651415735483,0.008572623878717423,0.0036849211901426315,0.01201183193277313,0.022399999999999975,0.012700000000000045,cnn-4_mnist_learnt_gaussian_sig0.03_bounded-pmin1e-05_epoch20_bs250_lr0.001_mon0.95_dp0.2_objective-channel_gradient-chan1.0-bec-outage0.5-frob-kl0.1_perc-pri0.5_epoch-pri70_bs-pri250_lr-pri0.005_mom-pri0.99_dp-pri0.2_seed7,bec-outage0.5_chan-layer2_mcsamples500_norm-frob_seed7_bounds.json
cnn-4,mnist,20.0,bec,outage 0.5,frob,channel_grad,0.001,1.0,0.01,0.006093222182244062,0.0198576,0.005864917859435081,2.8522725105285645,✓,✗,0.025659900649886814,0.019299999999999984,2.8398585319519043,✓,✗,0.03807390135879345,0.25123897194862366,2.79607191986707,0.041386496275663376,9216.0,0.006375168450176716,0.005864917859435081,0.005672014877200126,0.013776806722689088,0.019299999999999984,0.012399999999999967,cnn-4_mnist_learnt_gaussian_sig0.03_bounded-pmin1e-05_epoch20_bs250_lr0.001_mon0.95_dp0.2_objective-channel_gradient-chan0.01-bec-outage0.5-frob-kl1.0_perc-pri0.5_epoch-pri70_bs-pri250_lr-pri0.005_mom-pri0.99_dp-pri0.2_seed7,bec-outage0.5_chan-layer2_mcsamples500_norm-frob_seed7_bounds.json
cnn-4,mnist,20.0,bec,outage 0.5,frob,channel_grad,0.001,1.0,0.1,0.0060426401905715466,0.019942200000000004,0.0058387134224176405,2.917440891265869,✓,✗,0.02542397071867376,0.01959999999999995,2.904834508895874,✓,✗,0.038030295267864805,24.108179092407227,2.7638882588709928,0.04091012477874756,9216.0,0.006246679928153753,0.0058387134224176405,0.00564395785331726,0.013748974789915987,0.01959999999999995,0.012700000000000045,cnn-4_mnist_learnt_gaussian_sig0.03_bounded-pmin1e-05_epoch20_bs250_lr0.001_mon0.95_dp0.2_objective-channel_gradient-chan0.1-bec-outage0.5-frob-kl1.0_perc-pri0.5_epoch-pri70_bs-pri250_lr-pri0.005_mom-pri0.99_dp-pri0.2_seed7,bec-outage0.5_chan-layer2_mcsamples500_norm-frob_seed7_bounds.json
cnn-4,mnist,20.0,bec,outage 0.5,frob,channel_grad,0.001,1.0,1.0,0.008827436715364456,0.030375799999999998,0.008738862723112107,8.413867950439453,✓,✗,0.028301256806034607,0.031000000000000028,8.395462036132812,✓,✗,0.04670704760497951,1222.998291015625,3.357190116823778,0.049691975116729736,9216.0,0.007851081900298595,0.008738862723112107,0.00783022940158844,0.019457949579831962,0.031000000000000028,0.019499999999999962,cnn-4_mnist_learnt_gaussian_sig0.03_bounded-pmin1e-05_epoch20_bs250_lr0.001_mon0.95_dp0.2_objective-channel_gradient-chan1.0-bec-outage0.5-frob-kl1.0_perc-pri0.5_epoch-pri70_bs-pri250_lr-pri0.005_mom-pri0.99_dp-pri0.2_seed7,bec-outage0.5_chan-layer2_mcsamples500_norm-frob_seed7_bounds.json
cnn-4,mnist,30.0,bec,outage 0.5,frob,vanilla,0.001,1.0,0.0,0.005478236358612776,0.019153200000000002,0.005428852513432503,0.5284836292266846,✓,-,0.02197875596297732,0.019499999999999962,0.51627516746521,✓,-,0.03418719806696547,70.01950073242188,0.19134199476717295,0.0028321784920990467,9216.0,0.004438175819814205,0.005428852513432503,0.004371031746268272,0.011344403361344558,0.019499999999999962,0.012499999999999956,cnn-4_mnist_learnt_gaussian_sig0.03_bounded-pmin1e-05_epoch30_bs250_lr0.001_mon0.95_dp0.2_objective-vanilla_perc-pri0.5_epoch-pri70_bs-pri250_lr-pri0.005_mom-pri0.99_dp-pri0.2_seed7,bec-outage0.5_chan-layer2_mcsamples500_norm-frob_seed7_bounds.json
cnn-4,mnist,30.0,bec,outage 0.5,frob,channel_grad,0.001,0.01,0.01,0.005345797631889582,0.018980999999999994,0.005405444279313087,2.550063371658325,✓,✓,0.022186254078485054,0.01770000000000005,2.5380518436431885,✓,✓,0.03419787690295407,101.6875,2.0836269668688656,0.030841130763292313,9216.0,0.0045430948957800865,0.005405444279313087,0.0043576531112194065,0.011350991596638672,0.01770000000000005,0.011399999999999966,cnn-4_mnist_learnt_gaussian_sig0.03_bounded-pmin1e-05_epoch30_bs250_lr0.001_mon0.95_dp0.2_objective-channel_gradient-chan0.01-bec-outage0.5-frob-kl0.01_perc-pri0.5_epoch-pri70_bs-pri250_lr-pri0.005_mom-pri0.99_dp-pri0.2_seed7,bec-outage0.5_chan-layer2_mcsamples500_norm-frob_seed7_bounds.json
cnn-4,mnist,30.0,bec,outage 0.5,frob,channel_grad,0.001,0.01,0.1,0.007012353744357824,0.0196724,0.007157094031572342,5.936478614807129,✓,✗,0.018729608003395688,0.019199999999999995,5.925083637237549,✓,✗,0.030124630683072275,1151.28662109375,1.1891449352610142,0.017601314932107925,9216.0,0.002873618621379137,0.007157094031572342,0.003349155932664871,0.008905546218487407,0.019199999999999995,0.0121,cnn-4_mnist_learnt_gaussian_sig0.03_bounded-pmin1e-05_epoch30_bs250_lr0.001_mon0.95_dp0.2_objective-channel_gradient-chan0.1-bec-outage0.5-frob-kl0.01_perc-pri0.5_epoch-pri70_bs-pri250_lr-pri0.005_mom-pri0.99_dp-pri0.2_seed7,bec-outage0.5_chan-layer2_mcsamples500_norm-frob_seed7_bounds.json
cnn-4,mnist,30.0,bec,outage 0.5,frob,channel_grad,0.001,0.01,1.0,0.007373965810984373,0.01803579999999999,0.007476393133401871,48.98591232299805,✓,✗,0.01566195444816948,0.01759999999999995,48.98013687133789,✓,✓,0.02143921991097095,11819.5673828125,0.6941936397454318,0.010275215841829777,9216.0,0.0015633318107575178,0.007476393133401871,0.0029963355511426924,0.004167865546218495,0.01759999999999995,0.010800000000000032,cnn-4_mnist_learnt_gaussian_sig0.03_bounded-pmin1e-05_epoch30_bs250_lr0.001_mon0.95_dp0.2_objective-channel_gradient-chan1.0-bec-outage0.5-frob-kl0.01_perc-pri0.5_epoch-pri70_bs-pri250_lr-pri0.005_mom-pri0.99_dp-pri0.2_seed7,bec-outage0.5_chan-layer2_mcsamples500_norm-frob_seed7_bounds.json
cnn-4,mnist,30.0,bec,outage 0.5,frob,channel_grad,0.001,0.1,0.01,0.005843510851264,0.0193248,0.005849849060177803,2.679548501968384,✓,✗,0.024857446846016765,0.01759999999999995,2.6674351692199707,✓,✗,0.03697071282872361,5.2018537521362305,2.6042401860473787,0.03854706883430481,9216.0,0.005940157454460859,0.005849849060177803,0.0052695926278829575,0.013077579831932792,0.01759999999999995,0.012199999999999989,cnn-4_mnist_learnt_gaussian_sig0.03_bounded-pmin1e-05_epoch30_bs250_lr0.001_mon0.95_dp0.2_objective-channel_gradient-chan0.01-bec-outage0.5-frob-kl0.1_perc-pri0.5_epoch-pri70_bs-pri250_lr-pri0.005_mom-pri0.99_dp-pri0.2_seed7,bec-outage0.5_chan-layer2_mcsamples500_norm-frob_seed7_bounds.json
cnn-4,mnist,30.0,bec,outage 0.5,frob,channel_grad,0.001,0.1,0.1,0.0055494606494903564,0.019481399999999996,0.005739816650748253,2.9470725059509277,✓,✗,0.023085133671294396,0.018399999999999972,2.9349870681762695,✓,✗,0.03517041058608275,187.45120239257812,2.1295347728042673,0.03152064234018326,9216.0,0.005003920756280422,0.005739816650748253,0.004635502398014068,0.01195105882352943,0.018399999999999972,0.012199999999999989,cnn-4_mnist_learnt_gaussian_sig0.03_bounded-pmin1e-05_epoch30_bs250_lr0.001_mon0.95_dp0.2_objective-channel_gradient-chan0.1-bec-outage0.5-frob-kl0.1_perc-pri0.5_epoch-pri70_bs-pri250_lr-pri0.005_mom-pri0.99_dp-pri0.2_seed7,bec-outage0.5_chan-layer2_mcsamples500_norm-frob_seed7_bounds.json
cnn-4,mnist,30.0,bec,outage 0.5,frob,channel_grad,0.001,0.1,1.0,0.007629845291376114,0.021416200000000003,0.007738737016916275,10.630764961242676,✓,✗,0.020343516237657552,0.02100000000000002,10.616650581359863,✓,✗,0.03445741639110289,2243.988525390625,1.4181612242624484,0.020991135388612747,9216.0,0.003631320083513856,0.007738737016916275,0.00397333949804306,0.01151052100840338,0.02100000000000002,0.013599999999999945,cnn-4_mnist_learnt_gaussian_sig0.03_bounded-pmin1e-05_epoch30_bs250_lr0.001_mon0.95_dp0.2_objective-channel_gradient-chan1.0-bec-outage0.5-frob-kl0.1_perc-pri0.5_epoch-pri70_bs-pri250_lr-pri0.005_mom-pri0.99_dp-pri0.2_seed7,bec-outage0.5_chan-layer2_mcsamples500_norm-frob_seed7_bounds.json
cnn-4,mnist,30.0,bec,outage 0.5,frob,channel_grad,0.001,1.0,0.01,0.006133174989372492,0.019965000000000004,0.0061142250895500185,2.8090052604675293,✓,✗,0.02573477887729159,0.018199999999999994,2.796517848968506,✓,✗,0.03822231247951507,0.3837250769138336,2.752115393882422,0.040735866874456406,9216.0,0.006416258402168751,0.0061142250895500185,0.005526625365018844,0.013871596638655483,0.018199999999999994,0.012900000000000023,cnn-4_mnist_learnt_gaussian_sig0.03_bounded-pmin1e-05_epoch30_bs250_lr0.001_mon0.95_dp0.2_objective-channel_gradient-chan0.01-bec-outage0.5-frob-kl1.0_perc-pri0.5_epoch-pri70_bs-pri250_lr-pri0.005_mom-pri0.99_dp-pri0.2_seed7,bec-outage0.5_chan-layer2_mcsamples500_norm-frob_seed7_bounds.json
cnn-4,mnist,30.0,bec,outage 0.5,frob,channel_grad,0.001,1.0,0.1,0.0060735419392585754,0.019914600000000005,0.006080476567149162,2.8130342960357666,✓,✗,0.025404949690974423,0.018399999999999972,2.8007266521453857,✓,✗,0.03771262738960591,22.73238754272461,2.6654159459273825,0.03945257142186165,9216.0,0.006236465182155371,0.006080476567149162,0.0054502908140420915,0.013547226890756329,0.018399999999999972,0.01319999999999999,cnn-4_mnist_learnt_gaussian_sig0.03_bounded-pmin1e-05_epoch30_bs250_lr0.001_mon0.95_dp0.2_objective-channel_gradient-chan0.1-bec-outage0.5-frob-kl1.0_perc-pri0.5_epoch-pri70_bs-pri250_lr-pri0.005_mom-pri0.99_dp-pri0.2_seed7,bec-outage0.5_chan-layer2_mcsamples500_norm-frob_seed7_bounds.json
cnn-4,mnist,30.0,bec,outage 0.5,frob,channel_grad,0.001,1.0,1.0,0.006874093320220709,0.024004200000000003,0.007049132138490677,9.478975296020508,✓,✗,0.02600201368000276,0.02300000000000002,9.464468955993652,✓,✗,0.04050808054618753,1615.997314453125,2.8240847294064353,0.04180113226175308,9216.0,0.0065627028234303,0.007049132138490677,0.005912510305643081,0.01534292436974792,0.02300000000000002,0.014800000000000035,cnn-4_mnist_learnt_gaussian_sig0.03_bounded-pmin1e-05_epoch30_bs250_lr0.001_mon0.95_dp0.2_objective-channel_gradient-chan1.0-bec-outage0.5-frob-kl1.0_perc-pri0.5_epoch-pri70_bs-pri250_lr-pri0.005_mom-pri0.99_dp-pri0.2_seed7,bec-outage0.5_chan-layer2_mcsamples500_norm-frob_seed7_bounds.json
cnn-4,mnist,40.0,bec,outage 0.5,frob,vanilla,0.001,1.0,0.0,0.00542910723015666,0.019289,0.00521070584654808,0.675269555533623,✓,-,0.021329386299905016,0.018100000000000005,0.6630432257441118,✓,-,0.03355571608941614,106.12924194335938,0.19134199476717295,0.0028321784920990467,9216.0,0.004113359376788139,0.00521070584654808,0.004260792583227158,0.010957714285714298,0.018100000000000005,0.011700000000000044,cnn-4_mnist_learnt_gaussian_sig0.03_bounded-pmin1e-05_epoch40_bs250_lr0.001_mon0.95_dp0.2_objective-vanilla_perc-pri0.5_epoch-pri70_bs-pri250_lr-pri0.005_mom-pri0.99_dp-pri0.2_seed7,bec-outage0.5_chan-layer2_mcsamples500_norm-frob_seed7_bounds.json
cnn-4,mnist,50.0,bec,outage 0.5,frob,vanilla,0.001,1.0,0.0,0.00543894013389945,0.019428,0.005102596804499626,0.8398008487114689,✓,-,0.020736426766363183,0.018299999999999983,0.8275765956576836,✓,-,0.032960679820148456,146.57676696777344,0.19134199476717295,0.0028321784920990467,9216.0,0.0038217431865632534,0.005102596804499626,0.0040778819471597675,0.010595966386554637,0.018299999999999983,0.011099999999999999,cnn-4_mnist_learnt_gaussian_sig0.03_bounded-pmin1e-05_epoch50_bs250_lr0.001_mon0.95_dp0.2_objective-vanilla_perc-pri0.5_epoch-pri70_bs-pri250_lr-pri0.005_mom-pri0.99_dp-pri0.2_seed7,bec-outage0.5_chan-layer2_mcsamples500_norm-frob_seed7_bounds.json
cnn-4,mnist,50.0,bec,outage 0.5,frob,channel_grad,0.001,0.01,0.01,0.005339035298675299,0.018940199999999997,0.005636589229106903,2.5511634349823,✓,✓,0.02211826362034578,0.018399999999999972,2.539196252822876,✓,✓,0.03408537922324019,104.32659912109375,2.0740653679253507,0.030699603259563446,9216.0,0.0045086718164384365,0.005636589229106903,0.004257045686244965,0.011281680672268922,0.018399999999999972,0.012399999999999967,cnn-4_mnist_learnt_gaussian_sig0.03_bounded-pmin1e-05_epoch50_bs250_lr0.001_mon0.95_dp0.2_objective-channel_gradient-chan0.01-bec-outage0.5-frob-kl0.01_perc-pri0.5_epoch-pri70_bs-pri250_lr-pri0.005_mom-pri0.99_dp-pri0.2_seed7,bec-outage0.5_chan-layer2_mcsamples500_norm-frob_seed7_bounds.json
cnn-4,mnist,50.0,bec,outage 0.5,frob,channel_grad,0.001,0.01,0.1,0.007323356810957193,0.019530400000000003,0.0074636444449424745,6.03661584854126,✓,✗,0.018662826025680597,0.01970000000000005,6.02542781829834,✓,✗,0.029850834837795912,1177.890869140625,1.1809449285441955,0.017479941248893738,9216.0,0.0028432027902454138,0.0074636444449424745,0.0031450968235731125,0.00874554621848741,0.01970000000000005,0.011600000000000055,cnn-4_mnist_learnt_gaussian_sig0.03_bounded-pmin1e-05_epoch50_bs250_lr0.001_mon0.95_dp0.2_objective-channel_gradient-chan0.1-bec-outage0.5-frob-kl0.01_perc-pri0.5_epoch-pri70_bs-pri250_lr-pri0.005_mom-pri0.99_dp-pri0.2_seed7,bec-outage0.5_chan-layer2_mcsamples500_norm-frob_seed7_bounds.json
cnn-4,mnist,50.0,bec,outage 0.5,frob,channel_grad,0.001,0.01,1.0,0.007094693835824728,0.017954599999999998,0.007210356742143631,51.2202262878418,✓,✗,0.015924581964593097,0.016800000000000037,51.2133674621582,✓,✓,0.02278391595483916,12343.830078125,0.7868699993824639,0.011646979488432407,9216.0,0.0016677213134244084,0.007210356742143631,0.0029313895851373673,0.004848403361344544,0.016800000000000037,0.011299999999999977,cnn-4_mnist_learnt_gaussian_sig0.03_bounded-pmin1e-05_epoch50_bs250_lr0.001_mon0.95_dp0.2_objective-channel_gradient-chan1.0-bec-outage0.5-frob-kl0.01_perc-pri0.5_epoch-pri70_bs-pri250_lr-pri0.005_mom-pri0.99_dp-pri0.2_seed7,bec-outage0.5_chan-layer2_mcsamples500_norm-frob_seed7_bounds.json
cnn-4,mnist,50.0,bec,outage 0.5,frob,channel_grad,0.001,0.1,0.01,0.005872053559869528,0.019422999999999992,0.006307077407836914,2.7774384021759033,✓,✗,0.02491702137683634,0.01870000000000005,2.7652573585510254,✓,✓,0.037097911403794606,4.1663408279418945,2.70623049088466,0.04005669429898262,9216.0,0.005972379818558693,0.006307077407836914,0.005185846239328384,0.013157781512605066,0.01870000000000005,0.012700000000000045,cnn-4_mnist_learnt_gaussian_sig0.03_bounded-pmin1e-05_epoch50_bs250_lr0.001_mon0.95_dp0.2_objective-channel_gradient-chan0.01-bec-outage0.5-frob-kl0.1_perc-pri0.5_epoch-pri70_bs-pri250_lr-pri0.005_mom-pri0.99_dp-pri0.2_seed7,bec-outage0.5_chan-layer2_mcsamples500_norm-frob_seed7_bounds.json
cnn-4,mnist,50.0,bec,outage 0.5,frob,channel_grad,0.001,0.1,0.1,0.005343746859580278,0.018940799999999997,0.005651286244392395,2.8323535919189453,✓,✓,0.022536832888659035,0.018299999999999983,2.8197758197784424,✓,✓,0.03511452372337025,159.7279052734375,2.1280516188316385,0.03149868920445442,9216.0,0.004721717443317175,0.005651286244392395,0.004340594634413719,0.01191650420168069,0.018299999999999983,0.011199999999999988,cnn-4_mnist_learnt_gaussian_sig0.03_bounded-pmin1e-05_epoch50_bs250_lr0.001_mon0.95_dp0.2_objective-channel_gradient-chan0.1-bec-outage0.5-frob-kl0.1_perc-pri0.5_epoch-pri70_bs-pri250_lr-pri0.005_mom-pri0.99_dp-pri0.2_seed7,bec-outage0.5_chan-layer2_mcsamples500_norm-frob_seed7_bounds.json
cnn-4,mnist,50.0,bec,outage 0.5,frob,channel_grad,0.001,0.1,1.0,0.00782727263867855,0.022057600000000004,0.007914888858795165,10.032649040222168,✓,✗,0.020780255087524985,0.021100000000000008,10.017261505126953,✓,✗,0.036167908091663994,2081.60302734375,1.4812721565326679,0.02192528173327446,9216.0,0.0038431345019489527,0.007914888858795165,0.0039278481155633925,0.012572840336134476,0.021100000000000008,0.014800000000000035,cnn-4_mnist_learnt_gaussian_sig0.03_bounded-pmin1e-05_epoch50_bs250_lr0.001_mon0.95_dp0.2_objective-channel_gradient-chan1.0-bec-outage0.5-frob-kl0.1_perc-pri0.5_epoch-pri70_bs-pri250_lr-pri0.005_mom-pri0.99_dp-pri0.2_seed7,bec-outage0.5_chan-layer2_mcsamples500_norm-frob_seed7_bounds.json
cnn-4,mnist,50.0,bec,outage 0.5,frob,channel_grad,0.001,1.0,0.01,0.006053858436644077,0.019738000000000002,0.006502176076173783,2.900836944580078,✓,✗,0.02556348131833344,0.018900000000000028,2.888517379760742,✓,✗,0.037883050589084644,0.4371083676815033,2.844068171698428,0.04209692031145096,9216.0,0.006322744768112898,0.006502176076173783,0.005392282083630562,0.01365539495798321,0.018900000000000028,0.013399999999999967,cnn-4_mnist_learnt_gaussian_sig0.03_bounded-pmin1e-05_epoch50_bs250_lr0.001_mon0.95_dp0.2_objective-channel_gradient-chan0.01-bec-outage0.5-frob-kl1.0_perc-pri0.5_epoch-pri70_bs-pri250_lr-pri0.005_mom-pri0.99_dp-pri0.2_seed7,bec-outage0.5_chan-layer2_mcsamples500_norm-frob_seed7_bounds.json
cnn-4,mnist,50.0,bec,outage 0.5,frob,channel_grad,0.001,1.0,0.1,0.005815174430608749,0.019329399999999997,0.0061895839869976045,2.860821485519409,✓,✗,0.02517202734122104,0.019000000000000017,2.8485677242279053,✓,✓,0.03742582343865808,21.783376693725586,2.717364338745027,0.04022149369120598,9216.0,0.006110107991844416,0.0061895839869976045,0.005257179960608482,0.01336510924369751,0.019000000000000017,0.012399999999999967,cnn-4_mnist_learnt_gaussian_sig0.03_bounded-pmin1e-05_epoch50_bs250_lr0.001_mon0.95_dp0.2_objective-channel_gradient-chan0.1-bec-outage0.5-frob-kl1.0_perc-pri0.5_epoch-pri70_bs-pri250_lr-pri0.005_mom-pri0.99_dp-pri0.2_seed7,bec-outage0.5_chan-layer2_mcsamples500_norm-frob_seed7_bounds.json
cnn-4,mnist,50.0,bec,outage 0.5,frob,channel_grad,0.001,1.0,1.0,0.007674121763557196,0.02795660000000001,0.008042893558740615,8.401254653930664,✓,✗,0.026113237341534656,0.028100000000000014,8.383724212646484,✓,✗,0.04364291099281293,1312.8187255859375,2.9809507245084412,0.04412300884723663,9216.0,0.00662396801635623,0.008042893558740615,0.005765923112630844,0.01740262184873952,0.028100000000000014,0.016000000000000014,cnn-4_mnist_learnt_gaussian_sig0.03_bounded-pmin1e-05_epoch50_bs250_lr0.001_mon0.95_dp0.2_objective-channel_gradient-chan1.0-bec-outage0.5-frob-kl1.0_perc-pri0.5_epoch-pri70_bs-pri250_lr-pri0.005_mom-pri0.99_dp-pri0.2_seed7,bec-outage0.5_chan-layer2_mcsamples500_norm-frob_seed7_bounds.json
cnn-4,mnist,5.0,bec,outage 0.5,spec,channel_grad,0.001,0.01,0.01,0.005921202711760998,0.019541799999999998,0.005881930515170097,0.09299533069133759,✓,?,0.024918672805969686,0.01880000000000004,0.08071915805339813,✓,?,0.03719484154330039,1.9780840873718262,0.030623961240053177,0.030623961240053177,9216.0,0.005973096936941147,0.005881930515170097,0.005540746077895164,0.013219025210084048,0.01880000000000004,0.013499999999999956,cnn-4_mnist_learnt_gaussian_sig0.03_bounded-pmin1e-05_epoch5_bs250_lr0.001_mon0.95_dp0.2_objective-channel_gradient-chan0.01-bec-outage0.5-spec-kl0.01_perc-pri0.5_epoch-pri70_bs-pri250_lr-pri0.005_mom-pri0.99_dp-pri0.2_seed7,bec-outage0.5_chan-layer2_mcsamples500_norm-spec_seed7_bounds.json
cnn-4,mnist,5.0,bec,outage 0.5,spec,channel_grad,0.001,0.01,0.1,0.005814939737319946,0.0193822,0.005758559703826905,0.10292030870914459,✓,?,0.024580196876439305,0.01880000000000004,0.09069494903087616,✓,?,0.03680556156622233,4.763948917388916,0.029564980417490005,0.029564980417490005,9216.0,0.00579139543697238,0.005758559703826905,0.005408649519085884,0.012973445378151274,0.01880000000000004,0.013299999999999979,cnn-4_mnist_learnt_gaussian_sig0.03_bounded-pmin1e-05_epoch5_bs250_lr0.001_mon0.95_dp0.2_objective-channel_gradient-chan0.1-bec-outage0.5-spec-kl0.01_perc-pri0.5_epoch-pri70_bs-pri250_lr-pri0.005_mom-pri0.99_dp-pri0.2_seed7,bec-outage0.5_chan-layer2_mcsamples500_norm-spec_seed7_bounds.json
cnn-4,mnist,5.0,bec,outage 0.5,spec,channel_grad,0.001,0.01,1.0,0.0054308450780808926,0.0193056,0.00534370094537735,0.43394744396209717,✓,?,0.02265650433097089,0.01980000000000004,0.42144256830215454,✓,?,0.035161389694364636,87.51919555664062,0.024389421567320824,0.024389421567320824,9216.0,0.004782927688211203,0.00534370094537735,0.004609860107302665,0.011945680672268925,0.01980000000000004,0.012900000000000023,cnn-4_mnist_learnt_gaussian_sig0.03_bounded-pmin1e-05_epoch5_bs250_lr0.001_mon0.95_dp0.2_objective-channel_gradient-chan1.0-bec-outage0.5-spec-kl0.01_perc-pri0.5_epoch-pri70_bs-pri250_lr-pri0.005_mom-pri0.99_dp-pri0.2_seed7,bec-outage0.5_chan-layer2_mcsamples500_norm-spec_seed7_bounds.json
cnn-4,mnist,5.0,bec,outage 0.5,spec,channel_grad,0.001,0.1,0.01,0.006115707103163004,0.0199248,0.006113602221012116,0.087447389960289,✓,?,0.025609371631472685,0.01959999999999995,0.07499609887599945,✓,?,0.038060663178344945,0.07090237736701965,0.031996238976716995,0.031996238976716995,9216.0,0.006347798742353916,0.006113602221012116,0.005790488049387932,0.013768537815126065,0.01959999999999995,0.013800000000000034,cnn-4_mnist_learnt_gaussian_sig0.03_bounded-pmin1e-05_epoch5_bs250_lr0.001_mon0.95_dp0.2_objective-channel_gradient-chan0.01-bec-outage0.5-spec-kl0.1_perc-pri0.5_epoch-pri70_bs-pri250_lr-pri0.005_mom-pri0.99_dp-pri0.2_seed7,bec-outage0.5_chan-layer2_mcsamples500_norm-spec_seed7_bounds.json
cnn-4,mnist,5.0,bec,outage 0.5,spec,channel_grad,0.001,0.1,0.1,0.006087956018745899,0.019881999999999997,0.006081017851829529,0.08766800165176392,✓,?,0.025519657771016467,0.019499999999999962,0.07523803412914276,✓,?,0.03794962856450747,0.2058003544807434,0.031777169555425644,0.031777169555425644,9216.0,0.0062988330610096455,0.006081017851829529,0.005757824704051018,0.013697613445378159,0.019499999999999962,0.014100000000000001,cnn-4_mnist_learnt_gaussian_sig0.03_bounded-pmin1e-05_epoch5_bs250_lr0.001_mon0.95_dp0.2_objective-channel_gradient-chan0.1-bec-outage0.5-spec-kl0.1_perc-pri0.5_epoch-pri70_bs-pri250_lr-pri0.005_mom-pri0.99_dp-pri0.2_seed7,bec-outage0.5_chan-layer2_mcsamples500_norm-spec_seed7_bounds.json
cnn-4,mnist,5.0,bec,outage 0.5,spec,channel_grad,0.001,0.1,1.0,0.005917178466916084,0.0196522,0.005884162709116935,0.10742020606994629,✓,?,0.024911908877511803,0.019299999999999984,0.09507979452610016,✓,?,0.03725231070671195,5.598728656768799,0.03021014854311943,0.03021014854311943,9216.0,0.005969583988189697,0.005884162709116935,0.005521676689386368,0.013255260504201694,0.019299999999999984,0.013700000000000045,cnn-4_mnist_learnt_gaussian_sig0.03_bounded-pmin1e-05_epoch5_bs250_lr0.001_mon0.95_dp0.2_objective-channel_gradient-chan1.0-bec-outage0.5-spec-kl0.1_perc-pri0.5_epoch-pri70_bs-pri250_lr-pri0.005_mom-pri0.99_dp-pri0.2_seed7,bec-outage0.5_chan-layer2_mcsamples500_norm-spec_seed7_bounds.json
cnn-4,mnist,5.0,bec,outage 0.5,spec,channel_grad,0.001,1.0,0.01,0.006159907206892967,0.020012000000000005,0.00616479404270649,0.08761653304100037,✓,?,0.02575102657212904,0.01980000000000004,0.07512936741113663,✓,?,0.0382381947712762,0.002263575792312622,0.03226807340979576,0.03226807340979576,9216.0,0.006425097584724426,0.00616479404270649,0.005844490975141526,0.013881613445378166,0.01980000000000004,0.013700000000000045,cnn-4_mnist_learnt_gaussian_sig0.03_bounded-pmin1e-05_epoch5_bs250_lr0.001_mon0.95_dp0.2_objective-channel_gradient-chan0.01-bec-outage0.5-spec-kl1.0_perc-pri0.5_epoch-pri70_bs-pri250_lr-pri0.005_mom-pri0.99_dp-pri0.2_seed7,bec-outage0.5_chan-layer2_mcsamples500_norm-spec_seed7_bounds.json
cnn-4,mnist,5.0,bec,outage 0.5,spec,channel_grad,0.001,1.0,0.1,0.006155471783131361,0.020003999999999997,0.0061599969863891605,0.08759242296218872,✓,?,0.025737860888589505,0.01980000000000004,0.07511107623577118,✓,?,0.03821920832633885,0.009644657373428345,0.03223280981183052,0.03223280981183052,9216.0,0.006417952012270689,0.0061599969863891605,0.005839144065976143,0.01386937815126052,0.01980000000000004,0.013700000000000045,cnn-4_mnist_learnt_gaussian_sig0.03_bounded-pmin1e-05_epoch5_bs250_lr0.001_mon0.95_dp0.2_objective-channel_gradient-chan0.1-bec-outage0.5-spec-kl1.0_perc-pri0.5_epoch-pri70_bs-pri250_lr-pri0.005_mom-pri0.99_dp-pri0.2_seed7,bec-outage0.5_chan-layer2_mcsamples500_norm-spec_seed7_bounds.json
cnn-4,mnist,5.0,bec,outage 0.5,spec,channel_grad,0.001,1.0,1.0,0.0061231148429214954,0.019953799999999994,0.006126276031136513,0.08879715949296951,✓,?,0.02563552107354358,0.019499999999999962,0.07635487616062164,✓,?,0.038077803843623,0.40780624747276306,0.031953465193510056,0.031953465193510056,9216.0,0.006361902691423893,0.006126276031136513,0.005797009542584419,0.013779361344537826,0.019499999999999962,0.013900000000000023,cnn-4_mnist_learnt_gaussian_sig0.03_bounded-pmin1e-05_epoch5_bs250_lr0.001_mon0.95_dp0.2_objective-channel_gradient-chan1.0-bec-outage0.5-spec-kl1.0_perc-pri0.5_epoch-pri70_bs-pri250_lr-pri0.005_mom-pri0.99_dp-pri0.2_seed7,bec-outage0.5_chan-layer2_mcsamples500_norm-spec_seed7_bounds.json
cnn-4,mnist,10.0,bec,outage 0.5,spec,vanilla,0.001,1.0,0.0,0.005716865416616201,0.0192654,0.005353602021932602,0.15136141459700955,✓,-,0.023808342436290597,0.018199999999999994,0.13919318667540226,✓,-,0.035976570357897884,13.565025329589844,0.04290483146905899,0.04290483146905899,9216.0,0.005381730385124683,0.005353602021932602,0.005039001628756523,0.012453042016806738,0.018199999999999994,0.012299999999999978,cnn-4_mnist_learnt_gaussian_sig0.03_bounded-pmin1e-05_epoch10_bs250_lr0.001_mon0.95_dp0.2_objective-vanilla_perc-pri0.5_epoch-pri70_bs-pri250_lr-pri0.005_mom-pri0.99_dp-pri0.2_seed7,bec-outage0.5_chan-layer2_mcsamples500_norm-spec_seed7_bounds.json
cnn-4,mnist,10.0,bec,outage 0.5,spec,channel_grad,0.001,0.0001,0.0001,0.005676427390426397,0.019126199999999996,0.005656411498785019,0.134958416223526,✓,✓,0.023846720532678695,0.020299999999999985,0.12283672392368317,✓,✓,0.035968417758082655,12.965532302856445,0.028957407921552658,0.028957407921552658,9216.0,0.005401987582445145,0.005656411498785019,0.005064535140991211,0.01244806722689078,0.020299999999999985,0.011600000000000055,cnn-4_mnist_learnt_gaussian_sig0.03_bounded-pmin1e-05_epoch10_bs250_lr0.001_mon0.95_dp0.2_objective-channel_gradient-chan0.0001-bec-outage0.5-spec-kl0.0001_perc-pri0.5_epoch-pri70_bs-pri250_lr-pri0.005_mom-pri0.99_dp-pri0.2_seed7,bec-outage0.5_chan-layer2_mcsamples500_norm-spec_seed7_bounds.json
cnn-4,mnist,10.0,bec,outage 0.5,spec,channel_grad,0.001,0.0001,0.001,0.005674233194440603,0.0191244,0.005654257908463478,0.1354476809501648,✓,✓,0.02383888723405888,0.020299999999999985,0.12332748621702194,✓,✓,0.03595907233504978,13.0940523147583,0.028931329026818275,0.028931329026818275,9216.0,0.005397872067987919,0.005654257908463478,0.005062120035290718,0.012442352941176493,0.020299999999999985,0.011600000000000055,cnn-4_mnist_learnt_gaussian_sig0.03_bounded-pmin1e-05_epoch10_bs250_lr0.001_mon0.95_dp0.2_objective-channel_gradient-chan0.001-bec-outage0.5-spec-kl0.0001_perc-pri0.5_epoch-pri70_bs-pri250_lr-pri0.005_mom-pri0.99_dp-pri0.2_seed7,bec-outage0.5_chan-layer2_mcsamples500_norm-spec_seed7_bounds.json
cnn-4,mnist,10.0,bec,outage 0.5,spec,channel_grad,0.001,0.0001,0.01,0.005652838386595249,0.019113,0.0056342270225286485,0.14040501415729523,✓,✓,0.023764301138852122,0.020199999999999996,0.12828876078128815,✓,✓,0.03588055505033901,14.384268760681152,0.028699906542897224,0.028699906542897224,9216.0,0.0053586033172905445,0.0056342270225286485,0.005036978796124458,0.012393277310924395,0.020199999999999996,0.011600000000000055,cnn-4_mnist_learnt_gaussian_sig0.03_bounded-pmin1e-05_epoch10_bs250_lr0.001_mon0.95_dp0.2_objective-channel_gradient-chan0.01-bec-outage0.5-spec-kl0.0001_perc-pri0.5_epoch-pri70_bs-pri250_lr-pri0.005_mom-pri0.99_dp-pri0.2_seed7,bec-outage0.5_chan-layer2_mcsamples500_norm-spec_seed7_bounds.json
cnn-4,mnist,10.0,bec,outage 0.5,spec,channel_grad,0.001,0.001,0.0001,0.005696726497262716,0.0191484,0.005679760500788689,0.1268860399723053,✓,✓,0.02397274916008532,0.020399999999999974,0.11475387960672379,✓,✓,0.03610490411506895,10.917330741882324,0.02911028452217579,0.02911028452217579,9216.0,0.005468549206852913,0.005679760500788689,0.005100889503955841,0.012533378151260523,0.020399999999999974,0.011700000000000044,cnn-4_mnist_learnt_gaussian_sig0.03_bounded-pmin1e-05_epoch10_bs250_lr0.001_mon0.95_dp0.2_objective-channel_gradient-chan0.0001-bec-outage0.5-spec-kl0.001_perc-pri0.5_epoch-pri70_bs-pri250_lr-pri0.005_mom-pri0.99_dp-pri0.2_seed7,bec-outage0.5_chan-layer2_mcsamples500_norm-spec_seed7_bounds.json
cnn-4,mnist,10.0,bec,outage 0.5,spec,channel_grad,0.001,0.001,0.001,0.005694341380149126,0.019144400000000002,0.005677306279540062,0.127299502491951,✓,✓,0.023965560601625385,0.020299999999999985,0.1151670590043068,✓,✓,0.0360980103659604,11.025491714477539,0.02908908762037754,0.02908908762037754,9216.0,0.005464606918394566,0.005677306279540062,0.005098048970103264,0.012529210084033631,0.020299999999999985,0.011700000000000044,cnn-4_mnist_learnt_gaussian_sig0.03_bounded-pmin1e-05_epoch10_bs250_lr0.001_mon0.95_dp0.2_objective-channel_gradient-chan0.001-bec-outage0.5-spec-kl0.001_perc-pri0.5_epoch-pri70_bs-pri250_lr-pri0.005_mom-pri0.99_dp-pri0.2_seed7,bec-outage0.5_chan-layer2_mcsamples500_norm-spec_seed7_bounds.json
cnn-4,mnist,10.0,bec,outage 0.5,spec,channel_grad,0.001,0.001,0.01,0.005673637147992849,0.0191226,0.005657296255230903,0.13176870346069336,✓,✓,0.0238916852973397,0.020299999999999985,0.11963897198438644,✓,✓,0.03602142460203213,12.175753593444824,0.028938954696059227,0.028938954696059227,9216.0,0.005425574257969856,0.005657296255230903,0.005074409767985344,0.01248114285714287,0.020299999999999985,0.011600000000000055,cnn-4_mnist_learnt_gaussian_sig0.03_bounded-pmin1e-05_epoch10_bs250_lr0.001_mon0.95_dp0.2_objective-channel_gradient-chan0.01-bec-outage0.5-spec-kl0.001_perc-pri0.5_epoch-pri70_bs-pri250_lr-pri0.005_mom-pri0.99_dp-pri0.2_seed7,bec-outage0.5_chan-layer2_mcsamples500_norm-spec_seed7_bounds.json
cnn-4,mnist,10.0,bec,outage 0.5,spec,channel_grad,0.001,0.01,0.0001,0.005862129386514425,0.019357599999999996,0.00585867166519165,0.09547622501850128,✓,✗,0.024770474013917677,0.02090000000000003,0.08324182033538818,✓,✗,0.03700488116791466,2.7455413341522217,0.030161689966917038,0.030161689966917038,9216.0,0.005893537774682045,0.00585867166519165,0.0053189054131507875,0.013099092436974814,0.02090000000000003,0.011700000000000044,cnn-4_mnist_learnt_gaussian_sig0.03_bounded-pmin1e-05_epoch10_bs250_lr0.001_mon0.95_dp0.2_objective-channel_gradient-chan0.0001-bec-outage0.5-spec-kl0.01_perc-pri0.5_epoch-pri70_bs-pri250_lr-pri0.005_mom-pri0.99_dp-pri0.2_seed7,bec-outage0.5_chan-layer2_mcsamples500_norm-spec_seed7_bounds.json
cnn-4,mnist,10.0,bec,outage 0.5,spec,channel_grad,0.001,0.01,0.001,0.005860637873411179,0.0193592,0.005857108533382416,0.09557666629552841,✓,✗,0.024766078645167455,0.02090000000000003,0.08334388583898544,✓,✗,0.03699885469074231,2.7749416828155518,0.030148128047585487,0.030148128047585487,9216.0,0.005890990141779184,0.005857108533382416,0.005317395925521851,0.01309532773109246,0.02090000000000003,0.011700000000000044,cnn-4_mnist_learnt_gaussian_sig0.03_bounded-pmin1e-05_epoch10_bs250_lr0.001_mon0.95_dp0.2_objective-channel_gradient-chan0.001-bec-outage0.5-spec-kl0.01_perc-pri0.5_epoch-pri70_bs-pri250_lr-pri0.005_mom-pri0.99_dp-pri0.2_seed7,bec-outage0.5_chan-layer2_mcsamples500_norm-spec_seed7_bounds.json
cnn-4,mnist,10.0,bec,outage 0.5,spec,channel_grad,0.001,0.01,0.01,0.005845154635608196,0.019336399999999997,0.005841119959950447,0.09670570674929463,✓,✗,0.024717222152468975,0.02080000000000004,0.08447843310458199,✓,✗,0.03694449579718162,3.0939388275146484,0.030029229819774628,0.030029229819774628,9216.0,0.0058648656122386456,0.005841119959950447,0.005301481485366822,0.013060840336134473,0.02080000000000004,0.011700000000000044,cnn-4_mnist_learnt_gaussian_sig0.03_bounded-pmin1e-05_epoch10_bs250_lr0.001_mon0.95_dp0.2_objective-channel_gradient-chan0.01-bec-outage0.5-spec-kl0.01_perc-pri0.5_epoch-pri70_bs-pri250_lr-pri0.005_mom-pri0.99_dp-pri0.2_seed7,bec-outage0.5_chan-layer2_mcsamples500_norm-spec_seed7_bounds.json
cnn-4,mnist,10.0,bec,outage 0.5,spec,channel_grad,0.001,0.01,0.1,0.005720785353332758,0.01916839999999999,0.005717029422521591,0.1132530355999178,✓,✗,0.024303005669443187,0.020399999999999974,0.10108215762368356,✓,✓,0.03647388364567744,7.47112512588501,0.029177382588386536,0.029177382588386536,9216.0,0.005643699783831835,0.005717029422521591,0.005173130333423615,0.012764773109243718,0.020399999999999974,0.011800000000000033,cnn-4_mnist_learnt_gaussian_sig0.03_bounded-pmin1e-05_epoch10_bs250_lr0.001_mon0.95_dp0.2_objective-channel_gradient-chan0.1-bec-outage0.5-spec-kl0.01_perc-pri0.5_epoch-pri70_bs-pri250_lr-pri0.005_mom-pri0.99_dp-pri0.2_seed7,bec-outage0.5_chan-layer2_mcsamples500_norm-spec_seed7_bounds.json
cnn-4,mnist,10.0,bec,outage 0.5,spec,channel_grad,0.001,0.01,1.0,0.005392610095441341,0.019164799999999996,0.0054232336580753325,0.5729091222872897,✓,✓,0.022065438918169297,0.020299999999999985,0.5603387460598748,✓,✓,0.034635815145584226,121.94760131835938,0.02332328073680401,0.02332328073680401,9216.0,0.004481957759708166,0.0054232336580753325,0.004436774551868439,0.011620302521008421,0.020299999999999985,0.012199999999999989,cnn-4_mnist_learnt_gaussian_sig0.03_bounded-pmin1e-05_epoch10_bs250_lr0.001_mon0.95_dp0.2_objective-channel_gradient-chan1.0-bec-outage0.5-spec-kl0.01_perc-pri0.5_epoch-pri70_bs-pri250_lr-pri0.005_mom-pri0.99_dp-pri0.2_seed7,bec-outage0.5_chan-layer2_mcsamples500_norm-spec_seed7_bounds.json
cnn-4,mnist,10.0,bec,outage 0.5,spec,channel_grad,0.001,0.1,0.01,0.0060745347291231155,0.019747599999999994,0.006089100614190102,0.08697652550855348,✓,✗,0.025586877909682764,0.02200000000000002,0.07456236177532645,✓,✗,0.038001041642909794,0.08722087740898132,0.03151837736368179,0.03151837736368179,9216.0,0.006335490383207798,0.006089100614190102,0.0055555891245603565,0.013730554621848757,0.02200000000000002,0.012700000000000045,cnn-4_mnist_learnt_gaussian_sig0.03_bounded-pmin1e-05_epoch10_bs250_lr0.001_mon0.95_dp0.2_objective-channel_gradient-chan0.01-bec-outage0.5-spec-kl0.1_perc-pri0.5_epoch-pri70_bs-pri250_lr-pri0.005_mom-pri0.99_dp-pri0.2_seed7,bec-outage0.5_chan-layer2_mcsamples500_norm-spec_seed7_bounds.json
cnn-4,mnist,10.0,bec,outage 0.5,spec,channel_grad,0.001,0.1,0.1,0.0060350033454597,0.019673,0.006046919152140617,0.08750025428964467,✓,✗,0.025473974964726368,0.02200000000000002,0.07512427173894567,✓,✗,0.037849957515425366,0.2667178511619568,0.03146039694547653,0.03146039694547653,9216.0,0.006273992825299501,0.006046919152140617,0.005516955628991127,0.013634487394958013,0.02200000000000002,0.012599999999999945,cnn-4_mnist_learnt_gaussian_sig0.03_bounded-pmin1e-05_epoch10_bs250_lr0.001_mon0.95_dp0.2_objective-channel_gradient-chan0.1-bec-outage0.5-spec-kl0.1_perc-pri0.5_epoch-pri70_bs-pri250_lr-pri0.005_mom-pri0.99_dp-pri0.2_seed7,bec-outage0.5_chan-layer2_mcsamples500_norm-spec_seed7_bounds.json
cnn-4,mnist,10.0,bec,outage 0.5,spec,channel_grad,0.001,0.1,1.0,0.005794954486191273,0.019272,0.005807734653353691,0.1092216333605396,✓,✗,0.024746111682318068,0.021499999999999964,0.09699716341282477,✓,✗,0.036970581630032896,6.275721549987793,0.029529497027397156,0.029529497027397156,9216.0,0.005880300886929035,0.005807734653353691,0.005291009694337845,0.013077445378151278,0.021499999999999964,0.012199999999999989,cnn-4_mnist_learnt_gaussian_sig0.03_bounded-pmin1e-05_epoch10_bs250_lr0.001_mon0.95_dp0.2_objective-channel_gradient-chan1.0-bec-outage0.5-spec-kl0.1_perc-pri0.5_epoch-pri70_bs-pri250_lr-pri0.005_mom-pri0.99_dp-pri0.2_seed7,bec-outage0.5_chan-layer2_mcsamples500_norm-spec_seed7_bounds.json
cnn-4,mnist,10.0,bec,outage 0.5,spec,channel_grad,0.001,1.0,0.01,0.006126849912106991,0.0198628,0.00614786297082901,0.087142677131463,✓,✗,0.0257446178458017,0.02200000000000002,0.07465889408366186,✓,✗,0.03822840089360283,0.003314763307571411,0.031799715012311935,0.031799715012311935,9216.0,0.006421460770070553,0.00614786297082901,0.005609627068042755,0.013875428571428592,0.02200000000000002,0.012599999999999945,cnn-4_mnist_learnt_gaussian_sig0.03_bounded-pmin1e-05_epoch10_bs250_lr0.001_mon0.95_dp0.2_objective-channel_gradient-chan0.01-bec-outage0.5-spec-kl1.0_perc-pri0.5_epoch-pri70_bs-pri250_lr-pri0.005_mom-pri0.99_dp-pri0.2_seed7,bec-outage0.5_chan-layer2_mcsamples500_norm-spec_seed7_bounds.json
cnn-4,mnist,10.0,bec,outage 0.5,spec,channel_grad,0.001,1.0,0.1,0.00611922238022089,0.019842400000000007,0.006139941513538361,0.08711250800565246,✓,✗,0.025724630277907872,0.02200000000000002,0.07463851271079483,✓,✗,0.0381986255727655,0.01246654987335205,0.031761959195137024,0.031761959195137024,9216.0,0.006410740315914154,0.006139941513538361,0.00560261458158493,0.013856470588235314,0.02200000000000002,0.012499999999999956,cnn-4_mnist_learnt_gaussian_sig0.03_bounded-pmin1e-05_epoch10_bs250_lr0.001_mon0.95_dp0.2_objective-channel_gradient-chan0.1-bec-outage0.5-spec-kl1.0_perc-pri0.5_epoch-pri70_bs-pri250_lr-pri0.005_mom-pri0.99_dp-pri0.2_seed7,bec-outage0.5_chan-layer2_mcsamples500_norm-spec_seed7_bounds.json
cnn-4,mnist,10.0,bec,outage 0.5,spec,channel_grad,0.001,1.0,1.0,0.006046709138900042,0.019676399999999997,0.0060639001429080965,0.08860081991257177,✓,✗,0.02554087975697657,0.02210000000000001,0.07621007660447121,✓,✗,0.03793162306507712,0.5285987854003906,0.03141017258167267,0.03141017258167267,9216.0,0.006310326978564262,0.0060639001429080965,0.005537743121385575,0.013686386554621866,0.02210000000000001,0.012599999999999945,cnn-4_mnist_learnt_gaussian_sig0.03_bounded-pmin1e-05_epoch10_bs250_lr0.001_mon0.95_dp0.2_objective-channel_gradient-chan1.0-bec-outage0.5-spec-kl1.0_perc-pri0.5_epoch-pri70_bs-pri250_lr-pri0.005_mom-pri0.99_dp-pri0.2_seed7,bec-outage0.5_chan-layer2_mcsamples500_norm-spec_seed7_bounds.json
cnn-4,mnist,20.0,bec,outage 0.5,spec,vanilla,0.001,1.0,0.0,0.005575445014983416,0.0192198,0.0052247907966375354,0.2541826403223962,✓,-,0.022766675829852832,0.017900000000000027,0.2419923127203051,✓,-,0.034957003431943925,39.0007209777832,0.04290483146905899,0.04290483146905899,9216.0,0.004839545115828514,0.0052247907966375354,0.004714740812778473,0.011818890756302537,0.017900000000000027,0.011499999999999955,cnn-4_mnist_learnt_gaussian_sig0.03_bounded-pmin1e-05_epoch20_bs250_lr0.001_mon0.95_dp0.2_objective-vanilla_perc-pri0.5_epoch-pri70_bs-pri250_lr-pri0.005_mom-pri0.99_dp-pri0.2_seed7,bec-outage0.5_chan-layer2_mcsamples500_norm-spec_seed7_bounds.json
cnn-4,mnist,20.0,bec,outage 0.5,spec,channel_grad,0.001,0.0001,0.0001,0.005550555884838104,0.019163,0.005351680889725685,0.2307448536157608,✓,✓,0.022844908909193794,0.019100000000000006,0.21861273050308228,✓,✓,0.03497702821656019,36.9181022644043,0.027949267998337746,0.027949267998337746,9216.0,0.004879831336438656,0.005351680889725685,0.004707984626293182,0.01183119327731094,0.019100000000000006,0.011700000000000044,cnn-4_mnist_learnt_gaussian_sig0.03_bounded-pmin1e-05_epoch20_bs250_lr0.001_mon0.95_dp0.2_objective-channel_gradient-chan0.0001-bec-outage0.5-spec-kl0.0001_perc-pri0.5_epoch-pri70_bs-pri250_lr-pri0.005_mom-pri0.99_dp-pri0.2_seed7,bec-outage0.5_chan-layer2_mcsamples500_norm-spec_seed7_bounds.json
cnn-4,mnist,20.0,bec,outage 0.5,spec,channel_grad,0.001,0.0001,0.001,0.005547912325710058,0.019162199999999997,0.005349049344658852,0.23216234147548676,✓,✓,0.02283378113754765,0.019100000000000006,0.22003282606601715,✓,✓,0.03496329859667706,37.27569580078125,0.027920618653297424,0.027920618653297424,9216.0,0.004874056205153465,0.005349049344658852,0.004703639447689057,0.011822924369747911,0.019100000000000006,0.011700000000000044,cnn-4_mnist_learnt_gaussian_sig0.03_bounded-pmin1e-05_epoch20_bs250_lr0.001_mon0.95_dp0.2_objective-channel_gradient-chan0.001-bec-outage0.5-spec-kl0.0001_perc-pri0.5_epoch-pri70_bs-pri250_lr-pri0.005_mom-pri0.99_dp-pri0.2_seed7,bec-outage0.5_chan-layer2_mcsamples500_norm-spec_seed7_bounds.json
cnn-4,mnist,20.0,bec,outage 0.5,spec,channel_grad,0.001,0.0001,0.01,0.0055198161862790585,0.019134799999999997,0.0053241409361362456,0.24688029289245605,✓,✓,0.022720296707337433,0.019100000000000006,0.23475809395313263,✓,✓,0.03484250115773178,41.01538848876953,0.027492132037878036,0.027492132037878036,9216.0,0.0048157526180148125,0.0053241409361362456,0.0046564433723688126,0.011747966386554638,0.019100000000000006,0.011600000000000055,cnn-4_mnist_learnt_gaussian_sig0.03_bounded-pmin1e-05_epoch20_bs250_lr0.001_mon0.95_dp0.2_objective-channel_gradient-chan0.01-bec-outage0.5-spec-kl0.0001_perc-pri0.5_epoch-pri70_bs-pri250_lr-pri0.005_mom-pri0.99_dp-pri0.2_seed7,bec-outage0.5_chan-layer2_mcsamples500_norm-spec_seed7_bounds.json
cnn-4,mnist,20.0,bec,outage 0.5,spec,channel_grad,0.001,0.001,0.0001,0.005585853476077318,0.019134999999999996,0.005379784107208252,0.18982553482055664,✓,✗,0.023184327254649084,0.019000000000000017,0.1776849925518036,✓,✓,0.03532485987837974,26.67238426208496,0.028510089963674545,0.028510089963674545,9216.0,0.005055421497672796,0.005379784107208252,0.004819648712873459,0.01204699159663867,0.019000000000000017,0.011600000000000055,cnn-4_mnist_learnt_gaussian_sig0.03_bounded-pmin1e-05_epoch20_bs250_lr0.001_mon0.95_dp0.2_objective-channel_gradient-chan0.0001-bec-outage0.5-spec-kl0.001_perc-pri0.5_epoch-pri70_bs-pri250_lr-pri0.005_mom-pri0.99_dp-pri0.2_seed7,bec-outage0.5_chan-layer2_mcsamples500_norm-spec_seed7_bounds.json
cnn-4,mnist,20.0,bec,outage 0.5,spec,channel_grad,0.001,0.001,0.001,0.005583120509982109,0.01912820000000001,0.005377192422747612,0.19091004133224487,✓,✗,0.023173629730642763,0.019000000000000017,0.1787707358598709,✓,✓,0.03531292819598589,26.948118209838867,0.028480863198637962,0.028480863198637962,9216.0,0.0050498410128057,0.005377192422747612,0.004815427958965302,0.012039596638655475,0.019000000000000017,0.011600000000000055,cnn-4_mnist_learnt_gaussian_sig0.03_bounded-pmin1e-05_epoch20_bs250_lr0.001_mon0.95_dp0.2_objective-channel_gradient-chan0.001-bec-outage0.5-spec-kl0.001_perc-pri0.5_epoch-pri70_bs-pri250_lr-pri0.005_mom-pri0.99_dp-pri0.2_seed7,bec-outage0.5_chan-layer2_mcsamples500_norm-spec_seed7_bounds.json
cnn-4,mnist,20.0,bec,outage 0.5,spec,channel_grad,0.001,0.001,0.01,0.005558612756431103,0.0191062,0.0053547736257314685,0.20152778923511505,✓,✓,0.023074077219052573,0.019000000000000017,0.18939287960529327,✓,✓,0.03520898829136837,29.65117645263672,0.028167348355054855,0.028167348355054855,9216.0,0.00499821687117219,0.0053547736257314685,0.004776452854275704,0.011975126050420188,0.019000000000000017,0.011600000000000055,cnn-4_mnist_learnt_gaussian_sig0.03_bounded-pmin1e-05_epoch20_bs250_lr0.001_mon0.95_dp0.2_objective-channel_gradient-chan0.01-bec-outage0.5-spec-kl0.001_perc-pri0.5_epoch-pri70_bs-pri250_lr-pri0.005_mom-pri0.99_dp-pri0.2_seed7,bec-outage0.5_chan-layer2_mcsamples500_norm-spec_seed7_bounds.json
cnn-4,mnist,20.0,bec,outage 0.5,spec,channel_grad,0.001,0.01,0.0001,0.005845904350280762,0.019402799999999998,0.0056015849113464355,0.09840521216392517,✓,✗,0.024710357479793787,0.019100000000000006,0.08618903160095215,✓,✗,0.03692654697532113,3.236039638519287,0.03116656467318535,0.03116656467318535,9216.0,0.005861250683665276,0.0056015849113464355,0.005329878628253936,0.013049680672268926,0.019100000000000006,0.011800000000000033,cnn-4_mnist_learnt_gaussian_sig0.03_bounded-pmin1e-05_epoch20_bs250_lr0.001_mon0.95_dp0.2_objective-channel_gradient-chan0.0001-bec-outage0.5-spec-kl0.01_perc-pri0.5_epoch-pri70_bs-pri250_lr-pri0.005_mom-pri0.99_dp-pri0.2_seed7,bec-outage0.5_chan-layer2_mcsamples500_norm-spec_seed7_bounds.json
cnn-4,mnist,20.0,bec,outage 0.5,spec,channel_grad,0.001,0.01,0.001,0.005844556260854006,0.019401400000000003,0.005600272119045258,0.09851627051830292,✓,✗,0.024705435397226503,0.019100000000000006,0.0863010585308075,✓,✗,0.036920651466771585,3.269624710083008,0.031146403402090073,0.031146403402090073,9216.0,0.0058586494997143745,0.005600272119045258,0.00532817430794239,0.013046050420168086,0.019100000000000006,0.011800000000000033,cnn-4_mnist_learnt_gaussian_sig0.03_bounded-pmin1e-05_epoch20_bs250_lr0.001_mon0.95_dp0.2_objective-channel_gradient-chan0.001-bec-outage0.5-spec-kl0.01_perc-pri0.5_epoch-pri70_bs-pri250_lr-pri0.005_mom-pri0.99_dp-pri0.2_seed7,bec-outage0.5_chan-layer2_mcsamples500_norm-spec_seed7_bounds.json
cnn-4,mnist,20.0,bec,outage 0.5,spec,channel_grad,0.001,0.01,0.01,0.005830132402479649,0.019379400000000005,0.005586071312427521,0.09974593753926878,✓,✗,0.02465624389271507,0.019100000000000006,0.08753946771489637,✓,✗,0.036862713717087464,3.6305055618286133,0.030960718169808388,0.030960718169808388,9216.0,0.005832185037434101,0.005586071312427521,0.0053091786801815035,0.013009344537815146,0.019100000000000006,0.011800000000000033,cnn-4_mnist_learnt_gaussian_sig0.03_bounded-pmin1e-05_epoch20_bs250_lr0.001_mon0.95_dp0.2_objective-channel_gradient-chan0.01-bec-outage0.5-spec-kl0.01_perc-pri0.5_epoch-pri70_bs-pri250_lr-pri0.005_mom-pri0.99_dp-pri0.2_seed7,bec-outage0.5_chan-layer2_mcsamples500_norm-spec_seed7_bounds.json
cnn-4,mnist,20.0,bec,outage 0.5,spec,channel_grad,0.001,0.01,0.1,0.005715522915124893,0.019238399999999992,0.005477616935968399,0.118168119240124,✓,✗,0.024226450646934614,0.018900000000000028,0.10599964288873812,✓,✗,0.03639492699832051,8.60560417175293,0.029539931565523148,0.029539931565523148,9216.0,0.005602889694273472,0.005477616935968399,0.005149299651384354,0.012715226890756322,0.018900000000000028,0.011600000000000055,cnn-4_mnist_learnt_gaussian_sig0.03_bounded-pmin1e-05_epoch20_bs250_lr0.001_mon0.95_dp0.2_objective-channel_gradient-chan0.1-bec-outage0.5-spec-kl0.01_perc-pri0.5_epoch-pri70_bs-pri250_lr-pri0.005_mom-pri0.99_dp-pri0.2_seed7,bec-outage0.5_chan-layer2_mcsamples500_norm-spec_seed7_bounds.json
cnn-4,mnist,20.0,bec,outage 0.5,spec,channel_grad,0.001,0.01,1.0,0.005438619758933783,0.019305000000000003,0.005289781838655472,0.6100538193147265,✓,✓,0.021964675349876214,0.019199999999999995,0.5974403774369704,✓,✗,0.03457811722763229,131.15850830078125,0.022922305390238762,0.022922305390238762,9216.0,0.004431091248989105,0.005289781838655472,0.004302303120493889,0.01158487394957985,0.019199999999999995,0.011199999999999988,cnn-4_mnist_learnt_gaussian_sig0.03_bounded-pmin1e-05_epoch20_bs250_lr0.001_mon0.95_dp0.2_objective-channel_gradient-chan1.0-bec-outage0.5-spec-kl0.01_perc-pri0.5_epoch-pri70_bs-pri250_lr-pri0.005_mom-pri0.99_dp-pri0.2_seed7,bec-outage0.5_chan-layer2_mcsamples500_norm-spec_seed7_bounds.json
cnn-4,mnist,20.0,bec,outage 0.5,spec,channel_grad,0.001,0.1,0.01,0.00608415063470602,0.019831399999999996,0.005852936953306198,0.08852746879238722,✓,✗,0.02562029190352157,0.01959999999999995,0.0761258064401008,✓,✗,0.038021954255807996,0.07621923089027405,0.033093322068452835,0.033093322068452835,9216.0,0.00635361997410655,0.005852936953306198,0.00565839484333992,0.013743798319327746,0.01959999999999995,0.012399999999999967,cnn-4_mnist_learnt_gaussian_sig0.03_bounded-pmin1e-05_epoch20_bs250_lr0.001_mon0.95_dp0.2_objective-channel_gradient-chan0.01-bec-outage0.5-spec-kl0.1_perc-pri0.5_epoch-pri70_bs-pri250_lr-pri0.005_mom-pri0.99_dp-pri0.2_seed7,bec-outage0.5_chan-layer2_mcsamples500_norm-spec_seed7_bounds.json
cnn-4,mnist,20.0,bec,outage 0.5,spec,channel_grad,0.001,0.1,0.1,0.006049561779946089,0.019764399999999994,0.0058133073151111605,0.08872050215720592,✓,✗,0.02551729675773912,0.019499999999999962,0.07634865889747988,✓,✗,0.03788914001746517,0.2266395092010498,0.03280508145689964,0.03280508145689964,9216.0,0.006297391839325428,0.0058133073151111605,0.005623137205839157,0.01365922689075632,0.019499999999999962,0.012299999999999978,cnn-4_mnist_learnt_gaussian_sig0.03_bounded-pmin1e-05_epoch20_bs250_lr0.001_mon0.95_dp0.2_objective-channel_gradient-chan0.1-bec-outage0.5-spec-kl0.1_perc-pri0.5_epoch-pri70_bs-pri250_lr-pri0.005_mom-pri0.99_dp-pri0.2_seed7,bec-outage0.5_chan-layer2_mcsamples500_norm-spec_seed7_bounds.json
cnn-4,mnist,20.0,bec,outage 0.5,spec,channel_grad,0.001,0.1,1.0,0.005832010414451361,0.0193938,0.005564286559820175,0.1118903664289202,✓,✗,0.02478714663434257,0.019100000000000006,0.09971209381229415,✓,✗,0.036965419250968606,6.61439847946167,0.030820749700069427,0.030820749700069427,9216.0,0.005902318749576807,0.005564286559820175,0.005383661016821861,0.01307408403361346,0.019100000000000006,0.011800000000000033,cnn-4_mnist_learnt_gaussian_sig0.03_bounded-pmin1e-05_epoch20_bs250_lr0.001_mon0.95_dp0.2_objective-channel_gradient-chan1.0-bec-outage0.5-spec-kl0.1_perc-pri0.5_epoch-pri70_bs-pri250_lr-pri0.005_mom-pri0.99_dp-pri0.2_seed7,bec-outage0.5_chan-layer2_mcsamples500_norm-spec_seed7_bounds.json
cnn-4,mnist,20.0,bec,outage 0.5,spec,channel_grad,0.001,1.0,0.01,0.006128356792032719,0.019921800000000003,0.005905252695083618,0.0883843117674753,✓,✗,0.025763193305800014,0.019299999999999984,0.07593431962117533,✓,✗,0.03821318545209998,0.0032665133476257324,0.03305676206946373,0.03305676206946373,9216.0,0.00643170764669776,0.005905252695083618,0.005705475062131882,0.013865613445378174,0.019299999999999984,0.012499999999999956,cnn-4_mnist_learnt_gaussian_sig0.03_bounded-pmin1e-05_epoch20_bs250_lr0.001_mon0.95_dp0.2_objective-channel_gradient-chan0.01-bec-outage0.5-spec-kl1.0_perc-pri0.5_epoch-pri70_bs-pri250_lr-pri0.005_mom-pri0.99_dp-pri0.2_seed7,bec-outage0.5_chan-layer2_mcsamples500_norm-spec_seed7_bounds.json
cnn-4,mnist,20.0,bec,outage 0.5,spec,channel_grad,0.001,1.0,0.1,0.006124203559011221,0.019912999999999997,0.005900353938341141,0.0883743572733367,✓,✗,0.025750969496659688,0.019399999999999973,0.07592570642801434,✓,✗,0.03819962034198205,0.01099655032157898,0.03302881494164467,0.03302881494164467,9216.0,0.006425039377063513,0.005900353938341141,0.005702058970928192,0.013857008403361364,0.019399999999999973,0.012499999999999956,cnn-4_mnist_learnt_gaussian_sig0.03_bounded-pmin1e-05_epoch20_bs250_lr0.001_mon0.95_dp0.2_objective-channel_gradient-chan0.1-bec-outage0.5-spec-kl1.0_perc-pri0.5_epoch-pri70_bs-pri250_lr-pri0.005_mom-pri0.99_dp-pri0.2_seed7,bec-outage0.5_chan-layer2_mcsamples500_norm-spec_seed7_bounds.json
cnn-4,mnist,20.0,bec,outage 0.5,spec,channel_grad,0.001,1.0,1.0,0.006094636861234903,0.0198742,0.005865624919533729,0.08980226042974032,✓,✗,0.02566213866117212,0.01959999999999995,0.07737415529270855,✓,✗,0.0380902437982039,0.35361188650131226,0.03316737338900566,0.03316737338900566,9216.0,0.0063764844089746475,0.005865624919533729,0.005675581097602844,0.013787294117647076,0.01959999999999995,0.012399999999999967,cnn-4_mnist_learnt_gaussian_sig0.03_bounded-pmin1e-05_epoch20_bs250_lr0.001_mon0.95_dp0.2_objective-channel_gradient-chan1.0-bec-outage0.5-spec-kl1.0_perc-pri0.5_epoch-pri70_bs-pri250_lr-pri0.005_mom-pri0.99_dp-pri0.2_seed7,bec-outage0.5_chan-layer2_mcsamples500_norm-spec_seed7_bounds.json
cnn-4,mnist,30.0,bec,outage 0.5,spec,vanilla,0.001,1.0,0.0,0.005478236358612776,0.019153200000000002,0.005428852513432503,0.38004645705223083,✓,-,0.02197875596297732,0.019499999999999962,0.3678379952907562,✓,-,0.03418719806696547,70.01950073242188,0.04290483146905899,0.04290483146905899,9216.0,0.004438175819814205,0.005428852513432503,0.004371031746268272,0.011344403361344558,0.019499999999999962,0.012499999999999956,cnn-4_mnist_learnt_gaussian_sig0.03_bounded-pmin1e-05_epoch30_bs250_lr0.001_mon0.95_dp0.2_objective-vanilla_perc-pri0.5_epoch-pri70_bs-pri250_lr-pri0.005_mom-pri0.99_dp-pri0.2_seed7,bec-outage0.5_chan-layer2_mcsamples500_norm-spec_seed7_bounds.json
cnn-4,mnist,30.0,bec,outage 0.5,spec,channel_grad,0.001,0.0001,0.0001,0.005483464803546667,0.0192728,0.005471080541610718,0.34928658604621887,✓,✗,0.022080478838928053,0.01749999999999996,0.3370649218559265,✓,✗,0.03430215497474602,66.2506332397461,0.02741631492972374,0.02741631492972374,9216.0,0.0044895363971591,0.005471080541610718,0.004507150128483772,0.011414789915966402,0.01749999999999996,0.011600000000000055,cnn-4_mnist_learnt_gaussian_sig0.03_bounded-pmin1e-05_epoch30_bs250_lr0.001_mon0.95_dp0.2_objective-channel_gradient-chan0.0001-bec-outage0.5-spec-kl0.0001_perc-pri0.5_epoch-pri70_bs-pri250_lr-pri0.005_mom-pri0.99_dp-pri0.2_seed7,bec-outage0.5_chan-layer2_mcsamples500_norm-spec_seed7_bounds.json
cnn-4,mnist,30.0,bec,outage 0.5,spec,channel_grad,0.001,0.0001,0.001,0.005480401683598757,0.019272600000000004,0.005468422919511795,0.35182076692581177,✓,✗,0.022066692115119496,0.01749999999999996,0.3396018147468567,✓,✗,0.03428563914649385,66.88539123535156,0.027375629171729088,0.027375629171729088,9216.0,0.004482508637011051,0.005468422919511795,0.004501033574342728,0.011404638655462202,0.01749999999999996,0.011600000000000055,cnn-4_mnist_learnt_gaussian_sig0.03_bounded-pmin1e-05_epoch30_bs250_lr0.001_mon0.95_dp0.2_objective-channel_gradient-chan0.001-bec-outage0.5-spec-kl0.0001_perc-pri0.5_epoch-pri70_bs-pri250_lr-pri0.005_mom-pri0.99_dp-pri0.2_seed7,bec-outage0.5_chan-layer2_mcsamples500_norm-spec_seed7_bounds.json
cnn-4,mnist,30.0,bec,outage 0.5,spec,channel_grad,0.001,0.0001,0.01,0.005451352801173925,0.019245,0.005444302409887314,0.3792566657066345,✓,✓,0.0219279250215524,0.01770000000000005,0.36703628301620483,✓,✗,0.03414832644148349,73.7491226196289,0.02692781388759613,0.02692781388759613,9216.0,0.004412528593093157,0.005444302409887314,0.00443594828248024,0.011320537815126064,0.01770000000000005,0.011499999999999955,cnn-4_mnist_learnt_gaussian_sig0.03_bounded-pmin1e-05_epoch30_bs250_lr0.001_mon0.95_dp0.2_objective-channel_gradient-chan0.01-bec-outage0.5-spec-kl0.0001_perc-pri0.5_epoch-pri70_bs-pri250_lr-pri0.005_mom-pri0.99_dp-pri0.2_seed7,bec-outage0.5_chan-layer2_mcsamples500_norm-spec_seed7_bounds.json
cnn-4,mnist,30.0,bec,outage 0.5,spec,channel_grad,0.001,0.001,0.0001,0.005530752241611481,0.019187600000000006,0.005524388700723648,0.24864672124385834,✓,✗,0.022690965394195302,0.01759999999999995,0.23642556369304657,✓,✗,0.034912113981471794,41.157554626464844,0.02860855869948864,0.02860855869948864,9216.0,0.004800622817128897,0.005524388700723648,0.004670276120305061,0.011791260504201704,0.01759999999999995,0.011299999999999977,cnn-4_mnist_learnt_gaussian_sig0.03_bounded-pmin1e-05_epoch30_bs250_lr0.001_mon0.95_dp0.2_objective-channel_gradient-chan0.0001-bec-outage0.5-spec-kl0.001_perc-pri0.5_epoch-pri70_bs-pri250_lr-pri0.005_mom-pri0.99_dp-pri0.2_seed7,bec-outage0.5_chan-layer2_mcsamples500_norm-spec_seed7_bounds.json
cnn-4,mnist,30.0,bec,outage 0.5,spec,channel_grad,0.001,0.001,0.001,0.0055276770144701,0.019185200000000003,0.005521870404481888,0.250310480594635,✓,✗,0.022678636988231103,0.01759999999999995,0.23808953166007996,✓,✗,0.034899588970698156,41.56536102294922,0.028619995340704918,0.028619995340704918,9216.0,0.004794350825250149,0.005521870404481888,0.004665031284093857,0.011783260504201701,0.01759999999999995,0.011299999999999977,cnn-4_mnist_learnt_gaussian_sig0.03_bounded-pmin1e-05_epoch30_bs250_lr0.001_mon0.95_dp0.2_objective-channel_gradient-chan0.001-bec-outage0.5-spec-kl0.001_perc-pri0.5_epoch-pri70_bs-pri250_lr-pri0.005_mom-pri0.99_dp-pri0.2_seed7,bec-outage0.5_chan-layer2_mcsamples500_norm-spec_seed7_bounds.json
cnn-4,mnist,30.0,bec,outage 0.5,spec,channel_grad,0.001,0.001,0.01,0.005500290542840958,0.01916,0.00549887977540493,0.2673633396625519,✓,✗,0.022558665068953605,0.01749999999999996,0.25514131784439087,✓,✗,0.03478070344696295,45.86624526977539,0.028233444318175316,0.028233444318175316,9216.0,0.004732833243906498,0.00549887977540493,0.004613180458545685,0.011709781512605063,0.01749999999999996,0.011399999999999966,cnn-4_mnist_learnt_gaussian_sig0.03_bounded-pmin1e-05_epoch30_bs250_lr0.001_mon0.95_dp0.2_objective-channel_gradient-chan0.01-bec-outage0.5-spec-kl0.001_perc-pri0.5_epoch-pri70_bs-pri250_lr-pri0.005_mom-pri0.99_dp-pri0.2_seed7,bec-outage0.5_chan-layer2_mcsamples500_norm-spec_seed7_bounds.json
cnn-4,mnist,30.0,bec,outage 0.5,spec,channel_grad,0.001,0.01,0.0001,0.005857959855347872,0.019425,0.005836674198508263,0.09870007634162903,✓,✗,0.024720086943383547,0.018000000000000016,0.08643236756324768,✓,✗,0.0369877970701252,3.286731004714966,0.031193222850561142,0.031193222850561142,9216.0,0.005866336170583963,0.005836674198508263,0.005239173769950867,0.013088336134453801,0.018000000000000016,0.012299999999999978,cnn-4_mnist_learnt_gaussian_sig0.03_bounded-pmin1e-05_epoch30_bs250_lr0.001_mon0.95_dp0.2_objective-channel_gradient-chan0.0001-bec-outage0.5-spec-kl0.01_perc-pri0.5_epoch-pri70_bs-pri250_lr-pri0.005_mom-pri0.99_dp-pri0.2_seed7,bec-outage0.5_chan-layer2_mcsamples500_norm-spec_seed7_bounds.json
cnn-4,mnist,30.0,bec,outage 0.5,spec,channel_grad,0.001,0.01,0.001,0.005856622476130724,0.0194238,0.005835417285561561,0.09881259500980377,✓,✗,0.024715319294265844,0.018000000000000016,0.08654388785362244,✓,✗,0.03698402371792711,3.318512439727783,0.031179768964648247,0.031179768964648247,9216.0,0.005863892380148172,0.005835417285561561,0.00523764006793499,0.013085915966386575,0.018000000000000016,0.012299999999999978,cnn-4_mnist_learnt_gaussian_sig0.03_bounded-pmin1e-05_epoch30_bs250_lr0.001_mon0.95_dp0.2_objective-channel_gradient-chan0.001-bec-outage0.5-spec-kl0.01_perc-pri0.5_epoch-pri70_bs-pri250_lr-pri0.005_mom-pri0.99_dp-pri0.2_seed7,bec-outage0.5_chan-layer2_mcsamples500_norm-spec_seed7_bounds.json
cnn-4,mnist,30.0,bec,outage 0.5,spec,channel_grad,0.001,0.01,0.01,0.005842694081366062,0.019412799999999997,0.005822259187698364,0.10012337064693562,✓,✗,0.024665248308890327,0.017900000000000027,0.08786133896404999,✓,✗,0.03692727999177596,3.6860954761505127,0.031046640127897263,0.031046640127897263,9216.0,0.00583701441064477,0.005822259187698364,0.005220667272806167,0.013049949579831957,0.017900000000000027,0.012299999999999978,cnn-4_mnist_learnt_gaussian_sig0.03_bounded-pmin1e-05_epoch30_bs250_lr0.001_mon0.95_dp0.2_objective-channel_gradient-chan0.01-bec-outage0.5-spec-kl0.01_perc-pri0.5_epoch-pri70_bs-pri250_lr-pri0.005_mom-pri0.99_dp-pri0.2_seed7,bec-outage0.5_chan-layer2_mcsamples500_norm-spec_seed7_bounds.json
cnn-4,mnist,30.0,bec,outage 0.5,spec,channel_grad,0.001,0.01,0.1,0.005722179543226957,0.0192502,0.00570988655090332,0.11963800691372206,✓,✗,0.02423331290726914,0.017800000000000038,0.10741213974381184,✓,✗,0.03645918007717938,8.794183731079102,0.030175693333148956,0.030175693333148956,9216.0,0.005606500431895256,0.00570988655090332,0.005067833513021469,0.012755495798319343,0.017800000000000038,0.01200000000000001,cnn-4_mnist_learnt_gaussian_sig0.03_bounded-pmin1e-05_epoch30_bs250_lr0.001_mon0.95_dp0.2_objective-channel_gradient-chan0.1-bec-outage0.5-spec-kl0.01_perc-pri0.5_epoch-pri70_bs-pri250_lr-pri0.005_mom-pri0.99_dp-pri0.2_seed7,bec-outage0.5_chan-layer2_mcsamples500_norm-spec_seed7_bounds.json
cnn-4,mnist,30.0,bec,outage 0.5,spec,channel_grad,0.001,0.01,1.0,0.005447779316455126,0.019469999999999998,0.005524369701743126,0.6231589177429033,✓,✓,0.021919531525829705,0.018000000000000016,0.6103233461087497,✓,✗,0.034755103159983355,134.03720092773438,0.02409820444881916,0.02409820444881916,9216.0,0.004408333916217089,0.005524369701743126,0.0041937917470932,0.011694184873949605,0.018000000000000016,0.011700000000000044,cnn-4_mnist_learnt_gaussian_sig0.03_bounded-pmin1e-05_epoch30_bs250_lr0.001_mon0.95_dp0.2_objective-channel_gradient-chan1.0-bec-outage0.5-spec-kl0.01_perc-pri0.5_epoch-pri70_bs-pri250_lr-pri0.005_mom-pri0.99_dp-pri0.2_seed7,bec-outage0.5_chan-layer2_mcsamples500_norm-spec_seed7_bounds.json
cnn-4,mnist,30.0,bec,outage 0.5,spec,channel_grad,0.001,0.1,0.01,0.006091930903494358,0.019868000000000007,0.006069610640406608,0.08812356404968408,✓,✗,0.02562118215938011,0.018299999999999983,0.07568031166248428,✓,✗,0.03806443454657991,0.0864725410938263,0.03260507807135582,0.03260507807135582,9216.0,0.006354044657200575,0.006069610640406608,0.005499478057026863,0.013770957983193303,0.018299999999999983,0.012499999999999956,cnn-4_mnist_learnt_gaussian_sig0.03_bounded-pmin1e-05_epoch30_bs250_lr0.001_mon0.95_dp0.2_objective-channel_gradient-chan0.01-bec-outage0.5-spec-kl0.1_perc-pri0.5_epoch-pri70_bs-pri250_lr-pri0.005_mom-pri0.99_dp-pri0.2_seed7,bec-outage0.5_chan-layer2_mcsamples500_norm-spec_seed7_bounds.json
cnn-4,mnist,30.0,bec,outage 0.5,spec,channel_grad,0.001,0.1,0.1,0.006057556718587875,0.019788199999999995,0.006039073318243026,0.08846308662035285,✓,✗,0.025521326951166916,0.017900000000000027,0.07606178767053545,✓,✗,0.037922625900984316,0.26069673895835876,0.032375141978263855,0.032375141978263855,9216.0,0.006299568805843592,0.006039073318243026,0.005468681454658508,0.01368053781512607,0.017900000000000027,0.012299999999999978,cnn-4_mnist_learnt_gaussian_sig0.03_bounded-pmin1e-05_epoch30_bs250_lr0.001_mon0.95_dp0.2_objective-channel_gradient-chan0.1-bec-outage0.5-spec-kl0.1_perc-pri0.5_epoch-pri70_bs-pri250_lr-pri0.005_mom-pri0.99_dp-pri0.2_seed7,bec-outage0.5_chan-layer2_mcsamples500_norm-spec_seed7_bounds.json
cnn-4,mnist,30.0,bec,outage 0.5,spec,channel_grad,0.001,0.1,1.0,0.005865011364221573,0.0194588,0.005874255299568176,0.11447324658226571,✓,✗,0.0248343165334458,0.01739999999999997,0.10228089494159587,✓,✗,0.03702666817411565,7.219945907592773,0.030870243906974792,0.030870243906974792,9216.0,0.005927692167460918,0.005874255299568176,0.005272747203707695,0.013112739495798335,0.01739999999999997,0.012399999999999967,cnn-4_mnist_learnt_gaussian_sig0.03_bounded-pmin1e-05_epoch30_bs250_lr0.001_mon0.95_dp0.2_objective-channel_gradient-chan1.0-bec-outage0.5-spec-kl0.1_perc-pri0.5_epoch-pri70_bs-pri250_lr-pri0.005_mom-pri0.99_dp-pri0.2_seed7,bec-outage0.5_chan-layer2_mcsamples500_norm-spec_seed7_bounds.json
cnn-4,mnist,30.0,bec,outage 0.5,spec,channel_grad,0.001,1.0,0.01,0.006142280530184507,0.019989200000000002,0.0061188265681266785,0.08819262670928635,✓,✗,0.025781755805180415,0.018399999999999972,0.0756793493426966,✓,✗,0.03829503317177017,0.0025420784950256348,0.032786186784505844,0.032786186784505844,9216.0,0.006441941484808922,0.0061188265681266785,0.0055412095040082935,0.013917714285714302,0.018399999999999972,0.012700000000000045,cnn-4_mnist_learnt_gaussian_sig0.03_bounded-pmin1e-05_epoch30_bs250_lr0.001_mon0.95_dp0.2_objective-channel_gradient-chan0.01-bec-outage0.5-spec-kl1.0_perc-pri0.5_epoch-pri70_bs-pri250_lr-pri0.005_mom-pri0.99_dp-pri0.2_seed7,bec-outage0.5_chan-layer2_mcsamples500_norm-spec_seed7_bounds.json
cnn-4,mnist,30.0,bec,outage 0.5,spec,channel_grad,0.001,1.0,0.1,0.006142894737422466,0.0199958,0.006119819730520249,0.08822212920485074,✓,✗,0.025780440074329523,0.018399999999999972,0.0757118428179657,✓,✗,0.038290726461214585,0.01276177167892456,0.03277827426791191,0.03277827426791191,9216.0,0.006441082805395126,0.006119819730520249,0.00554044134914875,0.013915226890756324,0.018399999999999972,0.012700000000000045,cnn-4_mnist_learnt_gaussian_sig0.03_bounded-pmin1e-05_epoch30_bs250_lr0.001_mon0.95_dp0.2_objective-channel_gradient-chan0.1-bec-outage0.5-spec-kl1.0_perc-pri0.5_epoch-pri70_bs-pri250_lr-pri0.005_mom-pri0.99_dp-pri0.2_seed7,bec-outage0.5_chan-layer2_mcsamples500_norm-spec_seed7_bounds.json
cnn-4,mnist,30.0,bec,outage 0.5,spec,channel_grad,0.001,1.0,1.0,0.006155331619083881,0.0200368,0.006137521564960479,0.09055242148456089,✓,✗,0.025782889809657577,0.018100000000000005,0.07803763303409231,✓,✗,0.038297678260126145,0.6060485243797302,0.03267953172326088,0.03267953172326088,9216.0,0.006442614831030369,0.006137521564960479,0.0055390212684869765,0.013919462184873964,0.018100000000000005,0.013000000000000012,cnn-4_mnist_learnt_gaussian_sig0.03_bounded-pmin1e-05_epoch30_bs250_lr0.001_mon0.95_dp0.2_objective-channel_gradient-chan1.0-bec-outage0.5-spec-kl1.0_perc-pri0.5_epoch-pri70_bs-pri250_lr-pri0.005_mom-pri0.99_dp-pri0.2_seed7,bec-outage0.5_chan-layer2_mcsamples500_norm-spec_seed7_bounds.json
cnn-4,mnist,40.0,bec,outage 0.5,spec,vanilla,0.001,1.0,0.0,0.00542910723015666,0.019289,0.00521070584654808,0.5268323922355089,✓,-,0.021329386299905016,0.018100000000000005,0.5146060624459978,✓,-,0.03355571608941614,106.12924194335938,0.04290483146905899,0.04290483146905899,9216.0,0.004113359376788139,0.00521070584654808,0.004260792583227158,0.010957714285714298,0.018100000000000005,0.011700000000000044,cnn-4_mnist_learnt_gaussian_sig0.03_bounded-pmin1e-05_epoch40_bs250_lr0.001_mon0.95_dp0.2_objective-vanilla_perc-pri0.5_epoch-pri70_bs-pri250_lr-pri0.005_mom-pri0.99_dp-pri0.2_seed7,bec-outage0.5_chan-layer2_mcsamples500_norm-spec_seed7_bounds.json
cnn-4,mnist,50.0,bec,outage 0.5,spec,vanilla,0.001,1.0,0.0,0.00543894013389945,0.019428,0.005102596804499626,0.6913636854133549,✓,-,0.020736426766363183,0.018299999999999983,0.6791394323595696,✓,-,0.032960679820148456,146.57676696777344,0.04290483146905899,0.04290483146905899,9216.0,0.0038217431865632534,0.005102596804499626,0.0040778819471597675,0.010595966386554637,0.018299999999999983,0.011099999999999999,cnn-4_mnist_learnt_gaussian_sig0.03_bounded-pmin1e-05_epoch50_bs250_lr0.001_mon0.95_dp0.2_objective-vanilla_perc-pri0.5_epoch-pri70_bs-pri250_lr-pri0.005_mom-pri0.99_dp-pri0.2_seed7,bec-outage0.5_chan-layer2_mcsamples500_norm-spec_seed7_bounds.json
cnn-4,mnist,50.0,bec,outage 0.5,spec,channel_grad,0.001,0.0001,0.0001,0.005401437170803547,0.019285999999999998,0.005754591152071953,0.6197798848152161,✓,✓,0.0209198052533327,0.01859999999999995,0.6076094508171082,✓,✓,0.03309019590074297,133.27235412597656,0.025506582111120224,0.025506582111120224,9216.0,0.003911412321031094,0.005754591152071953,0.004115714877843857,0.01067442016806724,0.01859999999999995,0.011700000000000044,cnn-4_mnist_learnt_gaussian_sig0.03_bounded-pmin1e-05_epoch50_bs250_lr0.001_mon0.95_dp0.2_objective-channel_gradient-chan0.0001-bec-outage0.5-spec-kl0.0001_perc-pri0.5_epoch-pri70_bs-pri250_lr-pri0.005_mom-pri0.99_dp-pri0.2_seed7,bec-outage0.5_chan-layer2_mcsamples500_norm-spec_seed7_bounds.json
cnn-4,mnist,50.0,bec,outage 0.5,spec,channel_grad,0.001,0.0001,0.001,0.005399874411523342,0.019288999999999997,0.005751595646142959,0.6250832080841064,✓,✓,0.02090286752575568,0.01849999999999996,0.6129127740859985,✓,✓,0.03307326406736429,134.59486389160156,0.025427673012018204,0.025427673012018204,9216.0,0.003903120057657361,0.005751595646142959,0.004107479006052017,0.010664336134453792,0.01849999999999996,0.011700000000000044,cnn-4_mnist_learnt_gaussian_sig0.03_bounded-pmin1e-05_epoch50_bs250_lr0.001_mon0.95_dp0.2_objective-channel_gradient-chan0.001-bec-outage0.5-spec-kl0.0001_perc-pri0.5_epoch-pri70_bs-pri250_lr-pri0.005_mom-pri0.99_dp-pri0.2_seed7,bec-outage0.5_chan-layer2_mcsamples500_norm-spec_seed7_bounds.json
cnn-4,mnist,50.0,bec,outage 0.5,spec,channel_grad,0.001,0.0001,0.01,0.005383097101002932,0.019273199999999994,0.005724143981933594,0.682231068611145,✓,✓,0.02073606337642512,0.01859999999999995,0.6700623035430908,✓,✓,0.032904851206116165,148.77255249023438,0.024863839149475098,0.024863839149475098,9216.0,0.0038216151297092438,0.005724143981933594,0.004026350006461144,0.010562016806722708,0.01859999999999995,0.011600000000000055,cnn-4_mnist_learnt_gaussian_sig0.03_bounded-pmin1e-05_epoch50_bs250_lr0.001_mon0.95_dp0.2_objective-channel_gradient-chan0.01-bec-outage0.5-spec-kl0.0001_perc-pri0.5_epoch-pri70_bs-pri250_lr-pri0.005_mom-pri0.99_dp-pri0.2_seed7,bec-outage0.5_chan-layer2_mcsamples500_norm-spec_seed7_bounds.json
cnn-4,mnist,50.0,bec,outage 0.5,spec,channel_grad,0.001,0.001,0.0001,0.005454722326248884,0.019133799999999992,0.005831951647996903,0.34065353870391846,✓,✗,0.02206592740073162,0.01880000000000004,0.3284322917461395,✓,✓,0.03428716127981614,64.1451416015625,0.02739391103386879,0.02739391103386879,9216.0,0.004482213407754898,0.005831951647996903,0.004436636716127396,0.011405714285714307,0.01880000000000004,0.011900000000000022,cnn-4_mnist_learnt_gaussian_sig0.03_bounded-pmin1e-05_epoch50_bs250_lr0.001_mon0.95_dp0.2_objective-channel_gradient-chan0.0001-bec-outage0.5-spec-kl0.001_perc-pri0.5_epoch-pri70_bs-pri250_lr-pri0.005_mom-pri0.99_dp-pri0.2_seed7,bec-outage0.5_chan-layer2_mcsamples500_norm-spec_seed7_bounds.json
cnn-4,mnist,50.0,bec,outage 0.5,spec,channel_grad,0.001,0.001,0.001,0.005452288314700127,0.0191298,0.005828588455915451,0.343159943819046,✓,✗,0.02205217305255951,0.01880000000000004,0.33093684911727905,✓,✓,0.03427528913242478,64.7723617553711,0.02735159918665886,0.02735159918665886,9216.0,0.0044752187095582485,0.005828588455915451,0.004430647566914558,0.011398386554621866,0.01880000000000004,0.011900000000000022,cnn-4_mnist_learnt_gaussian_sig0.03_bounded-pmin1e-05_epoch50_bs250_lr0.001_mon0.95_dp0.2_objective-channel_gradient-chan0.001-bec-outage0.5-spec-kl0.001_perc-pri0.5_epoch-pri70_bs-pri250_lr-pri0.005_mom-pri0.99_dp-pri0.2_seed7,bec-outage0.5_chan-layer2_mcsamples500_norm-spec_seed7_bounds.json
cnn-4,mnist,50.0,bec,outage 0.5,spec,channel_grad,0.001,0.001,0.01,0.005427299067378044,0.0191154,0.005794371291995048,0.3712312579154968,✓,✓,0.021908165234803725,0.01880000000000004,0.3589935600757599,✓,✓,0.03414587304421358,71.8028564453125,0.02685043402016163,0.02685043402016163,9216.0,0.004402562975883484,0.005794371291995048,0.004369058087468148,0.01131899159663867,0.01880000000000004,0.011700000000000044,cnn-4_mnist_learnt_gaussian_sig0.03_bounded-pmin1e-05_epoch50_bs250_lr0.001_mon0.95_dp0.2_objective-channel_gradient-chan0.01-bec-outage0.5-spec-kl0.001_perc-pri0.5_epoch-pri70_bs-pri250_lr-pri0.005_mom-pri0.99_dp-pri0.2_seed7,bec-outage0.5_chan-layer2_mcsamples500_norm-spec_seed7_bounds.json
cnn-4,mnist,50.0,bec,outage 0.5,spec,channel_grad,0.001,0.01,0.0001,0.005852169822901487,0.019407,0.006291380524635315,0.09972452372312546,✓,✗,0.024679429304091553,0.01880000000000004,0.0875215083360672,✓,✓,0.036882445765730444,3.4202728271484375,0.031777843832969666,0.031777843832969666,9216.0,0.00584470434114337,0.006291380524635315,0.005154622346162796,0.013021848739495823,0.01880000000000004,0.012499999999999956,cnn-4_mnist_learnt_gaussian_sig0.03_bounded-pmin1e-05_epoch50_bs250_lr0.001_mon0.95_dp0.2_objective-channel_gradient-chan0.0001-bec-outage0.5-spec-kl0.01_perc-pri0.5_epoch-pri70_bs-pri250_lr-pri0.005_mom-pri0.99_dp-pri0.2_seed7,bec-outage0.5_chan-layer2_mcsamples500_norm-spec_seed7_bounds.json
cnn-4,mnist,50.0,bec,outage 0.5,spec,channel_grad,0.001,0.01,0.001,0.005850914865732193,0.019406000000000003,0.00628989115357399,0.09983961284160614,✓,✗,0.024675145200614108,0.01880000000000004,0.0876358225941658,✓,✓,0.036878934626173435,3.4524855613708496,0.031764935702085495,0.031764935702085495,9216.0,0.005842270329594612,0.00628989115357399,0.005153029784560203,0.013019697478991617,0.01880000000000004,0.012499999999999956,cnn-4_mnist_learnt_gaussian_sig0.03_bounded-pmin1e-05_epoch50_bs250_lr0.001_mon0.95_dp0.2_objective-channel_gradient-chan0.001-bec-outage0.5-spec-kl0.01_perc-pri0.5_epoch-pri70_bs-pri250_lr-pri0.005_mom-pri0.99_dp-pri0.2_seed7,bec-outage0.5_chan-layer2_mcsamples500_norm-spec_seed7_bounds.json
cnn-4,mnist,50.0,bec,outage 0.5,spec,channel_grad,0.001,0.01,0.01,0.005837304051965475,0.019382600000000003,0.006273360550403595,0.10127673629064772,✓,✗,0.02462616719789348,0.01880000000000004,0.08907449170496537,✓,✓,0.03682841178357583,3.821354389190674,0.03174668177962303,0.03174668177962303,9216.0,0.005816024262458086,0.006273360550403595,0.00513576865196228,0.012987697478991615,0.01880000000000004,0.012499999999999956,cnn-4_mnist_learnt_gaussian_sig0.03_bounded-pmin1e-05_epoch50_bs250_lr0.001_mon0.95_dp0.2_objective-channel_gradient-chan0.01-bec-outage0.5-spec-kl0.01_perc-pri0.5_epoch-pri70_bs-pri250_lr-pri0.005_mom-pri0.99_dp-pri0.2_seed7,bec-outage0.5_chan-layer2_mcsamples500_norm-spec_seed7_bounds.json
cnn-4,mnist,50.0,bec,outage 0.5,spec,channel_grad,0.001,0.01,0.1,0.005724310874938965,0.019258199999999996,0.006137755140662194,0.12002871610929494,✓,✗,0.0242018952468563,0.01849999999999996,0.10787005979730499,✓,✓,0.036360551558846266,8.82896900177002,0.030523020774126053,0.030523020774126053,9216.0,0.005589946173131466,0.006137755140662194,0.004977382346987724,0.012693512605042034,0.01849999999999996,0.012399999999999967,cnn-4_mnist_learnt_gaussian_sig0.03_bounded-pmin1e-05_epoch50_bs250_lr0.001_mon0.95_dp0.2_objective-channel_gradient-chan0.1-bec-outage0.5-spec-kl0.01_perc-pri0.5_epoch-pri70_bs-pri250_lr-pri0.005_mom-pri0.99_dp-pri0.2_seed7,bec-outage0.5_chan-layer2_mcsamples500_norm-spec_seed7_bounds.json
cnn-4,mnist,50.0,bec,outage 0.5,spec,channel_grad,0.001,0.01,1.0,0.005396589171141386,0.019287199999999994,0.005658650770783424,0.629509265539862,✓,✓,0.021883312795647203,0.018299999999999983,0.6168023937561594,✓,✓,0.03459018457934972,135.73829650878906,0.02366877719759941,0.02366877719759941,9216.0,0.004390071611851454,0.005658650770783424,0.004103968292474747,0.011592403361344553,0.018299999999999983,0.012399999999999967,cnn-4_mnist_learnt_gaussian_sig0.03_bounded-pmin1e-05_epoch50_bs250_lr0.001_mon0.95_dp0.2_objective-channel_gradient-chan1.0-bec-outage0.5-spec-kl0.01_perc-pri0.5_epoch-pri70_bs-pri250_lr-pri0.005_mom-pri0.99_dp-pri0.2_seed7,bec-outage0.5_chan-layer2_mcsamples500_norm-spec_seed7_bounds.json
cnn-4,mnist,50.0,bec,outage 0.5,spec,channel_grad,0.001,0.1,0.01,0.006098564248532057,0.019870599999999995,0.006551113724708557,0.08890303382596262,✓,✗,0.025596686571688457,0.019399999999999973,0.07650986208450739,✓,✗,0.037989858313143686,0.08411848545074463,0.033468734472990036,0.033468734472990036,9216.0,0.006340661086142063,0.006551113724708557,0.005426916107535362,0.013723428571428593,0.019399999999999973,0.013399999999999967,cnn-4_mnist_learnt_gaussian_sig0.03_bounded-pmin1e-05_epoch50_bs250_lr0.001_mon0.95_dp0.2_objective-channel_gradient-chan0.01-bec-outage0.5-spec-kl0.1_perc-pri0.5_epoch-pri70_bs-pri250_lr-pri0.005_mom-pri0.99_dp-pri0.2_seed7,bec-outage0.5_chan-layer2_mcsamples500_norm-spec_seed7_bounds.json
cnn-4,mnist,50.0,bec,outage 0.5,spec,channel_grad,0.001,0.1,0.1,0.00606711907312274,0.01981,0.0065172694623470305,0.0891801790519989,✓,✗,0.025510292418974574,0.019100000000000006,0.07681132373530147,✓,✗,0.037879147735672004,0.22201845049858093,0.03329361602663994,0.03329361602663994,9216.0,0.006293631624430418,0.0065172694623470305,0.005392839387059212,0.013652840336134474,0.019100000000000006,0.013299999999999979,cnn-4_mnist_learnt_gaussian_sig0.03_bounded-pmin1e-05_epoch50_bs250_lr0.001_mon0.95_dp0.2_objective-channel_gradient-chan0.1-bec-outage0.5-spec-kl0.1_perc-pri0.5_epoch-pri70_bs-pri250_lr-pri0.005_mom-pri0.99_dp-pri0.2_seed7,bec-outage0.5_chan-layer2_mcsamples500_norm-spec_seed7_bounds.json
cnn-4,mnist,50.0,bec,outage 0.5,spec,channel_grad,0.001,0.1,1.0,0.005861011799424887,0.019456600000000004,0.00628046989440918,0.11010550330933952,✓,✗,0.0248946686162831,0.018900000000000028,0.09785777041228191,✓,✗,0.037142401513340716,5.909518718719482,0.03173656389117241,0.03173656389117241,9216.0,0.005960223264992237,0.00628046989440918,0.005172521620988846,0.01318601680672271,0.018900000000000028,0.013000000000000012,cnn-4_mnist_learnt_gaussian_sig0.03_bounded-pmin1e-05_epoch50_bs250_lr0.001_mon0.95_dp0.2_objective-channel_gradient-chan1.0-bec-outage0.5-spec-kl0.1_perc-pri0.5_epoch-pri70_bs-pri250_lr-pri0.005_mom-pri0.99_dp-pri0.2_seed7,bec-outage0.5_chan-layer2_mcsamples500_norm-spec_seed7_bounds.json
cnn-4,mnist,50.0,bec,outage 0.5,spec,channel_grad,0.001,1.0,0.01,0.006145663559436798,0.0199718,0.0065975628793239595,0.08908810184201263,✓,✗,0.0257574179267543,0.019399999999999973,0.07664477352331074,✓,✗,0.03820074624545619,0.0020997226238250732,0.03377775475382805,0.03377775475382805,9216.0,0.006428716704249382,0.0065975628793239595,0.005477676913142204,0.013857680672268922,0.019399999999999973,0.013399999999999967,cnn-4_mnist_learnt_gaussian_sig0.03_bounded-pmin1e-05_epoch50_bs250_lr0.001_mon0.95_dp0.2_objective-channel_gradient-chan0.01-bec-outage0.5-spec-kl1.0_perc-pri0.5_epoch-pri70_bs-pri250_lr-pri0.005_mom-pri0.99_dp-pri0.2_seed7,bec-outage0.5_chan-layer2_mcsamples500_norm-spec_seed7_bounds.json
cnn-4,mnist,50.0,bec,outage 0.5,spec,channel_grad,0.001,1.0,0.1,0.006135222502052784,0.0199438,0.006586641818284988,0.08903931586952026,✓,✗,0.025735747617019977,0.019399999999999973,0.07661018154956012,✓,✗,0.038164881936980116,0.01313316822052002,0.03371978923678398,0.03371978923678398,9216.0,0.006416763179004192,0.006586641818284988,0.005467519536614418,0.013834890756302544,0.019399999999999973,0.013399999999999967,cnn-4_mnist_learnt_gaussian_sig0.03_bounded-pmin1e-05_epoch50_bs250_lr0.001_mon0.95_dp0.2_objective-channel_gradient-chan0.1-bec-outage0.5-spec-kl1.0_perc-pri0.5_epoch-pri70_bs-pri250_lr-pri0.005_mom-pri0.99_dp-pri0.2_seed7,bec-outage0.5_chan-layer2_mcsamples500_norm-spec_seed7_bounds.json
cnn-4,mnist,50.0,bec,outage 0.5,spec,channel_grad,0.001,1.0,1.0,0.006039593368768692,0.019714600000000002,0.006485967338085175,0.09075604851780077,✓,✗,0.02553777414669933,0.019000000000000017,0.07844889416808572,✓,✗,0.03784492849641438,0.6028326749801636,0.033349037170410156,0.033349037170410156,9216.0,0.0063086096197366714,0.006485967338085175,0.005371296033263207,0.013631260504201707,0.019000000000000017,0.013399999999999967,cnn-4_mnist_learnt_gaussian_sig0.03_bounded-pmin1e-05_epoch50_bs250_lr0.001_mon0.95_dp0.2_objective-channel_gradient-chan1.0-bec-outage0.5-spec-kl1.0_perc-pri0.5_epoch-pri70_bs-pri250_lr-pri0.005_mom-pri0.99_dp-pri0.2_seed7,bec-outage0.5_chan-layer2_mcsamples500_norm-spec_seed7_bounds.json
cnn-4,mnist,10.0,bec,outage 0.75,spec,vanilla,0.001,1.0,0.0,0.012575536966323853,0.0425038,0.01275283396244049,0.21121126183734834,✓,-,0.022758024829979302,0.04379999999999995,0.19899093377648175,✓,-,0.0349783528908459,38.979190826416016,0.0,0.0,9216.0,0.004835084546357393,0.01275283396244049,0.004712611436843872,0.011832067226890772,0.04379999999999995,0.011499999999999955,cnn-4_mnist_learnt_gaussian_sig0.03_bounded-pmin1e-05_epoch10_bs250_lr0.001_mon0.95_dp0.2_objective-vanilla_perc-pri0.5_epoch-pri70_bs-pri250_lr-pri0.005_mom-pri0.99_dp-pri0.2_seed7,bec-outage0.75_chan-layer2_mcsamples500_norm-spec_seed7_bounds.json
cnn-4,mnist,10.0,bec,outage 0.75,spec,channel_grad,0.001,0.05,1.0,0.011810778640210629,0.040487600000000006,0.012128116190433502,0.1469830870628357,✓,✓,0.02421655148345094,0.043200000000000016,0.13483643531799316,✓,✓,0.03636319912572968,15.934256553649902,0.028467530384659767,0.028467530384659767,9216.0,0.005597633775323629,0.012128116190433502,0.005145907402038574,0.012695260504201705,0.043200000000000016,0.01200000000000001,cnn-4_mnist_learnt_gaussian_sig0.03_bounded-pmin1e-05_epoch10_bs250_lr0.001_mon0.95_dp0.2_objective-channel_gradient-chan1.0-bec-outage0.75-spec-kl0.05_perc-pri0.5_epoch-pri70_bs-pri250_lr-pri0.005_mom-pri0.99_dp-pri0.2_seed7,bec-outage0.75_chan-layer2_mcsamples500_norm-spec_seed7_bounds.json
cnn-4,mnist,10.0,bec,outage 0.75,spec,channel_grad,0.001,0.25,1.0,0.011641287244856358,0.040873200000000005,0.011982450634241104,0.09484780579805374,✓,✓,0.0252012878636691,0.04420000000000002,0.08249704539775848,✓,✓,0.037552052714765354,2.310084104537964,0.03076384775340557,0.03076384775340557,9216.0,0.006125928368419409,0.011982450634241104,0.005419168248772621,0.013445310924369775,0.04420000000000002,0.0121,cnn-4_mnist_learnt_gaussian_sig0.03_bounded-pmin1e-05_epoch10_bs250_lr0.001_mon0.95_dp0.2_objective-channel_gradient-chan1.0-bec-outage0.75-spec-kl0.25_perc-pri0.5_epoch-pri70_bs-pri250_lr-pri0.005_mom-pri0.99_dp-pri0.2_seed7,bec-outage0.75_chan-layer2_mcsamples500_norm-spec_seed7_bounds.json
cnn-4,mnist,10.0,bec,outage 0.75,spec,channel_grad,0.001,0.5,1.0,0.011607727967202663,0.040864199999999996,0.011950024962425232,0.09064944088459015,✓,✓,0.025385627523779857,0.04400000000000004,0.07830092310905457,✓,✓,0.03773414448991517,1.159712553024292,0.031079763546586037,0.031079763546586037,9216.0,0.006225943565368652,0.011950024962425232,0.005480342358350754,0.013560605042016827,0.04400000000000004,0.012199999999999989,cnn-4_mnist_learnt_gaussian_sig0.03_bounded-pmin1e-05_epoch10_bs250_lr0.001_mon0.95_dp0.2_objective-channel_gradient-chan1.0-bec-outage0.75-spec-kl0.5_perc-pri0.5_epoch-pri70_bs-pri250_lr-pri0.005_mom-pri0.99_dp-pri0.2_seed7,bec-outage0.75_chan-layer2_mcsamples500_norm-spec_seed7_bounds.json
cnn-4,mnist,10.0,bec,outage 0.75,spec,channel_grad,0.001,1.0,1.0,0.011638343334197998,0.0410554,0.011984839290380477,0.08860082179307938,✓,✓,0.02554087975697657,0.044399999999999995,0.07621008157730103,✓,✓,0.03793162306507712,0.5285987854003906,0.03141017258167267,0.03141017258167267,9216.0,0.006310326978564262,0.011984839290380477,0.005537743121385575,0.013686386554621866,0.044399999999999995,0.012599999999999945,cnn-4_mnist_learnt_gaussian_sig0.03_bounded-pmin1e-05_epoch10_bs250_lr0.001_mon0.95_dp0.2_objective-channel_gradient-chan1.0-bec-outage0.75-spec-kl1.0_perc-pri0.5_epoch-pri70_bs-pri250_lr-pri0.005_mom-pri0.99_dp-pri0.2_seed7,bec-outage0.75_chan-layer2_mcsamples500_norm-spec_seed7_bounds.json
cnn-4,mnist,20.0,bec,outage 0.75,spec,vanilla,0.001,1.0,0.0,0.013716873712837696,0.04431340000000001,0.013875466585159302,0.49239528497156676,✓,-,0.02127624760559336,0.0464,0.4801552376358983,✓,-,0.033516294941261834,108.21305847167969,0.0,0.0,9216.0,0.00408707233145833,0.013875466585159302,0.004241562262177467,0.010933781512605056,0.0464,0.011099999999999999,cnn-4_mnist_learnt_gaussian_sig0.03_bounded-pmin1e-05_epoch20_bs250_lr0.001_mon0.95_dp0.2_objective-vanilla_perc-pri0.5_epoch-pri70_bs-pri250_lr-pri0.005_mom-pri0.99_dp-pri0.2_seed7,bec-outage0.75_chan-layer2_mcsamples500_norm-spec_seed7_bounds.json
cnn-4,mnist,20.0,bec,outage 0.75,spec,channel_grad,0.001,0.05,1.0,0.011929773725569248,0.04092259999999999,0.011964423209428787,0.14724233746528625,✓,✓,0.02426977845391076,0.042200000000000015,0.1350879669189453,✓,✓,0.036424138117786824,15.750886917114258,0.02941444143652916,0.02941444143652916,9216.0,0.0056257834658026695,0.011964423209428787,0.00520794428884983,0.012733579831932787,0.042200000000000015,0.011700000000000044,cnn-4_mnist_learnt_gaussian_sig0.03_bounded-pmin1e-05_epoch20_bs250_lr0.001_mon0.95_dp0.2_objective-channel_gradient-chan1.0-bec-outage0.75-spec-kl0.05_perc-pri0.5_epoch-pri70_bs-pri250_lr-pri0.005_mom-pri0.99_dp-pri0.2_seed7,bec-outage0.75_chan-layer2_mcsamples500_norm-spec_seed7_bounds.json
cnn-4,mnist,20.0,bec,outage 0.75,spec,channel_grad,0.001,0.25,1.0,0.011596905998885632,0.04078779999999999,0.011665814369916917,0.09575918316841125,✓,✓,0.025233607917286214,0.04249999999999998,0.08350256085395813,✓,✓,0.03749022931928711,2.1954004764556885,0.032205235213041306,0.032205235213041306,9216.0,0.006143419072031975,0.011665814369916917,0.005526046454906464,0.01340605042016808,0.04249999999999998,0.011900000000000022,cnn-4_mnist_learnt_gaussian_sig0.03_bounded-pmin1e-05_epoch20_bs250_lr0.001_mon0.95_dp0.2_objective-channel_gradient-chan1.0-bec-outage0.75-spec-kl0.25_perc-pri0.5_epoch-pri70_bs-pri250_lr-pri0.005_mom-pri0.99_dp-pri0.2_seed7,bec-outage0.75_chan-layer2_mcsamples500_norm-spec_seed7_bounds.json
cnn-4,mnist,20.0,bec,outage 0.75,spec,channel_grad,0.001,0.5,1.0,0.011617867276072502,0.04100820000000001,0.011681722849607468,0.09111007302999496,✓,✓,0.025492069843709473,0.042300000000000004,0.07876144349575043,✓,✓,0.037840697687306954,0.8561496734619141,0.032673127949237823,0.032673127949237823,9216.0,0.006283747032284737,0.011681722849607468,0.005613978579640388,0.013628369747899174,0.042300000000000004,0.012299999999999978,cnn-4_mnist_learnt_gaussian_sig0.03_bounded-pmin1e-05_epoch20_bs250_lr0.001_mon0.95_dp0.2_objective-channel_gradient-chan1.0-bec-outage0.75-spec-kl0.5_perc-pri0.5_epoch-pri70_bs-pri250_lr-pri0.005_mom-pri0.99_dp-pri0.2_seed7,bec-outage0.75_chan-layer2_mcsamples500_norm-spec_seed7_bounds.json
cnn-4,mnist,20.0,bec,outage 0.75,spec,channel_grad,0.001,1.0,1.0,0.011679175309836864,0.04127859999999999,0.011749876290559768,0.08980226516723633,✓,✓,0.02566213866117212,0.04249999999999998,0.0773741602897644,✓,✓,0.0380902437982039,0.35361188650131226,0.03316737338900566,0.03316737338900566,9216.0,0.0063764844089746475,0.011749876290559768,0.005675581097602844,0.013787294117647076,0.04249999999999998,0.012399999999999967,cnn-4_mnist_learnt_gaussian_sig0.03_bounded-pmin1e-05_epoch20_bs250_lr0.001_mon0.95_dp0.2_objective-channel_gradient-chan1.0-bec-outage0.75-spec-kl1.0_perc-pri0.5_epoch-pri70_bs-pri250_lr-pri0.005_mom-pri0.99_dp-pri0.2_seed7,bec-outage0.75_chan-layer2_mcsamples500_norm-spec_seed7_bounds.json
cnn-4,mnist,50.0,bec,outage 0.75,spec,vanilla,0.001,1.0,0.0,0.01645144447684288,0.0477656,0.01659031808376312,1.515468470314415,✓,-,0.018901044947527527,0.05030000000000001,1.5037244469210793,✓,-,0.030645068340863016,359.51708984375,0.0,0.0,9216.0,0.0029521696269512177,0.01659031808376312,0.003596680238842964,0.00921142857142858,0.05030000000000001,0.01100000000000001,cnn-4_mnist_learnt_gaussian_sig0.03_bounded-pmin1e-05_epoch50_bs250_lr0.001_mon0.95_dp0.2_objective-vanilla_perc-pri0.5_epoch-pri70_bs-pri250_lr-pri0.005_mom-pri0.99_dp-pri0.2_seed7,bec-outage0.75_chan-layer2_mcsamples500_norm-spec_seed7_bounds.json
cnn-4,mnist,50.0,bec,outage 0.75,spec,channel_grad,0.001,0.05,1.0,0.01198423933237791,0.04111579999999999,0.012443200498819352,0.14030851423740387,✓,✓,0.024345625989347454,0.04179999999999995,0.12803660333156586,✓,✓,0.036617544560325295,13.784780502319336,0.030313825234770775,0.030313825234770775,9216.0,0.0056663574650883675,0.012443200498819352,0.0049777798354625705,0.012855058823529428,0.04179999999999995,0.012399999999999967,cnn-4_mnist_learnt_gaussian_sig0.03_bounded-pmin1e-05_epoch50_bs250_lr0.001_mon0.95_dp0.2_objective-channel_gradient-chan1.0-bec-outage0.75-spec-kl0.05_perc-pri0.5_epoch-pri70_bs-pri250_lr-pri0.005_mom-pri0.99_dp-pri0.2_seed7,bec-outage0.75_chan-layer2_mcsamples500_norm-spec_seed7_bounds.json
cnn-4,mnist,50.0,bec,outage 0.75,spec,channel_grad,0.001,0.25,1.0,0.011649474501609802,0.040935799999999994,0.012131579220294952,0.09622643142938614,✓,✓,0.02526811520149288,0.041200000000000014,0.0839613527059555,✓,✓,0.03753319108630578,2.154100179672241,0.03279813379049301,0.03279813379049301,9216.0,0.006162174046039581,0.012131579220294952,0.005288616940379143,0.013433210084033639,0.041200000000000014,0.013399999999999967,cnn-4_mnist_learnt_gaussian_sig0.03_bounded-pmin1e-05_epoch50_bs250_lr0.001_mon0.95_dp0.2_objective-channel_gradient-chan1.0-bec-outage0.75-spec-kl0.25_perc-pri0.5_epoch-pri70_bs-pri250_lr-pri0.005_mom-pri0.99_dp-pri0.2_seed7,bec-outage0.75_chan-layer2_mcsamples500_norm-spec_seed7_bounds.json
cnn-4,mnist,50.0,bec,outage 0.75,spec,channel_grad,0.001,0.5,1.0,0.011620072647929192,0.040956599999999996,0.012105189263820648,0.09226343035697937,✓,✓,0.025423005020917048,0.04139999999999999,0.07998638600111008,✓,✓,0.037700053975917795,1.0600707530975342,0.03313463181257248,0.03313463181257248,9216.0,0.006246178410947323,0.012105189263820648,0.005336905270814896,0.013539159663865574,0.04139999999999999,0.013299999999999979,cnn-4_mnist_learnt_gaussian_sig0.03_bounded-pmin1e-05_epoch50_bs250_lr0.001_mon0.95_dp0.2_objective-channel_gradient-chan1.0-bec-outage0.75-spec-kl0.5_perc-pri0.5_epoch-pri70_bs-pri250_lr-pri0.005_mom-pri0.99_dp-pri0.2_seed7,bec-outage0.75_chan-layer2_mcsamples500_norm-spec_seed7_bounds.json
cnn-4,mnist,50.0,bec,outage 0.75,spec,channel_grad,0.001,1.0,1.0,0.011618479155004025,0.041009199999999996,0.012100288271903991,0.09075604379177094,✓,✓,0.02553777414669933,0.04159999999999997,0.07844889163970947,✓,✓,0.03784492849641438,0.6028326749801636,0.033349037170410156,0.033349037170410156,9216.0,0.0063086096197366714,0.012100288271903991,0.005371296033263207,0.013631260504201707,0.04159999999999997,0.013399999999999967,cnn-4_mnist_learnt_gaussian_sig0.03_bounded-pmin1e-05_epoch50_bs250_lr0.001_mon0.95_dp0.2_objective-channel_gradient-chan1.0-bec-outage0.75-spec-kl1.0_perc-pri0.5_epoch-pri70_bs-pri250_lr-pri0.005_mom-pri0.99_dp-pri0.2_seed7,bec-outage0.75_chan-layer2_mcsamples500_norm-spec_seed7_bounds.json
cnn-4,mnist,10.0,bec,outage 0.8,spec,vanilla,0.001,1.0,0.0,0.018218940123915672,0.058623000000000015,0.018076513707637788,0.21121126183734834,✓,-,0.022758024829979302,0.06059999999999999,0.19899093377648175,✓,-,0.0349783528908459,38.979190826416016,0.0,0.0,9216.0,0.004835084546357393,0.018076513707637788,0.004712611436843872,0.011832067226890772,0.06059999999999999,0.011499999999999955,cnn-4_mnist_learnt_gaussian_sig0.03_bounded-pmin1e-05_epoch10_bs250_lr0.001_mon0.95_dp0.2_objective-vanilla_perc-pri0.5_epoch-pri70_bs-pri250_lr-pri0.005_mom-pri0.99_dp-pri0.2_seed7,bec-outage0.8_chan-layer2_mcsamples500_norm-spec_seed7_bounds.json
cnn-4,mnist,10.0,bec,outage 0.8,spec,channel_grad,0.001,0.05,1.0,0.016960127279162407,0.055274800000000006,0.017231541872024535,0.1469830870628357,✓,✓,0.02421655148345094,0.05689999999999995,0.13483643531799316,✓,✓,0.03636319912572968,15.934256553649902,0.028467530384659767,0.028467530384659767,9216.0,0.005597633775323629,0.017231541872024535,0.005145907402038574,0.012695260504201705,0.05689999999999995,0.01200000000000001,cnn-4_mnist_learnt_gaussian_sig0.03_bounded-pmin1e-05_epoch10_bs250_lr0.001_mon0.95_dp0.2_objective-channel_gradient-chan1.0-bec-outage0.8-spec-kl0.05_perc-pri0.5_epoch-pri70_bs-pri250_lr-pri0.005_mom-pri0.99_dp-pri0.2_seed7,bec-outage0.8_chan-layer2_mcsamples500_norm-spec_seed7_bounds.json
cnn-4,mnist,10.0,bec,outage 0.8,spec,channel_grad,0.001,0.25,1.0,0.01643621176481247,0.055358600000000015,0.016732998192310333,0.09484780579805374,✓,✓,0.0252012878636691,0.05689999999999995,0.08249704539775848,✓,✓,0.037552052714765354,2.310084104537964,0.03076384775340557,0.03076384775340557,9216.0,0.006125928368419409,0.016732998192310333,0.005419168248772621,0.013445310924369775,0.05689999999999995,0.0121,cnn-4_mnist_learnt_gaussian_sig0.03_bounded-pmin1e-05_epoch10_bs250_lr0.001_mon0.95_dp0.2_objective-channel_gradient-chan1.0-bec-outage0.8-spec-kl0.25_perc-pri0.5_epoch-pri70_bs-pri250_lr-pri0.005_mom-pri0.99_dp-pri0.2_seed7,bec-outage0.8_chan-layer2_mcsamples500_norm-spec_seed7_bounds.json
cnn-4,mnist,10.0,bec,outage 0.8,spec,channel_grad,0.001,0.5,1.0,0.01633520983159542,0.05530279999999999,0.016637545824050904,0.09064944088459015,✓,✓,0.025385627523779857,0.05700000000000005,0.07830092310905457,✓,✓,0.03773414448991517,1.159712553024292,0.031079763546586037,0.031079763546586037,9216.0,0.006225943565368652,0.016637545824050904,0.005480342358350754,0.013560605042016827,0.05700000000000005,0.012199999999999989,cnn-4_mnist_learnt_gaussian_sig0.03_bounded-pmin1e-05_epoch10_bs250_lr0.001_mon0.95_dp0.2_objective-channel_gradient-chan1.0-bec-outage0.8-spec-kl0.5_perc-pri0.5_epoch-pri70_bs-pri250_lr-pri0.005_mom-pri0.99_dp-pri0.2_seed7,bec-outage0.8_chan-layer2_mcsamples500_norm-spec_seed7_bounds.json
cnn-4,mnist,10.0,bec,outage 0.8,spec,channel_grad,0.001,1.0,1.0,0.01633516512811184,0.055525,0.016640906035900117,0.08860082179307938,✓,✓,0.02554087975697657,0.05740000000000001,0.07621008157730103,✓,✓,0.03793162306507712,0.5285987854003906,0.03141017258167267,0.03141017258167267,9216.0,0.006310326978564262,0.016640906035900117,0.005537743121385575,0.013686386554621866,0.05740000000000001,0.012599999999999945,cnn-4_mnist_learnt_gaussian_sig0.03_bounded-pmin1e-05_epoch10_bs250_lr0.001_mon0.95_dp0.2_objective-channel_gradient-chan1.0-bec-outage0.8-spec-kl1.0_perc-pri0.5_epoch-pri70_bs-pri250_lr-pri0.005_mom-pri0.99_dp-pri0.2_seed7,bec-outage0.8_chan-layer2_mcsamples500_norm-spec_seed7_bounds.json
cnn-4,mnist,20.0,bec,outage 0.8,spec,vanilla,0.001,1.0,0.0,0.020156001672148705,0.06160280000000001,0.020014955103397368,0.49239528497156676,✓,-,0.02127624760559336,0.06259999999999999,0.4801552376358983,✓,-,0.033516294941261834,108.21305847167969,0.0,0.0,9216.0,0.00408707233145833,0.020014955103397368,0.004241562262177467,0.010933781512605056,0.06259999999999999,0.011099999999999999,cnn-4_mnist_learnt_gaussian_sig0.03_bounded-pmin1e-05_epoch20_bs250_lr0.001_mon0.95_dp0.2_objective-vanilla_perc-pri0.5_epoch-pri70_bs-pri250_lr-pri0.005_mom-pri0.99_dp-pri0.2_seed7,bec-outage0.8_chan-layer2_mcsamples500_norm-spec_seed7_bounds.json
cnn-4,mnist,20.0,bec,outage 0.8,spec,channel_grad,0.001,0.05,1.0,0.0171368271112442,0.055941399999999995,0.017030699551105498,0.14724233746528625,✓,✓,0.02426977845391076,0.05710000000000004,0.1350879669189453,✓,✓,0.036424138117786824,15.750886917114258,0.02941444143652916,0.02941444143652916,9216.0,0.0056257834658026695,0.017030699551105498,0.00520794428884983,0.012733579831932787,0.05710000000000004,0.011700000000000044,cnn-4_mnist_learnt_gaussian_sig0.03_bounded-pmin1e-05_epoch20_bs250_lr0.001_mon0.95_dp0.2_objective-channel_gradient-chan1.0-bec-outage0.8-spec-kl0.05_perc-pri0.5_epoch-pri70_bs-pri250_lr-pri0.005_mom-pri0.99_dp-pri0.2_seed7,bec-outage0.8_chan-layer2_mcsamples500_norm-spec_seed7_bounds.json
cnn-4,mnist,20.0,bec,outage 0.8,spec,channel_grad,0.001,0.25,1.0,0.01638481765985489,0.055372399999999995,0.016283248364925385,0.09575918316841125,✓,✓,0.025233607917286214,0.05610000000000004,0.08350256085395813,✓,✓,0.03749022931928711,2.1954004764556885,0.032205235213041306,0.032205235213041306,9216.0,0.006143419072031975,0.016283248364925385,0.005526046454906464,0.01340605042016808,0.05610000000000004,0.011900000000000022,cnn-4_mnist_learnt_gaussian_sig0.03_bounded-pmin1e-05_epoch20_bs250_lr0.001_mon0.95_dp0.2_objective-channel_gradient-chan1.0-bec-outage0.8-spec-kl0.25_perc-pri0.5_epoch-pri70_bs-pri250_lr-pri0.005_mom-pri0.99_dp-pri0.2_seed7,bec-outage0.8_chan-layer2_mcsamples500_norm-spec_seed7_bounds.json
cnn-4,mnist,20.0,bec,outage 0.8,spec,channel_grad,0.001,0.5,1.0,0.016356850042939186,0.05561760000000002,0.016246435046195985,0.09111007302999496,✓,✓,0.025492069843709473,0.05679999999999996,0.07876144349575043,✓,✓,0.037840697687306954,0.8561496734619141,0.032673127949237823,0.032673127949237823,9216.0,0.006283747032284737,0.016246435046195985,0.005613978579640388,0.013628369747899174,0.05679999999999996,0.012299999999999978,cnn-4_mnist_learnt_gaussian_sig0.03_bounded-pmin1e-05_epoch20_bs250_lr0.001_mon0.95_dp0.2_objective-channel_gradient-chan1.0-bec-outage0.8-spec-kl0.5_perc-pri0.5_epoch-pri70_bs-pri250_lr-pri0.005_mom-pri0.99_dp-pri0.2_seed7,bec-outage0.8_chan-layer2_mcsamples500_norm-spec_seed7_bounds.json
cnn-4,mnist,20.0,bec,outage 0.8,spec,channel_grad,0.001,1.0,1.0,0.01640724204480648,0.055949799999999994,0.016297154128551483,0.08980226516723633,✓,✓,0.02566213866117212,0.05700000000000005,0.0773741602897644,✓,✓,0.0380902437982039,0.35361188650131226,0.03316737338900566,0.03316737338900566,9216.0,0.0063764844089746475,0.016297154128551483,0.005675581097602844,0.013787294117647076,0.05700000000000005,0.012399999999999967,cnn-4_mnist_learnt_gaussian_sig0.03_bounded-pmin1e-05_epoch20_bs250_lr0.001_mon0.95_dp0.2_objective-channel_gradient-chan1.0-bec-outage0.8-spec-kl1.0_perc-pri0.5_epoch-pri70_bs-pri250_lr-pri0.005_mom-pri0.99_dp-pri0.2_seed7,bec-outage0.8_chan-layer2_mcsamples500_norm-spec_seed7_bounds.json
cnn-4,mnist,50.0,bec,outage 0.8,spec,vanilla,0.001,1.0,0.0,0.02444360964000225,0.0673284,0.024296146631240845,1.515468470314415,✓,-,0.018901044947527527,0.06699999999999995,1.5037244469210793,✓,-,0.030645068340863016,359.51708984375,0.0,0.0,9216.0,0.0029521696269512177,0.024296146631240845,0.003596680238842964,0.00921142857142858,0.06699999999999995,0.01100000000000001,cnn-4_mnist_learnt_gaussian_sig0.03_bounded-pmin1e-05_epoch50_bs250_lr0.001_mon0.95_dp0.2_objective-vanilla_perc-pri0.5_epoch-pri70_bs-pri250_lr-pri0.005_mom-pri0.99_dp-pri0.2_seed7,bec-outage0.8_chan-layer2_mcsamples500_norm-spec_seed7_bounds.json
cnn-4,mnist,50.0,bec,outage 0.8,spec,channel_grad,0.001,0.05,1.0,0.017173243686556816,0.05608979999999999,0.017695033550262453,0.14030851423740387,✓,✓,0.024345625989347454,0.05720000000000003,0.12803660333156586,✓,✓,0.036617544560325295,13.784780502319336,0.030313825234770775,0.030313825234770775,9216.0,0.0056663574650883675,0.017695033550262453,0.0049777798354625705,0.012855058823529428,0.05720000000000003,0.012399999999999967,cnn-4_mnist_learnt_gaussian_sig0.03_bounded-pmin1e-05_epoch50_bs250_lr0.001_mon0.95_dp0.2_objective-channel_gradient-chan1.0-bec-outage0.8-spec-kl0.05_perc-pri0.5_epoch-pri70_bs-pri250_lr-pri0.005_mom-pri0.99_dp-pri0.2_seed7,bec-outage0.8_chan-layer2_mcsamples500_norm-spec_seed7_bounds.json
cnn-4,mnist,50.0,bec,outage 0.8,spec,channel_grad,0.001,0.25,1.0,0.01640201173722744,0.05549860000000001,0.016993092000484468,0.09622643142938614,✓,✓,0.02526811520149288,0.057499999999999996,0.0839613527059555,✓,✓,0.03753319108630578,2.154100179672241,0.03279813379049301,0.03279813379049301,9216.0,0.006162174046039581,0.016993092000484468,0.005288616940379143,0.013433210084033639,0.057499999999999996,0.013399999999999967,cnn-4_mnist_learnt_gaussian_sig0.03_bounded-pmin1e-05_epoch50_bs250_lr0.001_mon0.95_dp0.2_objective-channel_gradient-chan1.0-bec-outage0.8-spec-kl0.25_perc-pri0.5_epoch-pri70_bs-pri250_lr-pri0.005_mom-pri0.99_dp-pri0.2_seed7,bec-outage0.8_chan-layer2_mcsamples500_norm-spec_seed7_bounds.json
cnn-4,mnist,50.0,bec,outage 0.8,spec,channel_grad,0.001,0.5,1.0,0.016314666718244553,0.0554702,0.016909995675086976,0.09226343035697937,✓,✓,0.025423005020917048,0.05700000000000005,0.07998638600111008,✓,✓,0.037700053975917795,1.0600707530975342,0.03313463181257248,0.03313463181257248,9216.0,0.006246178410947323,0.016909995675086976,0.005336905270814896,0.013539159663865574,0.05700000000000005,0.013299999999999979,cnn-4_mnist_learnt_gaussian_sig0.03_bounded-pmin1e-05_epoch50_bs250_lr0.001_mon0.95_dp0.2_objective-channel_gradient-chan1.0-bec-outage0.8-spec-kl0.5_perc-pri0.5_epoch-pri70_bs-pri250_lr-pri0.005_mom-pri0.99_dp-pri0.2_seed7,bec-outage0.8_chan-layer2_mcsamples500_norm-spec_seed7_bounds.json
cnn-4,mnist,50.0,bec,outage 0.8,spec,channel_grad,0.001,1.0,1.0,0.016284435987472534,0.0554654,0.016877251863479614,0.09075604379177094,✓,✓,0.02553777414669933,0.05720000000000003,0.07844889163970947,✓,✓,0.03784492849641438,0.6028326749801636,0.033349037170410156,0.033349037170410156,9216.0,0.0063086096197366714,0.016877251863479614,0.005371296033263207,0.013631260504201707,0.05720000000000003,0.013399999999999967,cnn-4_mnist_learnt_gaussian_sig0.03_bounded-pmin1e-05_epoch50_bs250_lr0.001_mon0.95_dp0.2_objective-channel_gradient-chan1.0-bec-outage0.8-spec-kl1.0_perc-pri0.5_epoch-pri70_bs-pri250_lr-pri0.005_mom-pri0.99_dp-pri0.2_seed7,bec-outage0.8_chan-layer2_mcsamples500_norm-spec_seed7_bounds.json
cnn-4,mnist,10.0,bec,outage 0.9,frob,vanilla,0.001,1.0,0.0,0.052488651126623154,0.159746,0.0521207332611084,0.20818543434143066,✓,-,0.022782005753158675,0.1572,0.19596748054027557,✓,-,0.03499996473007537,38.232723236083984,0.0,0.0,9216.0,0.004847424570471048,0.0521207332611084,0.005278123170137405,0.011845512605042033,0.1572,0.013299999999999979,cnn-4_mnist_learnt_gaussian_sig0.03_bounded-pmin1e-05_epoch10_bs250_lr0.001_mon0.95_dp0.2_objective-vanilla_perc-pri0.5_epoch-pri70_bs-pri250_lr-pri0.005_mom-pri0.99_dp-pri0.2_seed7,bec-outage0.9_chan-layer2_mcsamples500_norm-frob_seed7_bounds.json
cnn-4,mnist,10.0,bec,outage 0.9,frob,channel_grad,0.001,0.0001,1.0,0.11042040586471558,0.33504880000000004,0.1106359601020813,179.919167039602,✓,✗,0.014521554309421066,0.3369,179.91613427292882,✓,✗,0.017554320982603087,43901.05078125,0.6592223797328843,0.007244232576340437,9216.0,0.0011300704209133983,0.1106359601020813,0.002679518610239029,0.0023495798319327762,0.3369,0.011399999999999966,cnn-4_mnist_learnt_gaussian_sig0.03_bounded-pmin1e-05_epoch10_bs250_lr0.001_mon0.95_dp0.2_objective-channel_gradient-chan1.0-bec-outage0.9-frob-kl0.0001_perc-pri0.5_epoch-pri70_bs-pri250_lr-pri0.005_mom-pri0.99_dp-pri0.2_seed7,bec-outage0.9_chan-layer2_mcsamples500_norm-frob_seed7_bounds.json
cnn-4,mnist,10.0,bec,outage 0.9,frob,channel_grad,0.001,0.001,1.0,0.10946058481931686,0.3202928,0.10966222286224366,146.79891468745348,✓,✗,0.014851170387262443,0.3225,146.79515986242038,✓,✗,0.01860599542036323,35771.58984375,0.7263036544178749,0.007981392554938793,9216.0,0.0012517723953351378,0.10966222286224366,0.0026243945583701135,0.002817344537815131,0.3225,0.010499999999999954,cnn-4_mnist_learnt_gaussian_sig0.03_bounded-pmin1e-05_epoch10_bs250_lr0.001_mon0.95_dp0.2_objective-channel_gradient-chan1.0-bec-outage0.9-frob-kl0.001_perc-pri0.5_epoch-pri70_bs-pri250_lr-pri0.005_mom-pri0.99_dp-pri0.2_seed7,bec-outage0.9_chan-layer2_mcsamples500_norm-frob_seed7_bounds.json
cnn-4,mnist,10.0,bec,outage 0.9,frob,channel_grad,0.001,0.01,1.0,0.11485769599676132,0.3188808,0.11500380039215088,57.05730461783239,✓,✗,0.01635744701047985,0.3235,57.051172463084086,✓,✗,0.022489601758788155,13737.921875,0.9328827873640133,0.010251502506434917,9216.0,0.0018432193901389837,0.11500380039215088,0.003177734836935997,0.004697546218487401,0.3235,0.011900000000000022,cnn-4_mnist_learnt_gaussian_sig0.03_bounded-pmin1e-05_epoch10_bs250_lr0.001_mon0.95_dp0.2_objective-channel_gradient-chan1.0-bec-outage0.9-frob-kl0.01_perc-pri0.5_epoch-pri70_bs-pri250_lr-pri0.005_mom-pri0.99_dp-pri0.2_seed7,bec-outage0.9_chan-layer2_mcsamples500_norm-frob_seed7_bounds.json
cnn-4,mnist,10.0,bec,outage 0.9,frob,channel_grad,0.001,0.1,1.0,0.10976427048444748,0.28484719999999997,0.10985473394393921,14.183015016240283,✓,✗,0.020421585970942478,0.28580000000000005,14.167900443520693,✓,✗,0.03553615869053234,3052.41455078125,1.66894760735408,0.018340161070227623,9216.0,0.003668925492092967,0.10985473394393921,0.004200007021427155,0.012178487394958009,0.28580000000000005,0.01539999999999997,cnn-4_mnist_learnt_gaussian_sig0.03_bounded-pmin1e-05_epoch10_bs250_lr0.001_mon0.95_dp0.2_objective-channel_gradient-chan1.0-bec-outage0.9-frob-kl0.1_perc-pri0.5_epoch-pri70_bs-pri250_lr-pri0.005_mom-pri0.99_dp-pri0.2_seed7,bec-outage0.9_chan-layer2_mcsamples500_norm-frob_seed7_bounds.json
cnn-4,mnist,20.0,bec,outage 0.9,frob,vanilla,0.001,1.0,0.0,0.05701790004968643,0.16926019999999997,0.057149529457092285,0.4879925847053528,✓,-,0.02129520522240136,0.16659999999999997,0.4757707417011261,✓,-,0.033517029332482275,107.13443756103516,0.0,0.0,9216.0,0.004096456803381443,0.057149529457092285,0.004174319282174111,0.010934050420168085,0.16659999999999997,0.011600000000000055,cnn-4_mnist_learnt_gaussian_sig0.03_bounded-pmin1e-05_epoch20_bs250_lr0.001_mon0.95_dp0.2_objective-vanilla_perc-pri0.5_epoch-pri70_bs-pri250_lr-pri0.005_mom-pri0.99_dp-pri0.2_seed7,bec-outage0.9_chan-layer2_mcsamples500_norm-frob_seed7_bounds.json
cnn-4,mnist,20.0,bec,outage 0.9,frob,channel_grad,0.001,0.0001,1.0,0.0973646491765976,0.31726380000000004,0.09742838740348816,365.33652180125654,✓,✗,0.01342212292844463,0.31420000000000003,365.3341922637233,✓,✗,0.015751660461691186,89328.5859375,0.6212441266473789,0.006826887372881174,9216.0,0.000747618090827018,0.09742838740348816,0.0030761312693357466,0.0015987899159663878,0.31420000000000003,0.010800000000000032,cnn-4_mnist_learnt_gaussian_sig0.03_bounded-pmin1e-05_epoch20_bs250_lr0.001_mon0.95_dp0.2_objective-channel_gradient-chan1.0-bec-outage0.9-frob-kl0.0001_perc-pri0.5_epoch-pri70_bs-pri250_lr-pri0.005_mom-pri0.99_dp-pri0.2_seed7,bec-outage0.9_chan-layer2_mcsamples500_norm-frob_seed7_bounds.json
cnn-4,mnist,20.0,bec,outage 0.9,frob,channel_grad,0.001,0.001,1.0,0.10064462572336197,0.3117193999999999,0.10061742067337036,282.22007180178935,✓,✗,0.013830836746942231,0.30700000000000005,282.2168382593744,✓,✗,0.017064379161853625,68953.171875,0.6857609935697613,0.007535866927355528,9216.0,0.0008853310719132423,0.10061742067337036,0.0030240943655371667,0.002138823529411767,0.30700000000000005,0.011900000000000022,cnn-4_mnist_learnt_gaussian_sig0.03_bounded-pmin1e-05_epoch20_bs250_lr0.001_mon0.95_dp0.2_objective-channel_gradient-chan1.0-bec-outage0.9-frob-kl0.001_perc-pri0.5_epoch-pri70_bs-pri250_lr-pri0.005_mom-pri0.99_dp-pri0.2_seed7,bec-outage0.9_chan-layer2_mcsamples500_norm-frob_seed7_bounds.json
cnn-4,mnist,20.0,bec,outage 0.9,frob,channel_grad,0.001,0.01,1.0,0.10959739983081818,0.2819593999999999,0.10962692499160767,63.107859098010444,✓,✗,0.015583351571986271,0.27859999999999996,63.102687761655915,✓,✗,0.02075468792651689,15235.16015625,0.8727224940006929,0.009590397588908672,9216.0,0.0015323786064982414,0.10962692499160767,0.0028593001887202265,0.0038306554621848786,0.27859999999999996,0.011700000000000044,cnn-4_mnist_learnt_gaussian_sig0.03_bounded-pmin1e-05_epoch20_bs250_lr0.001_mon0.95_dp0.2_objective-channel_gradient-chan1.0-bec-outage0.9-frob-kl0.01_perc-pri0.5_epoch-pri70_bs-pri250_lr-pri0.005_mom-pri0.99_dp-pri0.2_seed7,bec-outage0.9_chan-layer2_mcsamples500_norm-frob_seed7_bounds.json
cnn-4,mnist,20.0,bec,outage 0.9,frob,channel_grad,0.001,0.1,1.0,0.11066478490829468,0.2759206,0.11066468954086303,13.073105372970096,✓,✗,0.020629848933118602,0.2694,13.05782259177401,✓,✗,0.03591263012920578,2765.30419921875,1.730784594643915,0.01901969127357006,9216.0,0.003769864095374942,0.11066468954086303,0.003858676180243492,0.012413109243697488,0.2694,0.01319999999999999,cnn-4_mnist_learnt_gaussian_sig0.03_bounded-pmin1e-05_epoch20_bs250_lr0.001_mon0.95_dp0.2_objective-channel_gradient-chan1.0-bec-outage0.9-frob-kl0.1_perc-pri0.5_epoch-pri70_bs-pri250_lr-pri0.005_mom-pri0.99_dp-pri0.2_seed7,bec-outage0.9_chan-layer2_mcsamples500_norm-frob_seed7_bounds.json
cnn-4,mnist,50.0,bec,outage 0.9,frob,vanilla,0.001,1.0,0.0,0.06609442085027695,0.1883526,0.0653935968875885,1.5273239612579346,✓,-,0.018888473240063867,0.18510000000000004,1.5156035423278809,✓,-,0.030608836780389857,362.4299621582031,0.0,0.0,9216.0,0.002946399385109544,0.0653935968875885,0.0036884211003780365,0.009189848739495809,0.18510000000000004,0.010700000000000043,cnn-4_mnist_learnt_gaussian_sig0.03_bounded-pmin1e-05_epoch50_bs250_lr0.001_mon0.95_dp0.2_objective-vanilla_perc-pri0.5_epoch-pri70_bs-pri250_lr-pri0.005_mom-pri0.99_dp-pri0.2_seed7,bec-outage0.9_chan-layer2_mcsamples500_norm-frob_seed7_bounds.json
cnn-4,mnist,50.0,bec,outage 0.9,frob,channel_grad,0.001,0.0001,1.0,0.06691216677427292,0.247518,0.06617814302444458,1883.0805959720353,✓,✗,0.015482890787878801,0.245,1883.07436337848,✓,✗,0.02171548434318271,460766.375,1.970930489118904,0.02165866829454899,9216.0,0.0014930221950635314,0.06617814302444458,0.006530113518238068,0.004305747899159671,0.245,0.014800000000000035,cnn-4_mnist_learnt_gaussian_sig0.03_bounded-pmin1e-05_epoch50_bs250_lr0.001_mon0.95_dp0.2_objective-channel_gradient-chan1.0-bec-outage0.9-frob-kl0.0001_perc-pri0.5_epoch-pri70_bs-pri250_lr-pri0.005_mom-pri0.99_dp-pri0.2_seed7,bec-outage0.9_chan-layer2_mcsamples500_norm-frob_seed7_bounds.json
cnn-4,mnist,50.0,bec,outage 0.9,frob,channel_grad,0.001,0.001,1.0,0.07821788638830185,0.2707468,0.07802048921585084,907.0461493426894,✓,✗,0.012487428726289785,0.2682,907.0448918853222,✓,✗,0.013744886093612749,222078.859375,0.38215654775100677,0.004199540242552757,9216.0,0.00045551551738753915,0.07802048921585084,0.003480231389403343,0.0008559327731092442,0.2682,0.00990000000000002,cnn-4_mnist_learnt_gaussian_sig0.03_bounded-pmin1e-05_epoch50_bs250_lr0.001_mon0.95_dp0.2_objective-channel_gradient-chan1.0-bec-outage0.9-frob-kl0.001_perc-pri0.5_epoch-pri70_bs-pri250_lr-pri0.005_mom-pri0.99_dp-pri0.2_seed7,bec-outage0.9_chan-layer2_mcsamples500_norm-frob_seed7_bounds.json
cnn-4,mnist,50.0,bec,outage 0.9,frob,channel_grad,0.001,0.01,1.0,0.10658981651067734,0.2876023999999999,0.10599750280380249,69.88157593384882,✓,✗,0.0157047097539013,0.28680000000000005,69.87526844978875,✓,✗,0.022012193813972642,16860.76171875,1.0086912352915132,0.01108456589281559,9216.0,0.0015801398549228907,0.10599750280380249,0.0029616108164191245,0.004455058823529419,0.28680000000000005,0.011099999999999999,cnn-4_mnist_learnt_gaussian_sig0.03_bounded-pmin1e-05_epoch50_bs250_lr0.001_mon0.95_dp0.2_objective-channel_gradient-chan1.0-bec-outage0.9-frob-kl0.01_perc-pri0.5_epoch-pri70_bs-pri250_lr-pri0.005_mom-pri0.99_dp-pri0.2_seed7,bec-outage0.9_chan-layer2_mcsamples500_norm-frob_seed7_bounds.json
cnn-4,mnist,50.0,bec,outage 0.9,frob,channel_grad,0.001,0.1,1.0,0.10418309271335602,0.24611900000000006,0.10363930463790894,12.680182739506996,✓,✗,0.020535729010339496,0.24139999999999995,12.664692010409953,✓,✗,0.03602645810738353,2647.360595703125,1.8192508782666528,0.019991852343082428,9216.0,0.0037241391837596893,0.10363930463790894,0.0036000262945890425,0.012484369747899175,0.24139999999999995,0.014000000000000012,cnn-4_mnist_learnt_gaussian_sig0.03_bounded-pmin1e-05_epoch50_bs250_lr0.001_mon0.95_dp0.2_objective-channel_gradient-chan1.0-bec-outage0.9-frob-kl0.1_perc-pri0.5_epoch-pri70_bs-pri250_lr-pri0.005_mom-pri0.99_dp-pri0.2_seed7,bec-outage0.9_chan-layer2_mcsamples500_norm-frob_seed7_bounds.json
cnn-4,mnist,10.0,bec,outage 0.9,spec,vanilla,0.001,1.0,0.0,0.052488651126623154,0.159746,0.0521207332611084,0.2112328736765778,✓,-,0.022782005753158675,0.1572,0.19901491469966112,✓,-,0.03499996473007537,38.979190826416016,0.0,0.0,9216.0,0.004847424570471048,0.0521207332611084,0.005278123170137405,0.011845512605042033,0.1572,0.013299999999999979,cnn-4_mnist_learnt_gaussian_sig0.03_bounded-pmin1e-05_epoch10_bs250_lr0.001_mon0.95_dp0.2_objective-vanilla_perc-pri0.5_epoch-pri70_bs-pri250_lr-pri0.005_mom-pri0.99_dp-pri0.2_seed7,bec-outage0.9_chan-layer2_mcsamples500_norm-spec_seed7_bounds.json
cnn-4,mnist,10.0,bec,outage 0.9,spec,channel_grad,0.001,0.0001,1.0,0.08764074742794037,0.22308960000000003,0.08784376382827759,2.131387113187174,✓,✗,0.019956222250952255,0.22540000000000004,2.1181996392947195,✓,✗,0.03314369614340683,505.7571716308594,0.01639738120138645,0.01639738120138645,9216.0,0.003445721697062254,0.08784376382827759,0.0035933610051870346,0.010706957983193297,0.22540000000000004,0.012299999999999978,cnn-4_mnist_learnt_gaussian_sig0.03_bounded-pmin1e-05_epoch10_bs250_lr0.001_mon0.95_dp0.2_objective-channel_gradient-chan1.0-bec-outage0.9-spec-kl0.0001_perc-pri0.5_epoch-pri70_bs-pri250_lr-pri0.005_mom-pri0.99_dp-pri0.2_seed7,bec-outage0.9_chan-layer2_mcsamples500_norm-spec_seed7_bounds.json
cnn-4,mnist,10.0,bec,outage 0.9,spec,channel_grad,0.001,0.001,1.0,0.08337827771902084,0.21243999999999996,0.08357889652252197,1.8241822874562617,✓,✗,0.02015700686833625,0.21430000000000005,1.8110501728805348,✓,✗,0.03328912144406312,430.2561950683594,0.017278576269745827,0.017278576269745827,9216.0,0.0035416625905781984,0.08357889652252197,0.003684575483202934,0.01079542857142859,0.21430000000000005,0.012199999999999989,cnn-4_mnist_learnt_gaussian_sig0.03_bounded-pmin1e-05_epoch10_bs250_lr0.001_mon0.95_dp0.2_objective-channel_gradient-chan1.0-bec-outage0.9-spec-kl0.001_perc-pri0.5_epoch-pri70_bs-pri250_lr-pri0.005_mom-pri0.99_dp-pri0.2_seed7,bec-outage0.9_chan-layer2_mcsamples500_norm-spec_seed7_bounds.json
cnn-4,mnist,10.0,bec,outage 0.9,spec,channel_grad,0.001,0.01,1.0,0.061619486659765244,0.16919340000000002,0.0618979811668396,0.5729091222872897,✓,✗,0.022065438918169297,0.17110000000000003,0.5603387460598748,✓,✗,0.034635815145584226,121.94760131835938,0.02332328073680401,0.02332328073680401,9216.0,0.004481957759708166,0.0618979811668396,0.004436774551868439,0.011620302521008421,0.17110000000000003,0.012199999999999989,cnn-4_mnist_learnt_gaussian_sig0.03_bounded-pmin1e-05_epoch10_bs250_lr0.001_mon0.95_dp0.2_objective-channel_gradient-chan1.0-bec-outage0.9-spec-kl0.01_perc-pri0.5_epoch-pri70_bs-pri250_lr-pri0.005_mom-pri0.99_dp-pri0.2_seed7,bec-outage0.9_chan-layer2_mcsamples500_norm-spec_seed7_bounds.json
cnn-4,mnist,10.0,bec,outage 0.9,spec,channel_grad,0.001,0.05,1.0,0.049902502447366714,0.1510362,0.05019909143447876,0.1469830870628357,✓,✓,0.02421655148345094,0.1533,0.13483643531799316,✗,✓,0.03636319912572968,15.934256553649902,0.028467530384659767,0.028467530384659767,9216.0,0.005597633775323629,0.05019909143447876,0.005145907402038574,0.012695260504201705,0.1533,0.01200000000000001,cnn-4_mnist_learnt_gaussian_sig0.03_bounded-pmin1e-05_epoch10_bs250_lr0.001_mon0.95_dp0.2_objective-channel_gradient-chan1.0-bec-outage0.9-spec-kl0.05_perc-pri0.5_epoch-pri70_bs-pri250_lr-pri0.005_mom-pri0.99_dp-pri0.2_seed7,bec-outage0.9_chan-layer2_mcsamples500_norm-spec_seed7_bounds.json
cnn-4,mnist,10.0,bec,outage 0.9,spec,channel_grad,0.001,0.1,1.0,0.048603400588035583,0.14991640000000003,0.04889584481716156,0.1092216333605396,✓,✓,0.024746111682318068,0.15200000000000002,0.09699716341282477,✗,✓,0.036970581630032896,6.275721549987793,0.029529497027397156,0.029529497027397156,9216.0,0.005880300886929035,0.04889584481716156,0.005291009694337845,0.013077445378151278,0.15200000000000002,0.012199999999999989,cnn-4_mnist_learnt_gaussian_sig0.03_bounded-pmin1e-05_epoch10_bs250_lr0.001_mon0.95_dp0.2_objective-channel_gradient-chan1.0-bec-outage0.9-spec-kl0.1_perc-pri0.5_epoch-pri70_bs-pri250_lr-pri0.005_mom-pri0.99_dp-pri0.2_seed7,bec-outage0.9_chan-layer2_mcsamples500_norm-spec_seed7_bounds.json
cnn-4,mnist,10.0,bec,outage 0.9,spec,channel_grad,0.001,0.25,1.0,0.04777318611741066,0.1493252,0.048053935170173645,0.09484780579805374,✓,✓,0.0252012878636691,0.15139999999999998,0.08249704539775848,✗,✓,0.037552052714765354,2.310084104537964,0.03076384775340557,0.03076384775340557,9216.0,0.006125928368419409,0.048053935170173645,0.005419168248772621,0.013445310924369775,0.15139999999999998,0.0121,cnn-4_mnist_learnt_gaussian_sig0.03_bounded-pmin1e-05_epoch10_bs250_lr0.001_mon0.95_dp0.2_objective-channel_gradient-chan1.0-bec-outage0.9-spec-kl0.25_perc-pri0.5_epoch-pri70_bs-pri250_lr-pri0.005_mom-pri0.99_dp-pri0.2_seed7,bec-outage0.9_chan-layer2_mcsamples500_norm-spec_seed7_bounds.json
cnn-4,mnist,10.0,bec,outage 0.9,spec,channel_grad,0.001,0.5,1.0,0.04737197980284691,0.14884940000000002,0.047644692659378055,0.09064944088459015,✓,✓,0.025385627523779857,0.1512,0.07830092310905457,✗,✓,0.03773414448991517,1.159712553024292,0.031079763546586037,0.031079763546586037,9216.0,0.006225943565368652,0.047644692659378055,0.005480342358350754,0.013560605042016827,0.1512,0.012199999999999989,cnn-4_mnist_learnt_gaussian_sig0.03_bounded-pmin1e-05_epoch10_bs250_lr0.001_mon0.95_dp0.2_objective-channel_gradient-chan1.0-bec-outage0.9-spec-kl0.5_perc-pri0.5_epoch-pri70_bs-pri250_lr-pri0.005_mom-pri0.99_dp-pri0.2_seed7,bec-outage0.9_chan-layer2_mcsamples500_norm-spec_seed7_bounds.json
cnn-4,mnist,10.0,bec,outage 0.9,spec,channel_grad,0.001,1.0,1.0,0.047213196754455566,0.1489756,0.047475534677505496,0.08860082179307938,✓,✓,0.02554087975697657,0.15149999999999997,0.07621008157730103,✗,✓,0.03793162306507712,0.5285987854003906,0.03141017258167267,0.03141017258167267,9216.0,0.006310326978564262,0.047475534677505496,0.005537743121385575,0.013686386554621866,0.15149999999999997,0.012599999999999945,cnn-4_mnist_learnt_gaussian_sig0.03_bounded-pmin1e-05_epoch10_bs250_lr0.001_mon0.95_dp0.2_objective-channel_gradient-chan1.0-bec-outage0.9-spec-kl1.0_perc-pri0.5_epoch-pri70_bs-pri250_lr-pri0.005_mom-pri0.99_dp-pri0.2_seed7,bec-outage0.9_chan-layer2_mcsamples500_norm-spec_seed7_bounds.json
cnn-4,mnist,20.0,bec,outage 0.9,spec,vanilla,0.001,1.0,0.0,0.05701790004968643,0.16926019999999997,0.057149529457092285,0.4923960193627872,✓,-,0.02129520522240136,0.16659999999999997,0.48017419525270627,✓,-,0.033517029332482275,108.21305847167969,0.0,0.0,9216.0,0.004096456803381443,0.057149529457092285,0.004174319282174111,0.010934050420168085,0.16659999999999997,0.011600000000000055,cnn-4_mnist_learnt_gaussian_sig0.03_bounded-pmin1e-05_epoch20_bs250_lr0.001_mon0.95_dp0.2_objective-vanilla_perc-pri0.5_epoch-pri70_bs-pri250_lr-pri0.005_mom-pri0.99_dp-pri0.2_seed7,bec-outage0.9_chan-layer2_mcsamples500_norm-spec_seed7_bounds.json
cnn-4,mnist,20.0,bec,outage 0.9,spec,channel_grad,0.001,0.0001,1.0,0.10800760984420776,0.2849000000000001,0.10803931951522827,3.9211468008482018,✓,✗,0.019414343493437812,0.2841,3.908398966551406,✓,✗,0.03216217779023368,945.21240234375,0.013070120476186275,0.013070120476186275,9216.0,0.003190024755895138,0.10803931951522827,0.0033442415297031403,0.010114151260504222,0.2841,0.010600000000000054,cnn-4_mnist_learnt_gaussian_sig0.03_bounded-pmin1e-05_epoch20_bs250_lr0.001_mon0.95_dp0.2_objective-channel_gradient-chan1.0-bec-outage0.9-spec-kl0.0001_perc-pri0.5_epoch-pri70_bs-pri250_lr-pri0.005_mom-pri0.99_dp-pri0.2_seed7,bec-outage0.9_chan-layer2_mcsamples500_norm-spec_seed7_bounds.json
cnn-4,mnist,20.0,bec,outage 0.9,spec,channel_grad,0.001,0.001,1.0,0.10102617740631104,0.2595596,0.10100520849227905,3.1033890525042973,✓,✗,0.019484880806742134,0.259,3.0902563069964297,✓,✗,0.032617626314609696,744.5234985351562,0.014165942557156086,0.014165942557156086,9216.0,0.003223075997084379,0.10100520849227905,0.0033486921340227125,0.010388369747899175,0.259,0.011199999999999988,cnn-4_mnist_learnt_gaussian_sig0.03_bounded-pmin1e-05_epoch20_bs250_lr0.001_mon0.95_dp0.2_objective-channel_gradient-chan1.0-bec-outage0.9-spec-kl0.001_perc-pri0.5_epoch-pri70_bs-pri250_lr-pri0.005_mom-pri0.99_dp-pri0.2_seed7,bec-outage0.9_chan-layer2_mcsamples500_norm-spec_seed7_bounds.json
cnn-4,mnist,20.0,bec,outage 0.9,spec,channel_grad,0.001,0.01,1.0,0.06277384608983994,0.17115880000000003,0.062493550777435306,0.6100538193147265,✓,✗,0.021964675349876214,0.17110000000000003,0.5974403774369704,✓,✗,0.03457811722763229,131.15850830078125,0.022922305390238762,0.022922305390238762,9216.0,0.004431091248989105,0.062493550777435306,0.004302303120493889,0.01158487394957985,0.17110000000000003,0.011199999999999988,cnn-4_mnist_learnt_gaussian_sig0.03_bounded-pmin1e-05_epoch20_bs250_lr0.001_mon0.95_dp0.2_objective-channel_gradient-chan1.0-bec-outage0.9-spec-kl0.01_perc-pri0.5_epoch-pri70_bs-pri250_lr-pri0.005_mom-pri0.99_dp-pri0.2_seed7,bec-outage0.9_chan-layer2_mcsamples500_norm-spec_seed7_bounds.json
cnn-4,mnist,20.0,bec,outage 0.9,spec,channel_grad,0.001,0.05,1.0,0.05012790486216545,0.15248159999999997,0.04970927536487579,0.14724233746528625,✓,✓,0.02426977845391076,0.1522,0.1350879669189453,✗,✓,0.036424138117786824,15.750886917114258,0.02941444143652916,0.02941444143652916,9216.0,0.0056257834658026695,0.04970927536487579,0.00520794428884983,0.012733579831932787,0.1522,0.011700000000000044,cnn-4_mnist_learnt_gaussian_sig0.03_bounded-pmin1e-05_epoch20_bs250_lr0.001_mon0.95_dp0.2_objective-channel_gradient-chan1.0-bec-outage0.9-spec-kl0.05_perc-pri0.5_epoch-pri70_bs-pri250_lr-pri0.005_mom-pri0.99_dp-pri0.2_seed7,bec-outage0.9_chan-layer2_mcsamples500_norm-spec_seed7_bounds.json
cnn-4,mnist,20.0,bec,outage 0.9,spec,channel_grad,0.001,0.1,1.0,0.04852942377328873,0.15012979999999995,0.04808718264102936,0.1118903664289202,✓,✓,0.02478714663434257,0.1491,0.09971209381229415,✗,✓,0.036965419250968606,6.61439847946167,0.030820749700069427,0.030820749700069427,9216.0,0.005902318749576807,0.04808718264102936,0.005383661016821861,0.01307408403361346,0.1491,0.011800000000000033,cnn-4_mnist_learnt_gaussian_sig0.03_bounded-pmin1e-05_epoch20_bs250_lr0.001_mon0.95_dp0.2_objective-channel_gradient-chan1.0-bec-outage0.9-spec-kl0.1_perc-pri0.5_epoch-pri70_bs-pri250_lr-pri0.005_mom-pri0.99_dp-pri0.2_seed7,bec-outage0.9_chan-layer2_mcsamples500_norm-spec_seed7_bounds.json
cnn-4,mnist,20.0,bec,outage 0.9,spec,channel_grad,0.001,0.25,1.0,0.04758140817284584,0.14902160000000003,0.047113928198814395,0.09575918316841125,✓,✓,0.025233607917286214,0.14859999999999995,0.08350256085395813,✗,✓,0.03749022931928711,2.1954004764556885,0.032205235213041306,0.032205235213041306,9216.0,0.006143419072031975,0.047113928198814395,0.005526046454906464,0.01340605042016808,0.14859999999999995,0.011900000000000022,cnn-4_mnist_learnt_gaussian_sig0.03_bounded-pmin1e-05_epoch20_bs250_lr0.001_mon0.95_dp0.2_objective-channel_gradient-chan1.0-bec-outage0.9-spec-kl0.25_perc-pri0.5_epoch-pri70_bs-pri250_lr-pri0.005_mom-pri0.99_dp-pri0.2_seed7,bec-outage0.9_chan-layer2_mcsamples500_norm-spec_seed7_bounds.json
cnn-4,mnist,20.0,bec,outage 0.9,spec,channel_grad,0.001,0.5,1.0,0.04732627794146538,0.1490884,0.04683948755264282,0.09111007302999496,✓,✓,0.025492069843709473,0.1473,0.07876144349575043,✗,✓,0.037840697687306954,0.8561496734619141,0.032673127949237823,0.032673127949237823,9216.0,0.006283747032284737,0.04683948755264282,0.005613978579640388,0.013628369747899174,0.1473,0.012299999999999978,cnn-4_mnist_learnt_gaussian_sig0.03_bounded-pmin1e-05_epoch20_bs250_lr0.001_mon0.95_dp0.2_objective-channel_gradient-chan1.0-bec-outage0.9-spec-kl0.5_perc-pri0.5_epoch-pri70_bs-pri250_lr-pri0.005_mom-pri0.99_dp-pri0.2_seed7,bec-outage0.9_chan-layer2_mcsamples500_norm-spec_seed7_bounds.json
cnn-4,mnist,20.0,bec,outage 0.9,spec,channel_grad,0.001,1.0,1.0,0.04729146882891655,0.14949620000000002,0.046793568134307864,0.08980226516723633,✓,✓,0.02566213866117212,0.1471,0.0773741602897644,✗,✓,0.0380902437982039,0.35361188650131226,0.03316737338900566,0.03316737338900566,9216.0,0.0063764844089746475,0.046793568134307864,0.005675581097602844,0.013787294117647076,0.1471,0.012399999999999967,cnn-4_mnist_learnt_gaussian_sig0.03_bounded-pmin1e-05_epoch20_bs250_lr0.001_mon0.95_dp0.2_objective-channel_gradient-chan1.0-bec-outage0.9-spec-kl1.0_perc-pri0.5_epoch-pri70_bs-pri250_lr-pri0.005_mom-pri0.99_dp-pri0.2_seed7,bec-outage0.9_chan-layer2_mcsamples500_norm-spec_seed7_bounds.json
cnn-4,mnist,50.0,bec,outage 0.9,spec,vanilla,0.001,1.0,0.0,0.06609442085027695,0.1883526,0.0653935968875885,1.5154322387539418,✓,-,0.018888473240063867,0.18510000000000004,1.5037118752136158,✓,-,0.030608836780389857,359.51708984375,0.0,0.0,9216.0,0.002946399385109544,0.0653935968875885,0.0036884211003780365,0.009189848739495809,0.18510000000000004,0.010700000000000043,cnn-4_mnist_learnt_gaussian_sig0.03_bounded-pmin1e-05_epoch50_bs250_lr0.001_mon0.95_dp0.2_objective-vanilla_perc-pri0.5_epoch-pri70_bs-pri250_lr-pri0.005_mom-pri0.99_dp-pri0.2_seed7,bec-outage0.9_chan-layer2_mcsamples500_norm-spec_seed7_bounds.json
cnn-4,mnist,50.0,bec,outage 0.9,spec,channel_grad,0.001,0.0001,1.0,0.11207439750432968,0.2958219999999999,0.11158168315887451,6.704398953773247,✓,✗,0.018343195532248176,0.2954,6.693768133575775,✓,✗,0.028974015729720623,1628.2528076171875,0.011009657755494118,0.011009657755494118,9216.0,0.0026986594311892986,0.11158168315887451,0.003115704283118248,0.008237176470588248,0.2954,0.011399999999999966,cnn-4_mnist_learnt_gaussian_sig0.03_bounded-pmin1e-05_epoch50_bs250_lr0.001_mon0.95_dp0.2_objective-channel_gradient-chan1.0-bec-outage0.9-spec-kl0.0001_perc-pri0.5_epoch-pri70_bs-pri250_lr-pri0.005_mom-pri0.99_dp-pri0.2_seed7,bec-outage0.9_chan-layer2_mcsamples500_norm-spec_seed7_bounds.json
cnn-4,mnist,50.0,bec,outage 0.9,spec,channel_grad,0.001,0.001,1.0,0.10589412599802017,0.27383179999999996,0.10535941123962403,4.189310266506287,✓,✗,0.018870645248508594,0.2702,4.177120671413162,✓,✗,0.031060240341634175,1011.2656860351562,0.012674122117459774,0.012674122117459774,9216.0,0.002938186516985297,0.10535941123962403,0.0032043114304542543,0.00945667226890758,0.2702,0.011900000000000022,cnn-4_mnist_learnt_gaussian_sig0.03_bounded-pmin1e-05_epoch50_bs250_lr0.001_mon0.95_dp0.2_objective-channel_gradient-chan1.0-bec-outage0.9-spec-kl0.001_perc-pri0.5_epoch-pri70_bs-pri250_lr-pri0.005_mom-pri0.99_dp-pri0.2_seed7,bec-outage0.9_chan-layer2_mcsamples500_norm-spec_seed7_bounds.json
cnn-4,mnist,50.0,bec,outage 0.9,spec,channel_grad,0.001,0.01,1.0,0.06309109181165695,0.17171120000000006,0.06248864531517029,0.629509265539862,✓,✓,0.021883312795647203,0.16710000000000003,0.6168023937561594,✓,✓,0.03459018457934972,135.73829650878906,0.02366877719759941,0.02366877719759941,9216.0,0.004390071611851454,0.06248864531517029,0.004103968292474747,0.011592403361344553,0.16710000000000003,0.012399999999999967,cnn-4_mnist_learnt_gaussian_sig0.03_bounded-pmin1e-05_epoch50_bs250_lr0.001_mon0.95_dp0.2_objective-channel_gradient-chan1.0-bec-outage0.9-spec-kl0.01_perc-pri0.5_epoch-pri70_bs-pri250_lr-pri0.005_mom-pri0.99_dp-pri0.2_seed7,bec-outage0.9_chan-layer2_mcsamples500_norm-spec_seed7_bounds.json
cnn-4,mnist,50.0,bec,outage 0.9,spec,channel_grad,0.001,0.05,1.0,0.0503312423825264,0.15283500000000003,0.04987709820270538,0.14030851423740387,✓,✓,0.024345625989347454,0.15080000000000005,0.12803660333156586,✗,✓,0.036617544560325295,13.784780502319336,0.030313825234770775,0.030313825234770775,9216.0,0.0056663574650883675,0.04987709820270538,0.0049777798354625705,0.012855058823529428,0.15080000000000005,0.012399999999999967,cnn-4_mnist_learnt_gaussian_sig0.03_bounded-pmin1e-05_epoch50_bs250_lr0.001_mon0.95_dp0.2_objective-channel_gradient-chan1.0-bec-outage0.9-spec-kl0.05_perc-pri0.5_epoch-pri70_bs-pri250_lr-pri0.005_mom-pri0.99_dp-pri0.2_seed7,bec-outage0.9_chan-layer2_mcsamples500_norm-spec_seed7_bounds.json
cnn-4,mnist,50.0,bec,outage 0.9,spec,channel_grad,0.001,0.1,1.0,0.04858911409974098,0.15031460000000005,0.04817526936531067,0.11010550330933952,✓,✓,0.0248946686162831,0.14859999999999995,0.09785777041228191,✗,✓,0.037142401513340716,5.909518718719482,0.03173656389117241,0.03173656389117241,9216.0,0.005960223264992237,0.04817526936531067,0.005172521620988846,0.01318601680672271,0.14859999999999995,0.013000000000000012,cnn-4_mnist_learnt_gaussian_sig0.03_bounded-pmin1e-05_epoch50_bs250_lr0.001_mon0.95_dp0.2_objective-channel_gradient-chan1.0-bec-outage0.9-spec-kl0.1_perc-pri0.5_epoch-pri70_bs-pri250_lr-pri0.005_mom-pri0.99_dp-pri0.2_seed7,bec-outage0.9_chan-layer2_mcsamples500_norm-spec_seed7_bounds.json
cnn-4,mnist,50.0,bec,outage 0.9,spec,channel_grad,0.001,0.25,1.0,0.04763235151767731,0.1492888,0.04725366234779358,0.09622643142938614,✓,✓,0.02526811520149288,0.1483,0.0839613527059555,✗,✓,0.03753319108630578,2.154100179672241,0.03279813379049301,0.03279813379049301,9216.0,0.006162174046039581,0.04725366234779358,0.005288616940379143,0.013433210084033639,0.1483,0.013399999999999967,cnn-4_mnist_learnt_gaussian_sig0.03_bounded-pmin1e-05_epoch50_bs250_lr0.001_mon0.95_dp0.2_objective-channel_gradient-chan1.0-bec-outage0.9-spec-kl0.25_perc-pri0.5_epoch-pri70_bs-pri250_lr-pri0.005_mom-pri0.99_dp-pri0.2_seed7,bec-outage0.9_chan-layer2_mcsamples500_norm-spec_seed7_bounds.json
cnn-4,mnist,50.0,bec,outage 0.9,spec,channel_grad,0.001,0.5,1.0,0.04728178679943085,0.14888120000000002,0.04691596925258636,0.09226343035697937,✓,✓,0.025423005020917048,0.14780000000000004,0.07998638600111008,✗,✓,0.037700053975917795,1.0600707530975342,0.03313463181257248,0.03313463181257248,9216.0,0.006246178410947323,0.04691596925258636,0.005336905270814896,0.013539159663865574,0.14780000000000004,0.013299999999999979,cnn-4_mnist_learnt_gaussian_sig0.03_bounded-pmin1e-05_epoch50_bs250_lr0.001_mon0.95_dp0.2_objective-channel_gradient-chan1.0-bec-outage0.9-spec-kl0.5_perc-pri0.5_epoch-pri70_bs-pri250_lr-pri0.005_mom-pri0.99_dp-pri0.2_seed7,bec-outage0.9_chan-layer2_mcsamples500_norm-spec_seed7_bounds.json
cnn-4,mnist,50.0,bec,outage 0.9,spec,channel_grad,0.001,1.0,1.0,0.04712429642677307,0.148648,0.04676434993743896,0.09075604379177094,✓,✓,0.02553777414669933,0.1472,0.07844889163970947,✗,✓,0.03784492849641438,0.6028326749801636,0.033349037170410156,0.033349037170410156,9216.0,0.0063086096197366714,0.04676434993743896,0.005371296033263207,0.013631260504201707,0.1472,0.013399999999999967,cnn-4_mnist_learnt_gaussian_sig0.03_bounded-pmin1e-05_epoch50_bs250_lr0.001_mon0.95_dp0.2_objective-channel_gradient-chan1.0-bec-outage0.9-spec-kl1.0_perc-pri0.5_epoch-pri70_bs-pri250_lr-pri0.005_mom-pri0.99_dp-pri0.2_seed7,bec-outage0.9_chan-layer2_mcsamples500_norm-spec_seed7_bounds.json
