Model,Dataset,Epochs,Channel Type,Channel Param,Norm Type,Objective,Learning Rate,KL Penalty,Chan Penalty,Pop Loss CE (MC),Pop Err 01 (MC),Risk CE (LHS),Bound CE (RHS),Valid CE,Eff CE,Emp Loss CE,Risk 01 (LHS),Bound 01 (RHS),Valid 01,Eff 01,Emp Err 01,KL Term,Channel Term,Lipschitz,Dimension,Train Loss CE,Pop Loss CE,Pop Loss CE (Wired),Train Err 01,Pop Err 01,Pop Err 01 (Wired),Folder,File
cnn-9,cifar10,10.0,rayleigh_zf,-10.0 dB,frob,vanilla,0.001,1.0,0.0,0.2487451136112213,0.7884086000000001,0.25033841133117674,3.688813165704343,✓,-,0.11492850673264048,0.7877000000000001,3.4751315104809506,✓,-,0.32861016195603243,747.1753540039062,0.0,0.0,8192.0,0.07139575481414795,0.25033841133117674,0.07787420153617859,0.26157737373737394,0.7877000000000001,0.27380000000000004,cnn-9_cifar10_learnt_gaussian_sig0.03_bounded-pmin1e-05_epoch10_bs250_lr0.001_mon0.95_dp0.2_objective-vanilla_perc-pri0.5_epoch-pri70_bs-pri250_lr-pri0.005_mom-pri0.99_dp-pri0.2_seed7,rayleigh-zf-tx1.0-noise10.0_chan-layer4_mcsamples500_norm-frob_seed7_bounds.json
cnn-9,cifar10,10.0,rayleigh_zf,-10.0 dB,frob,channel_grad,0.001,0.001,1.0,0.27715757489204407,0.8761227999999998,0.27694239616394045,60.47541046142578,✓,✗,0.11112411699817021,0.8742,60.261409759521484,✓,✗,0.32512480451757997,13338.171875,0.48143502525927234,0.09692098200321198,8192.0,0.06829733401536942,0.27694239616394045,0.07121557593345643,0.25830416161616165,0.8742,0.27149999999999996,cnn-9_cifar10_learnt_gaussian_sig0.03_bounded-pmin1e-05_epoch10_bs250_lr0.001_mon0.95_dp0.2_objective-channel_gradient-chan1.0-rayleigh-zf-tx1.0-noise10.0-frob-kl0.001_perc-pri0.5_epoch-pri70_bs-pri250_lr-pri0.005_mom-pri0.99_dp-pri0.2_seed7,rayleigh-zf-tx1.0-noise10.0_chan-layer4_mcsamples500_norm-frob_seed7_bounds.json
cnn-9,cifar10,10.0,rayleigh_zf,-10.0 dB,frob,channel_grad,0.001,0.005,1.0,0.2720032036304474,0.8671344000000001,0.27139227390289306,36.423038482666016,✓,✗,0.10899411837842876,0.8648,36.20855712890625,✓,✗,0.32347380255801383,7955.6640625,0.5020161885237242,0.10106431692838669,8192.0,0.06657043844461441,0.27139227390289306,0.06970388293266297,0.2567514343434346,0.8648,0.2712,cnn-9_cifar10_learnt_gaussian_sig0.03_bounded-pmin1e-05_epoch10_bs250_lr0.001_mon0.95_dp0.2_objective-channel_gradient-chan1.0-rayleigh-zf-tx1.0-noise10.0-frob-kl0.005_perc-pri0.5_epoch-pri70_bs-pri250_lr-pri0.005_mom-pri0.99_dp-pri0.2_seed7,rayleigh-zf-tx1.0-noise10.0_chan-layer4_mcsamples500_norm-frob_seed7_bounds.json
cnn-9,cifar10,10.0,rayleigh_zf,-10.0 dB,frob,channel_grad,0.001,0.01,1.0,0.2713569104671478,0.8592028,0.27111871242523194,23.15616226196289,✓,✗,0.10921990389946913,0.8572,22.93861198425293,✓,✗,0.3267707560368295,4982.21728515625,0.5295045685493885,0.10659819096326828,8192.0,0.06675289571285248,0.27111871242523194,0.07000800967216492,0.2598462222222225,0.8572,0.27480000000000004,cnn-9_cifar10_learnt_gaussian_sig0.03_bounded-pmin1e-05_epoch10_bs250_lr0.001_mon0.95_dp0.2_objective-channel_gradient-chan1.0-rayleigh-zf-tx1.0-noise10.0-frob-kl0.01_perc-pri0.5_epoch-pri70_bs-pri250_lr-pri0.005_mom-pri0.99_dp-pri0.2_seed7,rayleigh-zf-tx1.0-noise10.0_chan-layer4_mcsamples500_norm-frob_seed7_bounds.json
cnn-9,cifar10,10.0,rayleigh_zf,-10.0 dB,frob,channel_grad,0.001,0.05,1.0,0.2698138654232025,0.8316754000000001,0.26911559104919436,6.764185905456543,✓,✗,0.1158409065281501,0.8322,6.537300109863281,✓,✗,0.34272633032585564,1271.662353515625,0.7156790692480457,0.14407825469970703,8192.0,0.07214135676622391,0.26911559104919436,0.07468619346618652,0.27487595959595995,0.8322,0.28690000000000004,cnn-9_cifar10_learnt_gaussian_sig0.03_bounded-pmin1e-05_epoch10_bs250_lr0.001_mon0.95_dp0.2_objective-channel_gradient-chan1.0-rayleigh-zf-tx1.0-noise10.0-frob-kl0.05_perc-pri0.5_epoch-pri70_bs-pri250_lr-pri0.005_mom-pri0.99_dp-pri0.2_seed7,rayleigh-zf-tx1.0-noise10.0_chan-layer4_mcsamples500_norm-frob_seed7_bounds.json
cnn-9,cifar10,10.0,rayleigh_zf,-10.0 dB,frob,channel_grad,0.001,0.1,1.0,0.2644345760345459,0.8138132000000001,0.26336376667022704,4.31887674331665,✓,✗,0.12220523703165072,0.8124,4.093014717102051,✓,✗,0.3480675911801434,694.1236572265625,0.8478603300573443,0.17068856954574585,8192.0,0.07736684381961823,0.26336376667022704,0.0800764799118042,0.2799261414141419,0.8124,0.2932,cnn-9_cifar10_learnt_gaussian_sig0.03_bounded-pmin1e-05_epoch10_bs250_lr0.001_mon0.95_dp0.2_objective-channel_gradient-chan1.0-rayleigh-zf-tx1.0-noise10.0-frob-kl0.1_perc-pri0.5_epoch-pri70_bs-pri250_lr-pri0.005_mom-pri0.99_dp-pri0.2_seed7,rayleigh-zf-tx1.0-noise10.0_chan-layer4_mcsamples500_norm-frob_seed7_bounds.json
cnn-9,cifar10,10.0,rayleigh_zf,-10.0 dB,frob,channel_grad,0.001,1.0,1.0,0.24283459782600403,0.7395765999999999,0.24061901569366456,2.1246020793914795,✓,✓,0.15603839568442113,0.7335,1.92606520652771,✓,✓,0.35457520974881945,77.29598999023438,1.405615409608707,0.2829740643501282,8192.0,0.10579875856637955,0.24061901569366456,0.10895624160766601,0.28609123232323286,0.7335,0.29290000000000005,cnn-9_cifar10_learnt_gaussian_sig0.03_bounded-pmin1e-05_epoch10_bs250_lr0.001_mon0.95_dp0.2_objective-channel_gradient-chan1.0-rayleigh-zf-tx1.0-noise10.0-frob-kl1.0_perc-pri0.5_epoch-pri70_bs-pri250_lr-pri0.005_mom-pri0.99_dp-pri0.2_seed7,rayleigh-zf-tx1.0-noise10.0_chan-layer4_mcsamples500_norm-frob_seed7_bounds.json
cnn-9,cifar10,20.0,rayleigh_zf,-10.0 dB,frob,vanilla,0.001,1.0,0.0,0.2532332241535187,0.7936750000000001,0.2545295476913452,6.279410249044873,✓,-,0.10786570973001534,0.7907,6.074686073526355,✓,-,0.31258988524853426,1330.03271484375,0.0,0.0,8192.0,0.06565714627504349,0.2545295476913452,0.07430034279823303,0.24656864646464627,0.7907,0.2629,cnn-9_cifar10_learnt_gaussian_sig0.03_bounded-pmin1e-05_epoch20_bs250_lr0.001_mon0.95_dp0.2_objective-vanilla_perc-pri0.5_epoch-pri70_bs-pri250_lr-pri0.005_mom-pri0.99_dp-pri0.2_seed7,rayleigh-zf-tx1.0-noise10.0_chan-layer4_mcsamples500_norm-frob_seed7_bounds.json
cnn-9,cifar10,20.0,rayleigh_zf,-10.0 dB,frob,channel_grad,0.001,0.001,1.0,0.2908150255680084,0.8777848000000001,0.2884181022644043,106.65342712402344,✓,✗,0.10826669400419929,0.8758,106.4456558227539,✓,✗,0.31603834617425275,23664.31640625,0.48861052189458126,0.09836553037166595,8192.0,0.06598194688558578,0.2884181022644043,0.07016867399215698,0.2497899797979798,0.8758,0.26949999999999996,cnn-9_cifar10_learnt_gaussian_sig0.03_bounded-pmin1e-05_epoch20_bs250_lr0.001_mon0.95_dp0.2_objective-channel_gradient-chan1.0-rayleigh-zf-tx1.0-noise10.0-frob-kl0.001_perc-pri0.5_epoch-pri70_bs-pri250_lr-pri0.005_mom-pri0.99_dp-pri0.2_seed7,rayleigh-zf-tx1.0-noise10.0_chan-layer4_mcsamples500_norm-frob_seed7_bounds.json
cnn-9,cifar10,20.0,rayleigh_zf,-10.0 dB,frob,channel_grad,0.001,0.005,1.0,0.2814543545246124,0.8698540000000001,0.28008742332458497,52.22073745727539,✓,✗,0.10743636483173945,0.871,52.008270263671875,✓,✗,0.3199041945042792,11481.7890625,0.5339812784584075,0.10749942809343338,8192.0,0.06531018018722534,0.28008742332458497,0.06952097415924072,0.253405494949495,0.871,0.27290000000000003,cnn-9_cifar10_learnt_gaussian_sig0.03_bounded-pmin1e-05_epoch20_bs250_lr0.001_mon0.95_dp0.2_objective-channel_gradient-chan1.0-rayleigh-zf-tx1.0-noise10.0-frob-kl0.005_perc-pri0.5_epoch-pri70_bs-pri250_lr-pri0.005_mom-pri0.99_dp-pri0.2_seed7,rayleigh-zf-tx1.0-noise10.0_chan-layer4_mcsamples500_norm-frob_seed7_bounds.json
cnn-9,cifar10,20.0,rayleigh_zf,-10.0 dB,frob,channel_grad,0.001,0.01,1.0,0.2721998393535614,0.8616896,0.2716735124588013,27.481958389282227,✓,✗,0.10894833108300987,0.8598,27.264381408691406,✓,✗,0.3265265875569925,5943.61767578125,0.5560317449759303,0.11193855851888657,8192.0,0.066533662378788,0.2716735124588013,0.07051779627799988,0.2596212525252527,0.8598,0.275,cnn-9_cifar10_learnt_gaussian_sig0.03_bounded-pmin1e-05_epoch20_bs250_lr0.001_mon0.95_dp0.2_objective-channel_gradient-chan1.0-rayleigh-zf-tx1.0-noise10.0-frob-kl0.01_perc-pri0.5_epoch-pri70_bs-pri250_lr-pri0.005_mom-pri0.99_dp-pri0.2_seed7,rayleigh-zf-tx1.0-noise10.0_chan-layer4_mcsamples500_norm-frob_seed7_bounds.json
cnn-9,cifar10,20.0,rayleigh_zf,-10.0 dB,frob,channel_grad,0.001,0.05,1.0,0.26944729685783386,0.8304450000000001,0.2679764986038208,6.6385884284973145,✓,✗,0.11605838423315933,0.8276,6.4117937088012695,✓,✗,0.34285308752060384,1243.48583984375,0.7159650025226036,0.14413581788539886,8192.0,0.07231944799423218,0.2679764986038208,0.07563775777816772,0.27499749494949544,0.8276,0.2873,cnn-9_cifar10_learnt_gaussian_sig0.03_bounded-pmin1e-05_epoch20_bs250_lr0.001_mon0.95_dp0.2_objective-channel_gradient-chan1.0-rayleigh-zf-tx1.0-noise10.0-frob-kl0.05_perc-pri0.5_epoch-pri70_bs-pri250_lr-pri0.005_mom-pri0.99_dp-pri0.2_seed7,rayleigh-zf-tx1.0-noise10.0_chan-layer4_mcsamples500_norm-frob_seed7_bounds.json
cnn-9,cifar10,20.0,rayleigh_zf,-10.0 dB,frob,channel_grad,0.001,0.5,1.0,0.249637171626091,0.7609716000000001,0.2485267162322998,2.262333631515503,✓,✓,0.14673061101764423,0.7633,2.0542023181915283,✓,✓,0.35486193251942766,138.5304412841797,1.2692115442312017,0.25551366806030273,8192.0,0.09787848591804504,0.2485267162322998,0.1023910641670227,0.28636622222222247,0.7633,0.29159999999999997,cnn-9_cifar10_learnt_gaussian_sig0.03_bounded-pmin1e-05_epoch20_bs250_lr0.001_mon0.95_dp0.2_objective-channel_gradient-chan1.0-rayleigh-zf-tx1.0-noise10.0-frob-kl0.5_perc-pri0.5_epoch-pri70_bs-pri250_lr-pri0.005_mom-pri0.99_dp-pri0.2_seed7,rayleigh-zf-tx1.0-noise10.0_chan-layer4_mcsamples500_norm-frob_seed7_bounds.json
cnn-9,cifar10,20.0,rayleigh_zf,-10.0 dB,frob,channel_grad,0.001,1.0,1.0,0.24612052738666534,0.7452710000000002,0.24507553577423097,2.110118865966797,✓,✓,0.15596072717540127,0.7464999999999999,1.9098846912384033,✓,✓,0.3561949080631073,72.39551544189453,1.4114280785320923,0.28414425253868103,8192.0,0.10573273152112961,0.24507553577423097,0.11054083108901977,0.28763030303030346,0.7464999999999999,0.29079999999999995,cnn-9_cifar10_learnt_gaussian_sig0.03_bounded-pmin1e-05_epoch20_bs250_lr0.001_mon0.95_dp0.2_objective-channel_gradient-chan1.0-rayleigh-zf-tx1.0-noise10.0-frob-kl1.0_perc-pri0.5_epoch-pri70_bs-pri250_lr-pri0.005_mom-pri0.99_dp-pri0.2_seed7,rayleigh-zf-tx1.0-noise10.0_chan-layer4_mcsamples500_norm-frob_seed7_bounds.json
cnn-9,cifar10,50.0,rayleigh_zf,-10.0 dB,frob,vanilla,0.001,1.0,0.0,0.26011109352111816,0.7958481999999998,0.2612945556640625,14.944952057552605,✓,-,0.09684039623117546,0.7932,14.759909276485276,✓,-,0.28188317729850443,3274.572998046875,0.0,0.0,8192.0,0.05682515725493431,0.2612945556640625,0.07114407420158386,0.21806359595959562,0.7932,0.2521,cnn-9_cifar10_learnt_gaussian_sig0.03_bounded-pmin1e-05_epoch50_bs250_lr0.001_mon0.95_dp0.2_objective-vanilla_perc-pri0.5_epoch-pri70_bs-pri250_lr-pri0.005_mom-pri0.99_dp-pri0.2_seed7,rayleigh-zf-tx1.0-noise10.0_chan-layer4_mcsamples500_norm-frob_seed7_bounds.json
cnn-9,cifar10,50.0,rayleigh_zf,-10.0 dB,frob,channel_grad,0.001,0.001,1.0,0.2878614366054535,0.8754681999999999,0.2903841257095337,170.6155548095703,✓,✗,0.10295208294031093,0.8778,170.41995239257812,✓,✗,0.2985572729869693,37974.91015625,0.4692937418027928,0.09447673708200455,8192.0,0.061701249331235886,0.2903841257095337,0.0666276454925537,0.23349575757575738,0.8778,0.258,cnn-9_cifar10_learnt_gaussian_sig0.03_bounded-pmin1e-05_epoch50_bs250_lr0.001_mon0.95_dp0.2_objective-channel_gradient-chan1.0-rayleigh-zf-tx1.0-noise10.0-frob-kl0.001_perc-pri0.5_epoch-pri70_bs-pri250_lr-pri0.005_mom-pri0.99_dp-pri0.2_seed7,rayleigh-zf-tx1.0-noise10.0_chan-layer4_mcsamples500_norm-frob_seed7_bounds.json
cnn-9,cifar10,50.0,rayleigh_zf,-10.0 dB,frob,channel_grad,0.001,0.005,1.0,0.2800355851650238,0.8708351999999999,0.2807533025741577,59.51493835449219,✓,✗,0.10590600127050458,0.8753,59.305259704589844,✓,✗,0.31558431805555026,13112.119140625,0.5414433375251042,0.10900166630744934,8192.0,0.06407585740089417,0.2807533025741577,0.06831766366958618,0.24936735353535355,0.8753,0.27359999999999995,cnn-9_cifar10_learnt_gaussian_sig0.03_bounded-pmin1e-05_epoch50_bs250_lr0.001_mon0.95_dp0.2_objective-channel_gradient-chan1.0-rayleigh-zf-tx1.0-noise10.0-frob-kl0.005_perc-pri0.5_epoch-pri70_bs-pri250_lr-pri0.005_mom-pri0.99_dp-pri0.2_seed7,rayleigh-zf-tx1.0-noise10.0_chan-layer4_mcsamples500_norm-frob_seed7_bounds.json
cnn-9,cifar10,50.0,rayleigh_zf,-10.0 dB,frob,channel_grad,0.001,0.01,1.0,0.2760297358036041,0.8653652000000001,0.2754990100860596,31.562623977661133,✓,✗,0.10858884338386869,0.8674,31.34531593322754,✓,✗,0.325897413366676,6851.2607421875,0.5782249190661551,0.11640641838312149,8192.0,0.06624288856983185,0.2754990100860596,0.06986486315727233,0.2590290101010102,0.8674,0.2792,cnn-9_cifar10_learnt_gaussian_sig0.03_bounded-pmin1e-05_epoch50_bs250_lr0.001_mon0.95_dp0.2_objective-channel_gradient-chan1.0-rayleigh-zf-tx1.0-noise10.0-frob-kl0.01_perc-pri0.5_epoch-pri70_bs-pri250_lr-pri0.005_mom-pri0.99_dp-pri0.2_seed7,rayleigh-zf-tx1.0-noise10.0_chan-layer4_mcsamples500_norm-frob_seed7_bounds.json
cnn-9,cifar10,50.0,rayleigh_zf,-10.0 dB,frob,channel_grad,0.001,0.05,1.0,0.2696020305156708,0.8309436000000001,0.26594688892364504,6.571718692779541,✓,✗,0.11609177165208234,0.8308,6.344802379608154,✓,✗,0.3430078550010077,1227.145751953125,0.7220150486169719,0.1453537940979004,8192.0,0.07234705984592438,0.26594688892364504,0.07440247535705566,0.2751438383838387,0.8308,0.2845,cnn-9_cifar10_learnt_gaussian_sig0.03_bounded-pmin1e-05_epoch50_bs250_lr0.001_mon0.95_dp0.2_objective-channel_gradient-chan1.0-rayleigh-zf-tx1.0-noise10.0-frob-kl0.05_perc-pri0.5_epoch-pri70_bs-pri250_lr-pri0.005_mom-pri0.99_dp-pri0.2_seed7,rayleigh-zf-tx1.0-noise10.0_chan-layer4_mcsamples500_norm-frob_seed7_bounds.json
cnn-9,cifar10,50.0,rayleigh_zf,-10.0 dB,frob,channel_grad,0.001,0.1,1.0,0.26505401730537415,0.8123525999999998,0.2610971689224243,4.23496150970459,✓,✗,0.1224618353034274,0.8117,4.009528636932373,✓,✗,0.347894452623869,672.6881713867188,0.8599803332092845,0.17312853038311005,8192.0,0.07757922261953354,0.2610971689224243,0.07961714863777161,0.2797652525252529,0.8117,0.2881,cnn-9_cifar10_learnt_gaussian_sig0.03_bounded-pmin1e-05_epoch50_bs250_lr0.001_mon0.95_dp0.2_objective-channel_gradient-chan1.0-rayleigh-zf-tx1.0-noise10.0-frob-kl0.1_perc-pri0.5_epoch-pri70_bs-pri250_lr-pri0.005_mom-pri0.99_dp-pri0.2_seed7,rayleigh-zf-tx1.0-noise10.0_chan-layer4_mcsamples500_norm-frob_seed7_bounds.json
cnn-9,cifar10,50.0,rayleigh_zf,-10.0 dB,frob,channel_grad,0.001,0.5,1.0,0.25185707211494446,0.7647519999999999,0.24822502136230468,2.3037617206573486,✓,✓,0.14649690824856232,0.7618,2.0934576988220215,✓,✓,0.3568008973221406,149.2375946044922,1.260816815678078,0.2538236677646637,8192.0,0.09768053144216537,0.24822502136230468,0.10033446550369263,0.28820468686868733,0.7618,0.2953,cnn-9_cifar10_learnt_gaussian_sig0.03_bounded-pmin1e-05_epoch50_bs250_lr0.001_mon0.95_dp0.2_objective-channel_gradient-chan1.0-rayleigh-zf-tx1.0-noise10.0-frob-kl0.5_perc-pri0.5_epoch-pri70_bs-pri250_lr-pri0.005_mom-pri0.99_dp-pri0.2_seed7,rayleigh-zf-tx1.0-noise10.0_chan-layer4_mcsamples500_norm-frob_seed7_bounds.json
cnn-9,cifar10,50.0,rayleigh_zf,-10.0 dB,frob,channel_grad,0.001,1.0,1.0,0.24660205841064453,0.7447023999999999,0.24307045936584473,2.1350133419036865,✓,✓,0.15673631300035967,0.7429,1.9344260692596436,✓,✓,0.35732353916937437,76.46941375732422,1.4169748731810243,0.2852609157562256,8192.0,0.10639555752277374,0.24307045936584473,0.10970783233642578,0.28869898989899045,0.7429,0.2964,cnn-9_cifar10_learnt_gaussian_sig0.03_bounded-pmin1e-05_epoch50_bs250_lr0.001_mon0.95_dp0.2_objective-channel_gradient-chan1.0-rayleigh-zf-tx1.0-noise10.0-frob-kl1.0_perc-pri0.5_epoch-pri70_bs-pri250_lr-pri0.005_mom-pri0.99_dp-pri0.2_seed7,rayleigh-zf-tx1.0-noise10.0_chan-layer4_mcsamples500_norm-frob_seed7_bounds.json
cnn-9,cifar10,10.0,rayleigh_zf,-10.0 dB,spec,vanilla,0.001,1.0,0.0,0.2487451285123825,0.7884067999999999,0.2503389596939087,3.6888137534839944,✓,-,0.11492852093523868,0.788,3.475131524683549,✓,-,0.3286107497356844,747.1753540039062,0.0,0.0,8192.0,0.07139576971530914,0.2503389596939087,0.07787370085716247,0.26157802020202037,0.788,0.27380000000000004,cnn-9_cifar10_learnt_gaussian_sig0.03_bounded-pmin1e-05_epoch10_bs250_lr0.001_mon0.95_dp0.2_objective-vanilla_perc-pri0.5_epoch-pri70_bs-pri250_lr-pri0.005_mom-pri0.99_dp-pri0.2_seed7,rayleigh-zf-tx1.0-noise10.0_chan-layer4_mcsamples500_norm-spec_seed7_bounds.json
cnn-9,cifar10,10.0,rayleigh_zf,-10.0 dB,spec,channel_grad,0.001,0.001,1.0,0.2721673548221588,0.8510895999999999,0.2716637134552002,24.480266571044922,✓,✗,0.10709735620846232,0.8495,24.267932891845703,✓,✗,0.31943113301722614,5343.0908203125,0.24707506837690396,0.049740374088287354,8192.0,0.06503733992576599,0.2716637134552002,0.06896738409996032,0.2529675151515153,0.8495,0.2702,cnn-9_cifar10_learnt_gaussian_sig0.03_bounded-pmin1e-05_epoch10_bs250_lr0.001_mon0.95_dp0.2_objective-channel_gradient-chan1.0-rayleigh-zf-tx1.0-noise10.0-spec-kl0.001_perc-pri0.5_epoch-pri70_bs-pri250_lr-pri0.005_mom-pri0.99_dp-pri0.2_seed7,rayleigh-zf-tx1.0-noise10.0_chan-layer4_mcsamples500_norm-spec_seed7_bounds.json
cnn-9,cifar10,10.0,rayleigh_zf,-10.0 dB,spec,channel_grad,0.001,0.005,1.0,0.27183061838150024,0.8419095999999999,0.2714796304702759,15.40069580078125,✓,✗,0.10861217428581452,0.8417,15.183965682983398,✓,✗,0.3253426407926183,3307.98095703125,0.26287887729072784,0.052921947091817856,8192.0,0.06626173108816147,0.2714796304702759,0.07014020681381225,0.2585062626262627,0.8417,0.27549999999999997,cnn-9_cifar10_learnt_gaussian_sig0.03_bounded-pmin1e-05_epoch10_bs250_lr0.001_mon0.95_dp0.2_objective-channel_gradient-chan1.0-rayleigh-zf-tx1.0-noise10.0-spec-kl0.005_perc-pri0.5_epoch-pri70_bs-pri250_lr-pri0.005_mom-pri0.99_dp-pri0.2_seed7,rayleigh-zf-tx1.0-noise10.0_chan-layer4_mcsamples500_norm-spec_seed7_bounds.json
cnn-9,cifar10,10.0,rayleigh_zf,-10.0 dB,spec,channel_grad,0.001,0.01,1.0,0.2709002196788788,0.8344163999999998,0.27062690258026123,10.354381561279297,✓,✗,0.1108755253856653,0.8335,10.133976936340332,✓,✗,0.33128006226337514,2173.55615234375,0.28392907697183917,0.05715970695018768,8192.0,0.06809638440608978,0.27062690258026123,0.07188457846641541,0.26408775757575786,0.8335,0.27780000000000005,cnn-9_cifar10_learnt_gaussian_sig0.03_bounded-pmin1e-05_epoch10_bs250_lr0.001_mon0.95_dp0.2_objective-channel_gradient-chan1.0-rayleigh-zf-tx1.0-noise10.0-spec-kl0.01_perc-pri0.5_epoch-pri70_bs-pri250_lr-pri0.005_mom-pri0.99_dp-pri0.2_seed7,rayleigh-zf-tx1.0-noise10.0_chan-layer4_mcsamples500_norm-spec_seed7_bounds.json
cnn-9,cifar10,10.0,rayleigh_zf,-10.0 dB,spec,channel_grad,0.001,0.05,1.0,0.2600414752960205,0.7978160000000001,0.25905137062072753,3.3801705837249756,✓,✗,0.1234303492350294,0.7958000000000001,3.1592586040496826,✓,✗,0.3443423408173973,585.8271484375,0.3971962920789092,0.07996230572462082,8192.0,0.0783773884177208,0.25905137062072753,0.08180695176124572,0.2764029898989903,0.7958000000000001,0.2881,cnn-9_cifar10_learnt_gaussian_sig0.03_bounded-pmin1e-05_epoch10_bs250_lr0.001_mon0.95_dp0.2_objective-channel_gradient-chan1.0-rayleigh-zf-tx1.0-noise10.0-spec-kl0.05_perc-pri0.5_epoch-pri70_bs-pri250_lr-pri0.005_mom-pri0.99_dp-pri0.2_seed7,rayleigh-zf-tx1.0-noise10.0_chan-layer4_mcsamples500_norm-spec_seed7_bounds.json
cnn-9,cifar10,10.0,rayleigh_zf,-10.0 dB,spec,channel_grad,0.001,0.1,1.0,0.2543925940990448,0.778692,0.2531125545501709,2.1775014400482178,✓,✗,0.1333964450512028,0.775,1.9616774320602417,✓,✓,0.34922055980373434,298.78662109375,0.47333333575196146,0.09528997540473938,8192.0,0.08665779232978821,0.2531125545501709,0.08976008296012879,0.281017858585859,0.775,0.2934,cnn-9_cifar10_learnt_gaussian_sig0.03_bounded-pmin1e-05_epoch10_bs250_lr0.001_mon0.95_dp0.2_objective-channel_gradient-chan1.0-rayleigh-zf-tx1.0-noise10.0-spec-kl0.1_perc-pri0.5_epoch-pri70_bs-pri250_lr-pri0.005_mom-pri0.99_dp-pri0.2_seed7,rayleigh-zf-tx1.0-noise10.0_chan-layer4_mcsamples500_norm-spec_seed7_bounds.json
cnn-9,cifar10,10.0,rayleigh_zf,-10.0 dB,spec,channel_grad,0.001,0.5,1.0,0.2412526160478592,0.7331862000000001,0.23900237083435058,1.2717421054840088,✓,✓,0.15818027281564034,0.7254,1.0751663446426392,✓,✓,0.35475603472865624,57.83098602294922,0.6396248152119577,0.1287672519683838,8192.0,0.10763172060251236,0.23900237083435058,0.11106650829315186,0.286267151515152,0.7254,0.2922,cnn-9_cifar10_learnt_gaussian_sig0.03_bounded-pmin1e-05_epoch10_bs250_lr0.001_mon0.95_dp0.2_objective-channel_gradient-chan1.0-rayleigh-zf-tx1.0-noise10.0-spec-kl0.5_perc-pri0.5_epoch-pri70_bs-pri250_lr-pri0.005_mom-pri0.99_dp-pri0.2_seed7,rayleigh-zf-tx1.0-noise10.0_chan-layer4_mcsamples500_norm-spec_seed7_bounds.json
cnn-9,cifar10,10.0,rayleigh_zf,-10.0 dB,spec,channel_grad,0.001,1.0,1.0,0.23977692425251007,0.7233664000000001,0.2377150535583496,1.1983722448349,✓,✓,0.164675029505291,0.7162999999999999,1.006808876991272,✓,✓,0.3562383915370674,32.0938835144043,0.6798724217286981,0.13686977326869965,8192.0,0.11320758610963821,0.2377150535583496,0.11663392782211304,0.28767240404040456,0.7162999999999999,0.29390000000000005,cnn-9_cifar10_learnt_gaussian_sig0.03_bounded-pmin1e-05_epoch10_bs250_lr0.001_mon0.95_dp0.2_objective-channel_gradient-chan1.0-rayleigh-zf-tx1.0-noise10.0-spec-kl1.0_perc-pri0.5_epoch-pri70_bs-pri250_lr-pri0.005_mom-pri0.99_dp-pri0.2_seed7,rayleigh-zf-tx1.0-noise10.0_chan-layer4_mcsamples500_norm-spec_seed7_bounds.json
cnn-9,cifar10,20.0,rayleigh_zf,-10.0 dB,spec,vanilla,0.001,1.0,0.0,0.25323325395584106,0.7936749999999999,0.2545295000076294,6.279410396499029,✓,-,0.10786573107202617,0.7907,6.074686094868365,✓,-,0.31259003270269003,1330.03271484375,0.0,0.0,8192.0,0.06565716862678528,0.2545295000076294,0.07430115938186646,0.2465688080808079,0.7907,0.2629,cnn-9_cifar10_learnt_gaussian_sig0.03_bounded-pmin1e-05_epoch20_bs250_lr0.001_mon0.95_dp0.2_objective-vanilla_perc-pri0.5_epoch-pri70_bs-pri250_lr-pri0.005_mom-pri0.99_dp-pri0.2_seed7,rayleigh-zf-tx1.0-noise10.0_chan-layer4_mcsamples500_norm-spec_seed7_bounds.json
cnn-9,cifar10,20.0,rayleigh_zf,-10.0 dB,spec,channel_grad,0.001,0.001,1.0,0.2698151767253876,0.8541072000000001,0.26918797492980956,40.74052810668945,✓,✗,0.10402229149006487,0.8483,40.5360107421875,✓,✗,0.3085399701287874,8983.994140625,0.2356144215826553,0.04743315279483795,8192.0,0.06256070733070374,0.26918797492980956,0.06766541600227356,0.2427882828282827,0.8483,0.26349999999999996,cnn-9_cifar10_learnt_gaussian_sig0.03_bounded-pmin1e-05_epoch20_bs250_lr0.001_mon0.95_dp0.2_objective-channel_gradient-chan1.0-rayleigh-zf-tx1.0-noise10.0-spec-kl0.001_perc-pri0.5_epoch-pri70_bs-pri250_lr-pri0.005_mom-pri0.99_dp-pri0.2_seed7,rayleigh-zf-tx1.0-noise10.0_chan-layer4_mcsamples500_norm-spec_seed7_bounds.json
cnn-9,cifar10,20.0,rayleigh_zf,-10.0 dB,spec,channel_grad,0.001,0.005,1.0,0.26888489723205566,0.8425235999999999,0.2686383962631226,18.57384490966797,✓,✗,0.10733015991674986,0.8403,18.36017417907715,✓,✗,0.3210012628599338,4019.8935546875,0.2565990039073349,0.05165770277380943,8192.0,0.06522510200738907,0.2686383962631226,0.0697374701499939,0.25443498989899,0.8403,0.27049999999999996,cnn-9_cifar10_learnt_gaussian_sig0.03_bounded-pmin1e-05_epoch20_bs250_lr0.001_mon0.95_dp0.2_objective-channel_gradient-chan1.0-rayleigh-zf-tx1.0-noise10.0-spec-kl0.005_perc-pri0.5_epoch-pri70_bs-pri250_lr-pri0.005_mom-pri0.99_dp-pri0.2_seed7,rayleigh-zf-tx1.0-noise10.0_chan-layer4_mcsamples500_norm-spec_seed7_bounds.json
cnn-9,cifar10,20.0,rayleigh_zf,-10.0 dB,spec,channel_grad,0.001,0.01,1.0,0.26918333768844604,0.8338057999999999,0.26837954521179197,10.867446899414062,✓,✗,0.11050055591197039,0.8315,10.648112297058105,✓,✗,0.3298351590673189,2288.69775390625,0.28351042861540643,0.05707542598247528,8192.0,0.06779096275568008,0.26837954521179197,0.07195209860801696,0.2627267070707073,0.8315,0.2752,cnn-9_cifar10_learnt_gaussian_sig0.03_bounded-pmin1e-05_epoch20_bs250_lr0.001_mon0.95_dp0.2_objective-channel_gradient-chan1.0-rayleigh-zf-tx1.0-noise10.0-spec-kl0.01_perc-pri0.5_epoch-pri70_bs-pri250_lr-pri0.005_mom-pri0.99_dp-pri0.2_seed7,rayleigh-zf-tx1.0-noise10.0_chan-layer4_mcsamples500_norm-spec_seed7_bounds.json
cnn-9,cifar10,20.0,rayleigh_zf,-10.0 dB,spec,channel_grad,0.001,0.05,1.0,0.26040372252464294,0.7987514,0.2599085569381714,3.2739439010620117,✓,✗,0.12396126222490479,0.7969999999999999,3.0519347190856934,✓,✗,0.34597054778665526,559.8309936523438,0.40559993985532683,0.08165410161018372,8192.0,0.07881736010313034,0.2599085569381714,0.08308404684066772,0.2779445656565661,0.7969999999999999,0.28769999999999996,cnn-9_cifar10_learnt_gaussian_sig0.03_bounded-pmin1e-05_epoch20_bs250_lr0.001_mon0.95_dp0.2_objective-channel_gradient-chan1.0-rayleigh-zf-tx1.0-noise10.0-spec-kl0.05_perc-pri0.5_epoch-pri70_bs-pri250_lr-pri0.005_mom-pri0.99_dp-pri0.2_seed7,rayleigh-zf-tx1.0-noise10.0_chan-layer4_mcsamples500_norm-spec_seed7_bounds.json
cnn-9,cifar10,20.0,rayleigh_zf,-10.0 dB,spec,channel_grad,0.001,0.1,1.0,0.2530299127101898,0.7766493999999999,0.25166633129119875,2.1122381687164307,✓,✓,0.13384054109156823,0.7757000000000001,1.8968300819396973,✓,✓,0.3492486460812427,282.18896484375,0.4822688801141864,0.09708885103464127,8192.0,0.08702857047319412,0.25166633129119875,0.09156020283699036,0.28104282828282867,0.7757000000000001,0.2883,cnn-9_cifar10_learnt_gaussian_sig0.03_bounded-pmin1e-05_epoch20_bs250_lr0.001_mon0.95_dp0.2_objective-channel_gradient-chan1.0-rayleigh-zf-tx1.0-noise10.0-spec-kl0.1_perc-pri0.5_epoch-pri70_bs-pri250_lr-pri0.005_mom-pri0.99_dp-pri0.2_seed7,rayleigh-zf-tx1.0-noise10.0_chan-layer4_mcsamples500_norm-spec_seed7_bounds.json
cnn-9,cifar10,20.0,rayleigh_zf,-10.0 dB,spec,channel_grad,0.001,0.5,1.0,0.24430356919765472,0.739289,0.24322564601898194,1.2242693901062012,✓,✓,0.15768827288290954,0.7395,1.0255792140960693,✓,✓,0.3563783612996931,46.19410705566406,0.6425714157107613,0.12936045229434967,8192.0,0.1072094589471817,0.24322564601898194,0.11221401691436768,0.28780323232323285,0.7395,0.29190000000000005,cnn-9_cifar10_learnt_gaussian_sig0.03_bounded-pmin1e-05_epoch20_bs250_lr0.001_mon0.95_dp0.2_objective-channel_gradient-chan1.0-rayleigh-zf-tx1.0-noise10.0-spec-kl0.5_perc-pri0.5_epoch-pri70_bs-pri250_lr-pri0.005_mom-pri0.99_dp-pri0.2_seed7,rayleigh-zf-tx1.0-noise10.0_chan-layer4_mcsamples500_norm-spec_seed7_bounds.json
cnn-9,cifar10,20.0,rayleigh_zf,-10.0 dB,spec,channel_grad,0.001,1.0,1.0,0.24248965084552765,0.7286215999999999,0.24145748615264892,1.1623196601867676,✓,✓,0.1639858322887609,0.7288,0.969427227973938,✓,✓,0.35687827905419356,23.391216278076172,0.6820994888694955,0.13731811940670013,8192.0,0.11261428147554398,0.24145748615264892,0.11759036779403687,0.28827830303030355,0.7288,0.29200000000000004,cnn-9_cifar10_learnt_gaussian_sig0.03_bounded-pmin1e-05_epoch20_bs250_lr0.001_mon0.95_dp0.2_objective-channel_gradient-chan1.0-rayleigh-zf-tx1.0-noise10.0-spec-kl1.0_perc-pri0.5_epoch-pri70_bs-pri250_lr-pri0.005_mom-pri0.99_dp-pri0.2_seed7,rayleigh-zf-tx1.0-noise10.0_chan-layer4_mcsamples500_norm-spec_seed7_bounds.json
cnn-9,cifar10,50.0,rayleigh_zf,-10.0 dB,spec,vanilla,0.001,1.0,0.0,0.26011115312576294,0.7958474,0.2612947702407837,14.944952799679994,✓,-,0.09684040336565691,0.7932,14.759909283619757,✓,-,0.2818839194258941,3274.572998046875,0.0,0.0,8192.0,0.05682516470551491,0.2612947702407837,0.0711442768573761,0.21806440404040373,0.7932,0.2521,cnn-9_cifar10_learnt_gaussian_sig0.03_bounded-pmin1e-05_epoch50_bs250_lr0.001_mon0.95_dp0.2_objective-vanilla_perc-pri0.5_epoch-pri70_bs-pri250_lr-pri0.005_mom-pri0.99_dp-pri0.2_seed7,rayleigh-zf-tx1.0-noise10.0_chan-layer4_mcsamples500_norm-spec_seed7_bounds.json
cnn-9,cifar10,50.0,rayleigh_zf,-10.0 dB,spec,channel_grad,0.001,0.001,1.0,0.2680957019329071,0.8556335999999999,0.266733980178833,76.0150375366211,✓,✗,0.09937801634705579,0.8542,75.82263946533203,✓,✗,0.29177771021336874,16874.7109375,0.23851799885706415,0.04801769182085991,8192.0,0.058843452483415604,0.266733980178833,0.06487850546836853,0.22721002020202002,0.8542,0.256,cnn-9_cifar10_learnt_gaussian_sig0.03_bounded-pmin1e-05_epoch50_bs250_lr0.001_mon0.95_dp0.2_objective-channel_gradient-chan1.0-rayleigh-zf-tx1.0-noise10.0-spec-kl0.001_perc-pri0.5_epoch-pri70_bs-pri250_lr-pri0.005_mom-pri0.99_dp-pri0.2_seed7,rayleigh-zf-tx1.0-noise10.0_chan-layer4_mcsamples500_norm-spec_seed7_bounds.json
cnn-9,cifar10,50.0,rayleigh_zf,-10.0 dB,spec,channel_grad,0.001,0.005,1.0,0.268524169921875,0.8431956,0.2664292097091675,20.122802734375,✓,✗,0.10680785544302918,0.8455,19.91008758544922,✓,✗,0.31952155348841527,4365.54052734375,0.26125563416508074,0.05259516090154648,8192.0,0.06480330973863602,0.2664292097091675,0.06841133832931519,0.25304800000000005,0.8455,0.26859999999999995,cnn-9_cifar10_learnt_gaussian_sig0.03_bounded-pmin1e-05_epoch50_bs250_lr0.001_mon0.95_dp0.2_objective-channel_gradient-chan1.0-rayleigh-zf-tx1.0-noise10.0-spec-kl0.005_perc-pri0.5_epoch-pri70_bs-pri250_lr-pri0.005_mom-pri0.99_dp-pri0.2_seed7,rayleigh-zf-tx1.0-noise10.0_chan-layer4_mcsamples500_norm-spec_seed7_bounds.json
cnn-9,cifar10,50.0,rayleigh_zf,-10.0 dB,spec,channel_grad,0.001,0.01,1.0,0.26948535442352295,0.8342637999999999,0.26665382385253905,10.91611099243164,✓,✗,0.11041596073329528,0.8357,10.696779251098633,✓,✗,0.3297470763264596,2298.6259765625,0.28786176977376976,0.0579514242708683,8192.0,0.06772280484437943,0.26665382385253905,0.07067720890045166,0.262642181818182,0.8357,0.27569999999999995,cnn-9_cifar10_learnt_gaussian_sig0.03_bounded-pmin1e-05_epoch50_bs250_lr0.001_mon0.95_dp0.2_objective-channel_gradient-chan1.0-rayleigh-zf-tx1.0-noise10.0-spec-kl0.01_perc-pri0.5_epoch-pri70_bs-pri250_lr-pri0.005_mom-pri0.99_dp-pri0.2_seed7,rayleigh-zf-tx1.0-noise10.0_chan-layer4_mcsamples500_norm-spec_seed7_bounds.json
cnn-9,cifar10,50.0,rayleigh_zf,-10.0 dB,spec,channel_grad,0.001,0.05,1.0,0.2618621289730072,0.8014298000000003,0.257845139503479,3.3105530738830566,✓,✗,0.12353175132744591,0.7998000000000001,3.088085651397705,✓,✗,0.3459990396763769,568.2686157226562,0.4044461772570425,0.08142182976007462,8192.0,0.07846182584762573,0.257845139503479,0.08061370253562927,0.2779699393939398,0.7998000000000001,0.28669999999999995,cnn-9_cifar10_learnt_gaussian_sig0.03_bounded-pmin1e-05_epoch50_bs250_lr0.001_mon0.95_dp0.2_objective-channel_gradient-chan1.0-rayleigh-zf-tx1.0-noise10.0-spec-kl0.05_perc-pri0.5_epoch-pri70_bs-pri250_lr-pri0.005_mom-pri0.99_dp-pri0.2_seed7,rayleigh-zf-tx1.0-noise10.0_chan-layer4_mcsamples500_norm-spec_seed7_bounds.json
cnn-9,cifar10,50.0,rayleigh_zf,-10.0 dB,spec,channel_grad,0.001,0.1,1.0,0.2553853392601013,0.7802878000000001,0.25141592025756837,2.1543502807617188,✓,✓,0.13335489746396645,0.7773,1.9380956888198853,✓,✓,0.3496093548408905,291.2137451171875,0.4836600939019043,0.09736892580986023,8192.0,0.0866231843829155,0.25141592025756837,0.08898829221725464,0.28138682828282874,0.7773,0.2872,cnn-9_cifar10_learnt_gaussian_sig0.03_bounded-pmin1e-05_epoch50_bs250_lr0.001_mon0.95_dp0.2_objective-channel_gradient-chan1.0-rayleigh-zf-tx1.0-noise10.0-spec-kl0.1_perc-pri0.5_epoch-pri70_bs-pri250_lr-pri0.005_mom-pri0.99_dp-pri0.2_seed7,rayleigh-zf-tx1.0-noise10.0_chan-layer4_mcsamples500_norm-spec_seed7_bounds.json
cnn-9,cifar10,50.0,rayleigh_zf,-10.0 dB,spec,channel_grad,0.001,0.5,1.0,0.2461717575788498,0.7407522000000001,0.24256904125213624,1.2968617677688599,✓,✓,0.15810335630544614,0.7381,1.0982426404953003,✓,✓,0.35672249103854203,61.85894012451172,0.6447644343642956,0.129801943898201,8192.0,0.10756462067365646,0.24256904125213624,0.11120080947875977,0.2881299393939399,0.7381,0.29610000000000003,cnn-9_cifar10_learnt_gaussian_sig0.03_bounded-pmin1e-05_epoch50_bs250_lr0.001_mon0.95_dp0.2_objective-channel_gradient-chan1.0-rayleigh-zf-tx1.0-noise10.0-spec-kl0.5_perc-pri0.5_epoch-pri70_bs-pri250_lr-pri0.005_mom-pri0.99_dp-pri0.2_seed7,rayleigh-zf-tx1.0-noise10.0_chan-layer4_mcsamples500_norm-spec_seed7_bounds.json
cnn-9,cifar10,50.0,rayleigh_zf,-10.0 dB,spec,channel_grad,0.001,1.0,1.0,0.2427189201116562,0.7293945999999999,0.2394113779067993,1.2289402484893799,✓,✓,0.16451210418158746,0.7266,1.0347986221313477,✓,✓,0.35865364330364796,38.155723571777344,0.6809157117895044,0.13707980513572693,8192.0,0.11306694895029068,0.2394113779067993,0.1167494535446167,0.28996727272727324,0.7266,0.2955,cnn-9_cifar10_learnt_gaussian_sig0.03_bounded-pmin1e-05_epoch50_bs250_lr0.001_mon0.95_dp0.2_objective-channel_gradient-chan1.0-rayleigh-zf-tx1.0-noise10.0-spec-kl1.0_perc-pri0.5_epoch-pri70_bs-pri250_lr-pri0.005_mom-pri0.99_dp-pri0.2_seed7,rayleigh-zf-tx1.0-noise10.0_chan-layer4_mcsamples500_norm-spec_seed7_bounds.json
cnn-9,cifar10,10.0,rayleigh_zf,-4.9996186559619025 dB,frob,vanilla,0.001,1.0,0.0,0.21051733195781708,0.7050284,0.20817043781280517,3.688742090685972,✓,-,0.11490808156131256,0.7045,3.4751110853096225,✓,-,0.32853908693766165,747.1753540039062,0.0,0.0,8192.0,0.0713798999786377,0.20817043781280517,0.07652142643928528,0.2615115959595961,0.7045,0.26959999999999995,cnn-9_cifar10_learnt_gaussian_sig0.03_bounded-pmin1e-05_epoch10_bs250_lr0.001_mon0.95_dp0.2_objective-vanilla_perc-pri0.5_epoch-pri70_bs-pri250_lr-pri0.005_mom-pri0.99_dp-pri0.2_seed7,rayleigh-zf-tx1.0-noise3.162_chan-layer4_mcsamples500_norm-frob_seed7_bounds.json
cnn-9,cifar10,10.0,rayleigh_zf,-4.9996186559619025 dB,frob,channel_grad,0.001,0.0001,1.0,0.2536594867706299,0.8414716,0.25366783142089844,37.978992383350544,✓,✗,0.11001406416654809,0.8382000000000001,37.76558598597698,✓,✗,0.32342046154010906,8354.974609375,0.2722563296980343,0.09747139364480972,8192.0,0.06739669293165207,0.25366783142089844,0.070470130443573,0.25670529292929295,0.8382000000000001,0.2731,cnn-9_cifar10_learnt_gaussian_sig0.03_bounded-pmin1e-05_epoch10_bs250_lr0.001_mon0.95_dp0.2_objective-channel_gradient-chan1.0-rayleigh-zf-tx1.0-noise3.162-frob-kl0.0001_perc-pri0.5_epoch-pri70_bs-pri250_lr-pri0.005_mom-pri0.99_dp-pri0.2_seed7,rayleigh-zf-tx1.0-noise3.162_chan-layer4_mcsamples500_norm-frob_seed7_bounds.json
cnn-9,cifar10,10.0,rayleigh_zf,-4.9996186559619025 dB,frob,channel_grad,0.001,0.001,1.0,0.2539670765399933,0.8368586000000001,0.2539099454879761,33.21925763783471,✓,✗,0.10938356599776723,0.8323,33.0053586825334,✓,✗,0.32328252129907786,7289.623046875,0.2770565517944587,0.09918993711471558,8192.0,0.06688520312309265,0.2539099454879761,0.07004229426383972,0.25657244444444444,0.8323,0.273,cnn-9_cifar10_learnt_gaussian_sig0.03_bounded-pmin1e-05_epoch10_bs250_lr0.001_mon0.95_dp0.2_objective-channel_gradient-chan1.0-rayleigh-zf-tx1.0-noise3.162-frob-kl0.001_perc-pri0.5_epoch-pri70_bs-pri250_lr-pri0.005_mom-pri0.99_dp-pri0.2_seed7,rayleigh-zf-tx1.0-noise3.162_chan-layer4_mcsamples500_norm-frob_seed7_bounds.json
cnn-9,cifar10,10.0,rayleigh_zf,-4.9996186559619025 dB,frob,channel_grad,0.001,0.01,1.0,0.24995696544647217,0.8047721999999999,0.2498258113861084,13.505023542303427,✓,✗,0.10997586200271316,0.8034,13.28474601107036,✓,✗,0.3302533932357774,2868.61181640625,0.32721486556270274,0.1171472817659378,8192.0,0.06736598163843155,0.2498258113861084,0.07055399417877198,0.26311878787878806,0.8034,0.27980000000000005,cnn-9_cifar10_learnt_gaussian_sig0.03_bounded-pmin1e-05_epoch10_bs250_lr0.001_mon0.95_dp0.2_objective-channel_gradient-chan1.0-rayleigh-zf-tx1.0-noise3.162-frob-kl0.01_perc-pri0.5_epoch-pri70_bs-pri250_lr-pri0.005_mom-pri0.99_dp-pri0.2_seed7,rayleigh-zf-tx1.0-noise3.162_chan-layer4_mcsamples500_norm-frob_seed7_bounds.json
cnn-9,cifar10,10.0,rayleigh_zf,-4.9996186559619025 dB,frob,channel_grad,0.001,0.1,1.0,0.21982441842556,0.7170470000000001,0.21762232780456542,2.6435835361480713,✓,✗,0.129279524554967,0.7131000000000001,2.422306537628174,✓,✗,0.3505566736919187,384.22589111328125,0.5559832545844263,0.19904941320419312,8192.0,0.0832255482673645,0.21762232780456542,0.08605801463127136,0.28228226262626316,0.7131000000000001,0.29600000000000004,cnn-9_cifar10_learnt_gaussian_sig0.03_bounded-pmin1e-05_epoch10_bs250_lr0.001_mon0.95_dp0.2_objective-channel_gradient-chan1.0-rayleigh-zf-tx1.0-noise3.162-frob-kl0.1_perc-pri0.5_epoch-pri70_bs-pri250_lr-pri0.005_mom-pri0.99_dp-pri0.2_seed7,rayleigh-zf-tx1.0-noise3.162_chan-layer4_mcsamples500_norm-frob_seed7_bounds.json
cnn-9,cifar10,10.0,rayleigh_zf,-4.9996186559619025 dB,frob,channel_grad,0.001,0.25,1.0,0.20590829849243164,0.6711162,0.20364515781402587,1.6836419105529785,✓,✓,0.14433197074716947,0.663,1.4752295017242432,✓,✓,0.35274439500812604,138.36410522460938,0.6933812487128931,0.24823972582817078,8192.0,0.09584756195545197,0.20364515781402587,0.09859338402748108,0.28435604040404094,0.663,0.2925,cnn-9_cifar10_learnt_gaussian_sig0.03_bounded-pmin1e-05_epoch10_bs250_lr0.001_mon0.95_dp0.2_objective-channel_gradient-chan1.0-rayleigh-zf-tx1.0-noise3.162-frob-kl0.25_perc-pri0.5_epoch-pri70_bs-pri250_lr-pri0.005_mom-pri0.99_dp-pri0.2_seed7,rayleigh-zf-tx1.0-noise3.162_chan-layer4_mcsamples500_norm-frob_seed7_bounds.json
cnn-9,cifar10,10.0,rayleigh_zf,-4.9996186559619025 dB,frob,channel_grad,0.001,0.5,1.0,0.1999080926179886,0.6446002000000001,0.1978737711906433,1.4402987957000732,✓,✓,0.15464771921793757,0.6363,1.2406681776046753,✓,✓,0.35427840595835736,64.0899887084961,0.7806680865795236,0.27948957681655884,8192.0,0.10461119562387466,0.1978737711906433,0.1075290560722351,0.285811151515152,0.6363,0.29259999999999997,cnn-9_cifar10_learnt_gaussian_sig0.03_bounded-pmin1e-05_epoch10_bs250_lr0.001_mon0.95_dp0.2_objective-channel_gradient-chan1.0-rayleigh-zf-tx1.0-noise3.162-frob-kl0.5_perc-pri0.5_epoch-pri70_bs-pri250_lr-pri0.005_mom-pri0.99_dp-pri0.2_seed7,rayleigh-zf-tx1.0-noise3.162_chan-layer4_mcsamples500_norm-frob_seed7_bounds.json
cnn-9,cifar10,10.0,rayleigh_zf,-4.9996186559619025 dB,frob,channel_grad,0.001,1.0,1.0,0.19708268344402313,0.6275784000000001,0.19514838457107545,1.3602745532989502,✓,✓,0.1622142189434868,0.6191,1.1665705442428589,✓,✓,0.355918185920421,31.93128204345703,0.842822012999344,0.30174151062965393,8192.0,0.11109193414449692,0.19514838457107545,0.11421350240707398,0.2873662222222227,0.6191,0.2943,cnn-9_cifar10_learnt_gaussian_sig0.03_bounded-pmin1e-05_epoch10_bs250_lr0.001_mon0.95_dp0.2_objective-channel_gradient-chan1.0-rayleigh-zf-tx1.0-noise3.162-frob-kl1.0_perc-pri0.5_epoch-pri70_bs-pri250_lr-pri0.005_mom-pri0.99_dp-pri0.2_seed7,rayleigh-zf-tx1.0-noise3.162_chan-layer4_mcsamples500_norm-frob_seed7_bounds.json
cnn-9,cifar10,20.0,rayleigh_zf,-4.9996186559619025 dB,frob,vanilla,0.001,1.0,0.0,0.21533392369747162,0.7117348000000002,0.21574389934539795,6.279422780104369,✓,-,0.10789308090588993,0.7152000000000001,6.074713444702229,✓,-,0.3126024163080299,1330.03271484375,0.0,0.0,8192.0,0.06568021327257156,0.21574389934539795,0.07348333597183228,0.24657608080808072,0.7152000000000001,0.26370000000000005,cnn-9_cifar10_learnt_gaussian_sig0.03_bounded-pmin1e-05_epoch20_bs250_lr0.001_mon0.95_dp0.2_objective-vanilla_perc-pri0.5_epoch-pri70_bs-pri250_lr-pri0.005_mom-pri0.99_dp-pri0.2_seed7,rayleigh-zf-tx1.0-noise3.162_chan-layer4_mcsamples500_norm-frob_seed7_bounds.json
cnn-9,cifar10,20.0,rayleigh_zf,-4.9996186559619025 dB,frob,channel_grad,0.001,0.0001,1.0,0.2565183639526367,0.8551326000000002,0.2559772729873657,75.82121276855469,✓,✗,0.10732959071801727,0.8524,75.61227416992188,✓,✗,0.31626945665065526,16816.689453125,0.2796849688550477,0.10013094544410706,8192.0,0.06522450596094131,0.2559772729873657,0.06963534355163574,0.2500058181818182,0.8524,0.27049999999999996,cnn-9_cifar10_learnt_gaussian_sig0.03_bounded-pmin1e-05_epoch20_bs250_lr0.001_mon0.95_dp0.2_objective-channel_gradient-chan1.0-rayleigh-zf-tx1.0-noise3.162-frob-kl0.0001_perc-pri0.5_epoch-pri70_bs-pri250_lr-pri0.005_mom-pri0.99_dp-pri0.2_seed7,rayleigh-zf-tx1.0-noise3.162_chan-layer4_mcsamples500_norm-frob_seed7_bounds.json
cnn-9,cifar10,20.0,rayleigh_zf,-4.9996186559619025 dB,frob,channel_grad,0.001,0.001,1.0,0.2540067136287689,0.8488756000000002,0.25349674224853513,59.19665460573201,✓,✗,0.10659863062750645,0.8438,58.98737953485091,✓,✗,0.31587370150860483,13098.744140625,0.28268302917636656,0.1012042909860611,8192.0,0.06463468074798584,0.25349674224853513,0.06898605227470397,0.2496345050505049,0.8438,0.26890000000000003,cnn-9_cifar10_learnt_gaussian_sig0.03_bounded-pmin1e-05_epoch20_bs250_lr0.001_mon0.95_dp0.2_objective-channel_gradient-chan1.0-rayleigh-zf-tx1.0-noise3.162-frob-kl0.001_perc-pri0.5_epoch-pri70_bs-pri250_lr-pri0.005_mom-pri0.99_dp-pri0.2_seed7,rayleigh-zf-tx1.0-noise3.162_chan-layer4_mcsamples500_norm-frob_seed7_bounds.json
cnn-9,cifar10,20.0,rayleigh_zf,-4.9996186559619025 dB,frob,channel_grad,0.001,0.01,1.0,0.24831841886043549,0.8048684000000002,0.24797542095184327,14.229594678448818,✓,✗,0.10976152383578415,0.8048,14.009948892931456,✓,✗,0.32940730935314444,3031.501220703125,0.3241685239462092,0.1160566508769989,8192.0,0.0671917200088501,0.24797542095184327,0.07093642354011535,0.26232412121212145,0.8048,0.2763,cnn-9_cifar10_learnt_gaussian_sig0.03_bounded-pmin1e-05_epoch20_bs250_lr0.001_mon0.95_dp0.2_objective-channel_gradient-chan1.0-rayleigh-zf-tx1.0-noise3.162-frob-kl0.01_perc-pri0.5_epoch-pri70_bs-pri250_lr-pri0.005_mom-pri0.99_dp-pri0.2_seed7,rayleigh-zf-tx1.0-noise3.162_chan-layer4_mcsamples500_norm-frob_seed7_bounds.json
cnn-9,cifar10,20.0,rayleigh_zf,-4.9996186559619025 dB,frob,channel_grad,0.001,0.05,1.0,0.23008666932582855,0.7466702000000002,0.2296149253845215,4.09046745300293,✓,✗,0.12068607782550386,0.7493000000000001,3.865201234817505,✓,✗,0.3459524686157345,729.766357421875,0.4621672039815393,0.16546201705932617,8192.0,0.07611644268035889,0.2296149253845215,0.07986851930618286,0.27792460606060637,0.7493000000000001,0.2891,cnn-9_cifar10_learnt_gaussian_sig0.03_bounded-pmin1e-05_epoch20_bs250_lr0.001_mon0.95_dp0.2_objective-channel_gradient-chan1.0-rayleigh-zf-tx1.0-noise3.162-frob-kl0.05_perc-pri0.5_epoch-pri70_bs-pri250_lr-pri0.005_mom-pri0.99_dp-pri0.2_seed7,rayleigh-zf-tx1.0-noise3.162_chan-layer4_mcsamples500_norm-frob_seed7_bounds.json
cnn-9,cifar10,20.0,rayleigh_zf,-4.9996186559619025 dB,frob,channel_grad,0.001,0.1,1.0,0.21893011033535004,0.7138102,0.21888504028320313,2.60633880076833,✓,✗,0.12924031772557598,0.7173,2.386109228232585,✓,✗,0.349469890261321,376.4623718261719,0.5545447633408631,0.19853441417217255,8192.0,0.08319347351789474,0.21888504028320313,0.08737862706184388,0.28125696969697017,0.7173,0.29069999999999996,cnn-9_cifar10_learnt_gaussian_sig0.03_bounded-pmin1e-05_epoch20_bs250_lr0.001_mon0.95_dp0.2_objective-channel_gradient-chan1.0-rayleigh-zf-tx1.0-noise3.162-frob-kl0.1_perc-pri0.5_epoch-pri70_bs-pri250_lr-pri0.005_mom-pri0.99_dp-pri0.2_seed7,rayleigh-zf-tx1.0-noise3.162_chan-layer4_mcsamples500_norm-frob_seed7_bounds.json
cnn-9,cifar10,20.0,rayleigh_zf,-4.9996186559619025 dB,frob,channel_grad,0.001,0.25,1.0,0.20608024299144745,0.6700994,0.20573689937591552,1.6681971549987793,✓,✓,0.14419619751437363,0.6685,1.4596037864685059,✓,✓,0.3527896133327287,135.4099578857422,0.6911026629332898,0.2474239617586136,8192.0,0.09573325514793396,0.20573689937591552,0.10035721063613892,0.2844000000000005,0.6685,0.29059999999999997,cnn-9_cifar10_learnt_gaussian_sig0.03_bounded-pmin1e-05_epoch20_bs250_lr0.001_mon0.95_dp0.2_objective-channel_gradient-chan1.0-rayleigh-zf-tx1.0-noise3.162-frob-kl0.25_perc-pri0.5_epoch-pri70_bs-pri250_lr-pri0.005_mom-pri0.99_dp-pri0.2_seed7,rayleigh-zf-tx1.0-noise3.162_chan-layer4_mcsamples500_norm-frob_seed7_bounds.json
cnn-9,cifar10,20.0,rayleigh_zf,-4.9996186559619025 dB,frob,channel_grad,0.001,0.5,1.0,0.20042772591114044,0.6462903999999999,0.20057837963104247,1.4265687465667725,✓,✓,0.1548349675521476,0.6455,1.2256386280059814,✓,✓,0.35576497111119904,60.31346130371094,0.7823404507520408,0.28008830547332764,8192.0,0.10477154701948166,0.20057837963104247,0.10969516038894653,0.2872207676767681,0.6455,0.2921,cnn-9_cifar10_learnt_gaussian_sig0.03_bounded-pmin1e-05_epoch20_bs250_lr0.001_mon0.95_dp0.2_objective-channel_gradient-chan1.0-rayleigh-zf-tx1.0-noise3.162-frob-kl0.5_perc-pri0.5_epoch-pri70_bs-pri250_lr-pri0.005_mom-pri0.99_dp-pri0.2_seed7,rayleigh-zf-tx1.0-noise3.162_chan-layer4_mcsamples500_norm-frob_seed7_bounds.json
cnn-9,cifar10,20.0,rayleigh_zf,-4.9996186559619025 dB,frob,channel_grad,0.001,1.0,1.0,0.19901973009109497,0.6337,0.19932355880737304,1.3471122980117798,✓,✓,0.1621489189174155,0.6335,1.151244044303894,✓,✓,0.35801720020229744,28.442794799804688,0.8431618134250392,0.3018631637096405,8192.0,0.11103524267673492,0.19932355880737304,0.11583876609802246,0.2893587070707075,0.6335,0.29469999999999996,cnn-9_cifar10_learnt_gaussian_sig0.03_bounded-pmin1e-05_epoch20_bs250_lr0.001_mon0.95_dp0.2_objective-channel_gradient-chan1.0-rayleigh-zf-tx1.0-noise3.162-frob-kl1.0_perc-pri0.5_epoch-pri70_bs-pri250_lr-pri0.005_mom-pri0.99_dp-pri0.2_seed7,rayleigh-zf-tx1.0-noise3.162_chan-layer4_mcsamples500_norm-frob_seed7_bounds.json
cnn-9,cifar10,50.0,rayleigh_zf,-4.9996186559619025 dB,frob,vanilla,0.001,1.0,0.0,0.22178132832050323,0.7151605999999999,0.22156453132629395,14.944793939441412,✓,-,0.09680729843691448,0.7101,14.759876178691014,✓,-,0.28172505918731133,3274.572998046875,0.0,0.0,8192.0,0.05679810792207718,0.22156453132629395,0.07107183933258057,0.21791741414141383,0.7101,0.25849999999999995,cnn-9_cifar10_learnt_gaussian_sig0.03_bounded-pmin1e-05_epoch50_bs250_lr0.001_mon0.95_dp0.2_objective-vanilla_perc-pri0.5_epoch-pri70_bs-pri250_lr-pri0.005_mom-pri0.99_dp-pri0.2_seed7,rayleigh-zf-tx1.0-noise3.162_chan-layer4_mcsamples500_norm-frob_seed7_bounds.json
cnn-9,cifar10,50.0,rayleigh_zf,-4.9996186559619025 dB,frob,channel_grad,0.001,0.0001,1.0,0.25821706652641296,0.856666,0.2586161375045776,171.20592265977206,✓,✗,0.10146189847514724,0.8535,171.01259393924815,✓,✗,0.2947906189990432,38152.2734375,0.27024499753594566,0.09675130993127823,8192.0,0.060508035123348236,0.2586161375045776,0.06605578064918519,0.23000242424242404,0.8535,0.2549,cnn-9_cifar10_learnt_gaussian_sig0.03_bounded-pmin1e-05_epoch50_bs250_lr0.001_mon0.95_dp0.2_objective-channel_gradient-chan1.0-rayleigh-zf-tx1.0-noise3.162-frob-kl0.0001_perc-pri0.5_epoch-pri70_bs-pri250_lr-pri0.005_mom-pri0.99_dp-pri0.2_seed7,rayleigh-zf-tx1.0-noise3.162_chan-layer4_mcsamples500_norm-frob_seed7_bounds.json
cnn-9,cifar10,50.0,rayleigh_zf,-4.9996186559619025 dB,frob,channel_grad,0.001,0.001,1.0,0.25252458453178406,0.8507804,0.2518876314163208,106.59844277718922,✓,✗,0.10185051336837343,0.8524,106.40092649205793,✓,✗,0.29936679849964853,23702.2890625,0.28048360807212736,0.1004168689250946,8192.0,0.06081883981823921,0.2518876314163208,0.06611524224281311,0.23424630303030283,0.8524,0.2619,cnn-9_cifar10_learnt_gaussian_sig0.03_bounded-pmin1e-05_epoch50_bs250_lr0.001_mon0.95_dp0.2_objective-channel_gradient-chan1.0-rayleigh-zf-tx1.0-noise3.162-frob-kl0.001_perc-pri0.5_epoch-pri70_bs-pri250_lr-pri0.005_mom-pri0.99_dp-pri0.2_seed7,rayleigh-zf-tx1.0-noise3.162_chan-layer4_mcsamples500_norm-frob_seed7_bounds.json
cnn-9,cifar10,50.0,rayleigh_zf,-4.9996186559619025 dB,frob,channel_grad,0.001,0.01,1.0,0.2494678944349289,0.8068199999999998,0.24650306701660157,14.363823472453127,✓,✗,0.10972604832679068,0.8038,14.144065797894788,✓,✗,0.3294837228851303,3060.63623046875,0.3280251796964173,0.11743738502264023,8192.0,0.0671638697385788,0.24650306701660157,0.06991109251976013,0.2623957979797983,0.8038,0.27659999999999996,cnn-9_cifar10_learnt_gaussian_sig0.03_bounded-pmin1e-05_epoch50_bs250_lr0.001_mon0.95_dp0.2_objective-channel_gradient-chan1.0-rayleigh-zf-tx1.0-noise3.162-frob-kl0.01_perc-pri0.5_epoch-pri70_bs-pri250_lr-pri0.005_mom-pri0.99_dp-pri0.2_seed7,rayleigh-zf-tx1.0-noise3.162_chan-layer4_mcsamples500_norm-frob_seed7_bounds.json
cnn-9,cifar10,50.0,rayleigh_zf,-4.9996186559619025 dB,frob,channel_grad,0.001,0.05,1.0,0.23077178001403809,0.7479053999999999,0.2277961015701294,4.05781364440918,✓,✗,0.12092947777117936,0.7446999999999999,3.8322386741638184,✓,✗,0.34650457427744363,721.10986328125,0.46767447651053307,0.1674336940050125,8192.0,0.07631664723157883,0.2277961015701294,0.07837721109390258,0.278449050505051,0.7446999999999999,0.28600000000000003,cnn-9_cifar10_learnt_gaussian_sig0.03_bounded-pmin1e-05_epoch50_bs250_lr0.001_mon0.95_dp0.2_objective-channel_gradient-chan1.0-rayleigh-zf-tx1.0-noise3.162-frob-kl0.05_perc-pri0.5_epoch-pri70_bs-pri250_lr-pri0.005_mom-pri0.99_dp-pri0.2_seed7,rayleigh-zf-tx1.0-noise3.162_chan-layer4_mcsamples500_norm-frob_seed7_bounds.json
cnn-9,cifar10,50.0,rayleigh_zf,-4.9996186559619025 dB,frob,channel_grad,0.001,0.1,1.0,0.21973620355129242,0.7159198,0.2169123888015747,2.628827273640221,✓,✓,0.12955236934541237,0.7097,2.4083578603508826,✓,✗,0.3500217826347509,380.52740478515625,0.5583019637851919,0.19987954199314117,8192.0,0.08345208317041397,0.2169123888015747,0.08559525012969971,0.28177591919191963,0.7097,0.28890000000000005,cnn-9_cifar10_learnt_gaussian_sig0.03_bounded-pmin1e-05_epoch50_bs250_lr0.001_mon0.95_dp0.2_objective-channel_gradient-chan1.0-rayleigh-zf-tx1.0-noise3.162-frob-kl0.1_perc-pri0.5_epoch-pri70_bs-pri250_lr-pri0.005_mom-pri0.99_dp-pri0.2_seed7,rayleigh-zf-tx1.0-noise3.162_chan-layer4_mcsamples500_norm-frob_seed7_bounds.json
cnn-9,cifar10,50.0,rayleigh_zf,-4.9996186559619025 dB,frob,channel_grad,0.001,0.25,1.0,0.20787468552589417,0.6752684,0.2049178123474121,1.7082407474517822,✓,✓,0.14370028515312538,0.6695,1.4980731010437012,✓,✓,0.3538679615456718,144.5485382080078,0.6891988815183834,0.246742382645607,8192.0,0.09531500935554504,0.2049178123474121,0.09798606634140014,0.28542351515151565,0.6695,0.29069999999999996,cnn-9_cifar10_learnt_gaussian_sig0.03_bounded-pmin1e-05_epoch50_bs250_lr0.001_mon0.95_dp0.2_objective-channel_gradient-chan1.0-rayleigh-zf-tx1.0-noise3.162-frob-kl0.25_perc-pri0.5_epoch-pri70_bs-pri250_lr-pri0.005_mom-pri0.99_dp-pri0.2_seed7,rayleigh-zf-tx1.0-noise3.162_chan-layer4_mcsamples500_norm-frob_seed7_bounds.json
cnn-9,cifar10,50.0,rayleigh_zf,-4.9996186559619025 dB,frob,channel_grad,0.001,0.5,1.0,0.20313584804534912,0.6525206,0.1999424457550049,1.4551169872283936,✓,✓,0.15454800266912955,0.6447,1.2527230978012085,✓,✓,0.356941858121846,67.18646240234375,0.7789748282603014,0.2788833677768707,8192.0,0.10452547669410706,0.1999424457550049,0.10772498846054077,0.28833664646464685,0.6447,0.2956,cnn-9_cifar10_learnt_gaussian_sig0.03_bounded-pmin1e-05_epoch50_bs250_lr0.001_mon0.95_dp0.2_objective-channel_gradient-chan1.0-rayleigh-zf-tx1.0-noise3.162-frob-kl0.5_perc-pri0.5_epoch-pri70_bs-pri250_lr-pri0.005_mom-pri0.99_dp-pri0.2_seed7,rayleigh-zf-tx1.0-noise3.162_chan-layer4_mcsamples500_norm-frob_seed7_bounds.json
cnn-9,cifar10,50.0,rayleigh_zf,-4.9996186559619025 dB,frob,channel_grad,0.001,1.0,1.0,0.19959352910518646,0.6328628000000001,0.1959240436553955,1.3726415634155273,✓,✓,0.1628711401396189,0.6242,1.177231788635254,✓,✓,0.35828093073361855,33.57373046875,0.8454810637092852,0.3026934862136841,8192.0,0.11165590584278107,0.1959240436553955,0.11526435613632202,0.289608646464647,0.6242,0.29569999999999996,cnn-9_cifar10_learnt_gaussian_sig0.03_bounded-pmin1e-05_epoch50_bs250_lr0.001_mon0.95_dp0.2_objective-channel_gradient-chan1.0-rayleigh-zf-tx1.0-noise3.162-frob-kl1.0_perc-pri0.5_epoch-pri70_bs-pri250_lr-pri0.005_mom-pri0.99_dp-pri0.2_seed7,rayleigh-zf-tx1.0-noise3.162_chan-layer4_mcsamples500_norm-frob_seed7_bounds.json
cnn-9,cifar10,10.0,rayleigh_zf,-4.9996186559619025 dB,spec,vanilla,0.001,1.0,0.0,0.21051733195781708,0.7050284,0.20817043781280517,3.688742090685972,✓,-,0.11490808156131256,0.7045,3.4751110853096225,✓,-,0.32853908693766165,747.1753540039062,0.0,0.0,8192.0,0.0713798999786377,0.20817043781280517,0.07652142643928528,0.2615115959595961,0.7045,0.26959999999999995,cnn-9_cifar10_learnt_gaussian_sig0.03_bounded-pmin1e-05_epoch10_bs250_lr0.001_mon0.95_dp0.2_objective-vanilla_perc-pri0.5_epoch-pri70_bs-pri250_lr-pri0.005_mom-pri0.99_dp-pri0.2_seed7,rayleigh-zf-tx1.0-noise3.162_chan-layer4_mcsamples500_norm-spec_seed7_bounds.json
cnn-9,cifar10,10.0,rayleigh_zf,-4.9996186559619025 dB,spec,channel_grad,0.001,0.0001,1.0,0.24945902824401855,0.7979553999999999,0.24919674396514893,16.66466655820968,✓,✗,0.10800566071801217,0.7945,16.44938631401033,✓,✗,0.3232859049173654,3617.763427734375,0.14351751302099178,0.0513811819255352,8192.0,0.06577012687921524,0.24919674396514893,0.06969483494758606,0.25657616161616176,0.7945,0.2742,cnn-9_cifar10_learnt_gaussian_sig0.03_bounded-pmin1e-05_epoch10_bs250_lr0.001_mon0.95_dp0.2_objective-channel_gradient-chan1.0-rayleigh-zf-tx1.0-noise3.162-spec-kl0.0001_perc-pri0.5_epoch-pri70_bs-pri250_lr-pri0.005_mom-pri0.99_dp-pri0.2_seed7,rayleigh-zf-tx1.0-noise3.162_chan-layer4_mcsamples500_norm-spec_seed7_bounds.json
cnn-9,cifar10,10.0,rayleigh_zf,-4.9996186559619025 dB,spec,channel_grad,0.001,0.001,1.0,0.2484103888273239,0.7934548000000001,0.24804930686950682,14.748870342366807,✓,✗,0.10835086340919674,0.7904,14.532697145004159,✓,✗,0.3245240607718456,3188.36328125,0.14681897549849693,0.052563149482011795,8192.0,0.06604958325624466,0.24804930686950682,0.0699926495552063,0.25773729292929315,0.7904,0.27549999999999997,cnn-9_cifar10_learnt_gaussian_sig0.03_bounded-pmin1e-05_epoch10_bs250_lr0.001_mon0.95_dp0.2_objective-channel_gradient-chan1.0-rayleigh-zf-tx1.0-noise3.162-spec-kl0.001_perc-pri0.5_epoch-pri70_bs-pri250_lr-pri0.005_mom-pri0.99_dp-pri0.2_seed7,rayleigh-zf-tx1.0-noise3.162_chan-layer4_mcsamples500_norm-spec_seed7_bounds.json
cnn-9,cifar10,10.0,rayleigh_zf,-4.9996186559619025 dB,spec,channel_grad,0.001,0.01,1.0,0.23628757894039154,0.7595734000000002,0.23495221138000488,6.460158986528285,✓,✗,0.11369378762683897,0.755,6.238364043784365,✓,✗,0.3354887303707581,1325.5877685546875,0.1777282964785451,0.06362909823656082,8192.0,0.07038865238428116,0.23495221138000488,0.07433401346206665,0.2680494545454547,0.755,0.28049999999999997,cnn-9_cifar10_learnt_gaussian_sig0.03_bounded-pmin1e-05_epoch10_bs250_lr0.001_mon0.95_dp0.2_objective-channel_gradient-chan1.0-rayleigh-zf-tx1.0-noise3.162-spec-kl0.01_perc-pri0.5_epoch-pri70_bs-pri250_lr-pri0.005_mom-pri0.99_dp-pri0.2_seed7,rayleigh-zf-tx1.0-noise3.162_chan-layer4_mcsamples500_norm-spec_seed7_bounds.json
cnn-9,cifar10,10.0,rayleigh_zf,-4.9996186559619025 dB,spec,channel_grad,0.001,0.05,1.0,0.21382561326026917,0.6986657999999999,0.21195480823516846,2.0674238204956055,✓,✗,0.13066349592499588,0.6925,1.8507109880447388,✓,✓,0.34737637502106855,323.0664367675781,0.25651729341997637,0.0918366089463234,8192.0,0.0843774825334549,0.21195480823516846,0.08775480985641479,0.27927200000000035,0.6925,0.2913,cnn-9_cifar10_learnt_gaussian_sig0.03_bounded-pmin1e-05_epoch10_bs250_lr0.001_mon0.95_dp0.2_objective-channel_gradient-chan1.0-rayleigh-zf-tx1.0-noise3.162-spec-kl0.05_perc-pri0.5_epoch-pri70_bs-pri250_lr-pri0.005_mom-pri0.99_dp-pri0.2_seed7,rayleigh-zf-tx1.0-noise3.162_chan-layer4_mcsamples500_norm-spec_seed7_bounds.json
cnn-9,cifar10,10.0,rayleigh_zf,-4.9996186559619025 dB,spec,channel_grad,0.001,0.1,1.0,0.20534317195415497,0.6697377999999998,0.20305559635162354,1.3364496101921495,✓,✓,0.14181732934027863,0.6632,1.1275595279026627,✓,✓,0.35070741162976554,148.9879913330078,0.300714407240972,0.10765976458787918,8192.0,0.09372560679912567,0.20305559635162354,0.09706710577011109,0.2824246464646468,0.6632,0.29190000000000005,cnn-9_cifar10_learnt_gaussian_sig0.03_bounded-pmin1e-05_epoch10_bs250_lr0.001_mon0.95_dp0.2_objective-channel_gradient-chan1.0-rayleigh-zf-tx1.0-noise3.162-spec-kl0.1_perc-pri0.5_epoch-pri70_bs-pri250_lr-pri0.005_mom-pri0.99_dp-pri0.2_seed7,rayleigh-zf-tx1.0-noise3.162_chan-layer4_mcsamples500_norm-spec_seed7_bounds.json
cnn-9,cifar10,10.0,rayleigh_zf,-4.9996186559619025 dB,spec,channel_grad,0.001,0.25,1.0,0.19900581240653992,0.640138,0.19697476625442506,0.9428726434707642,✓,✓,0.15562590696049872,0.6329,0.7444899082183838,✓,✓,0.3540086463480998,48.938751220703125,0.35127006358196206,0.12575936317443848,8192.0,0.10544668138027191,0.19697476625442506,0.10857431888580323,0.2855549898989903,0.6329,0.29279999999999995,cnn-9_cifar10_learnt_gaussian_sig0.03_bounded-pmin1e-05_epoch10_bs250_lr0.001_mon0.95_dp0.2_objective-channel_gradient-chan1.0-rayleigh-zf-tx1.0-noise3.162-spec-kl0.25_perc-pri0.5_epoch-pri70_bs-pri250_lr-pri0.005_mom-pri0.99_dp-pri0.2_seed7,rayleigh-zf-tx1.0-noise3.162_chan-layer4_mcsamples500_norm-spec_seed7_bounds.json
cnn-9,cifar10,10.0,rayleigh_zf,-4.9996186559619025 dB,spec,channel_grad,0.001,0.5,1.0,0.19632886350154877,0.6243987999999998,0.1943513870239258,0.8580286502838135,✓,✓,0.1630562919568067,0.6154,0.6649578809738159,✓,✓,0.3561270004478325,24.01993179321289,0.3757479726648372,0.13452278077602386,8192.0,0.11181463301181793,0.1943513870239258,0.11506063938140869,0.2875671919191924,0.6154,0.29469999999999996,cnn-9_cifar10_learnt_gaussian_sig0.03_bounded-pmin1e-05_epoch10_bs250_lr0.001_mon0.95_dp0.2_objective-channel_gradient-chan1.0-rayleigh-zf-tx1.0-noise3.162-spec-kl0.5_perc-pri0.5_epoch-pri70_bs-pri250_lr-pri0.005_mom-pri0.99_dp-pri0.2_seed7,rayleigh-zf-tx1.0-noise3.162_chan-layer4_mcsamples500_norm-spec_seed7_bounds.json
cnn-9,cifar10,10.0,rayleigh_zf,-4.9996186559619025 dB,spec,channel_grad,0.001,1.0,1.0,0.1955588161945343,0.6159046000000002,0.19371705055236815,0.8182132244110107,✓,✓,0.16780757397563537,0.6081,0.628413200378418,✓,✓,0.35760763537094764,11.015301704406738,0.3926104231136372,0.14055976271629333,8192.0,0.11590836942195892,0.19371705055236815,0.11923061609268189,0.2889713939393943,0.6081,0.2943,cnn-9_cifar10_learnt_gaussian_sig0.03_bounded-pmin1e-05_epoch10_bs250_lr0.001_mon0.95_dp0.2_objective-channel_gradient-chan1.0-rayleigh-zf-tx1.0-noise3.162-spec-kl1.0_perc-pri0.5_epoch-pri70_bs-pri250_lr-pri0.005_mom-pri0.99_dp-pri0.2_seed7,rayleigh-zf-tx1.0-noise3.162_chan-layer4_mcsamples500_norm-spec_seed7_bounds.json
cnn-9,cifar10,20.0,rayleigh_zf,-4.9996186559619025 dB,spec,vanilla,0.001,1.0,0.0,0.21533392369747162,0.7117348000000002,0.21574389934539795,6.279422780104369,✓,-,0.10789308090588993,0.7152000000000001,6.074713444702229,✓,-,0.3126024163080299,1330.03271484375,0.0,0.0,8192.0,0.06568021327257156,0.21574389934539795,0.07348333597183228,0.24657608080808072,0.7152000000000001,0.26370000000000005,cnn-9_cifar10_learnt_gaussian_sig0.03_bounded-pmin1e-05_epoch20_bs250_lr0.001_mon0.95_dp0.2_objective-vanilla_perc-pri0.5_epoch-pri70_bs-pri250_lr-pri0.005_mom-pri0.99_dp-pri0.2_seed7,rayleigh-zf-tx1.0-noise3.162_chan-layer4_mcsamples500_norm-spec_seed7_bounds.json
cnn-9,cifar10,20.0,rayleigh_zf,-4.9996186559619025 dB,spec,channel_grad,0.001,0.0001,1.0,0.2504260838031769,0.808036,0.24976098537445068,29.583777854095864,✓,✗,0.10438740601628815,0.8038,29.377430854069708,✓,✗,0.3107344060424464,6511.24755859375,0.13512589094517688,0.04837686941027641,8192.0,0.06285294890403748,0.24976098537445068,0.06787101626396179,0.2448317575757575,0.8038,0.26580000000000004,cnn-9_cifar10_learnt_gaussian_sig0.03_bounded-pmin1e-05_epoch20_bs250_lr0.001_mon0.95_dp0.2_objective-channel_gradient-chan1.0-rayleigh-zf-tx1.0-noise3.162-spec-kl0.0001_perc-pri0.5_epoch-pri70_bs-pri250_lr-pri0.005_mom-pri0.99_dp-pri0.2_seed7,rayleigh-zf-tx1.0-noise3.162_chan-layer4_mcsamples500_norm-spec_seed7_bounds.json
cnn-9,cifar10,20.0,rayleigh_zf,-4.9996186559619025 dB,spec,channel_grad,0.001,0.001,1.0,0.248797208070755,0.8008934,0.2481532335281372,23.241178779438595,✓,✗,0.1052319817457908,0.8,23.032171401557395,✓,✗,0.314239359626991,5091.32421875,0.13911208416168466,0.04980397969484329,8192.0,0.06353297084569931,0.2481532335281372,0.06843682527542114,0.24810618181818184,0.8,0.267,cnn-9_cifar10_learnt_gaussian_sig0.03_bounded-pmin1e-05_epoch20_bs250_lr0.001_mon0.95_dp0.2_objective-channel_gradient-chan1.0-rayleigh-zf-tx1.0-noise3.162-spec-kl0.001_perc-pri0.5_epoch-pri70_bs-pri250_lr-pri0.005_mom-pri0.99_dp-pri0.2_seed7,rayleigh-zf-tx1.0-noise3.162_chan-layer4_mcsamples500_norm-spec_seed7_bounds.json
cnn-9,cifar10,20.0,rayleigh_zf,-4.9996186559619025 dB,spec,channel_grad,0.001,0.01,1.0,0.23561885952949524,0.7597688000000001,0.23493654727935792,6.671641345159606,✓,✗,0.11335711254686141,0.7601,6.450705124113214,✓,✗,0.3342933335932531,1373.375,0.1766950559509031,0.06325918436050415,8192.0,0.0701136589050293,0.23493654727935792,0.07427453398704528,0.26692371717171737,0.7601,0.28059999999999996,cnn-9_cifar10_learnt_gaussian_sig0.03_bounded-pmin1e-05_epoch20_bs250_lr0.001_mon0.95_dp0.2_objective-channel_gradient-chan1.0-rayleigh-zf-tx1.0-noise3.162-spec-kl0.01_perc-pri0.5_epoch-pri70_bs-pri250_lr-pri0.005_mom-pri0.99_dp-pri0.2_seed7,rayleigh-zf-tx1.0-noise3.162_chan-layer4_mcsamples500_norm-spec_seed7_bounds.json
cnn-9,cifar10,20.0,rayleigh_zf,-4.9996186559619025 dB,spec,channel_grad,0.001,0.05,1.0,0.21261253952980042,0.6959525999999999,0.21234512329101562,2.0081913471221924,✓,✓,0.1310319921429537,0.6986,1.7916933298110962,✓,✓,0.34753022177781756,309.1603698730469,0.2593208342300891,0.09284031391143799,8192.0,0.08468469232320786,0.21234512329101562,0.0894057273864746,0.27941761616161653,0.6986,0.2854,cnn-9_cifar10_learnt_gaussian_sig0.03_bounded-pmin1e-05_epoch20_bs250_lr0.001_mon0.95_dp0.2_objective-channel_gradient-chan1.0-rayleigh-zf-tx1.0-noise3.162-spec-kl0.05_perc-pri0.5_epoch-pri70_bs-pri250_lr-pri0.005_mom-pri0.99_dp-pri0.2_seed7,rayleigh-zf-tx1.0-noise3.162_chan-layer4_mcsamples500_norm-spec_seed7_bounds.json
cnn-9,cifar10,20.0,rayleigh_zf,-4.9996186559619025 dB,spec,channel_grad,0.001,0.1,1.0,0.20491516590118408,0.6675284,0.2046436071395874,1.3171124544673967,✓,✓,0.14215986124184427,0.6638,1.108675068461329,✓,✓,0.35059724724791214,144.1312255859375,0.3032075326205563,0.10855233669281006,8192.0,0.09401433914899826,0.2046436071395874,0.09897279739379883,0.2823210505050509,0.6638,0.28700000000000003,cnn-9_cifar10_learnt_gaussian_sig0.03_bounded-pmin1e-05_epoch20_bs250_lr0.001_mon0.95_dp0.2_objective-channel_gradient-chan1.0-rayleigh-zf-tx1.0-noise3.162-spec-kl0.1_perc-pri0.5_epoch-pri70_bs-pri250_lr-pri0.005_mom-pri0.99_dp-pri0.2_seed7,rayleigh-zf-tx1.0-noise3.162_chan-layer4_mcsamples500_norm-spec_seed7_bounds.json
cnn-9,cifar10,20.0,rayleigh_zf,-4.9996186559619025 dB,spec,channel_grad,0.001,0.25,1.0,0.19896145164966583,0.6394467999999999,0.19912803173065186,0.9314613342285156,✓,✓,0.1557123518989718,0.6382,0.7324792146682739,✓,✓,0.3546944835553023,45.66487503051758,0.35381407161960765,0.12667015194892883,8192.0,0.10552018880844116,0.19912803173065186,0.11080526113510132,0.28620509090909135,0.6382,0.2901,cnn-9_cifar10_learnt_gaussian_sig0.03_bounded-pmin1e-05_epoch20_bs250_lr0.001_mon0.95_dp0.2_objective-channel_gradient-chan1.0-rayleigh-zf-tx1.0-noise3.162-spec-kl0.25_perc-pri0.5_epoch-pri70_bs-pri250_lr-pri0.005_mom-pri0.99_dp-pri0.2_seed7,rayleigh-zf-tx1.0-noise3.162_chan-layer4_mcsamples500_norm-spec_seed7_bounds.json
cnn-9,cifar10,20.0,rayleigh_zf,-4.9996186559619025 dB,spec,channel_grad,0.001,0.5,1.0,0.19733895361423492,0.627146,0.19746387004852295,0.8399704098701477,✓,✓,0.16307254205462127,0.6281,0.6460251808166504,✓,✓,0.3570177752567556,18.864870071411133,0.3798531314088735,0.13599248230457306,8192.0,0.1118282824754715,0.19746387004852295,0.1169247031211853,0.2884086464646468,0.6281,0.2924,cnn-9_cifar10_learnt_gaussian_sig0.03_bounded-pmin1e-05_epoch20_bs250_lr0.001_mon0.95_dp0.2_objective-channel_gradient-chan1.0-rayleigh-zf-tx1.0-noise3.162-spec-kl0.5_perc-pri0.5_epoch-pri70_bs-pri250_lr-pri0.005_mom-pri0.99_dp-pri0.2_seed7,rayleigh-zf-tx1.0-noise3.162_chan-layer4_mcsamples500_norm-spec_seed7_bounds.json
cnn-9,cifar10,20.0,rayleigh_zf,-4.9996186559619025 dB,spec,channel_grad,0.001,1.0,1.0,0.19697819650173187,0.6200797999999998,0.19716719388961793,0.8098855018615723,✓,✓,0.16739855855664887,0.6212,0.6190270781517029,✗,✓,0.35825696960869813,8.705085754394531,0.39396496317412505,0.1410447061061859,8192.0,0.11555628478527069,0.19716719388961793,0.12041999101638794,0.28958812121212163,0.6212,0.2924,cnn-9_cifar10_learnt_gaussian_sig0.03_bounded-pmin1e-05_epoch20_bs250_lr0.001_mon0.95_dp0.2_objective-channel_gradient-chan1.0-rayleigh-zf-tx1.0-noise3.162-spec-kl1.0_perc-pri0.5_epoch-pri70_bs-pri250_lr-pri0.005_mom-pri0.99_dp-pri0.2_seed7,rayleigh-zf-tx1.0-noise3.162_chan-layer4_mcsamples500_norm-spec_seed7_bounds.json
cnn-9,cifar10,50.0,rayleigh_zf,-4.9996186559619025 dB,spec,vanilla,0.001,1.0,0.0,0.22178132832050323,0.7151605999999999,0.22156453132629395,14.944793939441412,✓,-,0.09680729843691448,0.7101,14.759876178691014,✓,-,0.28172505918731133,3274.572998046875,0.0,0.0,8192.0,0.05679810792207718,0.22156453132629395,0.07107183933258057,0.21791741414141383,0.7101,0.25849999999999995,cnn-9_cifar10_learnt_gaussian_sig0.03_bounded-pmin1e-05_epoch50_bs250_lr0.001_mon0.95_dp0.2_objective-vanilla_perc-pri0.5_epoch-pri70_bs-pri250_lr-pri0.005_mom-pri0.99_dp-pri0.2_seed7,rayleigh-zf-tx1.0-noise3.162_chan-layer4_mcsamples500_norm-spec_seed7_bounds.json
cnn-9,cifar10,50.0,rayleigh_zf,-4.9996186559619025 dB,spec,channel_grad,0.001,0.0001,1.0,0.24853968620300293,0.8166682000000001,0.2461162328720093,73.0648660587689,✓,✗,0.09804497919124759,0.815,72.8747424033406,✓,✗,0.2881686346195486,16238.9736328125,0.13506633014052602,0.04835554584860802,8192.0,0.057780951261520386,0.2461162328720093,0.06442272663116455,0.2238695757575754,0.815,0.25370000000000004,cnn-9_cifar10_learnt_gaussian_sig0.03_bounded-pmin1e-05_epoch50_bs250_lr0.001_mon0.95_dp0.2_objective-channel_gradient-chan1.0-rayleigh-zf-tx1.0-noise3.162-spec-kl0.0001_perc-pri0.5_epoch-pri70_bs-pri250_lr-pri0.005_mom-pri0.99_dp-pri0.2_seed7,rayleigh-zf-tx1.0-noise3.162_chan-layer4_mcsamples500_norm-spec_seed7_bounds.json
cnn-9,cifar10,50.0,rayleigh_zf,-4.9996186559619025 dB,spec,channel_grad,0.001,0.001,1.0,0.2457081824541092,0.8046191999999999,0.24313795566558838,41.173757154314295,✓,✗,0.10114747534778067,0.8025,40.97501750049769,✓,✗,0.2998871291643792,9104.890625,0.1368280563309227,0.04898626729846001,8192.0,0.060256119817495346,0.24313795566558838,0.06581980586051941,0.23473204040404028,0.8025,0.2589,cnn-9_cifar10_learnt_gaussian_sig0.03_bounded-pmin1e-05_epoch50_bs250_lr0.001_mon0.95_dp0.2_objective-channel_gradient-chan1.0-rayleigh-zf-tx1.0-noise3.162-spec-kl0.001_perc-pri0.5_epoch-pri70_bs-pri250_lr-pri0.005_mom-pri0.99_dp-pri0.2_seed7,rayleigh-zf-tx1.0-noise3.162_chan-layer4_mcsamples500_norm-spec_seed7_bounds.json
cnn-9,cifar10,50.0,rayleigh_zf,-4.9996186559619025 dB,spec,channel_grad,0.001,0.01,1.0,0.23555801808834076,0.7600385999999999,0.23254671096801757,6.69312741602374,✓,✗,0.1132575992223498,0.7587,6.472341286215302,✓,✗,0.33404372903078733,1377.6275634765625,0.17941268935304988,0.06423213332891464,8192.0,0.0700334757566452,0.23254671096801757,0.07276340723037719,0.2666858181818185,0.7587,0.27849999999999997,cnn-9_cifar10_learnt_gaussian_sig0.03_bounded-pmin1e-05_epoch50_bs250_lr0.001_mon0.95_dp0.2_objective-channel_gradient-chan1.0-rayleigh-zf-tx1.0-noise3.162-spec-kl0.01_perc-pri0.5_epoch-pri70_bs-pri250_lr-pri0.005_mom-pri0.99_dp-pri0.2_seed7,rayleigh-zf-tx1.0-noise3.162_chan-layer4_mcsamples500_norm-spec_seed7_bounds.json
cnn-9,cifar10,50.0,rayleigh_zf,-4.9996186559619025 dB,spec,channel_grad,0.001,0.05,1.0,0.21388590335845947,0.6990808,0.21078293323516845,2.0569067001342773,✓,✓,0.13062381505581078,0.6945,1.839993953704834,✓,✓,0.3475364412062943,319.7449645996094,0.2606940208597479,0.09333193302154541,8192.0,0.08434488624334335,0.21078293323516845,0.08671063780784607,0.27942448484848526,0.6945,0.2883,cnn-9_cifar10_learnt_gaussian_sig0.03_bounded-pmin1e-05_epoch50_bs250_lr0.001_mon0.95_dp0.2_objective-channel_gradient-chan1.0-rayleigh-zf-tx1.0-noise3.162-spec-kl0.05_perc-pri0.5_epoch-pri70_bs-pri250_lr-pri0.005_mom-pri0.99_dp-pri0.2_seed7,rayleigh-zf-tx1.0-noise3.162_chan-layer4_mcsamples500_norm-spec_seed7_bounds.json
cnn-9,cifar10,50.0,rayleigh_zf,-4.9996186559619025 dB,spec,channel_grad,0.001,0.1,1.0,0.20548176765441895,0.6688843999999999,0.20234739780426025,1.3411755510437384,✓,✓,0.14178282185383953,0.663,1.132780849014285,✓,✓,0.35017752388329293,149.5406951904297,0.30349846904579014,0.10865649580955505,8192.0,0.0936964675784111,0.20234739780426025,0.09634543657302856,0.2819237979797985,0.663,0.2893,cnn-9_cifar10_learnt_gaussian_sig0.03_bounded-pmin1e-05_epoch50_bs250_lr0.001_mon0.95_dp0.2_objective-channel_gradient-chan1.0-rayleigh-zf-tx1.0-noise3.162-spec-kl0.1_perc-pri0.5_epoch-pri70_bs-pri250_lr-pri0.005_mom-pri0.99_dp-pri0.2_seed7,rayleigh-zf-tx1.0-noise3.162_chan-layer4_mcsamples500_norm-spec_seed7_bounds.json
cnn-9,cifar10,50.0,rayleigh_zf,-4.9996186559619025 dB,spec,channel_grad,0.001,0.25,1.0,0.200165256857872,0.6408047999999998,0.19665930271148682,0.9539623260498047,✓,✓,0.15585172968704236,0.6335999999999999,0.7553420066833496,✓,✓,0.3544720035249004,50.583831787109375,0.3545392899705768,0.12692978978157043,8192.0,0.10563893616199493,0.19665930271148682,0.10910170078277588,0.28599515151515204,0.6335999999999999,0.2933,cnn-9_cifar10_learnt_gaussian_sig0.03_bounded-pmin1e-05_epoch50_bs250_lr0.001_mon0.95_dp0.2_objective-channel_gradient-chan1.0-rayleigh-zf-tx1.0-noise3.162-spec-kl0.25_perc-pri0.5_epoch-pri70_bs-pri250_lr-pri0.005_mom-pri0.99_dp-pri0.2_seed7,rayleigh-zf-tx1.0-noise3.162_chan-layer4_mcsamples500_norm-spec_seed7_bounds.json
cnn-9,cifar10,50.0,rayleigh_zf,-4.9996186559619025 dB,spec,channel_grad,0.001,0.5,1.0,0.19908155500888824,0.630192,0.19543012380599975,0.8659778237342834,✓,✓,0.16308485139877837,0.6207,0.6713125705718994,✓,✓,0.35775008473827524,24.9128360748291,0.37808091652331816,0.13535800576210022,8192.0,0.11183954775333405,0.19543012380599975,0.11545300483703613,0.289105050505051,0.6207,0.2964,cnn-9_cifar10_learnt_gaussian_sig0.03_bounded-pmin1e-05_epoch50_bs250_lr0.001_mon0.95_dp0.2_objective-channel_gradient-chan1.0-rayleigh-zf-tx1.0-noise3.162-spec-kl0.5_perc-pri0.5_epoch-pri70_bs-pri250_lr-pri0.005_mom-pri0.99_dp-pri0.2_seed7,rayleigh-zf-tx1.0-noise3.162_chan-layer4_mcsamples500_norm-spec_seed7_bounds.json
cnn-9,cifar10,50.0,rayleigh_zf,-4.9996186559619025 dB,spec,channel_grad,0.001,1.0,1.0,0.19726833701133728,0.6204146,0.19341222047805787,0.8295825719833374,✓,✓,0.1679274323402529,0.6131,0.6379568576812744,✓,✓,0.35955311481562446,12.825881958007812,0.393937076563981,0.14103472232818604,8192.0,0.11601241677999496,0.19341222047805787,0.11965354681015014,0.29081931313131343,0.6131,0.29679999999999995,cnn-9_cifar10_learnt_gaussian_sig0.03_bounded-pmin1e-05_epoch50_bs250_lr0.001_mon0.95_dp0.2_objective-channel_gradient-chan1.0-rayleigh-zf-tx1.0-noise3.162-spec-kl1.0_perc-pri0.5_epoch-pri70_bs-pri250_lr-pri0.005_mom-pri0.99_dp-pri0.2_seed7,rayleigh-zf-tx1.0-noise3.162_chan-layer4_mcsamples500_norm-spec_seed7_bounds.json
cnn-9,cifar10,5.0,rayleigh_zf,0.0 dB,frob,vanilla,0.001,1.0,0.0,0.1602472960948944,0.5502534,0.16014244556427001,1.1642091126889502,✓,-,0.1358613007492262,0.5529999999999999,0.954137360992195,✓,-,0.34593305244598127,176.48338317871094,0.0102851384515858,0.00654772249981761,8192.0,0.08871884644031525,0.16014244556427001,0.09338337182998657,0.27790925252525306,0.5529999999999999,0.2821,cnn-9_cifar10_learnt_gaussian_sig0.03_bounded-pmin1e-05_epoch5_bs250_lr0.001_mon0.95_dp0.2_objective-vanilla_perc-pri0.5_epoch-pri70_bs-pri250_lr-pri0.005_mom-pri0.99_dp-pri0.2_seed7,rayleigh-zf-tx1.0-noise1.0_chan-layer4_mcsamples500_norm-frob_seed7_bounds.json
cnn-9,cifar10,5.0,rayleigh_zf,0.0 dB,frob,channel_grad,0.001,0.01,0.01,0.1598404496908188,0.5377204,0.16081535816192627,1.1803992986679077,✓,✓,0.14406865785162026,0.5453,0.9750158786773682,✓,✓,0.34945211750353045,92.52534484863281,0.39842805615064847,0.25364717841148376,8192.0,0.09562583267688751,0.16081535816192627,0.10403046607971192,0.2812373333333336,0.5453,0.29800000000000004,cnn-9_cifar10_learnt_gaussian_sig0.03_bounded-pmin1e-05_epoch5_bs250_lr0.001_mon0.95_dp0.2_objective-channel_gradient-chan0.01-rayleigh-zf-tx1.0-noise1.0-frob-kl0.01_perc-pri0.5_epoch-pri70_bs-pri250_lr-pri0.005_mom-pri0.99_dp-pri0.2_seed7,rayleigh-zf-tx1.0-noise1.0_chan-layer4_mcsamples500_norm-frob_seed7_bounds.json
cnn-9,cifar10,5.0,rayleigh_zf,0.0 dB,frob,channel_grad,0.001,0.01,0.1,0.16695840656757355,0.5736225999999999,0.16828571557998656,1.6972382068634033,✓,✗,0.13305826270973053,0.5799000000000001,1.4836541414260864,✓,✗,0.3466422980529766,221.61074829101562,0.3407893178944151,0.21695321798324585,8192.0,0.08637483417987823,0.16828571557998656,0.09372815489768982,0.2785768080808084,0.5799000000000001,0.29259999999999997,cnn-9_cifar10_learnt_gaussian_sig0.03_bounded-pmin1e-05_epoch5_bs250_lr0.001_mon0.95_dp0.2_objective-channel_gradient-chan0.1-rayleigh-zf-tx1.0-noise1.0-frob-kl0.01_perc-pri0.5_epoch-pri70_bs-pri250_lr-pri0.005_mom-pri0.99_dp-pri0.2_seed7,rayleigh-zf-tx1.0-noise1.0_chan-layer4_mcsamples500_norm-frob_seed7_bounds.json
cnn-9,cifar10,5.0,rayleigh_zf,0.0 dB,frob,channel_grad,0.001,0.01,1.0,0.2057882845401764,0.6942778000000001,0.20584166049957275,7.170632362365723,✓,✗,0.11364489625296802,0.6957,6.94559383392334,✓,✗,0.3386832322461387,1475.909912109375,0.21274625437543815,0.135438472032547,8192.0,0.07034853100776672,0.20584166049957275,0.07534667253494262,0.2710597171717174,0.6957,0.2892,cnn-9_cifar10_learnt_gaussian_sig0.03_bounded-pmin1e-05_epoch5_bs250_lr0.001_mon0.95_dp0.2_objective-channel_gradient-chan1.0-rayleigh-zf-tx1.0-noise1.0-frob-kl0.01_perc-pri0.5_epoch-pri70_bs-pri250_lr-pri0.005_mom-pri0.99_dp-pri0.2_seed7,rayleigh-zf-tx1.0-noise1.0_chan-layer4_mcsamples500_norm-frob_seed7_bounds.json
cnn-9,cifar10,5.0,rayleigh_zf,0.0 dB,frob,channel_grad,0.001,0.1,0.01,0.16180621087551117,0.5071664,0.1625373601913452,0.8914898037910461,✓,✗,0.1666037143100455,0.5118,0.699939489364624,✓,✓,0.35815405979184295,4.747378826141357,0.49337157993522274,0.3140901029109955,8192.0,0.11486976593732834,0.1625373601913452,0.12364859580993652,0.28949220202020254,0.5118,0.30610000000000004,cnn-9_cifar10_learnt_gaussian_sig0.03_bounded-pmin1e-05_epoch5_bs250_lr0.001_mon0.95_dp0.2_objective-channel_gradient-chan0.01-rayleigh-zf-tx1.0-noise1.0-frob-kl0.1_perc-pri0.5_epoch-pri70_bs-pri250_lr-pri0.005_mom-pri0.99_dp-pri0.2_seed7,rayleigh-zf-tx1.0-noise1.0_chan-layer4_mcsamples500_norm-frob_seed7_bounds.json
cnn-9,cifar10,5.0,rayleigh_zf,0.0 dB,frob,channel_grad,0.001,0.1,0.1,0.1618211716413498,0.5160705999999999,0.16264294385910033,0.9066634178161621,✓,✗,0.161957602461899,0.5215000000000001,0.7118207812309265,✓,✓,0.356800240137193,13.101442337036133,0.47253850296537353,0.30082735419273376,8192.0,0.11087004095315933,0.16264294385910033,0.11938732862472534,0.28820395959596007,0.5215000000000001,0.3035,cnn-9_cifar10_learnt_gaussian_sig0.03_bounded-pmin1e-05_epoch5_bs250_lr0.001_mon0.95_dp0.2_objective-channel_gradient-chan0.1-rayleigh-zf-tx1.0-noise1.0-frob-kl0.1_perc-pri0.5_epoch-pri70_bs-pri250_lr-pri0.005_mom-pri0.99_dp-pri0.2_seed7,rayleigh-zf-tx1.0-noise1.0_chan-layer4_mcsamples500_norm-frob_seed7_bounds.json
cnn-9,cifar10,5.0,rayleigh_zf,0.0 dB,frob,channel_grad,0.001,0.1,1.0,0.16902890801429749,0.5734676000000001,0.1704105854034424,1.6123191118240356,✓,✗,0.13780265986834755,0.5776,1.3997480869293213,✓,✗,0.3503736136718608,197.82395935058594,0.35851656126525694,0.22823873162269592,8192.0,0.09034711867570877,0.1704105854034424,0.09730587601661682,0.28211022222222265,0.5776,0.2965,cnn-9_cifar10_learnt_gaussian_sig0.03_bounded-pmin1e-05_epoch5_bs250_lr0.001_mon0.95_dp0.2_objective-channel_gradient-chan1.0-rayleigh-zf-tx1.0-noise1.0-frob-kl0.1_perc-pri0.5_epoch-pri70_bs-pri250_lr-pri0.005_mom-pri0.99_dp-pri0.2_seed7,rayleigh-zf-tx1.0-noise1.0_chan-layer4_mcsamples500_norm-frob_seed7_bounds.json
cnn-9,cifar10,5.0,rayleigh_zf,0.0 dB,frob,channel_grad,0.001,1.0,0.01,0.16346494853496552,0.5010650000000001,0.1642565369606018,0.9007617831230164,✓,✗,0.17298414969394876,0.5065,0.7127104997634888,✓,✓,0.3610353925465173,0.1729220747947693,0.5202198015399903,0.33118221163749695,8192.0,0.12038559466600418,0.1642565369606018,0.12915419340133666,0.2922274747474752,0.5065,0.3087,cnn-9_cifar10_learnt_gaussian_sig0.03_bounded-pmin1e-05_epoch5_bs250_lr0.001_mon0.95_dp0.2_objective-channel_gradient-chan0.01-rayleigh-zf-tx1.0-noise1.0-frob-kl1.0_perc-pri0.5_epoch-pri70_bs-pri250_lr-pri0.005_mom-pri0.99_dp-pri0.2_seed7,rayleigh-zf-tx1.0-noise1.0_chan-layer4_mcsamples500_norm-frob_seed7_bounds.json
cnn-9,cifar10,5.0,rayleigh_zf,0.0 dB,frob,channel_grad,0.001,1.0,0.1,0.16340674459934235,0.5019779999999999,0.1641944408416748,0.8986364603042603,✓,✗,0.17233800918980338,0.5074000000000001,0.7102688550949097,✓,✓,0.360705614823,0.4377097189426422,0.5172400831827604,0.32928526401519775,8192.0,0.11982692033052444,0.1641944408416748,0.12858095169067382,0.29191604040404096,0.5074000000000001,0.3084,cnn-9_cifar10_learnt_gaussian_sig0.03_bounded-pmin1e-05_epoch5_bs250_lr0.001_mon0.95_dp0.2_objective-channel_gradient-chan0.1-rayleigh-zf-tx1.0-noise1.0-frob-kl1.0_perc-pri0.5_epoch-pri70_bs-pri250_lr-pri0.005_mom-pri0.99_dp-pri0.2_seed7,rayleigh-zf-tx1.0-noise1.0_chan-layer4_mcsamples500_norm-frob_seed7_bounds.json
cnn-9,cifar10,5.0,rayleigh_zf,0.0 dB,frob,channel_grad,0.001,1.0,1.0,0.1627962738275528,0.5096689999999998,0.1635620951652527,0.9179470539093018,✓,✗,0.16681292617921034,0.5146,0.7265182733535767,✓,✓,0.3582417132101793,10.643820762634277,0.49337148630846567,0.3140900433063507,8192.0,0.11505073308944702,0.1635620951652527,0.12368197441101074,0.28957123232323273,0.5146,0.3056,cnn-9_cifar10_learnt_gaussian_sig0.03_bounded-pmin1e-05_epoch5_bs250_lr0.001_mon0.95_dp0.2_objective-channel_gradient-chan1.0-rayleigh-zf-tx1.0-noise1.0-frob-kl1.0_perc-pri0.5_epoch-pri70_bs-pri250_lr-pri0.005_mom-pri0.99_dp-pri0.2_seed7,rayleigh-zf-tx1.0-noise1.0_chan-layer4_mcsamples500_norm-frob_seed7_bounds.json
cnn-9,cifar10,10.0,rayleigh_zf,0.0 dB,frob,vanilla,0.001,1.0,0.0,0.164123073220253,0.5763304,0.1658778190612793,3.6997018536683646,✓,-,0.12351594843040735,0.5798,3.4837189521787177,✓,-,0.3394988499200545,747.1753540039062,0.0,0.0,8192.0,0.07844890654087067,0.1658778190612793,0.0841137170791626,0.2718301414141417,0.5798,0.2801,cnn-9_cifar10_learnt_gaussian_sig0.03_bounded-pmin1e-05_epoch10_bs250_lr0.001_mon0.95_dp0.2_objective-vanilla_perc-pri0.5_epoch-pri70_bs-pri250_lr-pri0.005_mom-pri0.99_dp-pri0.2_seed7,rayleigh-zf-tx1.0-noise1.0_chan-layer4_mcsamples500_norm-frob_seed7_bounds.json
cnn-9,cifar10,10.0,rayleigh_zf,0.0 dB,frob,channel_grad,0.001,0.01,0.01,0.16034741699695587,0.5445751999999998,0.15935881137847902,1.3186008930206299,✓,✓,0.13983121826545925,0.5389999999999999,1.1111373901367188,✓,✓,0.347294692035822,127.7120590209961,0.3814273096013153,0.24282416701316833,8192.0,0.09205248206853867,0.15935881137847902,0.0963311493396759,0.27919393939393966,0.5389999999999999,0.29000000000000004,cnn-9_cifar10_learnt_gaussian_sig0.03_bounded-pmin1e-05_epoch10_bs250_lr0.001_mon0.95_dp0.2_objective-channel_gradient-chan0.01-rayleigh-zf-tx1.0-noise1.0-frob-kl0.01_perc-pri0.5_epoch-pri70_bs-pri250_lr-pri0.005_mom-pri0.99_dp-pri0.2_seed7,rayleigh-zf-tx1.0-noise1.0_chan-layer4_mcsamples500_norm-frob_seed7_bounds.json
cnn-9,cifar10,10.0,rayleigh_zf,0.0 dB,frob,channel_grad,0.001,0.01,0.1,0.16952036321163177,0.5839275999999999,0.1681957244873047,1.941051959991455,✓,✗,0.12960393312097523,0.5806,1.7260091304779053,✓,✗,0.3446467885025556,280.04791259765625,0.3252597285789715,0.20706677436828613,8192.0,0.08349533379077911,0.1681957244873047,0.08740662336349488,0.27669026262626295,0.5806,0.2895,cnn-9_cifar10_learnt_gaussian_sig0.03_bounded-pmin1e-05_epoch10_bs250_lr0.001_mon0.95_dp0.2_objective-channel_gradient-chan0.1-rayleigh-zf-tx1.0-noise1.0-frob-kl0.01_perc-pri0.5_epoch-pri70_bs-pri250_lr-pri0.005_mom-pri0.99_dp-pri0.2_seed7,rayleigh-zf-tx1.0-noise1.0_chan-layer4_mcsamples500_norm-frob_seed7_bounds.json
cnn-9,cifar10,10.0,rayleigh_zf,0.0 dB,frob,channel_grad,0.001,0.01,1.0,0.20864425599575043,0.7013617999999997,0.20736193656921387,8.226584434509277,✓,✗,0.11229269279666533,0.6993,8.003626823425293,✓,✗,0.3352494315380139,1714.10302734375,0.20689928680291245,0.13171617686748505,8192.0,0.0692468136548996,0.20736193656921387,0.0723425030708313,0.2678227878787881,0.6993,0.2811,cnn-9_cifar10_learnt_gaussian_sig0.03_bounded-pmin1e-05_epoch10_bs250_lr0.001_mon0.95_dp0.2_objective-channel_gradient-chan1.0-rayleigh-zf-tx1.0-noise1.0-frob-kl0.01_perc-pri0.5_epoch-pri70_bs-pri250_lr-pri0.005_mom-pri0.99_dp-pri0.2_seed7,rayleigh-zf-tx1.0-noise1.0_chan-layer4_mcsamples500_norm-frob_seed7_bounds.json
cnn-9,cifar10,10.0,rayleigh_zf,0.0 dB,frob,channel_grad,0.001,0.05,1.0,0.18008878827095032,0.6173798000000001,0.17888126373291016,2.568403720855713,✓,✗,0.12708007520792197,0.6129,2.3467209339141846,✓,✗,0.3487629435249894,424.8813781738281,0.30078019370808556,0.19148261845111847,8192.0,0.0813986286520958,0.17888126373291016,0.08439387679100037,0.280585050505051,0.6129,0.29379999999999995,cnn-9_cifar10_learnt_gaussian_sig0.03_bounded-pmin1e-05_epoch10_bs250_lr0.001_mon0.95_dp0.2_objective-channel_gradient-chan1.0-rayleigh-zf-tx1.0-noise1.0-frob-kl0.05_perc-pri0.5_epoch-pri70_bs-pri250_lr-pri0.005_mom-pri0.99_dp-pri0.2_seed7,rayleigh-zf-tx1.0-noise1.0_chan-layer4_mcsamples500_norm-frob_seed7_bounds.json
cnn-9,cifar10,10.0,rayleigh_zf,0.0 dB,frob,channel_grad,0.001,0.1,0.01,0.16186769306659698,0.5069170000000001,0.16103922128677367,0.893296480178833,✓,✓,0.16656606650630956,0.5037,0.7022010087966919,✓,✓,0.3576615367276537,4.913670063018799,0.4949270948772352,0.3150803744792938,8192.0,0.11483695358037949,0.16103922128677367,0.11819018125534057,0.28902505050505095,0.5037,0.2963,cnn-9_cifar10_learnt_gaussian_sig0.03_bounded-pmin1e-05_epoch10_bs250_lr0.001_mon0.95_dp0.2_objective-channel_gradient-chan0.01-rayleigh-zf-tx1.0-noise1.0-frob-kl0.1_perc-pri0.5_epoch-pri70_bs-pri250_lr-pri0.005_mom-pri0.99_dp-pri0.2_seed7,rayleigh-zf-tx1.0-noise1.0_chan-layer4_mcsamples500_norm-frob_seed7_bounds.json
cnn-9,cifar10,10.0,rayleigh_zf,0.0 dB,frob,channel_grad,0.001,0.1,0.1,0.1618051379919052,0.5155017999999999,0.16078726053237916,0.9084955453872681,✓,✓,0.16186417770334777,0.5146999999999999,0.7142147421836853,✓,✓,0.35614499721605114,13.459770202636719,0.4734234162598499,0.30139070749282837,8192.0,0.11079071462154388,0.16078726053237916,0.11402634382247925,0.28758109090909145,0.5146999999999999,0.2965,cnn-9_cifar10_learnt_gaussian_sig0.03_bounded-pmin1e-05_epoch10_bs250_lr0.001_mon0.95_dp0.2_objective-channel_gradient-chan0.1-rayleigh-zf-tx1.0-noise1.0-frob-kl0.1_perc-pri0.5_epoch-pri70_bs-pri250_lr-pri0.005_mom-pri0.99_dp-pri0.2_seed7,rayleigh-zf-tx1.0-noise1.0_chan-layer4_mcsamples500_norm-frob_seed7_bounds.json
cnn-9,cifar10,10.0,rayleigh_zf,0.0 dB,frob,channel_grad,0.001,0.1,1.0,0.17039722204208374,0.5788150000000001,0.16934257745742798,1.6309430599212646,✓,✗,0.13763757039780222,0.5769,1.4169795513153076,✓,✗,0.35160107130264895,202.01145935058594,0.357186101640559,0.22739173471927643,8192.0,0.09020955860614777,0.16934257745742798,0.09300038814544678,0.28327329292929343,0.5769,0.29400000000000004,cnn-9_cifar10_learnt_gaussian_sig0.03_bounded-pmin1e-05_epoch10_bs250_lr0.001_mon0.95_dp0.2_objective-channel_gradient-chan1.0-rayleigh-zf-tx1.0-noise1.0-frob-kl0.1_perc-pri0.5_epoch-pri70_bs-pri250_lr-pri0.005_mom-pri0.99_dp-pri0.2_seed7,rayleigh-zf-tx1.0-noise1.0_chan-layer4_mcsamples500_norm-frob_seed7_bounds.json
cnn-9,cifar10,10.0,rayleigh_zf,0.0 dB,frob,channel_grad,0.001,0.25,1.0,0.16339285671710968,0.5375634000000001,0.1624054193496704,1.0791312456130981,✓,✓,0.15265542844177293,0.5344,0.8774739503860474,✓,✓,0.35431271373306417,61.772193908691406,0.429831640807429,0.2736393213272095,8192.0,0.10291238129138947,0.1624054193496704,0.10575722455978394,0.28584307070707116,0.5344,0.2935,cnn-9_cifar10_learnt_gaussian_sig0.03_bounded-pmin1e-05_epoch10_bs250_lr0.001_mon0.95_dp0.2_objective-channel_gradient-chan1.0-rayleigh-zf-tx1.0-noise1.0-frob-kl0.25_perc-pri0.5_epoch-pri70_bs-pri250_lr-pri0.005_mom-pri0.99_dp-pri0.2_seed7,rayleigh-zf-tx1.0-noise1.0_chan-layer4_mcsamples500_norm-frob_seed7_bounds.json
cnn-9,cifar10,10.0,rayleigh_zf,0.0 dB,frob,channel_grad,0.001,0.5,1.0,0.16219209134578705,0.5197949999999999,0.1611320972442627,0.9620558619499207,✓,✓,0.16089354907590497,0.5188999999999999,0.7665375471115112,✓,✓,0.35641183718833946,26.833255767822266,0.4669088196893252,0.2972433865070343,8192.0,0.109957255423069,0.1611320972442627,0.11288218498229981,0.28783426262626305,0.5188999999999999,0.29700000000000004,cnn-9_cifar10_learnt_gaussian_sig0.03_bounded-pmin1e-05_epoch10_bs250_lr0.001_mon0.95_dp0.2_objective-channel_gradient-chan1.0-rayleigh-zf-tx1.0-noise1.0-frob-kl0.5_perc-pri0.5_epoch-pri70_bs-pri250_lr-pri0.005_mom-pri0.99_dp-pri0.2_seed7,rayleigh-zf-tx1.0-noise1.0_chan-layer4_mcsamples500_norm-frob_seed7_bounds.json
cnn-9,cifar10,10.0,rayleigh_zf,0.0 dB,frob,channel_grad,0.001,1.0,0.01,0.1634143888950348,0.5009306000000001,0.16271992921829223,0.9006973505020142,✓,✓,0.17297531625519355,0.49829999999999997,0.7127479910850525,✓,✓,0.36092464457917517,0.18589001893997192,0.5202080981953561,0.3311747610569,8192.0,0.12037976831197739,0.16271992921829223,0.12349004745483398,0.29212274747474787,0.49829999999999997,0.3002,cnn-9_cifar10_learnt_gaussian_sig0.03_bounded-pmin1e-05_epoch10_bs250_lr0.001_mon0.95_dp0.2_objective-channel_gradient-chan0.01-rayleigh-zf-tx1.0-noise1.0-frob-kl1.0_perc-pri0.5_epoch-pri70_bs-pri250_lr-pri0.005_mom-pri0.99_dp-pri0.2_seed7,rayleigh-zf-tx1.0-noise1.0_chan-layer4_mcsamples500_norm-frob_seed7_bounds.json
cnn-9,cifar10,10.0,rayleigh_zf,0.0 dB,frob,channel_grad,0.001,1.0,0.1,0.16329003870487213,0.5019020000000002,0.1625812292098999,0.8988335728645325,✓,✓,0.17227553029754378,0.499,0.7104587554931641,✓,✓,0.3606503091065343,0.49044695496559143,0.5172566551187623,0.329295814037323,8192.0,0.11977118998765945,0.1625812292098999,0.12287622690200806,0.2918607676767681,0.499,0.30000000000000004,cnn-9_cifar10_learnt_gaussian_sig0.03_bounded-pmin1e-05_epoch10_bs250_lr0.001_mon0.95_dp0.2_objective-channel_gradient-chan0.1-rayleigh-zf-tx1.0-noise1.0-frob-kl1.0_perc-pri0.5_epoch-pri70_bs-pri250_lr-pri0.005_mom-pri0.99_dp-pri0.2_seed7,rayleigh-zf-tx1.0-noise1.0_chan-layer4_mcsamples500_norm-frob_seed7_bounds.json
cnn-9,cifar10,10.0,rayleigh_zf,0.0 dB,frob,channel_grad,0.001,1.0,1.0,0.16216957569122314,0.5090008000000001,0.16122429370880126,0.9231719970703125,✓,✓,0.16632246107702464,0.507,0.7317267060279846,✓,✓,0.35776775198138516,12.370501518249512,0.4913484461550087,0.31280213594436646,8192.0,0.11462665349245071,0.16122429370880126,0.11775741577148438,0.28912460606060664,0.507,0.2973,cnn-9_cifar10_learnt_gaussian_sig0.03_bounded-pmin1e-05_epoch10_bs250_lr0.001_mon0.95_dp0.2_objective-channel_gradient-chan1.0-rayleigh-zf-tx1.0-noise1.0-frob-kl1.0_perc-pri0.5_epoch-pri70_bs-pri250_lr-pri0.005_mom-pri0.99_dp-pri0.2_seed7,rayleigh-zf-tx1.0-noise1.0_chan-layer4_mcsamples500_norm-frob_seed7_bounds.json
cnn-9,cifar10,20.0,rayleigh_zf,0.0 dB,frob,vanilla,0.001,1.0,0.0,0.16947750747203827,0.5949750000000001,0.17119706869125367,6.295255897792478,✓,-,0.11487997961203708,0.5969,6.081700343408376,✓,-,0.3284355339961387,1330.03271484375,0.0,0.0,8192.0,0.07135599106550217,0.17119706869125367,0.07795639634132386,0.2614101010101012,0.5969,0.274,cnn-9_cifar10_learnt_gaussian_sig0.03_bounded-pmin1e-05_epoch20_bs250_lr0.001_mon0.95_dp0.2_objective-vanilla_perc-pri0.5_epoch-pri70_bs-pri250_lr-pri0.005_mom-pri0.99_dp-pri0.2_seed7,rayleigh-zf-tx1.0-noise1.0_chan-layer4_mcsamples500_norm-frob_seed7_bounds.json
cnn-9,cifar10,20.0,rayleigh_zf,0.0 dB,frob,channel_grad,0.001,0.01,0.01,0.1604870706796646,0.5458116,0.1607142686843872,1.3453869819641113,✓,✓,0.13889721284375406,0.5464,1.1376477479934692,✓,✓,0.3466365165227698,135.21054077148438,0.3753373805941849,0.23894719779491425,8192.0,0.09126784652471542,0.1607142686843872,0.09729631543159485,0.27857042424242456,0.5464,0.28580000000000005,cnn-9_cifar10_learnt_gaussian_sig0.03_bounded-pmin1e-05_epoch20_bs250_lr0.001_mon0.95_dp0.2_objective-channel_gradient-chan0.01-rayleigh-zf-tx1.0-noise1.0-frob-kl0.01_perc-pri0.5_epoch-pri70_bs-pri250_lr-pri0.005_mom-pri0.99_dp-pri0.2_seed7,rayleigh-zf-tx1.0-noise1.0_chan-layer4_mcsamples500_norm-frob_seed7_bounds.json
cnn-9,cifar10,20.0,rayleigh_zf,0.0 dB,frob,channel_grad,0.001,0.01,0.1,0.1700735241174698,0.5850483999999999,0.17063066959381104,1.9782686233520508,✓,✗,0.12907390957266557,0.5908,1.7632763385772705,✓,✓,0.34406630036157493,289.3859558105469,0.3212958057513892,0.20454326272010803,8192.0,0.08305509388446808,0.17063066959381104,0.08831125497817993,0.2761410101010106,0.5908,0.28559999999999997,cnn-9_cifar10_learnt_gaussian_sig0.03_bounded-pmin1e-05_epoch20_bs250_lr0.001_mon0.95_dp0.2_objective-channel_gradient-chan0.1-rayleigh-zf-tx1.0-noise1.0-frob-kl0.01_perc-pri0.5_epoch-pri70_bs-pri250_lr-pri0.005_mom-pri0.99_dp-pri0.2_seed7,rayleigh-zf-tx1.0-noise1.0_chan-layer4_mcsamples500_norm-frob_seed7_bounds.json
cnn-9,cifar10,20.0,rayleigh_zf,0.0 dB,frob,channel_grad,0.001,0.01,1.0,0.2085479348897934,0.7020760000000001,0.20882725715637207,8.611762046813965,✓,✗,0.11189993958840784,0.7030000000000001,8.389684677124023,✓,✗,0.33397727931358495,1800.9947509765625,0.20475862803588238,0.1303533911705017,8192.0,0.06892811506986618,0.20882725715637207,0.07277798056602477,0.26662496969696975,0.7030000000000001,0.27969999999999995,cnn-9_cifar10_learnt_gaussian_sig0.03_bounded-pmin1e-05_epoch20_bs250_lr0.001_mon0.95_dp0.2_objective-channel_gradient-chan1.0-rayleigh-zf-tx1.0-noise1.0-frob-kl0.01_perc-pri0.5_epoch-pri70_bs-pri250_lr-pri0.005_mom-pri0.99_dp-pri0.2_seed7,rayleigh-zf-tx1.0-noise1.0_chan-layer4_mcsamples500_norm-frob_seed7_bounds.json
cnn-9,cifar10,20.0,rayleigh_zf,0.0 dB,frob,channel_grad,0.001,0.05,1.0,0.17933283746242523,0.6140966,0.179725182056427,2.5360262393951416,✓,✗,0.12705038919549044,0.6179,2.3151743412017822,✓,✗,0.34790243514068675,417.85150146484375,0.3007017578923476,0.19143268465995789,8192.0,0.08137476444244385,0.179725182056427,0.08558797836303711,0.27976800000000035,0.6179,0.2893,cnn-9_cifar10_learnt_gaussian_sig0.03_bounded-pmin1e-05_epoch20_bs250_lr0.001_mon0.95_dp0.2_objective-channel_gradient-chan1.0-rayleigh-zf-tx1.0-noise1.0-frob-kl0.05_perc-pri0.5_epoch-pri70_bs-pri250_lr-pri0.005_mom-pri0.99_dp-pri0.2_seed7,rayleigh-zf-tx1.0-noise1.0_chan-layer4_mcsamples500_norm-frob_seed7_bounds.json
cnn-9,cifar10,20.0,rayleigh_zf,0.0 dB,frob,channel_grad,0.001,0.1,0.01,0.16190747916698456,0.5068541999999999,0.16144970655441285,0.892065167427063,✓,✓,0.16637958997454017,0.5008,0.700921356678009,✓,✓,0.35752341205533467,4.9825968742370605,0.4935256895773651,0.3141882121562958,8192.0,0.1146765649318695,0.16144970655441285,0.1196969985961914,0.2888901818181823,0.5008,0.2912,cnn-9_cifar10_learnt_gaussian_sig0.03_bounded-pmin1e-05_epoch20_bs250_lr0.001_mon0.95_dp0.2_objective-channel_gradient-chan0.01-rayleigh-zf-tx1.0-noise1.0-frob-kl0.1_perc-pri0.5_epoch-pri70_bs-pri250_lr-pri0.005_mom-pri0.99_dp-pri0.2_seed7,rayleigh-zf-tx1.0-noise1.0_chan-layer4_mcsamples500_norm-frob_seed7_bounds.json
cnn-9,cifar10,20.0,rayleigh_zf,0.0 dB,frob,channel_grad,0.001,0.1,0.1,0.16195128858089447,0.515668,0.16164896488189698,0.9080257415771484,✓,✓,0.16174482099820858,0.5102,0.713599443435669,✓,✓,0.3561710692939467,13.451237678527832,0.472965628231141,0.3010992705821991,8192.0,0.11068747937679291,0.16164896488189698,0.115700101852417,0.28760993939394,0.5102,0.2902,cnn-9_cifar10_learnt_gaussian_sig0.03_bounded-pmin1e-05_epoch20_bs250_lr0.001_mon0.95_dp0.2_objective-channel_gradient-chan0.1-rayleigh-zf-tx1.0-noise1.0-frob-kl0.1_perc-pri0.5_epoch-pri70_bs-pri250_lr-pri0.005_mom-pri0.99_dp-pri0.2_seed7,rayleigh-zf-tx1.0-noise1.0_chan-layer4_mcsamples500_norm-frob_seed7_bounds.json
cnn-9,cifar10,20.0,rayleigh_zf,0.0 dB,frob,channel_grad,0.001,0.1,1.0,0.16929283738136292,0.5744116,0.1698500394821167,1.5998471975326538,✓,✓,0.1376757734989496,0.5763,1.3871231079101562,✓,✓,0.35039985781248495,195.3581085205078,0.35704608282535616,0.22730259597301483,8192.0,0.0902407094836235,0.1698500394821167,0.09493328332901001,0.28213317171717206,0.5763,0.29000000000000004,cnn-9_cifar10_learnt_gaussian_sig0.03_bounded-pmin1e-05_epoch20_bs250_lr0.001_mon0.95_dp0.2_objective-channel_gradient-chan1.0-rayleigh-zf-tx1.0-noise1.0-frob-kl0.1_perc-pri0.5_epoch-pri70_bs-pri250_lr-pri0.005_mom-pri0.99_dp-pri0.2_seed7,rayleigh-zf-tx1.0-noise1.0_chan-layer4_mcsamples500_norm-frob_seed7_bounds.json
cnn-9,cifar10,20.0,rayleigh_zf,0.0 dB,frob,channel_grad,0.001,0.25,1.0,0.16281376779079437,0.5352492,0.16315568685531617,1.0742642879486084,✓,✓,0.1526084060589295,0.5307,0.872771143913269,✓,✓,0.35410152608356327,60.77199935913086,0.42964888137762236,0.2735229730606079,8192.0,0.10287165641784668,0.16315568685531617,0.10784796476364136,0.28564565656565694,0.5307,0.2892,cnn-9_cifar10_learnt_gaussian_sig0.03_bounded-pmin1e-05_epoch20_bs250_lr0.001_mon0.95_dp0.2_objective-channel_gradient-chan1.0-rayleigh-zf-tx1.0-noise1.0-frob-kl0.25_perc-pri0.5_epoch-pri70_bs-pri250_lr-pri0.005_mom-pri0.99_dp-pri0.2_seed7,rayleigh-zf-tx1.0-noise1.0_chan-layer4_mcsamples500_norm-frob_seed7_bounds.json
cnn-9,cifar10,20.0,rayleigh_zf,0.0 dB,frob,channel_grad,0.001,0.5,1.0,0.16211487352848053,0.5198896,0.16204159259796141,0.9537214040756226,✓,✓,0.160965500132927,0.5145,0.7577241659164429,✓,✓,0.3569626682756917,24.633895874023438,0.4678593185271313,0.29784849286079407,8192.0,0.11001916974782944,0.16204159259796141,0.11499588489532471,0.2883596767676773,0.5145,0.2924,cnn-9_cifar10_learnt_gaussian_sig0.03_bounded-pmin1e-05_epoch20_bs250_lr0.001_mon0.95_dp0.2_objective-channel_gradient-chan1.0-rayleigh-zf-tx1.0-noise1.0-frob-kl0.5_perc-pri0.5_epoch-pri70_bs-pri250_lr-pri0.005_mom-pri0.99_dp-pri0.2_seed7,rayleigh-zf-tx1.0-noise1.0_chan-layer4_mcsamples500_norm-frob_seed7_bounds.json
cnn-9,cifar10,20.0,rayleigh_zf,0.0 dB,frob,channel_grad,0.001,1.0,0.01,0.16337890923023224,0.5005986000000001,0.16295013427734376,0.9005405902862549,✓,✓,0.17286895566151944,0.4938,0.712659478187561,✓,✓,0.36075004909584235,0.1777362823486328,0.5202624485278371,0.33120936155319214,8192.0,0.12028805911540985,0.16295013427734376,0.12495223283767701,0.29195927272727323,0.4938,0.29569999999999996,cnn-9_cifar10_learnt_gaussian_sig0.03_bounded-pmin1e-05_epoch20_bs250_lr0.001_mon0.95_dp0.2_objective-channel_gradient-chan0.01-rayleigh-zf-tx1.0-noise1.0-frob-kl1.0_perc-pri0.5_epoch-pri70_bs-pri250_lr-pri0.005_mom-pri0.99_dp-pri0.2_seed7,rayleigh-zf-tx1.0-noise1.0_chan-layer4_mcsamples500_norm-frob_seed7_bounds.json
cnn-9,cifar10,20.0,rayleigh_zf,0.0 dB,frob,channel_grad,0.001,1.0,0.1,0.16327369213104248,0.5016242,0.1628556251525879,0.8985586166381836,✓,✓,0.17221049082640674,0.496,0.7102658748626709,✓,✓,0.36050320592629737,0.44939476251602173,0.5173124098525993,0.32933130860328674,8192.0,0.11971630901098251,0.1628556251525879,0.12439920902252197,0.29172177777777825,0.496,0.29469999999999996,cnn-9_cifar10_learnt_gaussian_sig0.03_bounded-pmin1e-05_epoch20_bs250_lr0.001_mon0.95_dp0.2_objective-channel_gradient-chan0.1-rayleigh-zf-tx1.0-noise1.0-frob-kl1.0_perc-pri0.5_epoch-pri70_bs-pri250_lr-pri0.005_mom-pri0.99_dp-pri0.2_seed7,rayleigh-zf-tx1.0-noise1.0_chan-layer4_mcsamples500_norm-frob_seed7_bounds.json
cnn-9,cifar10,20.0,rayleigh_zf,0.0 dB,frob,channel_grad,0.001,1.0,1.0,0.16270625591278076,0.5114994000000002,0.1623880982398987,0.916355311870575,✓,✓,0.16632527431289823,0.5053000000000001,0.7240959405899048,✓,✓,0.35858465052336796,10.65914535522461,0.49136829502750823,0.31281477212905884,8192.0,0.11462964117527008,0.1623880982398987,0.11940135955810546,0.2898968888888895,0.5053000000000001,0.2932,cnn-9_cifar10_learnt_gaussian_sig0.03_bounded-pmin1e-05_epoch20_bs250_lr0.001_mon0.95_dp0.2_objective-channel_gradient-chan1.0-rayleigh-zf-tx1.0-noise1.0-frob-kl1.0_perc-pri0.5_epoch-pri70_bs-pri250_lr-pri0.005_mom-pri0.99_dp-pri0.2_seed7,rayleigh-zf-tx1.0-noise1.0_chan-layer4_mcsamples500_norm-frob_seed7_bounds.json
cnn-9,cifar10,30.0,rayleigh_zf,0.0 dB,frob,channel_grad,0.001,0.01,0.01,0.16016677021980286,0.5455754,0.15958008766174317,1.3463979959487915,✓,?,0.1390249656450205,0.5446,1.138687014579773,✓,?,0.3467359293583999,134.59222412109375,0.37901410334444546,0.24128787219524384,8192.0,0.09137523174285889,0.15958008766174317,0.0977838933467865,0.27866804040404075,0.5446,0.2884,cnn-9_cifar10_learnt_gaussian_sig0.03_bounded-pmin1e-05_epoch30_bs250_lr0.001_mon0.95_dp0.2_objective-channel_gradient-chan0.01-rayleigh-zf-tx1.0-noise1.0-frob-kl0.01_perc-pri0.5_epoch-pri70_bs-pri250_lr-pri0.005_mom-pri0.99_dp-pri0.2_seed7,rayleigh-zf-tx1.0-noise1.0_chan-layer4_mcsamples500_norm-frob_seed7_bounds.json
cnn-9,cifar10,30.0,rayleigh_zf,0.0 dB,frob,channel_grad,0.001,0.01,0.1,0.16967470943927765,0.5852058000000002,0.16938815116882325,1.9825806617736816,✓,?,0.12909631716451458,0.5860000000000001,1.7675111293792725,✓,?,0.3441658001655209,289.988525390625,0.3228135188902334,0.2055094689130783,8192.0,0.08307316154241562,0.16938815116882325,0.08862258195877075,0.27623862626262674,0.5860000000000001,0.28859999999999997,cnn-9_cifar10_learnt_gaussian_sig0.03_bounded-pmin1e-05_epoch30_bs250_lr0.001_mon0.95_dp0.2_objective-channel_gradient-chan0.1-rayleigh-zf-tx1.0-noise1.0-frob-kl0.01_perc-pri0.5_epoch-pri70_bs-pri250_lr-pri0.005_mom-pri0.99_dp-pri0.2_seed7,rayleigh-zf-tx1.0-noise1.0_chan-layer4_mcsamples500_norm-frob_seed7_bounds.json
cnn-9,cifar10,30.0,rayleigh_zf,0.0 dB,frob,channel_grad,0.001,0.01,1.0,0.20838013291358948,0.7019901999999999,0.20892930030822754,8.646700859069824,✓,?,0.11188880414940514,0.7030000000000001,8.424798011779785,✓,?,0.3337915885032023,1808.67529296875,0.205533974617894,0.1308469921350479,8192.0,0.06891830265522003,0.20892930030822754,0.07316539287567139,0.26645131313131337,0.7030000000000001,0.27990000000000004,cnn-9_cifar10_learnt_gaussian_sig0.03_bounded-pmin1e-05_epoch30_bs250_lr0.001_mon0.95_dp0.2_objective-channel_gradient-chan1.0-rayleigh-zf-tx1.0-noise1.0-frob-kl0.01_perc-pri0.5_epoch-pri70_bs-pri250_lr-pri0.005_mom-pri0.99_dp-pri0.2_seed7,rayleigh-zf-tx1.0-noise1.0_chan-layer4_mcsamples500_norm-frob_seed7_bounds.json
cnn-9,cifar10,30.0,rayleigh_zf,0.0 dB,frob,channel_grad,0.001,0.1,0.01,0.1617281436920166,0.5066395999999997,0.16128439903259278,0.8951890468597412,✓,?,0.16664569447224614,0.5077,0.7040446400642395,✓,?,0.3577900395744166,4.698484420776367,0.4976534592298253,0.3168160319328308,8192.0,0.11490538716316223,0.16128439903259278,0.12036460638046265,0.2891432727272732,0.5077,0.2955,cnn-9_cifar10_learnt_gaussian_sig0.03_bounded-pmin1e-05_epoch30_bs250_lr0.001_mon0.95_dp0.2_objective-channel_gradient-chan0.01-rayleigh-zf-tx1.0-noise1.0-frob-kl0.1_perc-pri0.5_epoch-pri70_bs-pri250_lr-pri0.005_mom-pri0.99_dp-pri0.2_seed7,rayleigh-zf-tx1.0-noise1.0_chan-layer4_mcsamples500_norm-frob_seed7_bounds.json
cnn-9,cifar10,30.0,rayleigh_zf,0.0 dB,frob,channel_grad,0.001,0.1,0.1,0.16170600056648254,0.5155474,0.1612364172935486,0.9099229574203491,✓,?,0.16199426641994735,0.5156000000000001,0.7154248952865601,✓,?,0.3564923702848056,13.033711433410645,0.47640884584926124,0.30329129099845886,8192.0,0.11090174317359924,0.1612364172935486,0.11633162498474121,0.28791135353535413,0.5156000000000001,0.29410000000000003,cnn-9_cifar10_learnt_gaussian_sig0.03_bounded-pmin1e-05_epoch30_bs250_lr0.001_mon0.95_dp0.2_objective-channel_gradient-chan0.1-rayleigh-zf-tx1.0-noise1.0-frob-kl0.1_perc-pri0.5_epoch-pri70_bs-pri250_lr-pri0.005_mom-pri0.99_dp-pri0.2_seed7,rayleigh-zf-tx1.0-noise1.0_chan-layer4_mcsamples500_norm-frob_seed7_bounds.json
cnn-9,cifar10,30.0,rayleigh_zf,0.0 dB,frob,channel_grad,0.001,0.1,1.0,0.17049168050289154,0.5795054000000002,0.17014466524124144,1.61415433883667,✓,?,0.13765871549687778,0.5812999999999999,1.3999683856964111,✓,?,0.35184462975675335,198.04638671875,0.35788610208981597,0.22783736884593964,8192.0,0.09022637456655502,0.17014466524124144,0.0949103057384491,0.2835062626262631,0.5812999999999999,0.29379999999999995,cnn-9_cifar10_learnt_gaussian_sig0.03_bounded-pmin1e-05_epoch30_bs250_lr0.001_mon0.95_dp0.2_objective-channel_gradient-chan1.0-rayleigh-zf-tx1.0-noise1.0-frob-kl0.1_perc-pri0.5_epoch-pri70_bs-pri250_lr-pri0.005_mom-pri0.99_dp-pri0.2_seed7,rayleigh-zf-tx1.0-noise1.0_chan-layer4_mcsamples500_norm-frob_seed7_bounds.json
cnn-9,cifar10,30.0,rayleigh_zf,0.0 dB,frob,channel_grad,0.001,1.0,0.01,0.16355037689208984,0.5015658000000002,0.16302666664123536,0.9030035734176636,✓,?,0.1729647105572417,0.4999,0.7148606777191162,✓,?,0.36110761694195936,0.16822075843811035,0.5224103867752296,0.33257678151130676,8192.0,0.12036848813295364,0.16302666664123536,0.12552565336227417,0.2922955151515156,0.4999,0.29900000000000004,cnn-9_cifar10_learnt_gaussian_sig0.03_bounded-pmin1e-05_epoch30_bs250_lr0.001_mon0.95_dp0.2_objective-channel_gradient-chan0.01-rayleigh-zf-tx1.0-noise1.0-frob-kl1.0_perc-pri0.5_epoch-pri70_bs-pri250_lr-pri0.005_mom-pri0.99_dp-pri0.2_seed7,rayleigh-zf-tx1.0-noise1.0_chan-layer4_mcsamples500_norm-frob_seed7_bounds.json
cnn-9,cifar10,30.0,rayleigh_zf,0.0 dB,frob,channel_grad,0.001,1.0,0.1,0.16354241967201233,0.5028054,0.1630232334136963,0.9007604718208313,✓,?,0.1723392422597553,0.5017,0.7121398448944092,✓,?,0.36095988317392325,0.4314759373664856,0.5191377571084964,0.33049336075782776,8192.0,0.1198282316327095,0.1630232334136963,0.12497459650039673,0.2921557979797985,0.5017,0.29790000000000005,cnn-9_cifar10_learnt_gaussian_sig0.03_bounded-pmin1e-05_epoch30_bs250_lr0.001_mon0.95_dp0.2_objective-channel_gradient-chan0.1-rayleigh-zf-tx1.0-noise1.0-frob-kl1.0_perc-pri0.5_epoch-pri70_bs-pri250_lr-pri0.005_mom-pri0.99_dp-pri0.2_seed7,rayleigh-zf-tx1.0-noise1.0_chan-layer4_mcsamples500_norm-frob_seed7_bounds.json
cnn-9,cifar10,30.0,rayleigh_zf,0.0 dB,frob,channel_grad,0.001,1.0,1.0,0.1637604981660843,0.5144992000000002,0.16332353353500367,0.9169906973838806,✓,?,0.16683797489603852,0.5155000000000001,0.7237931489944458,✓,?,0.36003550398532713,9.513823509216309,0.4956748449725995,0.3155564069747925,8192.0,0.11507195979356766,0.16332353353500367,0.1201454758644104,0.29127563636363707,0.5155000000000001,0.2982,cnn-9_cifar10_learnt_gaussian_sig0.03_bounded-pmin1e-05_epoch30_bs250_lr0.001_mon0.95_dp0.2_objective-channel_gradient-chan1.0-rayleigh-zf-tx1.0-noise1.0-frob-kl1.0_perc-pri0.5_epoch-pri70_bs-pri250_lr-pri0.005_mom-pri0.99_dp-pri0.2_seed7,rayleigh-zf-tx1.0-noise1.0_chan-layer4_mcsamples500_norm-frob_seed7_bounds.json
cnn-9,cifar10,50.0,rayleigh_zf,0.0 dB,frob,vanilla,0.001,1.0,0.0,0.17423991858959198,0.6036796000000001,0.1754888892173767,14.969048489689209,✓,-,0.10538142456868949,0.6052,14.76845030482279,✓,-,0.3059796094351085,3274.572998046875,0.0,0.0,8192.0,0.063653863966465,0.1754888892173767,0.07338550090789794,0.240403313131313,0.6052,0.2619,cnn-9_cifar10_learnt_gaussian_sig0.03_bounded-pmin1e-05_epoch50_bs250_lr0.001_mon0.95_dp0.2_objective-vanilla_perc-pri0.5_epoch-pri70_bs-pri250_lr-pri0.005_mom-pri0.99_dp-pri0.2_seed7,rayleigh-zf-tx1.0-noise1.0_chan-layer4_mcsamples500_norm-frob_seed7_bounds.json
cnn-9,cifar10,50.0,rayleigh_zf,0.0 dB,frob,channel_grad,0.001,0.01,0.01,0.1602754145860672,0.5456108000000001,0.15673521757125855,1.3551626205444336,✓,✓,0.13885940581801365,0.5423,1.1474194526672363,✓,✓,0.3466026168491545,137.08168029785156,0.37677883473939305,0.23986485600471497,8192.0,0.09123526513576508,0.15673521757125855,0.09509187936782837,0.2785390707070711,0.5423,0.28790000000000004,cnn-9_cifar10_learnt_gaussian_sig0.03_bounded-pmin1e-05_epoch50_bs250_lr0.001_mon0.95_dp0.2_objective-channel_gradient-chan0.01-rayleigh-zf-tx1.0-noise1.0-frob-kl0.01_perc-pri0.5_epoch-pri70_bs-pri250_lr-pri0.005_mom-pri0.99_dp-pri0.2_seed7,rayleigh-zf-tx1.0-noise1.0_chan-layer4_mcsamples500_norm-frob_seed7_bounds.json
cnn-9,cifar10,50.0,rayleigh_zf,0.0 dB,frob,channel_grad,0.001,0.01,0.1,0.16979041695594788,0.5850808,0.166548490524292,1.9991393089294434,✓,✓,0.1290018815034052,0.5786,1.7840943336486816,✓,✓,0.34404686484429325,293.71630859375,0.3228199791364714,0.2055135816335678,8192.0,0.0829939916729927,0.166548490524292,0.08600798845291138,0.276125656565657,0.5786,0.28559999999999997,cnn-9_cifar10_learnt_gaussian_sig0.03_bounded-pmin1e-05_epoch50_bs250_lr0.001_mon0.95_dp0.2_objective-channel_gradient-chan0.1-rayleigh-zf-tx1.0-noise1.0-frob-kl0.01_perc-pri0.5_epoch-pri70_bs-pri250_lr-pri0.005_mom-pri0.99_dp-pri0.2_seed7,rayleigh-zf-tx1.0-noise1.0_chan-layer4_mcsamples500_norm-frob_seed7_bounds.json
cnn-9,cifar10,50.0,rayleigh_zf,0.0 dB,frob,channel_grad,0.001,0.01,1.0,0.2089128941297531,0.7032312,0.20629644393920898,8.613053321838379,✓,✗,0.11195761855032249,0.6956,8.39106273651123,✓,✗,0.3339486404697028,1800.954345703125,0.2062586223109505,0.13130831718444824,8192.0,0.0689755529165268,0.20629644393920898,0.0714459776878357,0.2665995959595963,0.6956,0.27749999999999997,cnn-9_cifar10_learnt_gaussian_sig0.03_bounded-pmin1e-05_epoch50_bs250_lr0.001_mon0.95_dp0.2_objective-channel_gradient-chan1.0-rayleigh-zf-tx1.0-noise1.0-frob-kl0.01_perc-pri0.5_epoch-pri70_bs-pri250_lr-pri0.005_mom-pri0.99_dp-pri0.2_seed7,rayleigh-zf-tx1.0-noise1.0_chan-layer4_mcsamples500_norm-frob_seed7_bounds.json
cnn-9,cifar10,50.0,rayleigh_zf,0.0 dB,frob,channel_grad,0.001,0.05,1.0,0.1796712726354599,0.6154575999999999,0.17687952518463135,2.55049467086792,✓,✗,0.12725212108195594,0.6123000000000001,2.3293354511260986,✓,✗,0.34841141272936915,420.5316162109375,0.30267545674482704,0.1926891803741455,8192.0,0.08154096454381943,0.17687952518463135,0.08357161283493042,0.2802513131313137,0.6123000000000001,0.28879999999999995,cnn-9_cifar10_learnt_gaussian_sig0.03_bounded-pmin1e-05_epoch50_bs250_lr0.001_mon0.95_dp0.2_objective-channel_gradient-chan1.0-rayleigh-zf-tx1.0-noise1.0-frob-kl0.05_perc-pri0.5_epoch-pri70_bs-pri250_lr-pri0.005_mom-pri0.99_dp-pri0.2_seed7,rayleigh-zf-tx1.0-noise1.0_chan-layer4_mcsamples500_norm-frob_seed7_bounds.json
cnn-9,cifar10,50.0,rayleigh_zf,0.0 dB,frob,channel_grad,0.001,0.1,0.01,0.16185423731803894,0.5066785999999999,0.1591908812522888,0.8938940167427063,✓,✓,0.16672342860238892,0.5037,0.7026950716972351,✓,✓,0.35792238404019017,4.740599632263184,0.49603778909639334,0.3157874643802643,8192.0,0.11497360467910767,0.1591908812522888,0.11875158548355103,0.28927175757575796,0.5037,0.2946,cnn-9_cifar10_learnt_gaussian_sig0.03_bounded-pmin1e-05_epoch50_bs250_lr0.001_mon0.95_dp0.2_objective-channel_gradient-chan0.01-rayleigh-zf-tx1.0-noise1.0-frob-kl0.1_perc-pri0.5_epoch-pri70_bs-pri250_lr-pri0.005_mom-pri0.99_dp-pri0.2_seed7,rayleigh-zf-tx1.0-noise1.0_chan-layer4_mcsamples500_norm-frob_seed7_bounds.json
cnn-9,cifar10,50.0,rayleigh_zf,0.0 dB,frob,channel_grad,0.001,0.1,0.1,0.161850243806839,0.5155382,0.15898208618164061,0.9092541933059692,✓,✓,0.16201753847627876,0.509,0.7146939635276794,✓,✓,0.35657772062906684,13.140344619750977,0.47517779443388564,0.30250757932662964,8192.0,0.11092283576726913,0.15898208618164061,0.11463267803192138,0.28799377777777824,0.509,0.2945,cnn-9_cifar10_learnt_gaussian_sig0.03_bounded-pmin1e-05_epoch50_bs250_lr0.001_mon0.95_dp0.2_objective-channel_gradient-chan0.1-rayleigh-zf-tx1.0-noise1.0-frob-kl0.1_perc-pri0.5_epoch-pri70_bs-pri250_lr-pri0.005_mom-pri0.99_dp-pri0.2_seed7,rayleigh-zf-tx1.0-noise1.0_chan-layer4_mcsamples500_norm-frob_seed7_bounds.json
cnn-9,cifar10,50.0,rayleigh_zf,0.0 dB,frob,channel_grad,0.001,0.1,1.0,0.169948011636734,0.5767628,0.16643619537353516,1.6246838569641113,✓,✓,0.1377012967384283,0.5679000000000001,1.4114704132080078,✓,✓,0.35091472218619274,200.33560180664062,0.3591078610495521,0.2286151647567749,8192.0,0.09026214480400085,0.16643619537353516,0.09266772270202636,0.28262351515151557,0.5679000000000001,0.28869999999999996,cnn-9_cifar10_learnt_gaussian_sig0.03_bounded-pmin1e-05_epoch50_bs250_lr0.001_mon0.95_dp0.2_objective-channel_gradient-chan1.0-rayleigh-zf-tx1.0-noise1.0-frob-kl0.1_perc-pri0.5_epoch-pri70_bs-pri250_lr-pri0.005_mom-pri0.99_dp-pri0.2_seed7,rayleigh-zf-tx1.0-noise1.0_chan-layer4_mcsamples500_norm-frob_seed7_bounds.json
cnn-9,cifar10,50.0,rayleigh_zf,0.0 dB,frob,channel_grad,0.001,0.25,1.0,0.16438238322734833,0.5399728,0.16074897050857545,1.0928843021392822,✓,✓,0.1523753982742554,0.5328999999999999,0.8906041979789734,✓,✓,0.3546555054530526,64.86691284179688,0.42940189399246353,0.27336573600769043,8192.0,0.10267389565706253,0.16074897050857545,0.10584677457809448,0.2861680000000004,0.5328999999999999,0.29359999999999997,cnn-9_cifar10_learnt_gaussian_sig0.03_bounded-pmin1e-05_epoch50_bs250_lr0.001_mon0.95_dp0.2_objective-channel_gradient-chan1.0-rayleigh-zf-tx1.0-noise1.0-frob-kl0.25_perc-pri0.5_epoch-pri70_bs-pri250_lr-pri0.005_mom-pri0.99_dp-pri0.2_seed7,rayleigh-zf-tx1.0-noise1.0_chan-layer4_mcsamples500_norm-frob_seed7_bounds.json
cnn-9,cifar10,50.0,rayleigh_zf,0.0 dB,frob,channel_grad,0.001,0.5,1.0,0.1632944941520691,0.5228151999999999,0.16022495031356812,0.9671841859817505,✓,✓,0.1608496376132728,0.5162,0.7708190679550171,✓,✓,0.3572147503371456,27.700946807861328,0.4673538276656936,0.29752668738365173,8192.0,0.10991968214511871,0.16022495031356812,0.11347978115081787,0.2885966060606066,0.5162,0.29579999999999995,cnn-9_cifar10_learnt_gaussian_sig0.03_bounded-pmin1e-05_epoch50_bs250_lr0.001_mon0.95_dp0.2_objective-channel_gradient-chan1.0-rayleigh-zf-tx1.0-noise1.0-frob-kl0.5_perc-pri0.5_epoch-pri70_bs-pri250_lr-pri0.005_mom-pri0.99_dp-pri0.2_seed7,rayleigh-zf-tx1.0-noise1.0_chan-layer4_mcsamples500_norm-frob_seed7_bounds.json
cnn-9,cifar10,50.0,rayleigh_zf,0.0 dB,frob,channel_grad,0.001,1.0,0.01,0.16332833468914032,0.5009936000000001,0.160951828956604,0.9021612405776978,✓,✓,0.17302803615028725,0.4991,0.7140758037567139,✓,✓,0.3611134530126271,0.18456697463989258,0.5214891462990088,0.3319903016090393,8192.0,0.12042513489723206,0.160951828956604,0.12407516241073609,0.2923019797979803,0.4991,0.29879999999999995,cnn-9_cifar10_learnt_gaussian_sig0.03_bounded-pmin1e-05_epoch50_bs250_lr0.001_mon0.95_dp0.2_objective-channel_gradient-chan0.01-rayleigh-zf-tx1.0-noise1.0-frob-kl1.0_perc-pri0.5_epoch-pri70_bs-pri250_lr-pri0.005_mom-pri0.99_dp-pri0.2_seed7,rayleigh-zf-tx1.0-noise1.0_chan-layer4_mcsamples500_norm-frob_seed7_bounds.json
cnn-9,cifar10,50.0,rayleigh_zf,0.0 dB,frob,channel_grad,0.001,1.0,0.1,0.16327287256717682,0.5020197999999999,0.1608858585357666,0.9002114534378052,✓,✓,0.17235722147671814,0.49939999999999996,0.711721658706665,✓,✓,0.360847016267249,0.5173903703689575,0.5183173526496434,0.3299710750579834,8192.0,0.11984378099441528,0.1608858585357666,0.12348394393920899,0.29204872727272785,0.49939999999999996,0.2992,cnn-9_cifar10_learnt_gaussian_sig0.03_bounded-pmin1e-05_epoch50_bs250_lr0.001_mon0.95_dp0.2_objective-channel_gradient-chan0.1-rayleigh-zf-tx1.0-noise1.0-frob-kl1.0_perc-pri0.5_epoch-pri70_bs-pri250_lr-pri0.005_mom-pri0.99_dp-pri0.2_seed7,rayleigh-zf-tx1.0-noise1.0_chan-layer4_mcsamples500_norm-frob_seed7_bounds.json
cnn-9,cifar10,50.0,rayleigh_zf,0.0 dB,frob,channel_grad,0.001,1.0,1.0,0.1632443368434906,0.5120258000000001,0.16059224605560302,0.9314125180244446,✓,✓,0.16680712495332134,0.5072,0.7390440702438354,✓,✓,0.35917555095559645,13.358659744262695,0.49376195669883904,0.3143386244773865,8192.0,0.11504457145929337,0.16059224605560302,0.11864078044891357,0.2904611717171723,0.5072,0.29679999999999995,cnn-9_cifar10_learnt_gaussian_sig0.03_bounded-pmin1e-05_epoch50_bs250_lr0.001_mon0.95_dp0.2_objective-channel_gradient-chan1.0-rayleigh-zf-tx1.0-noise1.0-frob-kl1.0_perc-pri0.5_epoch-pri70_bs-pri250_lr-pri0.005_mom-pri0.99_dp-pri0.2_seed7,rayleigh-zf-tx1.0-noise1.0_chan-layer4_mcsamples500_norm-frob_seed7_bounds.json
cnn-9,cifar10,5.0,rayleigh_zf,0.0 dB,spec,vanilla,0.001,1.0,0.0,0.1602472960948944,0.5502534,0.16014244556427001,1.2680753549291346,✓,-,0.1358613007492262,0.5529999999999999,1.0580036032323794,✓,-,0.34593305244598127,176.48338317871094,0.11415138069177012,0.07267102599143982,8192.0,0.08871884644031525,0.16014244556427001,0.09338337182998657,0.27790925252525306,0.5529999999999999,0.2821,cnn-9_cifar10_learnt_gaussian_sig0.03_bounded-pmin1e-05_epoch5_bs250_lr0.001_mon0.95_dp0.2_objective-vanilla_perc-pri0.5_epoch-pri70_bs-pri250_lr-pri0.005_mom-pri0.99_dp-pri0.2_seed7,rayleigh-zf-tx1.0-noise1.0_chan-layer4_mcsamples500_norm-spec_seed7_bounds.json
cnn-9,cifar10,5.0,rayleigh_zf,0.0 dB,spec,channel_grad,0.001,0.01,0.01,0.1593584418296814,0.5345968,0.16027576923370362,0.930875301361084,✓,✓,0.1450519838263139,0.5408999999999999,0.7262977361679077,✓,✓,0.34962953772780325,85.72209167480469,0.17915166316301148,0.11405149102210999,8192.0,0.09645722806453705,0.16027576923370362,0.1049635648727417,0.28140307070707105,0.5408999999999999,0.29910000000000003,cnn-9_cifar10_learnt_gaussian_sig0.03_bounded-pmin1e-05_epoch5_bs250_lr0.001_mon0.95_dp0.2_objective-channel_gradient-chan0.01-rayleigh-zf-tx1.0-noise1.0-spec-kl0.01_perc-pri0.5_epoch-pri70_bs-pri250_lr-pri0.005_mom-pri0.99_dp-pri0.2_seed7,rayleigh-zf-tx1.0-noise1.0_chan-layer4_mcsamples500_norm-spec_seed7_bounds.json
cnn-9,cifar10,5.0,rayleigh_zf,0.0 dB,spec,channel_grad,0.001,0.01,0.1,0.16150014102458954,0.5490483999999999,0.1626771330833435,1.149165153503418,✓,✗,0.13922395822593575,0.5545,0.9405837059020996,✓,✓,0.347805395198728,137.74183654785156,0.16662632241515093,0.10607761144638062,8192.0,0.0915413498878479,0.1626771330833435,0.09961739778518677,0.2796790303030307,0.5545,0.2946,cnn-9_cifar10_learnt_gaussian_sig0.03_bounded-pmin1e-05_epoch5_bs250_lr0.001_mon0.95_dp0.2_objective-channel_gradient-chan0.1-rayleigh-zf-tx1.0-noise1.0-spec-kl0.01_perc-pri0.5_epoch-pri70_bs-pri250_lr-pri0.005_mom-pri0.99_dp-pri0.2_seed7,rayleigh-zf-tx1.0-noise1.0_chan-layer4_mcsamples500_norm-spec_seed7_bounds.json
cnn-9,cifar10,5.0,rayleigh_zf,0.0 dB,spec,channel_grad,0.001,0.01,1.0,0.18300138413906097,0.6293669999999999,0.18306163549423218,3.638643980026245,✓,✗,0.11933679495335182,0.6285000000000001,3.416165590286255,✓,✗,0.34181529808913885,707.0343017578125,0.11614168659028541,0.07393809407949448,8192.0,0.07500648498535156,0.18306163549423218,0.08115211725234986,0.27401753535353557,0.6285000000000001,0.2891,cnn-9_cifar10_learnt_gaussian_sig0.03_bounded-pmin1e-05_epoch5_bs250_lr0.001_mon0.95_dp0.2_objective-channel_gradient-chan1.0-rayleigh-zf-tx1.0-noise1.0-spec-kl0.01_perc-pri0.5_epoch-pri70_bs-pri250_lr-pri0.005_mom-pri0.99_dp-pri0.2_seed7,rayleigh-zf-tx1.0-noise1.0_chan-layer4_mcsamples500_norm-spec_seed7_bounds.json
cnn-9,cifar10,5.0,rayleigh_zf,0.0 dB,spec,channel_grad,0.001,0.1,0.01,0.1618071049451828,0.5064618,0.16252785921096802,0.6155683398246765,✓,✗,0.16693037272829836,0.511,0.4242839813232422,✗,✓,0.3582147587359332,4.379376411437988,0.21903518705472744,0.13944213092327118,8192.0,0.11515217274427414,0.16252785921096802,0.12395439147949219,0.2895473939393944,0.511,0.30600000000000005,cnn-9_cifar10_learnt_gaussian_sig0.03_bounded-pmin1e-05_epoch5_bs250_lr0.001_mon0.95_dp0.2_objective-channel_gradient-chan0.01-rayleigh-zf-tx1.0-noise1.0-spec-kl0.1_perc-pri0.5_epoch-pri70_bs-pri250_lr-pri0.005_mom-pri0.99_dp-pri0.2_seed7,rayleigh-zf-tx1.0-noise1.0_chan-layer4_mcsamples500_norm-spec_seed7_bounds.json
cnn-9,cifar10,5.0,rayleigh_zf,0.0 dB,spec,channel_grad,0.001,0.1,0.1,0.16163195669651031,0.509962,0.16240280866622925,0.6248528361320496,✓,✗,0.1647047724744305,0.5165,0.43221938610076904,✗,✓,0.35733821456499304,7.5728654861450195,0.21491448622242623,0.1368188112974167,8192.0,0.1132337749004364,0.16240280866622925,0.1219696044921875,0.2887152323232326,0.5165,0.30369999999999997,cnn-9_cifar10_learnt_gaussian_sig0.03_bounded-pmin1e-05_epoch5_bs250_lr0.001_mon0.95_dp0.2_objective-channel_gradient-chan0.1-rayleigh-zf-tx1.0-noise1.0-spec-kl0.1_perc-pri0.5_epoch-pri70_bs-pri250_lr-pri0.005_mom-pri0.99_dp-pri0.2_seed7,rayleigh-zf-tx1.0-noise1.0_chan-layer4_mcsamples500_norm-spec_seed7_bounds.json
cnn-9,cifar10,5.0,rayleigh_zf,0.0 dB,spec,channel_grad,0.001,0.1,1.0,0.16199512779712677,0.5347558,0.1629388451576233,0.8760183453559875,✓,✗,0.1500758322033387,0.5401,0.6742001175880432,✓,✓,0.35189408600101824,71.50748443603516,0.1855998549560821,0.1181565374135971,8192.0,0.10071705281734467,0.1629388451576233,0.10892168283462525,0.2835488484848489,0.5401,0.29769999999999996,cnn-9_cifar10_learnt_gaussian_sig0.03_bounded-pmin1e-05_epoch5_bs250_lr0.001_mon0.95_dp0.2_objective-channel_gradient-chan1.0-rayleigh-zf-tx1.0-noise1.0-spec-kl0.1_perc-pri0.5_epoch-pri70_bs-pri250_lr-pri0.005_mom-pri0.99_dp-pri0.2_seed7,rayleigh-zf-tx1.0-noise1.0_chan-layer4_mcsamples500_norm-spec_seed7_bounds.json
cnn-9,cifar10,5.0,rayleigh_zf,0.0 dB,spec,channel_grad,0.001,1.0,0.01,0.16346429288387299,0.5009572,0.16425398588180543,0.611840546131134,✓,✗,0.17302356696076746,0.5064,0.42383405566215515,✗,✓,0.3610300670420219,0.16325876116752625,0.2313471290165291,0.14728015661239624,8192.0,0.12042038142681122,0.16425398588180543,0.1291927695274353,0.2922215757575763,0.5064,0.30879999999999996,cnn-9_cifar10_learnt_gaussian_sig0.03_bounded-pmin1e-05_epoch5_bs250_lr0.001_mon0.95_dp0.2_objective-channel_gradient-chan0.01-rayleigh-zf-tx1.0-noise1.0-spec-kl1.0_perc-pri0.5_epoch-pri70_bs-pri250_lr-pri0.005_mom-pri0.99_dp-pri0.2_seed7,rayleigh-zf-tx1.0-noise1.0_chan-layer4_mcsamples500_norm-spec_seed7_bounds.json
cnn-9,cifar10,5.0,rayleigh_zf,0.0 dB,spec,channel_grad,0.001,1.0,0.1,0.16341058909893036,0.5011049999999999,0.16418957710266113,0.6110857725143433,✓,✗,0.1727325228890719,0.507,0.4230983257293701,✗,✓,0.36071991783480656,0.27475273609161377,0.23040383943901765,0.14667963981628418,8192.0,0.12016794085502625,0.16418957710266113,0.12895731925964354,0.29192589898989946,0.507,0.30820000000000003,cnn-9_cifar10_learnt_gaussian_sig0.03_bounded-pmin1e-05_epoch5_bs250_lr0.001_mon0.95_dp0.2_objective-channel_gradient-chan0.1-rayleigh-zf-tx1.0-noise1.0-spec-kl1.0_perc-pri0.5_epoch-pri70_bs-pri250_lr-pri0.005_mom-pri0.99_dp-pri0.2_seed7,rayleigh-zf-tx1.0-noise1.0_chan-layer4_mcsamples500_norm-spec_seed7_bounds.json
cnn-9,cifar10,5.0,rayleigh_zf,0.0 dB,spec,channel_grad,0.001,1.0,1.0,0.1629946082830429,0.5033468,0.16372487545013428,0.6189644932746887,✓,✗,0.17015273160037384,0.5065999999999999,0.43018239736557007,✗,✓,0.3589348417169128,3.5590755939483643,0.22537975743440739,0.14348120987415314,8192.0,0.11793597042560577,0.16372487545013428,0.12675051689147948,0.2902306262626268,0.5065999999999999,0.30600000000000005,cnn-9_cifar10_learnt_gaussian_sig0.03_bounded-pmin1e-05_epoch5_bs250_lr0.001_mon0.95_dp0.2_objective-channel_gradient-chan1.0-rayleigh-zf-tx1.0-noise1.0-spec-kl1.0_perc-pri0.5_epoch-pri70_bs-pri250_lr-pri0.005_mom-pri0.99_dp-pri0.2_seed7,rayleigh-zf-tx1.0-noise1.0_chan-layer4_mcsamples500_norm-spec_seed7_bounds.json
cnn-9,cifar10,10.0,rayleigh_zf,0.0 dB,spec,vanilla,0.001,1.0,0.0,0.164123073220253,0.5763304,0.1658778190612793,3.6997018536683646,✓,-,0.12351594843040735,0.5798,3.4837189521787177,✓,-,0.3394988499200545,747.1753540039062,0.0,0.0,8192.0,0.07844890654087067,0.1658778190612793,0.0841137170791626,0.2718301414141417,0.5798,0.2801,cnn-9_cifar10_learnt_gaussian_sig0.03_bounded-pmin1e-05_epoch10_bs250_lr0.001_mon0.95_dp0.2_objective-vanilla_perc-pri0.5_epoch-pri70_bs-pri250_lr-pri0.005_mom-pri0.99_dp-pri0.2_seed7,rayleigh-zf-tx1.0-noise1.0_chan-layer4_mcsamples500_norm-spec_seed7_bounds.json
cnn-9,cifar10,10.0,rayleigh_zf,0.0 dB,spec,channel_grad,0.001,0.0001,0.0001,0.16463468968868256,0.5764532,0.1634876012802124,2.277894973754883,✓,✗,0.123758295882801,0.5727,2.062321424484253,✓,✗,0.3393317117343059,399.1595153808594,0.1347343103734093,0.08577452600002289,8192.0,0.07864828407764435,0.1634876012802124,0.08372889757156372,0.27167038383838404,0.5727,0.2864,cnn-9_cifar10_learnt_gaussian_sig0.03_bounded-pmin1e-05_epoch10_bs250_lr0.001_mon0.95_dp0.2_objective-channel_gradient-chan0.0001-rayleigh-zf-tx1.0-noise1.0-spec-kl0.0001_perc-pri0.5_epoch-pri70_bs-pri250_lr-pri0.005_mom-pri0.99_dp-pri0.2_seed7,rayleigh-zf-tx1.0-noise1.0_chan-layer4_mcsamples500_norm-spec_seed7_bounds.json
cnn-9,cifar10,10.0,rayleigh_zf,0.0 dB,spec,channel_grad,0.001,0.0001,0.001,0.16476325690746307,0.5769055999999999,0.1636122941970825,2.2856621742248535,✓,✗,0.12368112267590597,0.5732999999999999,2.070016622543335,✓,✗,0.33932672726189644,400.9568786621094,0.13446851571342341,0.08560531586408615,8192.0,0.07858561724424362,0.1636122941970825,0.08364925384521485,0.2716648888888893,0.5732999999999999,0.2863,cnn-9_cifar10_learnt_gaussian_sig0.03_bounded-pmin1e-05_epoch10_bs250_lr0.001_mon0.95_dp0.2_objective-channel_gradient-chan0.001-rayleigh-zf-tx1.0-noise1.0-spec-kl0.0001_perc-pri0.5_epoch-pri70_bs-pri250_lr-pri0.005_mom-pri0.99_dp-pri0.2_seed7,rayleigh-zf-tx1.0-noise1.0_chan-layer4_mcsamples500_norm-spec_seed7_bounds.json
cnn-9,cifar10,10.0,rayleigh_zf,0.0 dB,spec,channel_grad,0.001,0.0001,0.01,0.16566358506679535,0.5798594,0.16447372436523439,2.3609323501586914,✓,✗,0.12307975139511858,0.5747,2.144932746887207,✓,✗,0.3390793494684643,418.1783142089844,0.1329694811126153,0.08465100079774857,8192.0,0.07808826863765717,0.16447372436523439,0.0831348180770874,0.27143507070707096,0.5747,0.28590000000000004,cnn-9_cifar10_learnt_gaussian_sig0.03_bounded-pmin1e-05_epoch10_bs250_lr0.001_mon0.95_dp0.2_objective-channel_gradient-chan0.01-rayleigh-zf-tx1.0-noise1.0-spec-kl0.0001_perc-pri0.5_epoch-pri70_bs-pri250_lr-pri0.005_mom-pri0.99_dp-pri0.2_seed7,rayleigh-zf-tx1.0-noise1.0_chan-layer4_mcsamples500_norm-spec_seed7_bounds.json
cnn-9,cifar10,10.0,rayleigh_zf,0.0 dB,spec,channel_grad,0.001,0.001,0.0001,0.16350902616977692,0.5711046000000001,0.16239314079284667,2.051119804382324,✓,✓,0.1257265547315038,0.5695,1.8365123271942139,✓,✓,0.3403339143525093,347.1860046386719,0.13938956147187473,0.08873815089464188,8192.0,0.08027702569961548,0.16239314079284667,0.0852856993675232,0.2726161616161619,0.5695,0.2862,cnn-9_cifar10_learnt_gaussian_sig0.03_bounded-pmin1e-05_epoch10_bs250_lr0.001_mon0.95_dp0.2_objective-channel_gradient-chan0.0001-rayleigh-zf-tx1.0-noise1.0-spec-kl0.001_perc-pri0.5_epoch-pri70_bs-pri250_lr-pri0.005_mom-pri0.99_dp-pri0.2_seed7,rayleigh-zf-tx1.0-noise1.0_chan-layer4_mcsamples500_norm-spec_seed7_bounds.json
cnn-9,cifar10,10.0,rayleigh_zf,0.0 dB,spec,channel_grad,0.001,0.001,0.001,0.1635930836200714,0.5714526000000002,0.16247115135192872,2.0598721504211426,✓,✓,0.12564376804230049,0.5694,1.845204472541809,✓,✓,0.34031165572559163,349.21063232421875,0.1391099334585313,0.08856013417243958,8192.0,0.08020839095115662,0.16247115135192872,0.08521502017974854,0.27259773737373777,0.5694,0.2861,cnn-9_cifar10_learnt_gaussian_sig0.03_bounded-pmin1e-05_epoch10_bs250_lr0.001_mon0.95_dp0.2_objective-channel_gradient-chan0.001-rayleigh-zf-tx1.0-noise1.0-spec-kl0.001_perc-pri0.5_epoch-pri70_bs-pri250_lr-pri0.005_mom-pri0.99_dp-pri0.2_seed7,rayleigh-zf-tx1.0-noise1.0_chan-layer4_mcsamples500_norm-spec_seed7_bounds.json
cnn-9,cifar10,10.0,rayleigh_zf,0.0 dB,spec,channel_grad,0.001,0.001,0.01,0.16451232135295868,0.5746497999999998,0.16335718631744384,2.124795913696289,✓,✗,0.1250116375691651,0.5718,1.9096620082855225,✓,✓,0.3401455925945897,364.1533508300781,0.13737378909543554,0.08745487034320831,8192.0,0.07968559861183167,0.16335718631744384,0.0846455991268158,0.2724391111111114,0.5718,0.2861,cnn-9_cifar10_learnt_gaussian_sig0.03_bounded-pmin1e-05_epoch10_bs250_lr0.001_mon0.95_dp0.2_objective-channel_gradient-chan0.01-rayleigh-zf-tx1.0-noise1.0-spec-kl0.001_perc-pri0.5_epoch-pri70_bs-pri250_lr-pri0.005_mom-pri0.99_dp-pri0.2_seed7,rayleigh-zf-tx1.0-noise1.0_chan-layer4_mcsamples500_norm-spec_seed7_bounds.json
cnn-9,cifar10,10.0,rayleigh_zf,0.0 dB,spec,channel_grad,0.001,0.01,0.0001,0.1593545824289322,0.5391468,0.15840686559677125,1.0435048341751099,✓,✓,0.14154269635542988,0.5341,0.8373303413391113,✓,✓,0.3477172131422639,112.7043685913086,0.17302510268717622,0.11015120148658752,8192.0,0.09349401295185089,0.15840686559677125,0.09781069159507752,0.27959377777777816,0.5341,0.29059999999999997,cnn-9_cifar10_learnt_gaussian_sig0.03_bounded-pmin1e-05_epoch10_bs250_lr0.001_mon0.95_dp0.2_objective-channel_gradient-chan0.0001-rayleigh-zf-tx1.0-noise1.0-spec-kl0.01_perc-pri0.5_epoch-pri70_bs-pri250_lr-pri0.005_mom-pri0.99_dp-pri0.2_seed7,rayleigh-zf-tx1.0-noise1.0_chan-layer4_mcsamples500_norm-spec_seed7_bounds.json
cnn-9,cifar10,10.0,rayleigh_zf,0.0 dB,spec,channel_grad,0.001,0.01,0.001,0.1593860387802124,0.5393,0.15843549966812134,1.0456326007843018,✓,✓,0.14148111815285505,0.5342,0.8394110202789307,✓,✓,0.3477026441361636,113.23394012451172,0.17279909939894642,0.11000732332468033,8192.0,0.09344176948070526,0.15843549966812134,0.09775623679161072,0.27958375757575793,0.5342,0.29079999999999995,cnn-9_cifar10_learnt_gaussian_sig0.03_bounded-pmin1e-05_epoch10_bs250_lr0.001_mon0.95_dp0.2_objective-channel_gradient-chan0.001-rayleigh-zf-tx1.0-noise1.0-spec-kl0.01_perc-pri0.5_epoch-pri70_bs-pri250_lr-pri0.005_mom-pri0.99_dp-pri0.2_seed7,rayleigh-zf-tx1.0-noise1.0_chan-layer4_mcsamples500_norm-spec_seed7_bounds.json
cnn-9,cifar10,10.0,rayleigh_zf,0.0 dB,spec,channel_grad,0.001,0.01,0.01,0.15968570113182068,0.5411784000000001,0.1587307333946228,1.0701896482197475,✓,✓,0.1407984187397799,0.5362,0.8634938548305042,✓,✓,0.3474942121290232,119.12477111816406,0.17122002562418542,0.10900205373764038,8192.0,0.09286703169345856,0.1587307333946228,0.09717204570770263,0.27938391919191957,0.5362,0.29069999999999996,cnn-9_cifar10_learnt_gaussian_sig0.03_bounded-pmin1e-05_epoch10_bs250_lr0.001_mon0.95_dp0.2_objective-channel_gradient-chan0.01-rayleigh-zf-tx1.0-noise1.0-spec-kl0.01_perc-pri0.5_epoch-pri70_bs-pri250_lr-pri0.005_mom-pri0.99_dp-pri0.2_seed7,rayleigh-zf-tx1.0-noise1.0_chan-layer4_mcsamples500_norm-spec_seed7_bounds.json
cnn-9,cifar10,10.0,rayleigh_zf,0.0 dB,spec,channel_grad,0.001,0.01,0.1,0.16281849145889282,0.55748,0.1615686297416687,1.3337631242183299,✓,✓,0.13525701248050748,0.5521,1.123207478836816,✓,✓,0.34581265786202126,181.20425415039062,0.15884716775356306,0.10112524777650833,8192.0,0.08821363747119904,0.1615686297416687,0.09247634410858155,0.27779458585858624,0.5521,0.2891,cnn-9_cifar10_learnt_gaussian_sig0.03_bounded-pmin1e-05_epoch10_bs250_lr0.001_mon0.95_dp0.2_objective-channel_gradient-chan0.1-rayleigh-zf-tx1.0-noise1.0-spec-kl0.01_perc-pri0.5_epoch-pri70_bs-pri250_lr-pri0.005_mom-pri0.99_dp-pri0.2_seed7,rayleigh-zf-tx1.0-noise1.0_chan-layer4_mcsamples500_norm-spec_seed7_bounds.json
cnn-9,cifar10,10.0,rayleigh_zf,0.0 dB,spec,channel_grad,0.001,0.01,1.0,0.1854129284620285,0.6358959999999999,0.18433035612106324,4.144020732728859,✓,✗,0.11751331417222546,0.6314,3.9226207614646613,✓,✗,0.33891328543642324,821.5996704101562,0.11206878221747003,0.07134520262479782,8192.0,0.07351069152355194,0.18433035612106324,0.07748289704322815,0.27127652525252544,0.6314,0.2843,cnn-9_cifar10_learnt_gaussian_sig0.03_bounded-pmin1e-05_epoch10_bs250_lr0.001_mon0.95_dp0.2_objective-channel_gradient-chan1.0-rayleigh-zf-tx1.0-noise1.0-spec-kl0.01_perc-pri0.5_epoch-pri70_bs-pri250_lr-pri0.005_mom-pri0.99_dp-pri0.2_seed7,rayleigh-zf-tx1.0-noise1.0_chan-layer4_mcsamples500_norm-spec_seed7_bounds.json
cnn-9,cifar10,10.0,rayleigh_zf,0.0 dB,spec,channel_grad,0.001,0.05,1.0,0.16606338322162628,0.5631717999999999,0.16477779150009156,1.3225116729736328,✓,✗,0.13840139300717108,0.5579000000000001,1.1119449138641357,✓,✓,0.348968134081059,177.11007690429688,0.16274999912215515,0.10360986739397049,8192.0,0.09085074067115784,0.16477779150009156,0.09431287050247192,0.2807814141414146,0.5579000000000001,0.29100000000000004,cnn-9_cifar10_learnt_gaussian_sig0.03_bounded-pmin1e-05_epoch10_bs250_lr0.001_mon0.95_dp0.2_objective-channel_gradient-chan1.0-rayleigh-zf-tx1.0-noise1.0-spec-kl0.05_perc-pri0.5_epoch-pri70_bs-pri250_lr-pri0.005_mom-pri0.99_dp-pri0.2_seed7,rayleigh-zf-tx1.0-noise1.0_chan-layer4_mcsamples500_norm-spec_seed7_bounds.json
cnn-9,cifar10,10.0,rayleigh_zf,0.0 dB,spec,channel_grad,0.001,0.1,0.01,0.1618647426366806,0.5061883999999999,0.1610501527786255,0.6163396463432784,✓,✓,0.16689472149436968,0.5034000000000001,0.42553769320907425,✗,✓,0.3576966746285738,4.55548620223999,0.2195369796592607,0.13976158201694489,8192.0,0.11512147635221481,0.1610501527786255,0.11848936080932618,0.28905793939393987,0.5034000000000001,0.2963,cnn-9_cifar10_learnt_gaussian_sig0.03_bounded-pmin1e-05_epoch10_bs250_lr0.001_mon0.95_dp0.2_objective-channel_gradient-chan0.01-rayleigh-zf-tx1.0-noise1.0-spec-kl0.1_perc-pri0.5_epoch-pri70_bs-pri250_lr-pri0.005_mom-pri0.99_dp-pri0.2_seed7,rayleigh-zf-tx1.0-noise1.0_chan-layer4_mcsamples500_norm-spec_seed7_bounds.json
cnn-9,cifar10,10.0,rayleigh_zf,0.0 dB,spec,channel_grad,0.001,0.1,0.1,0.16163524985313416,0.509433,0.16071184873580932,0.6255919513363486,✓,✓,0.1646704044838303,0.5065,0.43350938738406575,✗,✓,0.35675296843611315,7.799446105957031,0.21522556112280158,0.13701684772968292,8192.0,0.1132044717669487,0.16071184873580932,0.11653529405593872,0.2881576565656571,0.5065,0.2954,cnn-9_cifar10_learnt_gaussian_sig0.03_bounded-pmin1e-05_epoch10_bs250_lr0.001_mon0.95_dp0.2_objective-channel_gradient-chan0.1-rayleigh-zf-tx1.0-noise1.0-spec-kl0.1_perc-pri0.5_epoch-pri70_bs-pri250_lr-pri0.005_mom-pri0.99_dp-pri0.2_seed7,rayleigh-zf-tx1.0-noise1.0_chan-layer4_mcsamples500_norm-spec_seed7_bounds.json
cnn-9,cifar10,10.0,rayleigh_zf,0.0 dB,spec,channel_grad,0.001,0.1,1.0,0.16247163712978363,0.5369086,0.16143535375595092,0.869614024019693,✓,✓,0.14994476440141782,0.5327,0.6674236560552648,✓,✓,0.35213513236584604,69.76541900634766,0.1867452144820466,0.11888569593429565,8192.0,0.10060559958219528,0.16143535375595092,0.10387171506881714,0.2837790707070712,0.5327,0.2924,cnn-9_cifar10_learnt_gaussian_sig0.03_bounded-pmin1e-05_epoch10_bs250_lr0.001_mon0.95_dp0.2_objective-channel_gradient-chan1.0-rayleigh-zf-tx1.0-noise1.0-spec-kl0.1_perc-pri0.5_epoch-pri70_bs-pri250_lr-pri0.005_mom-pri0.99_dp-pri0.2_seed7,rayleigh-zf-tx1.0-noise1.0_chan-layer4_mcsamples500_norm-spec_seed7_bounds.json
cnn-9,cifar10,10.0,rayleigh_zf,0.0 dB,spec,channel_grad,0.001,0.25,1.0,0.16166046261787415,0.5162776000000001,0.16053980588912964,0.6837491393089294,✓,✓,0.16106870311033133,0.5146999999999999,0.48944172263145447,✗,✓,0.3553761248220825,22.720874786376953,0.2080289404403779,0.13243533670902252,8192.0,0.11010703444480896,0.16053980588912964,0.11331582069396973,0.28685074747474787,0.5146999999999999,0.29510000000000003,cnn-9_cifar10_learnt_gaussian_sig0.03_bounded-pmin1e-05_epoch10_bs250_lr0.001_mon0.95_dp0.2_objective-channel_gradient-chan1.0-rayleigh-zf-tx1.0-noise1.0-spec-kl0.25_perc-pri0.5_epoch-pri70_bs-pri250_lr-pri0.005_mom-pri0.99_dp-pri0.2_seed7,rayleigh-zf-tx1.0-noise1.0_chan-layer4_mcsamples500_norm-spec_seed7_bounds.json
cnn-9,cifar10,10.0,rayleigh_zf,0.0 dB,spec,channel_grad,0.001,0.5,1.0,0.16192378103733063,0.5074018,0.160965633392334,0.6399122476577759,✓,✓,0.16652964586608932,0.5043,0.4491063952445984,✗,✓,0.3573355131240086,10.192838668823242,0.21825977025264803,0.1389484852552414,8192.0,0.1148054450750351,0.160965633392334,0.11795885562896728,0.2887122424242429,0.5043,0.29710000000000003,cnn-9_cifar10_learnt_gaussian_sig0.03_bounded-pmin1e-05_epoch10_bs250_lr0.001_mon0.95_dp0.2_objective-channel_gradient-chan1.0-rayleigh-zf-tx1.0-noise1.0-spec-kl0.5_perc-pri0.5_epoch-pri70_bs-pri250_lr-pri0.005_mom-pri0.99_dp-pri0.2_seed7,rayleigh-zf-tx1.0-noise1.0_chan-layer4_mcsamples500_norm-spec_seed7_bounds.json
cnn-9,cifar10,10.0,rayleigh_zf,0.0 dB,spec,channel_grad,0.001,1.0,0.01,0.16341744363307953,0.5008463999999999,0.16272608041763306,0.6113888676107777,✓,✓,0.1730184533113169,0.49829999999999997,0.4234726086956211,✗,✓,0.36093471222647344,0.1749967336654663,0.23093830778176944,0.1470198929309845,8192.0,0.12041494250297546,0.16272608041763306,0.12352862358093261,0.2921338989898995,0.49829999999999997,0.30010000000000003,cnn-9_cifar10_learnt_gaussian_sig0.03_bounded-pmin1e-05_epoch10_bs250_lr0.001_mon0.95_dp0.2_objective-channel_gradient-chan0.01-rayleigh-zf-tx1.0-noise1.0-spec-kl1.0_perc-pri0.5_epoch-pri70_bs-pri250_lr-pri0.005_mom-pri0.99_dp-pri0.2_seed7,rayleigh-zf-tx1.0-noise1.0_chan-layer4_mcsamples500_norm-spec_seed7_bounds.json
cnn-9,cifar10,10.0,rayleigh_zf,0.0 dB,spec,channel_grad,0.001,1.0,0.1,0.16331130266189575,0.5010414000000001,0.16260664463043212,0.6108614842421431,✓,✓,0.172702236759202,0.49850000000000005,0.4228619729345918,✗,✓,0.36070174806675326,0.2918778657913208,0.23012118025941397,0.14649969339370728,8192.0,0.1201428696513176,0.16260664463043212,0.12325925827026367,0.29191175757575805,0.49850000000000005,0.3003,cnn-9_cifar10_learnt_gaussian_sig0.03_bounded-pmin1e-05_epoch10_bs250_lr0.001_mon0.95_dp0.2_objective-channel_gradient-chan0.1-rayleigh-zf-tx1.0-noise1.0-spec-kl1.0_perc-pri0.5_epoch-pri70_bs-pri250_lr-pri0.005_mom-pri0.99_dp-pri0.2_seed7,rayleigh-zf-tx1.0-noise1.0_chan-layer4_mcsamples500_norm-spec_seed7_bounds.json
cnn-9,cifar10,10.0,rayleigh_zf,0.0 dB,spec,channel_grad,0.001,1.0,1.0,0.16234351694583893,0.5029540000000001,0.16154173612594605,0.6193987727165222,✓,✓,0.16979817726530572,0.49960000000000004,0.4304109215736389,✗,✓,0.35878603532351394,3.9896514415740967,0.22403721995804696,0.14262652397155762,8192.0,0.1176270842552185,0.16154173612594605,0.12084627151489258,0.29008985858585895,0.49960000000000004,0.2982,cnn-9_cifar10_learnt_gaussian_sig0.03_bounded-pmin1e-05_epoch10_bs250_lr0.001_mon0.95_dp0.2_objective-channel_gradient-chan1.0-rayleigh-zf-tx1.0-noise1.0-spec-kl1.0_perc-pri0.5_epoch-pri70_bs-pri250_lr-pri0.005_mom-pri0.99_dp-pri0.2_seed7,rayleigh-zf-tx1.0-noise1.0_chan-layer4_mcsamples500_norm-spec_seed7_bounds.json
cnn-9,cifar10,20.0,rayleigh_zf,0.0 dB,spec,vanilla,0.001,1.0,0.0,0.16947750747203827,0.5949750000000001,0.17119706869125367,6.295255897792478,✓,-,0.11487997961203708,0.5969,6.081700343408376,✓,-,0.3284355339961387,1330.03271484375,0.0,0.0,8192.0,0.07135599106550217,0.17119706869125367,0.07795639634132386,0.2614101010101012,0.5969,0.274,cnn-9_cifar10_learnt_gaussian_sig0.03_bounded-pmin1e-05_epoch20_bs250_lr0.001_mon0.95_dp0.2_objective-vanilla_perc-pri0.5_epoch-pri70_bs-pri250_lr-pri0.005_mom-pri0.99_dp-pri0.2_seed7,rayleigh-zf-tx1.0-noise1.0_chan-layer4_mcsamples500_norm-spec_seed7_bounds.json
cnn-9,cifar10,20.0,rayleigh_zf,0.0 dB,spec,channel_grad,0.001,0.0001,0.0001,0.16888602077960968,0.5927435999999999,0.16929622888565063,3.708312511444092,✓,✓,0.11531020096922572,0.5962000000000001,3.4948019981384277,✓,✓,0.3288208035603646,725.22021484375,0.11747497842438487,0.07478689402341843,8192.0,0.07170705497264862,0.16929622888565063,0.07861627340316772,0.26177187878787894,0.5962000000000001,0.2771,cnn-9_cifar10_learnt_gaussian_sig0.03_bounded-pmin1e-05_epoch20_bs250_lr0.001_mon0.95_dp0.2_objective-channel_gradient-chan0.0001-rayleigh-zf-tx1.0-noise1.0-spec-kl0.0001_perc-pri0.5_epoch-pri70_bs-pri250_lr-pri0.005_mom-pri0.99_dp-pri0.2_seed7,rayleigh-zf-tx1.0-noise1.0_chan-layer4_mcsamples500_norm-spec_seed7_bounds.json
cnn-9,cifar10,20.0,rayleigh_zf,0.0 dB,spec,channel_grad,0.001,0.0001,0.001,0.16902561485767365,0.5931183999999998,0.16942598819732665,3.720700740814209,✓,✓,0.11525860386569864,0.5972999999999999,3.5072078704833984,✓,✓,0.3287514243307532,728.0451049804688,0.11729934633146037,0.07467508316040039,8192.0,0.071665920317173,0.16942598819732665,0.07856582403182984,0.2617079595959598,0.5972999999999999,0.2773,cnn-9_cifar10_learnt_gaussian_sig0.03_bounded-pmin1e-05_epoch20_bs250_lr0.001_mon0.95_dp0.2_objective-channel_gradient-chan0.001-rayleigh-zf-tx1.0-noise1.0-spec-kl0.0001_perc-pri0.5_epoch-pri70_bs-pri250_lr-pri0.005_mom-pri0.99_dp-pri0.2_seed7,rayleigh-zf-tx1.0-noise1.0_chan-layer4_mcsamples500_norm-spec_seed7_bounds.json
cnn-9,cifar10,20.0,rayleigh_zf,0.0 dB,spec,channel_grad,0.001,0.0001,0.01,0.17033790051937103,0.5965651999999998,0.17067981958389283,3.83257794380188,✓,✗,0.11483160071217603,0.6004,3.6189756393432617,✓,✗,0.32843384407291965,753.4902954101562,0.11569985022031283,0.07365681231021881,8192.0,0.07131638377904892,0.17067981958389283,0.07813809514045715,0.26140824242424265,0.6004,0.277,cnn-9_cifar10_learnt_gaussian_sig0.03_bounded-pmin1e-05_epoch20_bs250_lr0.001_mon0.95_dp0.2_objective-channel_gradient-chan0.01-rayleigh-zf-tx1.0-noise1.0-spec-kl0.0001_perc-pri0.5_epoch-pri70_bs-pri250_lr-pri0.005_mom-pri0.99_dp-pri0.2_seed7,rayleigh-zf-tx1.0-noise1.0_chan-layer4_mcsamples500_norm-spec_seed7_bounds.json
cnn-9,cifar10,20.0,rayleigh_zf,0.0 dB,spec,channel_grad,0.001,0.001,0.0001,0.16627036035060883,0.583355,0.1667393684387207,3.00958251953125,✓,✓,0.1185523911945134,0.5873999999999999,2.7959442138671875,✓,✓,0.33219088305766464,566.4784545898438,0.12528964103359272,0.07976186275482178,8192.0,0.07436247169971466,0.1667393684387207,0.08116909265518188,0.26494197979798007,0.5873999999999999,0.27749999999999997,cnn-9_cifar10_learnt_gaussian_sig0.03_bounded-pmin1e-05_epoch20_bs250_lr0.001_mon0.95_dp0.2_objective-channel_gradient-chan0.0001-rayleigh-zf-tx1.0-noise1.0-spec-kl0.001_perc-pri0.5_epoch-pri70_bs-pri250_lr-pri0.005_mom-pri0.99_dp-pri0.2_seed7,rayleigh-zf-tx1.0-noise1.0_chan-layer4_mcsamples500_norm-spec_seed7_bounds.json
cnn-9,cifar10,20.0,rayleigh_zf,0.0 dB,spec,channel_grad,0.001,0.001,0.001,0.16641317307949066,0.5837381999999999,0.1668779134750366,3.0168259143829346,✓,✓,0.11850641547197881,0.5878,2.8031628131866455,✓,✓,0.33216949062657963,568.1300048828125,0.1251682773497367,0.07968460023403168,8192.0,0.0743253156542778,0.1668779134750366,0.08112805485725402,0.26492460606060625,0.5878,0.27749999999999997,cnn-9_cifar10_learnt_gaussian_sig0.03_bounded-pmin1e-05_epoch20_bs250_lr0.001_mon0.95_dp0.2_objective-channel_gradient-chan0.001-rayleigh-zf-tx1.0-noise1.0-spec-kl0.001_perc-pri0.5_epoch-pri70_bs-pri250_lr-pri0.005_mom-pri0.99_dp-pri0.2_seed7,rayleigh-zf-tx1.0-noise1.0_chan-layer4_mcsamples500_norm-spec_seed7_bounds.json
cnn-9,cifar10,20.0,rayleigh_zf,0.0 dB,spec,channel_grad,0.001,0.001,0.01,0.16759763658046722,0.5871500000000001,0.16803086996078492,3.10347056388855,✓,✓,0.11803397982755,0.5912,2.889622211456299,✓,✓,0.33188236726775255,587.9224243164062,0.12358583301172112,0.07867718487977982,8192.0,0.07393678277730942,0.16803086996078492,0.08065143823623658,0.26465179797979826,0.5912,0.2774,cnn-9_cifar10_learnt_gaussian_sig0.03_bounded-pmin1e-05_epoch20_bs250_lr0.001_mon0.95_dp0.2_objective-channel_gradient-chan0.01-rayleigh-zf-tx1.0-noise1.0-spec-kl0.001_perc-pri0.5_epoch-pri70_bs-pri250_lr-pri0.005_mom-pri0.99_dp-pri0.2_seed7,rayleigh-zf-tx1.0-noise1.0_chan-layer4_mcsamples500_norm-spec_seed7_bounds.json
cnn-9,cifar10,20.0,rayleigh_zf,0.0 dB,spec,channel_grad,0.001,0.01,0.0001,0.1593869924545288,0.5400892000000002,0.15955370664596558,1.0746463537216187,✓,✓,0.14056085102564797,0.5388,0.8681048154830933,✓,✓,0.34710240192463104,120.19009399414062,0.1713042428921727,0.10905566811561584,8192.0,0.09266737103462219,0.15955370664596558,0.09879366755485534,0.2790119595959601,0.5388,0.28590000000000004,cnn-9_cifar10_learnt_gaussian_sig0.03_bounded-pmin1e-05_epoch20_bs250_lr0.001_mon0.95_dp0.2_objective-channel_gradient-chan0.0001-rayleigh-zf-tx1.0-noise1.0-spec-kl0.01_perc-pri0.5_epoch-pri70_bs-pri250_lr-pri0.005_mom-pri0.99_dp-pri0.2_seed7,rayleigh-zf-tx1.0-noise1.0_chan-layer4_mcsamples500_norm-spec_seed7_bounds.json
cnn-9,cifar10,20.0,rayleigh_zf,0.0 dB,spec,channel_grad,0.001,0.01,0.001,0.1594279408454895,0.5403154000000001,0.15959075689315796,1.0774340629577637,✓,✓,0.14048664414953532,0.5396000000000001,0.8708375096321106,✓,✓,0.3470832170963071,120.83277893066406,0.17123697206721566,0.10901284217834473,8192.0,0.0926036462187767,0.15959075689315796,0.09872403144836425,0.278996848484849,0.5396000000000001,0.28590000000000004,cnn-9_cifar10_learnt_gaussian_sig0.03_bounded-pmin1e-05_epoch20_bs250_lr0.001_mon0.95_dp0.2_objective-channel_gradient-chan0.001-rayleigh-zf-tx1.0-noise1.0-spec-kl0.01_perc-pri0.5_epoch-pri70_bs-pri250_lr-pri0.005_mom-pri0.99_dp-pri0.2_seed7,rayleigh-zf-tx1.0-noise1.0_chan-layer4_mcsamples500_norm-spec_seed7_bounds.json
cnn-9,cifar10,20.0,rayleigh_zf,0.0 dB,spec,channel_grad,0.001,0.01,0.01,0.15975262224674225,0.5421525999999999,0.15992754697799683,1.1007404669412952,✓,✓,0.13985861246339454,0.5413,0.8937118272797482,✓,✓,0.3468872521249417,126.45838928222656,0.1695808668780728,0.10795853286981583,8192.0,0.09207591414451599,0.15992754697799683,0.09816292524337769,0.27881082828282866,0.5413,0.2863,cnn-9_cifar10_learnt_gaussian_sig0.03_bounded-pmin1e-05_epoch20_bs250_lr0.001_mon0.95_dp0.2_objective-channel_gradient-chan0.01-rayleigh-zf-tx1.0-noise1.0-spec-kl0.01_perc-pri0.5_epoch-pri70_bs-pri250_lr-pri0.005_mom-pri0.99_dp-pri0.2_seed7,rayleigh-zf-tx1.0-noise1.0_chan-layer4_mcsamples500_norm-spec_seed7_bounds.json
cnn-9,cifar10,20.0,rayleigh_zf,0.0 dB,spec,channel_grad,0.001,0.01,0.1,0.163095161318779,0.5587019999999999,0.16331133842468262,1.3662467158052747,✓,✓,0.13454759606101965,0.5605,1.1556018848959415,✓,✓,0.3451924269703529,188.84117126464844,0.15779765862015216,0.10045710951089859,8192.0,0.08761975914239883,0.16331133842468262,0.09339123368263244,0.277207272727273,0.5605,0.2845,cnn-9_cifar10_learnt_gaussian_sig0.03_bounded-pmin1e-05_epoch20_bs250_lr0.001_mon0.95_dp0.2_objective-channel_gradient-chan0.1-rayleigh-zf-tx1.0-noise1.0-spec-kl0.01_perc-pri0.5_epoch-pri70_bs-pri250_lr-pri0.005_mom-pri0.99_dp-pri0.2_seed7,rayleigh-zf-tx1.0-noise1.0_chan-layer4_mcsamples500_norm-spec_seed7_bounds.json
cnn-9,cifar10,20.0,rayleigh_zf,0.0 dB,spec,channel_grad,0.001,0.01,1.0,0.18587221205234528,0.6366864000000001,0.18608487844467164,4.22579950959222,✓,✗,0.11731219802289597,0.6354,4.00519345850723,✓,✗,0.33791824910788665,840.2349243164062,0.11150320638468071,0.07098514586687088,8192.0,0.07334593683481216,0.18608487844467164,0.077906334400177,0.27033923232323265,0.6354,0.28049999999999997,cnn-9_cifar10_learnt_gaussian_sig0.03_bounded-pmin1e-05_epoch20_bs250_lr0.001_mon0.95_dp0.2_objective-channel_gradient-chan1.0-rayleigh-zf-tx1.0-noise1.0-spec-kl0.01_perc-pri0.5_epoch-pri70_bs-pri250_lr-pri0.005_mom-pri0.99_dp-pri0.2_seed7,rayleigh-zf-tx1.0-noise1.0_chan-layer4_mcsamples500_norm-spec_seed7_bounds.json
cnn-9,cifar10,20.0,rayleigh_zf,0.0 dB,spec,channel_grad,0.001,0.05,1.0,0.1657121181488037,0.5616172,0.16605387926101683,1.2800341844558716,✓,✓,0.13879089994072785,0.5638000000000001,1.069790005683899,✓,✓,0.34903521123966746,167.50729370117188,0.16315046416884607,0.10386481136083603,8192.0,0.09117760509252548,0.16605387926101683,0.09629629850387574,0.2808433939393944,0.5638000000000001,0.28659999999999997,cnn-9_cifar10_learnt_gaussian_sig0.03_bounded-pmin1e-05_epoch20_bs250_lr0.001_mon0.95_dp0.2_objective-channel_gradient-chan1.0-rayleigh-zf-tx1.0-noise1.0-spec-kl0.05_perc-pri0.5_epoch-pri70_bs-pri250_lr-pri0.005_mom-pri0.99_dp-pri0.2_seed7,rayleigh-zf-tx1.0-noise1.0_chan-layer4_mcsamples500_norm-spec_seed7_bounds.json
cnn-9,cifar10,20.0,rayleigh_zf,0.0 dB,spec,channel_grad,0.001,0.1,0.01,0.16191072762012482,0.5061551999999999,0.16144580841064454,0.6168330626010603,✓,✓,0.1667086296261296,0.49960000000000004,0.4259651804672292,✗,✓,0.3575765117599607,4.616413116455078,0.21987808534196726,0.13997873663902283,8192.0,0.11495967954397202,0.16144580841064454,0.11997721195220948,0.28894294949495,0.49960000000000004,0.2912,cnn-9_cifar10_learnt_gaussian_sig0.03_bounded-pmin1e-05_epoch20_bs250_lr0.001_mon0.95_dp0.2_objective-channel_gradient-chan0.01-rayleigh-zf-tx1.0-noise1.0-spec-kl0.1_perc-pri0.5_epoch-pri70_bs-pri250_lr-pri0.005_mom-pri0.99_dp-pri0.2_seed7,rayleigh-zf-tx1.0-noise1.0_chan-layer4_mcsamples500_norm-spec_seed7_bounds.json
cnn-9,cifar10,20.0,rayleigh_zf,0.0 dB,spec,channel_grad,0.001,0.1,0.1,0.1617671102285385,0.5095670000000002,0.16132595539093017,0.6263470478764209,✓,✓,0.16451385176851596,0.5045,0.4342722984027933,✗,✓,0.35658860124214353,7.89959716796875,0.21569713569148952,0.13731706142425537,8192.0,0.11306880414485931,0.16132595539093017,0.11812171936035157,0.2880058181818187,0.5045,0.29169999999999996,cnn-9_cifar10_learnt_gaussian_sig0.03_bounded-pmin1e-05_epoch20_bs250_lr0.001_mon0.95_dp0.2_objective-channel_gradient-chan0.1-rayleigh-zf-tx1.0-noise1.0-spec-kl0.1_perc-pri0.5_epoch-pri70_bs-pri250_lr-pri0.005_mom-pri0.99_dp-pri0.2_seed7,rayleigh-zf-tx1.0-noise1.0_chan-layer4_mcsamples500_norm-spec_seed7_bounds.json
cnn-9,cifar10,20.0,rayleigh_zf,0.0 dB,spec,channel_grad,0.001,0.1,1.0,0.16252738237380981,0.5371714000000001,0.16285046339035034,0.8714799534051492,✓,✓,0.1498286564258698,0.5341,0.6687411276218382,✓,✓,0.35256748220918066,70.096923828125,0.186696259391442,0.11885453015565872,8192.0,0.10050635039806366,0.16285046339035034,0.10571173429489136,0.28419062626262664,0.5341,0.28879999999999995,cnn-9_cifar10_learnt_gaussian_sig0.03_bounded-pmin1e-05_epoch20_bs250_lr0.001_mon0.95_dp0.2_objective-channel_gradient-chan1.0-rayleigh-zf-tx1.0-noise1.0-spec-kl0.1_perc-pri0.5_epoch-pri70_bs-pri250_lr-pri0.005_mom-pri0.99_dp-pri0.2_seed7,rayleigh-zf-tx1.0-noise1.0_chan-layer4_mcsamples500_norm-spec_seed7_bounds.json
cnn-9,cifar10,20.0,rayleigh_zf,0.0 dB,spec,channel_grad,0.001,0.25,1.0,0.16165107488632202,0.5155157999999997,0.16135385036468505,0.6731637120246887,✓,✓,0.16121873009667512,0.5105999999999999,0.47878995537757874,✗,✓,0.3555925036278364,20.002124786376953,0.20938575599719197,0.1332991123199463,8192.0,0.11023557186126709,0.16135385036468505,0.11541569232940674,0.2870600404040409,0.5105999999999999,0.29090000000000005,cnn-9_cifar10_learnt_gaussian_sig0.03_bounded-pmin1e-05_epoch20_bs250_lr0.001_mon0.95_dp0.2_objective-channel_gradient-chan1.0-rayleigh-zf-tx1.0-noise1.0-spec-kl0.25_perc-pri0.5_epoch-pri70_bs-pri250_lr-pri0.005_mom-pri0.99_dp-pri0.2_seed7,rayleigh-zf-tx1.0-noise1.0_chan-layer4_mcsamples500_norm-spec_seed7_bounds.json
cnn-9,cifar10,20.0,rayleigh_zf,0.0 dB,spec,channel_grad,0.001,0.5,1.0,0.1620887815952301,0.5075565999999999,0.1616612195968628,0.6326996088027954,✓,✓,0.16661000446500218,0.5014000000000001,0.4418298602104187,✗,✓,0.357479729764902,8.13387393951416,0.22011084146005097,0.14012691378593445,8192.0,0.11487465351819992,0.1616612195968628,0.11988811492919922,0.28884783838383904,0.5014000000000001,0.2924,cnn-9_cifar10_learnt_gaussian_sig0.03_bounded-pmin1e-05_epoch20_bs250_lr0.001_mon0.95_dp0.2_objective-channel_gradient-chan1.0-rayleigh-zf-tx1.0-noise1.0-spec-kl0.5_perc-pri0.5_epoch-pri70_bs-pri250_lr-pri0.005_mom-pri0.99_dp-pri0.2_seed7,rayleigh-zf-tx1.0-noise1.0_chan-layer4_mcsamples500_norm-spec_seed7_bounds.json
cnn-9,cifar10,20.0,rayleigh_zf,0.0 dB,spec,channel_grad,0.001,1.0,0.01,0.16338405013084412,0.5005071999999999,0.16295531988143921,0.6119356336681729,✓,✓,0.17291446932479917,0.49360000000000004,0.4240892531991104,✗,✓,0.3607608497938617,0.16723114252090454,0.23169366505114591,0.14750076830387115,8192.0,0.12032575905323029,0.16295531988143921,0.1249886155128479,0.2919652525252529,0.49360000000000004,0.2956,cnn-9_cifar10_learnt_gaussian_sig0.03_bounded-pmin1e-05_epoch20_bs250_lr0.001_mon0.95_dp0.2_objective-channel_gradient-chan0.01-rayleigh-zf-tx1.0-noise1.0-spec-kl1.0_perc-pri0.5_epoch-pri70_bs-pri250_lr-pri0.005_mom-pri0.99_dp-pri0.2_seed7,rayleigh-zf-tx1.0-noise1.0_chan-layer4_mcsamples500_norm-spec_seed7_bounds.json
cnn-9,cifar10,20.0,rayleigh_zf,0.0 dB,spec,channel_grad,0.001,1.0,0.1,0.16331514716148376,0.5008398,0.1628868341445923,0.6114870347207764,✓,✓,0.17260524709567135,0.49450000000000005,0.4235058196241839,✗,✓,0.36058646219226376,0.2767133116722107,0.23092983456025432,0.14701449871063232,8192.0,0.12005756795406342,0.1628868341445923,0.12473404407501221,0.29180202020202073,0.49450000000000005,0.2954,cnn-9_cifar10_learnt_gaussian_sig0.03_bounded-pmin1e-05_epoch20_bs250_lr0.001_mon0.95_dp0.2_objective-channel_gradient-chan0.1-rayleigh-zf-tx1.0-noise1.0-spec-kl1.0_perc-pri0.5_epoch-pri70_bs-pri250_lr-pri0.005_mom-pri0.99_dp-pri0.2_seed7,rayleigh-zf-tx1.0-noise1.0_chan-layer4_mcsamples500_norm-spec_seed7_bounds.json
cnn-9,cifar10,20.0,rayleigh_zf,0.0 dB,spec,channel_grad,0.001,1.0,1.0,0.16266869008541107,0.5038828000000002,0.1622549295425415,0.6189754009246826,✓,✓,0.16970185727702047,0.4982,0.4296967685222626,✗,✓,0.35898047178745385,3.4798574447631836,0.2256992821496086,0.14368462562561035,8192.0,0.11754617840051651,0.1622549295425415,0.1223334789276123,0.290275151515152,0.4982,0.29379999999999995,cnn-9_cifar10_learnt_gaussian_sig0.03_bounded-pmin1e-05_epoch20_bs250_lr0.001_mon0.95_dp0.2_objective-channel_gradient-chan1.0-rayleigh-zf-tx1.0-noise1.0-spec-kl1.0_perc-pri0.5_epoch-pri70_bs-pri250_lr-pri0.005_mom-pri0.99_dp-pri0.2_seed7,rayleigh-zf-tx1.0-noise1.0_chan-layer4_mcsamples500_norm-spec_seed7_bounds.json
cnn-9,cifar10,30.0,rayleigh_zf,0.0 dB,spec,channel_grad,0.001,0.0001,0.0001,0.17081253230571747,0.5978326,0.17044540643692016,4.900494575500488,✓,?,0.11132944913260721,0.5966,4.691256523132324,✓,?,0.32056760097374615,994.8504638671875,0.11208703943509929,0.07135682553052902,8192.0,0.06846413761377335,0.17044540643692016,0.07671620845794677,0.25402755555555556,0.5966,0.2713,cnn-9_cifar10_learnt_gaussian_sig0.03_bounded-pmin1e-05_epoch30_bs250_lr0.001_mon0.95_dp0.2_objective-channel_gradient-chan0.0001-rayleigh-zf-tx1.0-noise1.0-spec-kl0.0001_perc-pri0.5_epoch-pri70_bs-pri250_lr-pri0.005_mom-pri0.99_dp-pri0.2_seed7,rayleigh-zf-tx1.0-noise1.0_chan-layer4_mcsamples500_norm-spec_seed7_bounds.json
cnn-9,cifar10,30.0,rayleigh_zf,0.0 dB,spec,channel_grad,0.001,0.0001,0.001,0.1710265576839447,0.5983029999999999,0.17066144943237305,4.91569709777832,✓,?,0.11127344785959235,0.5973999999999999,4.7064690589904785,✓,?,0.3205016797679766,998.3055419921875,0.11190403423505528,0.07124032080173492,8192.0,0.0684184730052948,0.17066144943237305,0.07665473818778992,0.25396767676767673,0.5973999999999999,0.2714,cnn-9_cifar10_learnt_gaussian_sig0.03_bounded-pmin1e-05_epoch30_bs250_lr0.001_mon0.95_dp0.2_objective-channel_gradient-chan0.001-rayleigh-zf-tx1.0-noise1.0-spec-kl0.0001_perc-pri0.5_epoch-pri70_bs-pri250_lr-pri0.005_mom-pri0.99_dp-pri0.2_seed7,rayleigh-zf-tx1.0-noise1.0_chan-layer4_mcsamples500_norm-spec_seed7_bounds.json
cnn-9,cifar10,30.0,rayleigh_zf,0.0 dB,spec,channel_grad,0.001,0.0001,0.01,0.1727490872144699,0.6026815999999999,0.1722808837890625,5.059253215789795,✓,?,0.11087031481056146,0.6005,4.8499956130981445,✓,?,0.32012802905954485,1030.82861328125,0.11038628598617718,0.07027409225702286,8192.0,0.06809092313051224,0.1722808837890625,0.07625881433486939,0.2536199595959596,0.6005,0.2711,cnn-9_cifar10_learnt_gaussian_sig0.03_bounded-pmin1e-05_epoch30_bs250_lr0.001_mon0.95_dp0.2_objective-channel_gradient-chan0.01-rayleigh-zf-tx1.0-noise1.0-spec-kl0.0001_perc-pri0.5_epoch-pri70_bs-pri250_lr-pri0.005_mom-pri0.99_dp-pri0.2_seed7,rayleigh-zf-tx1.0-noise1.0_chan-layer4_mcsamples500_norm-spec_seed7_bounds.json
cnn-9,cifar10,30.0,rayleigh_zf,0.0 dB,spec,channel_grad,0.001,0.001,0.0001,0.16698245704174042,0.5857465999999999,0.16674035787582397,3.6064836978912354,✓,?,0.11575007173378864,0.5827,3.395487070083618,✓,?,0.3267468071013698,702.0523071289062,0.12133031762045164,0.07724127918481827,8192.0,0.07206646353006363,0.16674035787582397,0.07987883687019348,0.2598261010101013,0.5827,0.2744,cnn-9_cifar10_learnt_gaussian_sig0.03_bounded-pmin1e-05_epoch30_bs250_lr0.001_mon0.95_dp0.2_objective-channel_gradient-chan0.0001-rayleigh-zf-tx1.0-noise1.0-spec-kl0.001_perc-pri0.5_epoch-pri70_bs-pri250_lr-pri0.005_mom-pri0.99_dp-pri0.2_seed7,rayleigh-zf-tx1.0-noise1.0_chan-layer4_mcsamples500_norm-spec_seed7_bounds.json
cnn-9,cifar10,30.0,rayleigh_zf,0.0 dB,spec,channel_grad,0.001,0.001,0.001,0.16714869439601898,0.5861610000000003,0.16690593957901,3.61529541015625,✓,?,0.11570359067800681,0.5829,3.404287576675415,✓,?,0.32671153844834844,704.0908813476562,0.12106030975639745,0.07706938683986664,8192.0,0.07202883064746857,0.16690593957901,0.0798250138759613,0.25979353535353544,0.5829,0.2743,cnn-9_cifar10_learnt_gaussian_sig0.03_bounded-pmin1e-05_epoch30_bs250_lr0.001_mon0.95_dp0.2_objective-channel_gradient-chan0.001-rayleigh-zf-tx1.0-noise1.0-spec-kl0.001_perc-pri0.5_epoch-pri70_bs-pri250_lr-pri0.005_mom-pri0.99_dp-pri0.2_seed7,rayleigh-zf-tx1.0-noise1.0_chan-layer4_mcsamples500_norm-spec_seed7_bounds.json
cnn-9,cifar10,30.0,rayleigh_zf,0.0 dB,spec,channel_grad,0.001,0.001,0.01,0.16855494678020477,0.5900284,0.1682858347892761,3.7123820781707764,✓,?,0.11525720502455616,0.5868,3.501227617263794,✓,?,0.3264115089890274,726.1450805664062,0.11981740285290744,0.07627812772989273,8192.0,0.07166445255279541,0.1682858347892761,0.07938544154167175,0.25951337373737376,0.5868,0.27390000000000003,cnn-9_cifar10_learnt_gaussian_sig0.03_bounded-pmin1e-05_epoch30_bs250_lr0.001_mon0.95_dp0.2_objective-channel_gradient-chan0.01-rayleigh-zf-tx1.0-noise1.0-spec-kl0.001_perc-pri0.5_epoch-pri70_bs-pri250_lr-pri0.005_mom-pri0.99_dp-pri0.2_seed7,rayleigh-zf-tx1.0-noise1.0_chan-layer4_mcsamples500_norm-spec_seed7_bounds.json
cnn-9,cifar10,30.0,rayleigh_zf,0.0 dB,spec,channel_grad,0.001,0.01,0.0001,0.15914078056812286,0.5400504,0.15860334634780884,1.071337103843689,✓,?,0.1407030430498869,0.5407,0.8647692203521729,✓,?,0.34727089920640564,119.24708557128906,0.17204370701953603,0.10952642560005188,8192.0,0.09278643131256104,0.15860334634780884,0.09929708242416382,0.27917373737373785,0.5407,0.28859999999999997,cnn-9_cifar10_learnt_gaussian_sig0.03_bounded-pmin1e-05_epoch30_bs250_lr0.001_mon0.95_dp0.2_objective-channel_gradient-chan0.0001-rayleigh-zf-tx1.0-noise1.0-spec-kl0.01_perc-pri0.5_epoch-pri70_bs-pri250_lr-pri0.005_mom-pri0.99_dp-pri0.2_seed7,rayleigh-zf-tx1.0-noise1.0_chan-layer4_mcsamples500_norm-spec_seed7_bounds.json
cnn-9,cifar10,30.0,rayleigh_zf,0.0 dB,spec,channel_grad,0.001,0.01,0.001,0.15916167199611664,0.5402121999999999,0.15862278938293456,1.0739834308624268,✓,?,0.14063505742740917,0.5407,0.8673872947692871,✓,?,0.34723122716340543,119.85909271240234,0.17199280917372214,0.10949402302503586,8192.0,0.09272927045822144,0.15862278938293456,0.09923708438873291,0.2791360000000003,0.5407,0.2884,cnn-9_cifar10_learnt_gaussian_sig0.03_bounded-pmin1e-05_epoch30_bs250_lr0.001_mon0.95_dp0.2_objective-channel_gradient-chan0.001-rayleigh-zf-tx1.0-noise1.0-spec-kl0.01_perc-pri0.5_epoch-pri70_bs-pri250_lr-pri0.005_mom-pri0.99_dp-pri0.2_seed7,rayleigh-zf-tx1.0-noise1.0_chan-layer4_mcsamples500_norm-spec_seed7_bounds.json
cnn-9,cifar10,30.0,rayleigh_zf,0.0 dB,spec,channel_grad,0.001,0.01,0.01,0.15946011245250702,0.5420534,0.15888481140136718,1.0986256725861387,✓,?,0.139976646925724,0.5424,0.8916021847529048,✓,?,0.34700013475895786,125.77284240722656,0.17041904871742508,0.10849213600158691,8192.0,0.09217491745948792,0.15888481140136718,0.09864715337753296,0.2789172525252529,0.5424,0.28890000000000005,cnn-9_cifar10_learnt_gaussian_sig0.03_bounded-pmin1e-05_epoch30_bs250_lr0.001_mon0.95_dp0.2_objective-channel_gradient-chan0.01-rayleigh-zf-tx1.0-noise1.0-spec-kl0.01_perc-pri0.5_epoch-pri70_bs-pri250_lr-pri0.005_mom-pri0.99_dp-pri0.2_seed7,rayleigh-zf-tx1.0-noise1.0_chan-layer4_mcsamples500_norm-spec_seed7_bounds.json
cnn-9,cifar10,30.0,rayleigh_zf,0.0 dB,spec,channel_grad,0.001,0.01,0.1,0.16276656091213226,0.558738,0.1623164176940918,1.3638436559470506,✓,?,0.13461391446939014,0.5578000000000001,1.153090576914072,✓,?,0.3453669935023687,188.2839813232422,0.1577118614006393,0.10040248930454254,8192.0,0.08767499774694443,0.1623164176940918,0.09379984140396118,0.27736953535353576,0.5578000000000001,0.2885,cnn-9_cifar10_learnt_gaussian_sig0.03_bounded-pmin1e-05_epoch30_bs250_lr0.001_mon0.95_dp0.2_objective-channel_gradient-chan0.1-rayleigh-zf-tx1.0-noise1.0-spec-kl0.01_perc-pri0.5_epoch-pri70_bs-pri250_lr-pri0.005_mom-pri0.99_dp-pri0.2_seed7,rayleigh-zf-tx1.0-noise1.0_chan-layer4_mcsamples500_norm-spec_seed7_bounds.json
cnn-9,cifar10,30.0,rayleigh_zf,0.0 dB,spec,channel_grad,0.001,0.01,1.0,0.18448476493358612,0.6338505999999997,0.18434323072433473,4.252092296876644,✓,?,0.11734229057052763,0.632,4.031726610161508,✓,?,0.33770797728566426,846.2503662109375,0.11110439150958322,0.0707312524318695,8192.0,0.07337010651826859,0.18434323072433473,0.07844037413597107,0.27013818181818217,0.632,0.28259999999999996,cnn-9_cifar10_learnt_gaussian_sig0.03_bounded-pmin1e-05_epoch30_bs250_lr0.001_mon0.95_dp0.2_objective-channel_gradient-chan1.0-rayleigh-zf-tx1.0-noise1.0-spec-kl0.01_perc-pri0.5_epoch-pri70_bs-pri250_lr-pri0.005_mom-pri0.99_dp-pri0.2_seed7,rayleigh-zf-tx1.0-noise1.0_chan-layer4_mcsamples500_norm-spec_seed7_bounds.json
cnn-9,cifar10,30.0,rayleigh_zf,0.0 dB,spec,channel_grad,0.001,0.1,0.01,0.16170941293239594,0.5058748,0.1612650990486145,0.6174136694336365,✓,?,0.16696515369064963,0.5072,0.4265349585552337,✗,?,0.3578438645690524,4.351725101470947,0.22137506015411976,0.14093174040317535,8192.0,0.11518194526433945,0.1612650990486145,0.12065060138702392,0.289196848484849,0.5072,0.29590000000000005,cnn-9_cifar10_learnt_gaussian_sig0.03_bounded-pmin1e-05_epoch30_bs250_lr0.001_mon0.95_dp0.2_objective-channel_gradient-chan0.01-rayleigh-zf-tx1.0-noise1.0-spec-kl0.1_perc-pri0.5_epoch-pri70_bs-pri250_lr-pri0.005_mom-pri0.99_dp-pri0.2_seed7,rayleigh-zf-tx1.0-noise1.0_chan-layer4_mcsamples500_norm-spec_seed7_bounds.json
cnn-9,cifar10,30.0,rayleigh_zf,0.0 dB,spec,channel_grad,0.001,0.1,0.1,0.16139841079711914,0.5088267999999999,0.16101059913635254,0.6263658213351483,✓,?,0.16482202180848132,0.5096,0.43436759537580905,✗,?,0.3568202477678205,7.500787258148193,0.21726779476145855,0.13831697404384613,8192.0,0.11333490908145905,0.16101059913635254,0.11884921789169312,0.2882261010101015,0.5096,0.29510000000000003,cnn-9_cifar10_learnt_gaussian_sig0.03_bounded-pmin1e-05_epoch30_bs250_lr0.001_mon0.95_dp0.2_objective-channel_gradient-chan0.1-rayleigh-zf-tx1.0-noise1.0-spec-kl0.1_perc-pri0.5_epoch-pri70_bs-pri250_lr-pri0.005_mom-pri0.99_dp-pri0.2_seed7,rayleigh-zf-tx1.0-noise1.0_chan-layer4_mcsamples500_norm-spec_seed7_bounds.json
cnn-9,cifar10,30.0,rayleigh_zf,0.0 dB,spec,channel_grad,0.001,0.1,1.0,0.16188183426856995,0.5359906000000001,0.16142992973327636,0.8680163911602652,✓,?,0.15005408632653847,0.5362,0.6657953690220813,✓,?,0.3522751084647223,69.2906494140625,0.1871308396877414,0.1191311925649643,8192.0,0.10069767385721207,0.16142992973327636,0.1061985969543457,0.28390965656565703,0.5362,0.2924,cnn-9_cifar10_learnt_gaussian_sig0.03_bounded-pmin1e-05_epoch30_bs250_lr0.001_mon0.95_dp0.2_objective-channel_gradient-chan1.0-rayleigh-zf-tx1.0-noise1.0-spec-kl0.1_perc-pri0.5_epoch-pri70_bs-pri250_lr-pri0.005_mom-pri0.99_dp-pri0.2_seed7,rayleigh-zf-tx1.0-noise1.0_chan-layer4_mcsamples500_norm-spec_seed7_bounds.json
cnn-9,cifar10,30.0,rayleigh_zf,0.0 dB,spec,channel_grad,0.001,1.0,0.01,0.16355159878730774,0.501504,0.16302971839904784,0.6125075901247246,✓,?,0.17300129805609554,0.5002,0.42438930729399205,✗,?,0.3611195808868281,0.15850409865379333,0.2319459189413901,0.14766135811805725,8192.0,0.12040026485919952,0.16302971839904784,0.12555688619613647,0.29230876767676817,0.5002,0.29900000000000004,cnn-9_cifar10_learnt_gaussian_sig0.03_bounded-pmin1e-05_epoch30_bs250_lr0.001_mon0.95_dp0.2_objective-channel_gradient-chan0.01-rayleigh-zf-tx1.0-noise1.0-spec-kl1.0_perc-pri0.5_epoch-pri70_bs-pri250_lr-pri0.005_mom-pri0.99_dp-pri0.2_seed7,rayleigh-zf-tx1.0-noise1.0_chan-layer4_mcsamples500_norm-spec_seed7_bounds.json
cnn-9,cifar10,30.0,rayleigh_zf,0.0 dB,spec,channel_grad,0.001,1.0,0.1,0.16354291141033173,0.50209,0.16302430629730225,0.6121246215802706,✓,?,0.1727142799459872,0.5005,0.42378570866334403,✗,?,0.36105319286291376,0.25878962874412537,0.2311808478959673,0.14717429876327515,8192.0,0.12015210837125778,0.16302430629730225,0.12530664205551148,0.2922471919191925,0.5005,0.29900000000000004,cnn-9_cifar10_learnt_gaussian_sig0.03_bounded-pmin1e-05_epoch30_bs250_lr0.001_mon0.95_dp0.2_objective-channel_gradient-chan0.1-rayleigh-zf-tx1.0-noise1.0-spec-kl1.0_perc-pri0.5_epoch-pri70_bs-pri250_lr-pri0.005_mom-pri0.99_dp-pri0.2_seed7,rayleigh-zf-tx1.0-noise1.0_chan-layer4_mcsamples500_norm-spec_seed7_bounds.json
cnn-9,cifar10,30.0,rayleigh_zf,0.0 dB,spec,channel_grad,0.001,1.0,1.0,0.16349634528160095,0.5073403999999999,0.16308538913726806,0.6207285384837666,✓,?,0.17007207803919097,0.5073,0.430212768099917,✗,?,0.3605878484230406,3.1271603107452393,0.22742236558009263,0.14478157460689545,8192.0,0.11786454916000366,0.16308538913726806,0.12301328182220458,0.291803555555556,0.5073,0.2984,cnn-9_cifar10_learnt_gaussian_sig0.03_bounded-pmin1e-05_epoch30_bs250_lr0.001_mon0.95_dp0.2_objective-channel_gradient-chan1.0-rayleigh-zf-tx1.0-noise1.0-spec-kl1.0_perc-pri0.5_epoch-pri70_bs-pri250_lr-pri0.005_mom-pri0.99_dp-pri0.2_seed7,rayleigh-zf-tx1.0-noise1.0_chan-layer4_mcsamples500_norm-spec_seed7_bounds.json
cnn-9,cifar10,50.0,rayleigh_zf,0.0 dB,spec,vanilla,0.001,1.0,0.0,0.17423991858959198,0.6036796000000001,0.1754888892173767,14.969048489689209,✓,-,0.10538142456868949,0.6052,14.76845030482279,✓,-,0.3059796094351085,3274.572998046875,0.0,0.0,8192.0,0.063653863966465,0.1754888892173767,0.07338550090789794,0.240403313131313,0.6052,0.2619,cnn-9_cifar10_learnt_gaussian_sig0.03_bounded-pmin1e-05_epoch50_bs250_lr0.001_mon0.95_dp0.2_objective-vanilla_perc-pri0.5_epoch-pri70_bs-pri250_lr-pri0.005_mom-pri0.99_dp-pri0.2_seed7,rayleigh-zf-tx1.0-noise1.0_chan-layer4_mcsamples500_norm-spec_seed7_bounds.json
cnn-9,cifar10,50.0,rayleigh_zf,0.0 dB,spec,channel_grad,0.001,0.0001,0.0001,0.17301908135414124,0.6007788,0.17071821689605712,7.176955223083496,✓,✓,0.10632696094231549,0.6013,6.975207805633545,✓,✓,0.30807449447380914,1507.5987548828125,0.10796141149470712,0.06873036921024323,8192.0,0.06441564112901688,0.17071821689605712,0.07195884585380555,0.24235450505050485,0.6013,0.26259999999999994,cnn-9_cifar10_learnt_gaussian_sig0.03_bounded-pmin1e-05_epoch50_bs250_lr0.001_mon0.95_dp0.2_objective-channel_gradient-chan0.0001-rayleigh-zf-tx1.0-noise1.0-spec-kl0.0001_perc-pri0.5_epoch-pri70_bs-pri250_lr-pri0.005_mom-pri0.99_dp-pri0.2_seed7,rayleigh-zf-tx1.0-noise1.0_chan-layer4_mcsamples500_norm-spec_seed7_bounds.json
cnn-9,cifar10,50.0,rayleigh_zf,0.0 dB,spec,channel_grad,0.001,0.0001,0.001,0.17325522005558014,0.6013734,0.17096370458602905,7.194850444793701,✓,✓,0.10628849631077965,0.6025,6.993101119995117,✓,✓,0.3080379398266917,1511.6514892578125,0.10776821268148677,0.0686073750257492,8192.0,0.06438471376895905,0.17096370458602905,0.07192624211311341,0.24232080808080794,0.6025,0.2619,cnn-9_cifar10_learnt_gaussian_sig0.03_bounded-pmin1e-05_epoch50_bs250_lr0.001_mon0.95_dp0.2_objective-channel_gradient-chan0.001-rayleigh-zf-tx1.0-noise1.0-spec-kl0.0001_perc-pri0.5_epoch-pri70_bs-pri250_lr-pri0.005_mom-pri0.99_dp-pri0.2_seed7,rayleigh-zf-tx1.0-noise1.0_chan-layer4_mcsamples500_norm-spec_seed7_bounds.json
cnn-9,cifar10,50.0,rayleigh_zf,0.0 dB,spec,channel_grad,0.001,0.0001,0.01,0.175378680229187,0.6064874000000001,0.1730850100517273,7.385886192321777,✓,✗,0.10593896419626164,0.6083000000000001,7.1841888427734375,✓,✗,0.30763612663650886,1554.75341796875,0.10644805200006682,0.067766934633255,8192.0,0.0641028881072998,0.1730850100517273,0.07157646417617798,0.24194416161616145,0.6083000000000001,0.26149999999999995,cnn-9_cifar10_learnt_gaussian_sig0.03_bounded-pmin1e-05_epoch50_bs250_lr0.001_mon0.95_dp0.2_objective-channel_gradient-chan0.01-rayleigh-zf-tx1.0-noise1.0-spec-kl0.0001_perc-pri0.5_epoch-pri70_bs-pri250_lr-pri0.005_mom-pri0.99_dp-pri0.2_seed7,rayleigh-zf-tx1.0-noise1.0_chan-layer4_mcsamples500_norm-spec_seed7_bounds.json
cnn-9,cifar10,50.0,rayleigh_zf,0.0 dB,spec,channel_grad,0.001,0.001,0.0001,0.16777899861335754,0.5866156,0.16524721384048463,4.387539386749268,✓,✓,0.11298582475780546,0.5828,4.180174350738525,✓,✓,0.3203509893080828,878.5859985351562,0.1192989212789259,0.07594805210828781,8192.0,0.06981171667575836,0.16524721384048463,0.07595037817955017,0.25382723232323234,0.5828,0.27090000000000003,cnn-9_cifar10_learnt_gaussian_sig0.03_bounded-pmin1e-05_epoch50_bs250_lr0.001_mon0.95_dp0.2_objective-channel_gradient-chan0.0001-rayleigh-zf-tx1.0-noise1.0-spec-kl0.001_perc-pri0.5_epoch-pri70_bs-pri250_lr-pri0.005_mom-pri0.99_dp-pri0.2_seed7,rayleigh-zf-tx1.0-noise1.0_chan-layer4_mcsamples500_norm-spec_seed7_bounds.json
cnn-9,cifar10,50.0,rayleigh_zf,0.0 dB,spec,channel_grad,0.001,0.001,0.001,0.167934387922287,0.5870297999999998,0.16540676355361938,4.398650169372559,✓,✓,0.11294300687696725,0.5831,4.191274642944336,✓,✓,0.32031857806768893,881.111083984375,0.11914957489804967,0.07585297524929047,8192.0,0.06977611780166626,0.16540676355361938,0.07590179443359375,0.2537978989898991,0.5831,0.27080000000000004,cnn-9_cifar10_learnt_gaussian_sig0.03_bounded-pmin1e-05_epoch50_bs250_lr0.001_mon0.95_dp0.2_objective-channel_gradient-chan0.001-rayleigh-zf-tx1.0-noise1.0-spec-kl0.001_perc-pri0.5_epoch-pri70_bs-pri250_lr-pri0.005_mom-pri0.99_dp-pri0.2_seed7,rayleigh-zf-tx1.0-noise1.0_chan-layer4_mcsamples500_norm-spec_seed7_bounds.json
cnn-9,cifar10,50.0,rayleigh_zf,0.0 dB,spec,channel_grad,0.001,0.001,0.01,0.1694893091917038,0.5911415999999998,0.16697893142700196,4.513111114501953,✓,✓,0.11252227728332778,0.5882000000000001,4.305681228637695,✓,✓,0.3199521426737169,907.1500244140625,0.1175269295712158,0.07481996715068817,8192.0,0.06943356245756149,0.16697893142700196,0.07549532651901245,0.2534518787878788,0.5882000000000001,0.2704,cnn-9_cifar10_learnt_gaussian_sig0.03_bounded-pmin1e-05_epoch50_bs250_lr0.001_mon0.95_dp0.2_objective-channel_gradient-chan0.01-rayleigh-zf-tx1.0-noise1.0-spec-kl0.001_perc-pri0.5_epoch-pri70_bs-pri250_lr-pri0.005_mom-pri0.99_dp-pri0.2_seed7,rayleigh-zf-tx1.0-noise1.0_chan-layer4_mcsamples500_norm-spec_seed7_bounds.json
cnn-9,cifar10,50.0,rayleigh_zf,0.0 dB,spec,channel_grad,0.001,0.01,0.0001,0.15919791162014008,0.5399568000000001,0.1556898236274719,1.0791834592819214,✓,✓,0.1405592490180263,0.5354,0.8726003766059875,✓,✓,0.34714236848137203,121.24186706542969,0.1710977607827926,0.10892421752214432,8192.0,0.09266567975282669,0.1556898236274719,0.09666489958763122,0.2790500202020207,0.5354,0.2885,cnn-9_cifar10_learnt_gaussian_sig0.03_bounded-pmin1e-05_epoch50_bs250_lr0.001_mon0.95_dp0.2_objective-channel_gradient-chan0.0001-rayleigh-zf-tx1.0-noise1.0-spec-kl0.01_perc-pri0.5_epoch-pri70_bs-pri250_lr-pri0.005_mom-pri0.99_dp-pri0.2_seed7,rayleigh-zf-tx1.0-noise1.0_chan-layer4_mcsamples500_norm-spec_seed7_bounds.json
cnn-9,cifar10,50.0,rayleigh_zf,0.0 dB,spec,channel_grad,0.001,0.01,0.001,0.15920914709568024,0.5400968,0.15570011138916015,1.0822415351867676,✓,✓,0.14048808386239625,0.5358,0.8756476044654846,✓,✓,0.34708204626198713,121.99101257324219,0.17086588241555645,0.10877659916877747,8192.0,0.09260516613721848,0.15570011138916015,0.09659700393676758,0.27899555555555594,0.5358,0.2885,cnn-9_cifar10_learnt_gaussian_sig0.03_bounded-pmin1e-05_epoch50_bs250_lr0.001_mon0.95_dp0.2_objective-channel_gradient-chan0.001-rayleigh-zf-tx1.0-noise1.0-spec-kl0.01_perc-pri0.5_epoch-pri70_bs-pri250_lr-pri0.005_mom-pri0.99_dp-pri0.2_seed7,rayleigh-zf-tx1.0-noise1.0_chan-layer4_mcsamples500_norm-spec_seed7_bounds.json
cnn-9,cifar10,50.0,rayleigh_zf,0.0 dB,spec,channel_grad,0.001,0.01,0.01,0.15956299006938934,0.5420370000000001,0.1560304880142212,1.1087985903674518,✓,✓,0.1397976027335624,0.5386,0.9017550585812615,✓,✓,0.3468411345197526,128.29042053222656,0.16949201508561043,0.10790196806192398,8192.0,0.0920243114233017,0.1560304880142212,0.0959570050239563,0.2787659797979803,0.5386,0.2883,cnn-9_cifar10_learnt_gaussian_sig0.03_bounded-pmin1e-05_epoch50_bs250_lr0.001_mon0.95_dp0.2_objective-channel_gradient-chan0.01-rayleigh-zf-tx1.0-noise1.0-spec-kl0.01_perc-pri0.5_epoch-pri70_bs-pri250_lr-pri0.005_mom-pri0.99_dp-pri0.2_seed7,rayleigh-zf-tx1.0-noise1.0_chan-layer4_mcsamples500_norm-spec_seed7_bounds.json
cnn-9,cifar10,50.0,rayleigh_zf,0.0 dB,spec,channel_grad,0.001,0.01,0.1,0.16295956075191498,0.5588236000000002,0.15944397449493408,1.3829326944229545,✓,✓,0.1344184827218735,0.55,1.172286791204586,✓,✓,0.345064385940242,192.70046997070312,0.15735236976351252,0.10017362982034683,8192.0,0.08751116693019867,0.15944397449493408,0.09098972082138061,0.2770842020202023,0.55,0.28759999999999997,cnn-9_cifar10_learnt_gaussian_sig0.03_bounded-pmin1e-05_epoch50_bs250_lr0.001_mon0.95_dp0.2_objective-channel_gradient-chan0.1-rayleigh-zf-tx1.0-noise1.0-spec-kl0.01_perc-pri0.5_epoch-pri70_bs-pri250_lr-pri0.005_mom-pri0.99_dp-pri0.2_seed7,rayleigh-zf-tx1.0-noise1.0_chan-layer4_mcsamples500_norm-spec_seed7_bounds.json
cnn-9,cifar10,50.0,rayleigh_zf,0.0 dB,spec,channel_grad,0.001,0.01,1.0,0.1859344094991684,0.6374652000000002,0.1834174156188965,4.258970861770451,✓,✗,0.11720714839031816,0.6372,4.038333074485054,✓,✗,0.33784493567571483,847.3961181640625,0.1127220395082583,0.07176107913255692,8192.0,0.07325977832078934,0.1834174156188965,0.07583006620407104,0.2702707070707074,0.6372,0.28080000000000005,cnn-9_cifar10_learnt_gaussian_sig0.03_bounded-pmin1e-05_epoch50_bs250_lr0.001_mon0.95_dp0.2_objective-channel_gradient-chan1.0-rayleigh-zf-tx1.0-noise1.0-spec-kl0.01_perc-pri0.5_epoch-pri70_bs-pri250_lr-pri0.005_mom-pri0.99_dp-pri0.2_seed7,rayleigh-zf-tx1.0-noise1.0_chan-layer4_mcsamples500_norm-spec_seed7_bounds.json
cnn-9,cifar10,50.0,rayleigh_zf,0.0 dB,spec,channel_grad,0.001,0.05,1.0,0.16586513817310333,0.5618665999999999,0.162178897857666,1.3133468627929688,✓,✓,0.1385722735321151,0.5529,1.103111982345581,✓,✓,0.3488071282589862,174.647705078125,0.1647582111379607,0.10488833487033844,8192.0,0.0909944623708725,0.162178897857666,0.09362930059432983,0.2806277979797984,0.5529,0.28869999999999996,cnn-9_cifar10_learnt_gaussian_sig0.03_bounded-pmin1e-05_epoch50_bs250_lr0.001_mon0.95_dp0.2_objective-channel_gradient-chan1.0-rayleigh-zf-tx1.0-noise1.0-spec-kl0.05_perc-pri0.5_epoch-pri70_bs-pri250_lr-pri0.005_mom-pri0.99_dp-pri0.2_seed7,rayleigh-zf-tx1.0-noise1.0_chan-layer4_mcsamples500_norm-spec_seed7_bounds.json
cnn-9,cifar10,50.0,rayleigh_zf,0.0 dB,spec,channel_grad,0.001,0.1,0.01,0.16184686124324799,0.5060062000000002,0.1591969609260559,0.6168389849487683,✓,✓,0.16703745689388066,0.5028,0.42588284076113614,✗,✓,0.3579936010815128,4.397284507751465,0.2204468912978756,0.14034084975719452,8192.0,0.11524440348148346,0.1591969609260559,0.11902738809585571,0.28933858585858646,0.5028,0.29510000000000003,cnn-9_cifar10_learnt_gaussian_sig0.03_bounded-pmin1e-05_epoch50_bs250_lr0.001_mon0.95_dp0.2_objective-channel_gradient-chan0.01-rayleigh-zf-tx1.0-noise1.0-spec-kl0.1_perc-pri0.5_epoch-pri70_bs-pri250_lr-pri0.005_mom-pri0.99_dp-pri0.2_seed7,rayleigh-zf-tx1.0-noise1.0_chan-layer4_mcsamples500_norm-spec_seed7_bounds.json
cnn-9,cifar10,50.0,rayleigh_zf,0.0 dB,spec,channel_grad,0.001,0.1,0.1,0.16161905229091644,0.5091186,0.15882370471954346,0.6257032552656762,✓,✓,0.1648750760382043,0.505,0.4335069363214261,✗,✓,0.3570713949824543,7.495142936706543,0.2163793236502134,0.13775135576725006,8192.0,0.11338046193122864,0.15882370471954346,0.11715627908706665,0.28846197979798033,0.505,0.2942,cnn-9_cifar10_learnt_gaussian_sig0.03_bounded-pmin1e-05_epoch50_bs250_lr0.001_mon0.95_dp0.2_objective-channel_gradient-chan0.1-rayleigh-zf-tx1.0-noise1.0-spec-kl0.1_perc-pri0.5_epoch-pri70_bs-pri250_lr-pri0.005_mom-pri0.99_dp-pri0.2_seed7,rayleigh-zf-tx1.0-noise1.0_chan-layer4_mcsamples500_norm-spec_seed7_bounds.json
cnn-9,cifar10,50.0,rayleigh_zf,0.0 dB,spec,channel_grad,0.001,0.1,1.0,0.1621253341436386,0.534813,0.15838088989257812,0.8781357125986958,✓,✓,0.14997033203361,0.5308999999999999,0.6763852017565055,✓,✓,0.3517208428758002,71.66963958740234,0.1871652592243104,0.11915310472249985,8192.0,0.10062720626592636,0.15838088989257812,0.10387583971023559,0.28338755555555606,0.5308999999999999,0.2901,cnn-9_cifar10_learnt_gaussian_sig0.03_bounded-pmin1e-05_epoch50_bs250_lr0.001_mon0.95_dp0.2_objective-channel_gradient-chan1.0-rayleigh-zf-tx1.0-noise1.0-spec-kl0.1_perc-pri0.5_epoch-pri70_bs-pri250_lr-pri0.005_mom-pri0.99_dp-pri0.2_seed7,rayleigh-zf-tx1.0-noise1.0_chan-layer4_mcsamples500_norm-spec_seed7_bounds.json
cnn-9,cifar10,50.0,rayleigh_zf,0.0 dB,spec,channel_grad,0.001,0.25,1.0,0.16205959022045135,0.5171904,0.15908439159393312,0.6838679313659668,✓,✓,0.1610563739924806,0.5104,0.4889505207538605,✗,✓,0.3559737973203694,22.403730392456055,0.2089683679141601,0.1330333948135376,8192.0,0.11009755730628967,0.15908439159393312,0.11364768743515015,0.28742173737373783,0.5104,0.29510000000000003,cnn-9_cifar10_learnt_gaussian_sig0.03_bounded-pmin1e-05_epoch50_bs250_lr0.001_mon0.95_dp0.2_objective-channel_gradient-chan1.0-rayleigh-zf-tx1.0-noise1.0-spec-kl0.25_perc-pri0.5_epoch-pri70_bs-pri250_lr-pri0.005_mom-pri0.99_dp-pri0.2_seed7,rayleigh-zf-tx1.0-noise1.0_chan-layer4_mcsamples500_norm-spec_seed7_bounds.json
cnn-9,cifar10,50.0,rayleigh_zf,0.0 dB,spec,channel_grad,0.001,0.5,1.0,0.16273801028728485,0.5095518000000001,0.1600631833076477,0.6422420740127563,✓,✓,0.1666654158153963,0.5044,0.4505985975265503,✗,✓,0.358308888395257,10.135436058044434,0.21987291246363896,0.139975443482399,8192.0,0.11492274701595306,0.1600631833076477,0.11849439144134521,0.28963959595959654,0.5044,0.29479999999999995,cnn-9_cifar10_learnt_gaussian_sig0.03_bounded-pmin1e-05_epoch50_bs250_lr0.001_mon0.95_dp0.2_objective-channel_gradient-chan1.0-rayleigh-zf-tx1.0-noise1.0-spec-kl0.5_perc-pri0.5_epoch-pri70_bs-pri250_lr-pri0.005_mom-pri0.99_dp-pri0.2_seed7,rayleigh-zf-tx1.0-noise1.0_chan-layer4_mcsamples500_norm-spec_seed7_bounds.json
cnn-9,cifar10,50.0,rayleigh_zf,0.0 dB,spec,channel_grad,0.001,1.0,0.01,0.16332755982875824,0.5009084,0.16095125675201416,0.613073290529819,✓,✓,0.1730671446325702,0.4989,0.4250233346055946,✗,✓,0.3611171005567946,0.1735844612121582,0.23244665824490632,0.14798013865947723,8192.0,0.12045959383249283,0.16095125675201416,0.12410835027694703,0.2923060202020208,0.4989,0.2986,cnn-9_cifar10_learnt_gaussian_sig0.03_bounded-pmin1e-05_epoch50_bs250_lr0.001_mon0.95_dp0.2_objective-channel_gradient-chan0.01-rayleigh-zf-tx1.0-noise1.0-spec-kl1.0_perc-pri0.5_epoch-pri70_bs-pri250_lr-pri0.005_mom-pri0.99_dp-pri0.2_seed7,rayleigh-zf-tx1.0-noise1.0_chan-layer4_mcsamples500_norm-spec_seed7_bounds.json
cnn-9,cifar10,50.0,rayleigh_zf,0.0 dB,spec,channel_grad,0.001,1.0,0.1,0.16326846182346344,0.5012211999999999,0.16088595390319824,0.6128227558857781,✓,✓,0.17275429644585308,0.4992,0.4246398596703161,✗,✓,0.360937192661315,0.3091508448123932,0.2317697601979571,0.14754921197891235,8192.0,0.12018752843141556,0.16088595390319824,0.12383655309677125,0.292136646464647,0.4992,0.29869999999999997,cnn-9_cifar10_learnt_gaussian_sig0.03_bounded-pmin1e-05_epoch50_bs250_lr0.001_mon0.95_dp0.2_objective-channel_gradient-chan0.1-rayleigh-zf-tx1.0-noise1.0-spec-kl1.0_perc-pri0.5_epoch-pri70_bs-pri250_lr-pri0.005_mom-pri0.99_dp-pri0.2_seed7,rayleigh-zf-tx1.0-noise1.0_chan-layer4_mcsamples500_norm-spec_seed7_bounds.json
cnn-9,cifar10,50.0,rayleigh_zf,0.0 dB,spec,channel_grad,0.001,1.0,1.0,0.1629345864057541,0.5046514,0.16044092178344727,0.6295297741889954,✓,✓,0.17000811250285106,0.5028,0.43977993726730347,✗,✓,0.359758003302849,5.579410076141357,0.22608668626368783,0.14393125474452972,8192.0,0.11781086772680283,0.16044092178344727,0.12145755290985108,0.2910162424242429,0.5028,0.29800000000000004,cnn-9_cifar10_learnt_gaussian_sig0.03_bounded-pmin1e-05_epoch50_bs250_lr0.001_mon0.95_dp0.2_objective-channel_gradient-chan1.0-rayleigh-zf-tx1.0-noise1.0-spec-kl1.0_perc-pri0.5_epoch-pri70_bs-pri250_lr-pri0.005_mom-pri0.99_dp-pri0.2_seed7,rayleigh-zf-tx1.0-noise1.0_chan-layer4_mcsamples500_norm-spec_seed7_bounds.json
cnn-9,cifar10,5.0,rayleigh_zf,10.0 dB,frob,vanilla,0.001,1.0,0.0,0.11032476276159286,0.3664269999999999,0.11042367219924927,1.1572121259371007,✓,-,0.1358613007492262,0.3712,0.9471403742403455,✓,-,0.34593305244598127,176.48338317871094,0.0032881516997362906,0.006619603373110294,8192.0,0.08871884644031525,0.11042367219924927,0.09338337182998657,0.27790925252525306,0.3712,0.2821,cnn-9_cifar10_learnt_gaussian_sig0.03_bounded-pmin1e-05_epoch5_bs250_lr0.001_mon0.95_dp0.2_objective-vanilla_perc-pri0.5_epoch-pri70_bs-pri250_lr-pri0.005_mom-pri0.99_dp-pri0.2_seed7,rayleigh-zf-tx1.0-noise0.1_chan-layer4_mcsamples500_norm-frob_seed7_bounds.json
cnn-9,cifar10,5.0,rayleigh_zf,10.0 dB,frob,channel_grad,0.001,0.01,0.01,0.11476414650678635,0.3602013999999999,0.11606463193893432,0.8733252286911011,✓,✗,0.14523359318161877,0.3601,0.6688300967216492,✓,✓,0.34972870298079556,84.32759094238281,0.12773885105027438,0.2571598291397095,8192.0,0.0966109186410904,0.11606463193893432,0.1051213264465332,0.2815005252525257,0.3601,0.29900000000000004,cnn-9_cifar10_learnt_gaussian_sig0.03_bounded-pmin1e-05_epoch5_bs250_lr0.001_mon0.95_dp0.2_objective-channel_gradient-chan0.01-rayleigh-zf-tx1.0-noise0.1-frob-kl0.01_perc-pri0.5_epoch-pri70_bs-pri250_lr-pri0.005_mom-pri0.99_dp-pri0.2_seed7,rayleigh-zf-tx1.0-noise0.1_chan-layer4_mcsamples500_norm-frob_seed7_bounds.json
cnn-9,cifar10,5.0,rayleigh_zf,10.0 dB,frob,channel_grad,0.001,0.01,0.1,0.11297161877155304,0.3658286,0.1142441987991333,1.0282841920852661,✓,✗,0.14072855837963932,0.36539999999999995,0.8203903436660767,✓,✓,0.3486224085459908,120.81584930419922,0.12062356102266039,0.24283555150032043,8192.0,0.09280788898468018,0.1142441987991333,0.10091542005538941,0.28045406060606093,0.36539999999999995,0.2964,cnn-9_cifar10_learnt_gaussian_sig0.03_bounded-pmin1e-05_epoch5_bs250_lr0.001_mon0.95_dp0.2_objective-channel_gradient-chan0.1-rayleigh-zf-tx1.0-noise0.1-frob-kl0.01_perc-pri0.5_epoch-pri70_bs-pri250_lr-pri0.005_mom-pri0.99_dp-pri0.2_seed7,rayleigh-zf-tx1.0-noise0.1_chan-layer4_mcsamples500_norm-frob_seed7_bounds.json
cnn-9,cifar10,5.0,rayleigh_zf,10.0 dB,frob,channel_grad,0.001,0.01,1.0,0.11394096910953522,0.4123968,0.11452511548995972,2.94675350189209,✓,✗,0.1219286163614438,0.41379999999999995,2.7242934703826904,✓,✗,0.3443884986916098,558.2868041992188,0.08689706142157069,0.17493842542171478,8192.0,0.0771389976143837,0.11452511548995972,0.08315335512161255,0.2764478383838388,0.41379999999999995,0.2884,cnn-9_cifar10_learnt_gaussian_sig0.03_bounded-pmin1e-05_epoch5_bs250_lr0.001_mon0.95_dp0.2_objective-channel_gradient-chan1.0-rayleigh-zf-tx1.0-noise0.1-frob-kl0.01_perc-pri0.5_epoch-pri70_bs-pri250_lr-pri0.005_mom-pri0.99_dp-pri0.2_seed7,rayleigh-zf-tx1.0-noise0.1_chan-layer4_mcsamples500_norm-frob_seed7_bounds.json
cnn-9,cifar10,5.0,rayleigh_zf,10.0 dB,frob,channel_grad,0.001,0.1,0.01,0.1276838630437851,0.35231840000000003,0.12862231731414794,0.5527846813201904,✓,✗,0.1670023121091208,0.35419999999999996,0.3615306615829468,✓,✓,0.3582563126345992,4.291423797607422,0.1566033080905146,0.3152688443660736,8192.0,0.11521424353122711,0.12862231731414794,0.12401483058929444,0.28958739393939437,0.35419999999999996,0.30610000000000004,cnn-9_cifar10_learnt_gaussian_sig0.03_bounded-pmin1e-05_epoch5_bs250_lr0.001_mon0.95_dp0.2_objective-channel_gradient-chan0.01-rayleigh-zf-tx1.0-noise0.1-frob-kl0.1_perc-pri0.5_epoch-pri70_bs-pri250_lr-pri0.005_mom-pri0.99_dp-pri0.2_seed7,rayleigh-zf-tx1.0-noise0.1_chan-layer4_mcsamples500_norm-frob_seed7_bounds.json
cnn-9,cifar10,5.0,rayleigh_zf,10.0 dB,frob,channel_grad,0.001,0.1,0.1,0.12663941085338593,0.35324040000000007,0.12765828371047974,0.5594801902770996,✓,✗,0.1653604745627686,0.3556,0.36705803871154785,✓,✓,0.3577825931133461,6.415283679962158,0.15427431754328022,0.31058019399642944,8192.0,0.11379888653755188,0.12765828371047974,0.122520112991333,0.28913503030303084,0.3556,0.30489999999999995,cnn-9_cifar10_learnt_gaussian_sig0.03_bounded-pmin1e-05_epoch5_bs250_lr0.001_mon0.95_dp0.2_objective-channel_gradient-chan0.1-rayleigh-zf-tx1.0-noise0.1-frob-kl0.1_perc-pri0.5_epoch-pri70_bs-pri250_lr-pri0.005_mom-pri0.99_dp-pri0.2_seed7,rayleigh-zf-tx1.0-noise0.1_chan-layer4_mcsamples500_norm-frob_seed7_bounds.json
cnn-9,cifar10,5.0,rayleigh_zf,10.0 dB,frob,channel_grad,0.001,0.1,1.0,0.11985744535923004,0.3615540000000001,0.12130247354507447,0.7141768336296082,✓,✗,0.15347560813562994,0.36319999999999997,0.5133331418037415,✓,✓,0.354319289189163,45.614036560058594,0.1371321033052987,0.2760700285434723,8192.0,0.103610560297966,0.12130247354507447,0.11164001226425171,0.2858503434343438,0.36319999999999997,0.30169999999999997,cnn-9_cifar10_learnt_gaussian_sig0.03_bounded-pmin1e-05_epoch5_bs250_lr0.001_mon0.95_dp0.2_objective-channel_gradient-chan1.0-rayleigh-zf-tx1.0-noise0.1-frob-kl0.1_perc-pri0.5_epoch-pri70_bs-pri250_lr-pri0.005_mom-pri0.99_dp-pri0.2_seed7,rayleigh-zf-tx1.0-noise0.1_chan-layer4_mcsamples500_norm-frob_seed7_bounds.json
cnn-9,cifar10,5.0,rayleigh_zf,10.0 dB,frob,channel_grad,0.001,1.0,0.01,0.13174425065517426,0.35163800000000006,0.13246995210647583,0.5450956225395203,✓,✗,0.17303061399001027,0.3519,0.35707587003707886,✓,✓,0.36105034773037503,0.16013199090957642,0.16459590920537312,0.33135929703712463,8192.0,0.12042787671089172,0.13246995210647583,0.1291978359222412,0.29224404040404095,0.3519,0.3087,cnn-9_cifar10_learnt_gaussian_sig0.03_bounded-pmin1e-05_epoch5_bs250_lr0.001_mon0.95_dp0.2_objective-channel_gradient-chan0.01-rayleigh-zf-tx1.0-noise0.1-frob-kl1.0_perc-pri0.5_epoch-pri70_bs-pri250_lr-pri0.005_mom-pri0.99_dp-pri0.2_seed7,rayleigh-zf-tx1.0-noise0.1_chan-layer4_mcsamples500_norm-frob_seed7_bounds.json
cnn-9,cifar10,5.0,rayleigh_zf,10.0 dB,frob,channel_grad,0.001,1.0,0.1,0.13160842657089233,0.3516806,0.1323392629623413,0.5449451208114624,✓,✗,0.17282415611132443,0.35229999999999995,0.3568267226219177,✓,✓,0.3609425912547939,0.2219969928264618,0.1642765047874667,0.3307162821292877,8192.0,0.12024755030870438,0.1323392629623413,0.12901068925857545,0.2921426262626269,0.35229999999999995,0.30820000000000003,cnn-9_cifar10_learnt_gaussian_sig0.03_bounded-pmin1e-05_epoch5_bs250_lr0.001_mon0.95_dp0.2_objective-channel_gradient-chan0.1-rayleigh-zf-tx1.0-noise0.1-frob-kl1.0_perc-pri0.5_epoch-pri70_bs-pri250_lr-pri0.005_mom-pri0.99_dp-pri0.2_seed7,rayleigh-zf-tx1.0-noise0.1_chan-layer4_mcsamples500_norm-frob_seed7_bounds.json
cnn-9,cifar10,5.0,rayleigh_zf,10.0 dB,frob,channel_grad,0.001,1.0,1.0,0.13033483922481537,0.35222620000000004,0.13112603425979613,0.548006534576416,✓,✗,0.17087287415856675,0.3538,0.35886114835739136,✓,✓,0.3600182759080461,1.6982566118240356,0.16166018941880364,0.3254491984844208,8192.0,0.11855846643447876,0.13112603425979613,0.1272793412208557,0.29126254545454594,0.3538,0.3073,cnn-9_cifar10_learnt_gaussian_sig0.03_bounded-pmin1e-05_epoch5_bs250_lr0.001_mon0.95_dp0.2_objective-channel_gradient-chan1.0-rayleigh-zf-tx1.0-noise0.1-frob-kl1.0_perc-pri0.5_epoch-pri70_bs-pri250_lr-pri0.005_mom-pri0.99_dp-pri0.2_seed7,rayleigh-zf-tx1.0-noise0.1_chan-layer4_mcsamples500_norm-frob_seed7_bounds.json
cnn-9,cifar10,10.0,rayleigh_zf,10.0 dB,frob,vanilla,0.001,1.0,0.0,0.10617182403802872,0.377742,0.10640273094177247,2.165069016996109,✓,-,0.12351594843040735,0.3752,1.9490861155064618,✓,-,0.3394988499200545,403.2857666015625,0.0032881516997362906,0.006619603373110294,8192.0,0.07844890654087067,0.10640273094177247,0.0841137170791626,0.2718301414141417,0.3752,0.2801,cnn-9_cifar10_learnt_gaussian_sig0.03_bounded-pmin1e-05_epoch10_bs250_lr0.001_mon0.95_dp0.2_objective-vanilla_perc-pri0.5_epoch-pri70_bs-pri250_lr-pri0.005_mom-pri0.99_dp-pri0.2_seed7,rayleigh-zf-tx1.0-noise0.1_chan-layer4_mcsamples500_norm-frob_seed7_bounds.json
cnn-9,cifar10,10.0,rayleigh_zf,10.0 dB,frob,channel_grad,0.001,0.01,0.01,0.11262786388397217,0.3622486,0.11287251710891724,1.0134384632110596,✓,✗,0.14098717707090302,0.364,0.806837260723114,✓,✓,0.3475883279897778,117.30097198486328,0.12253093507359407,0.24667541682720184,8192.0,0.09302613884210587,0.11287251710891724,0.09731830358505249,0.2794757171717176,0.364,0.29100000000000004,cnn-9_cifar10_learnt_gaussian_sig0.03_bounded-pmin1e-05_epoch10_bs250_lr0.001_mon0.95_dp0.2_objective-channel_gradient-chan0.01-rayleigh-zf-tx1.0-noise0.1-frob-kl0.01_perc-pri0.5_epoch-pri70_bs-pri250_lr-pri0.005_mom-pri0.99_dp-pri0.2_seed7,rayleigh-zf-tx1.0-noise0.1_chan-layer4_mcsamples500_norm-frob_seed7_bounds.json
cnn-9,cifar10,10.0,rayleigh_zf,10.0 dB,frob,channel_grad,0.001,0.01,0.1,0.11133291572332382,0.36891560000000007,0.11136823892593384,1.2044620513916016,✓,✗,0.13667048603287946,0.3687,0.9946339130401611,✓,✓,0.3464985729932393,161.89044189453125,0.11523410739410826,0.2319856733083725,8192.0,0.08939817547798157,0.11136823892593384,0.09357329607009887,0.27844242424242466,0.3687,0.2905,cnn-9_cifar10_learnt_gaussian_sig0.03_bounded-pmin1e-05_epoch10_bs250_lr0.001_mon0.95_dp0.2_objective-channel_gradient-chan0.1-rayleigh-zf-tx1.0-noise0.1-frob-kl0.01_perc-pri0.5_epoch-pri70_bs-pri250_lr-pri0.005_mom-pri0.99_dp-pri0.2_seed7,rayleigh-zf-tx1.0-noise0.1_chan-layer4_mcsamples500_norm-frob_seed7_bounds.json
cnn-9,cifar10,10.0,rayleigh_zf,10.0 dB,frob,channel_grad,0.001,0.01,1.0,0.11494211107492447,0.4180592000000001,0.11422022581100463,3.3497061729431152,✓,✗,0.11994176401373481,0.4193,3.1280035972595215,✓,✗,0.3416443435285828,649.756103515625,0.08353082071909672,0.16816161572933197,8192.0,0.07550299912691116,0.11422022581100463,0.07899882197380066,0.2738534141414144,0.4193,0.28900000000000003,cnn-9_cifar10_learnt_gaussian_sig0.03_bounded-pmin1e-05_epoch10_bs250_lr0.001_mon0.95_dp0.2_objective-channel_gradient-chan1.0-rayleigh-zf-tx1.0-noise0.1-frob-kl0.01_perc-pri0.5_epoch-pri70_bs-pri250_lr-pri0.005_mom-pri0.99_dp-pri0.2_seed7,rayleigh-zf-tx1.0-noise0.1_chan-layer4_mcsamples500_norm-frob_seed7_bounds.json
cnn-9,cifar10,10.0,rayleigh_zf,10.0 dB,frob,channel_grad,0.001,0.1,0.01,0.12765078246593475,0.35203720000000005,0.12884259223937988,0.5534844398498535,✓,✗,0.1669658832030006,0.3556,0.362689733505249,✓,✓,0.35776059747797695,4.454813480377197,0.15706805513796335,0.3162044584751129,8192.0,0.11518272012472153,0.12884259223937988,0.11854655742645263,0.2891166868686873,0.3556,0.2962,cnn-9_cifar10_learnt_gaussian_sig0.03_bounded-pmin1e-05_epoch10_bs250_lr0.001_mon0.95_dp0.2_objective-channel_gradient-chan0.01-rayleigh-zf-tx1.0-noise0.1-frob-kl0.1_perc-pri0.5_epoch-pri70_bs-pri250_lr-pri0.005_mom-pri0.99_dp-pri0.2_seed7,rayleigh-zf-tx1.0-noise0.1_chan-layer4_mcsamples500_norm-frob_seed7_bounds.json
cnn-9,cifar10,10.0,rayleigh_zf,10.0 dB,frob,channel_grad,0.001,0.1,0.1,0.1266251802444458,0.3528715999999999,0.1277587056159973,0.5599864721298218,✓,✗,0.16535171103169816,0.35629999999999995,0.3680768609046936,✓,✓,0.3572613573317738,6.560737133026123,0.1546513823341819,0.31133928894996643,8192.0,0.11379137635231018,0.1277587056159973,0.11710578203201294,0.28864218181818235,0.35629999999999995,0.29610000000000003,cnn-9_cifar10_learnt_gaussian_sig0.03_bounded-pmin1e-05_epoch10_bs250_lr0.001_mon0.95_dp0.2_objective-channel_gradient-chan0.1-rayleigh-zf-tx1.0-noise0.1-frob-kl0.1_perc-pri0.5_epoch-pri70_bs-pri250_lr-pri0.005_mom-pri0.99_dp-pri0.2_seed7,rayleigh-zf-tx1.0-noise0.1_chan-layer4_mcsamples500_norm-frob_seed7_bounds.json
cnn-9,cifar10,10.0,rayleigh_zf,10.0 dB,frob,channel_grad,0.001,0.1,1.0,0.11983108520507812,0.3618276,0.12035013437271118,0.716337263584137,✓,✗,0.15343735272683456,0.3637,0.5156591534614563,✓,✓,0.35411545156456903,46.08543395996094,0.13738825155534667,0.2765856981277466,8192.0,0.10357910394668579,0.12035013437271118,0.10664585828781128,0.2856550303030308,0.3637,0.2943,cnn-9_cifar10_learnt_gaussian_sig0.03_bounded-pmin1e-05_epoch10_bs250_lr0.001_mon0.95_dp0.2_objective-channel_gradient-chan1.0-rayleigh-zf-tx1.0-noise0.1-frob-kl0.1_perc-pri0.5_epoch-pri70_bs-pri250_lr-pri0.005_mom-pri0.99_dp-pri0.2_seed7,rayleigh-zf-tx1.0-noise0.1_chan-layer4_mcsamples500_norm-frob_seed7_bounds.json
cnn-9,cifar10,10.0,rayleigh_zf,10.0 dB,frob,channel_grad,0.001,1.0,0.01,0.13165703415870667,0.35162800000000005,0.13279893398284912,0.5450024604797363,✓,✗,0.17302716753038058,0.35409999999999997,0.35707205533981323,✓,✓,0.3609575486667421,0.17169618606567383,0.16454380021617077,0.33125439286231995,8192.0,0.12042421102523804,0.13279893398284912,0.12353749275207519,0.29215321212121265,0.35409999999999997,0.3003,cnn-9_cifar10_learnt_gaussian_sig0.03_bounded-pmin1e-05_epoch10_bs250_lr0.001_mon0.95_dp0.2_objective-channel_gradient-chan0.01-rayleigh-zf-tx1.0-noise0.1-frob-kl1.0_perc-pri0.5_epoch-pri70_bs-pri250_lr-pri0.005_mom-pri0.99_dp-pri0.2_seed7,rayleigh-zf-tx1.0-noise0.1_chan-layer4_mcsamples500_norm-frob_seed7_bounds.json
cnn-9,cifar10,10.0,rayleigh_zf,10.0 dB,frob,channel_grad,0.001,1.0,0.1,0.13150423765182495,0.35171040000000003,0.13263506889343263,0.544877290725708,✓,✗,0.1728035950062645,0.35429999999999995,0.35682716965675354,✓,✓,0.3608537281455535,0.2394874095916748,0.16421931813255514,0.33060115575790405,8192.0,0.12022925168275833,0.13263506889343263,0.12333798408508301,0.2920561616161621,0.35429999999999995,0.3002,cnn-9_cifar10_learnt_gaussian_sig0.03_bounded-pmin1e-05_epoch10_bs250_lr0.001_mon0.95_dp0.2_objective-channel_gradient-chan0.1-rayleigh-zf-tx1.0-noise0.1-frob-kl1.0_perc-pri0.5_epoch-pri70_bs-pri250_lr-pri0.005_mom-pri0.99_dp-pri0.2_seed7,rayleigh-zf-tx1.0-noise0.1_chan-layer4_mcsamples500_norm-frob_seed7_bounds.json
cnn-9,cifar10,10.0,rayleigh_zf,10.0 dB,frob,channel_grad,0.001,1.0,1.0,0.13006256520748138,0.3522684,0.13110814094543458,0.5489817261695862,✓,✗,0.17067393049732477,0.3559,0.3597273826599121,✓,✓,0.3599282889877583,2.019137382507324,0.16129034882867777,0.324704647064209,8192.0,0.11838629841804504,0.13110814094543458,0.12149091958999633,0.29117486868686926,0.3559,0.3006,cnn-9_cifar10_learnt_gaussian_sig0.03_bounded-pmin1e-05_epoch10_bs250_lr0.001_mon0.95_dp0.2_objective-channel_gradient-chan1.0-rayleigh-zf-tx1.0-noise0.1-frob-kl1.0_perc-pri0.5_epoch-pri70_bs-pri250_lr-pri0.005_mom-pri0.99_dp-pri0.2_seed7,rayleigh-zf-tx1.0-noise0.1_chan-layer4_mcsamples500_norm-frob_seed7_bounds.json
cnn-9,cifar10,20.0,rayleigh_zf,10.0 dB,frob,vanilla,0.001,1.0,0.0,0.10505402088165283,0.38481259999999995,0.10490686893463134,3.69736700571122,✓,-,0.11487997961203708,0.3813,3.483811451327118,✓,-,0.3284355339961387,748.391845703125,0.0032881516997362906,0.006619603373110294,8192.0,0.07135599106550217,0.10490686893463134,0.07795639634132386,0.2614101010101012,0.3813,0.274,cnn-9_cifar10_learnt_gaussian_sig0.03_bounded-pmin1e-05_epoch20_bs250_lr0.001_mon0.95_dp0.2_objective-vanilla_perc-pri0.5_epoch-pri70_bs-pri250_lr-pri0.005_mom-pri0.99_dp-pri0.2_seed7,rayleigh-zf-tx1.0-noise0.1_chan-layer4_mcsamples500_norm-frob_seed7_bounds.json
cnn-9,cifar10,20.0,rayleigh_zf,10.0 dB,frob,channel_grad,0.001,0.01,0.01,0.11229439079761505,0.362857,0.11184780597686768,1.0435943603515625,✓,✗,0.1400385560234892,0.36029999999999995,0.8366196751594543,✓,✓,0.34701323368862325,124.57077026367188,0.12075048045985547,0.24309106171131134,8192.0,0.09222747385501862,0.11184780597686768,0.0983124017715454,0.2789317171717176,0.36029999999999995,0.28569999999999995,cnn-9_cifar10_learnt_gaussian_sig0.03_bounded-pmin1e-05_epoch20_bs250_lr0.001_mon0.95_dp0.2_objective-channel_gradient-chan0.01-rayleigh-zf-tx1.0-noise0.1-frob-kl0.01_perc-pri0.5_epoch-pri70_bs-pri250_lr-pri0.005_mom-pri0.99_dp-pri0.2_seed7,rayleigh-zf-tx1.0-noise0.1_chan-layer4_mcsamples500_norm-frob_seed7_bounds.json
cnn-9,cifar10,20.0,rayleigh_zf,10.0 dB,frob,channel_grad,0.001,0.01,0.1,0.11117047071456909,0.36975839999999993,0.11072841882705689,1.2373942136764526,✓,✗,0.13585299908388726,0.36560000000000004,1.0273269414901733,✓,✓,0.345920243208896,169.77777099609375,0.1134714912269574,0.22843722999095917,8192.0,0.0887119248509407,0.11072841882705689,0.0944998562335968,0.27789511111111154,0.36560000000000004,0.2861,cnn-9_cifar10_learnt_gaussian_sig0.03_bounded-pmin1e-05_epoch20_bs250_lr0.001_mon0.95_dp0.2_objective-channel_gradient-chan0.1-rayleigh-zf-tx1.0-noise0.1-frob-kl0.01_perc-pri0.5_epoch-pri70_bs-pri250_lr-pri0.005_mom-pri0.99_dp-pri0.2_seed7,rayleigh-zf-tx1.0-noise0.1_chan-layer4_mcsamples500_norm-frob_seed7_bounds.json
cnn-9,cifar10,20.0,rayleigh_zf,10.0 dB,frob,channel_grad,0.001,0.01,1.0,0.1152893677353859,0.4190334,0.11458064317703247,3.4537696838378906,✓,✗,0.11954699318879007,0.41190000000000004,3.2325668334960938,✓,✗,0.34074977213812097,673.332275390625,0.08305313524648804,0.16719995439052582,8192.0,0.0751790925860405,0.11458064317703247,0.07980153560638428,0.2730074343434347,0.41190000000000004,0.28490000000000004,cnn-9_cifar10_learnt_gaussian_sig0.03_bounded-pmin1e-05_epoch20_bs250_lr0.001_mon0.95_dp0.2_objective-channel_gradient-chan1.0-rayleigh-zf-tx1.0-noise0.1-frob-kl0.01_perc-pri0.5_epoch-pri70_bs-pri250_lr-pri0.005_mom-pri0.99_dp-pri0.2_seed7,rayleigh-zf-tx1.0-noise0.1_chan-layer4_mcsamples500_norm-frob_seed7_bounds.json
cnn-9,cifar10,20.0,rayleigh_zf,10.0 dB,frob,channel_grad,0.001,0.1,0.01,0.12763747572898865,0.3519058,0.12694938182830812,0.5532030463218689,✓,✗,0.1667772734102251,0.3518,0.36233970522880554,✓,✓,0.3576405837225662,4.517378807067871,0.15662686076148646,0.31531625986099243,8192.0,0.1150200366973877,0.12694938182830812,0.12002956867218018,0.28900185858585903,0.3518,0.2913,cnn-9_cifar10_learnt_gaussian_sig0.03_bounded-pmin1e-05_epoch20_bs250_lr0.001_mon0.95_dp0.2_objective-channel_gradient-chan0.01-rayleigh-zf-tx1.0-noise0.1-frob-kl0.1_perc-pri0.5_epoch-pri70_bs-pri250_lr-pri0.005_mom-pri0.99_dp-pri0.2_seed7,rayleigh-zf-tx1.0-noise0.1_chan-layer4_mcsamples500_norm-frob_seed7_bounds.json
cnn-9,cifar10,20.0,rayleigh_zf,10.0 dB,frob,channel_grad,0.001,0.1,0.1,0.12662504613399506,0.3528794000000001,0.12597801685333251,0.5598050355911255,✓,✗,0.16517056084356851,0.3528,0.3678378462791443,✓,✓,0.3571377435918375,6.637838363647461,0.15424873676676268,0.3105286955833435,8192.0,0.11363493651151657,0.12597801685333251,0.1186523675918579,0.2885233939393943,0.3528,0.29100000000000004,cnn-9_cifar10_learnt_gaussian_sig0.03_bounded-pmin1e-05_epoch20_bs250_lr0.001_mon0.95_dp0.2_objective-channel_gradient-chan0.1-rayleigh-zf-tx1.0-noise0.1-frob-kl0.1_perc-pri0.5_epoch-pri70_bs-pri250_lr-pri0.005_mom-pri0.99_dp-pri0.2_seed7,rayleigh-zf-tx1.0-noise0.1_chan-layer4_mcsamples500_norm-frob_seed7_bounds.json
cnn-9,cifar10,20.0,rayleigh_zf,10.0 dB,frob,channel_grad,0.001,0.1,1.0,0.11983553320169449,0.3619028,0.11940156221389771,0.7166393399238586,✓,✗,0.15324110660703966,0.3591,0.5158410668373108,✓,✓,0.35403937759982534,46.25035858154297,0.13702883276306127,0.2758621275424957,8192.0,0.10341113805770874,0.11940156221389771,0.1083633542060852,0.28558294949495,0.3591,0.28990000000000005,cnn-9_cifar10_learnt_gaussian_sig0.03_bounded-pmin1e-05_epoch20_bs250_lr0.001_mon0.95_dp0.2_objective-channel_gradient-chan1.0-rayleigh-zf-tx1.0-noise0.1-frob-kl0.1_perc-pri0.5_epoch-pri70_bs-pri250_lr-pri0.005_mom-pri0.99_dp-pri0.2_seed7,rayleigh-zf-tx1.0-noise0.1_chan-layer4_mcsamples500_norm-frob_seed7_bounds.json
cnn-9,cifar10,20.0,rayleigh_zf,10.0 dB,frob,channel_grad,0.001,1.0,0.01,0.13168510794639587,0.35132080000000004,0.13089720010757447,0.5448384881019592,✓,✗,0.1729199263520559,0.35229999999999995,0.35698527097702026,✓,✓,0.36077310647443694,0.1642763614654541,0.16459743398545493,0.33136236667633057,8192.0,0.12033156305551529,0.13089720010757447,0.12499569654464722,0.2919788282828287,0.35229999999999995,0.29569999999999996,cnn-9_cifar10_learnt_gaussian_sig0.03_bounded-pmin1e-05_epoch20_bs250_lr0.001_mon0.95_dp0.2_objective-channel_gradient-chan0.01-rayleigh-zf-tx1.0-noise0.1-frob-kl1.0_perc-pri0.5_epoch-pri70_bs-pri250_lr-pri0.005_mom-pri0.99_dp-pri0.2_seed7,rayleigh-zf-tx1.0-noise0.1_chan-layer4_mcsamples500_norm-frob_seed7_bounds.json
cnn-9,cifar10,20.0,rayleigh_zf,10.0 dB,frob,channel_grad,0.001,1.0,0.1,0.13154403865337372,0.35137160000000006,0.1307584285736084,0.5447124242782593,✓,✗,0.17271390164993672,0.352,0.35673242807388306,✓,✓,0.3606939415965953,0.22597536444664001,0.16427468393358266,0.33071261644363403,8192.0,0.12015170603990555,0.1307584285736084,0.12482180595397949,0.29190311111111167,0.352,0.2955,cnn-9_cifar10_learnt_gaussian_sig0.03_bounded-pmin1e-05_epoch20_bs250_lr0.001_mon0.95_dp0.2_objective-channel_gradient-chan0.1-rayleigh-zf-tx1.0-noise0.1-frob-kl1.0_perc-pri0.5_epoch-pri70_bs-pri250_lr-pri0.005_mom-pri0.99_dp-pri0.2_seed7,rayleigh-zf-tx1.0-noise0.1_chan-layer4_mcsamples500_norm-frob_seed7_bounds.json
cnn-9,cifar10,20.0,rayleigh_zf,10.0 dB,frob,channel_grad,0.001,1.0,1.0,0.13017840683460236,0.35204880000000005,0.129434335231781,0.5480464696884155,✓,✗,0.17067522710572763,0.352,0.3589015603065491,✓,✓,0.3598201207434276,1.7353168725967407,0.16173252024870216,0.32559481263160706,8192.0,0.11838767677545547,0.129434335231781,0.12309974431991577,0.291073050505051,0.352,0.2946,cnn-9_cifar10_learnt_gaussian_sig0.03_bounded-pmin1e-05_epoch20_bs250_lr0.001_mon0.95_dp0.2_objective-channel_gradient-chan1.0-rayleigh-zf-tx1.0-noise0.1-frob-kl1.0_perc-pri0.5_epoch-pri70_bs-pri250_lr-pri0.005_mom-pri0.99_dp-pri0.2_seed7,rayleigh-zf-tx1.0-noise0.1_chan-layer4_mcsamples500_norm-frob_seed7_bounds.json
cnn-9,cifar10,30.0,rayleigh_zf,10.0 dB,frob,channel_grad,0.001,0.01,0.01,0.11216682195663452,0.36288319999999996,0.11055783033370972,1.0407435894012451,✓,?,0.140185032094147,0.36150000000000004,0.8338028192520142,✓,?,0.34712589159026935,123.69033813476562,0.12172448184908168,0.24505189061164856,8192.0,0.0923510268330574,0.11055783033370972,0.09882877469062805,0.2790378989898994,0.36150000000000004,0.28859999999999997,cnn-9_cifar10_learnt_gaussian_sig0.03_bounded-pmin1e-05_epoch30_bs250_lr0.001_mon0.95_dp0.2_objective-channel_gradient-chan0.01-rayleigh-zf-tx1.0-noise0.1-frob-kl0.01_perc-pri0.5_epoch-pri70_bs-pri250_lr-pri0.005_mom-pri0.99_dp-pri0.2_seed7,rayleigh-zf-tx1.0-noise0.1_chan-layer4_mcsamples500_norm-frob_seed7_bounds.json
cnn-9,cifar10,30.0,rayleigh_zf,10.0 dB,frob,channel_grad,0.001,0.01,0.1,0.11095080524682999,0.36956500000000003,0.10956767797470093,1.238775372505188,✓,?,0.13590037823620685,0.3709,1.028741478919983,✓,?,0.34593429677186943,169.8802490234375,0.1143802527538498,0.2302667200565338,8192.0,0.08875272423028946,0.10956767797470093,0.0949378788471222,0.27791062626262675,0.3709,0.28790000000000004,cnn-9_cifar10_learnt_gaussian_sig0.03_bounded-pmin1e-05_epoch30_bs250_lr0.001_mon0.95_dp0.2_objective-channel_gradient-chan0.1-rayleigh-zf-tx1.0-noise0.1-frob-kl0.01_perc-pri0.5_epoch-pri70_bs-pri250_lr-pri0.005_mom-pri0.99_dp-pri0.2_seed7,rayleigh-zf-tx1.0-noise0.1_chan-layer4_mcsamples500_norm-frob_seed7_bounds.json
cnn-9,cifar10,30.0,rayleigh_zf,10.0 dB,frob,channel_grad,0.001,0.01,1.0,0.1151113510131836,0.4186694,0.1149752140045166,3.4742746353149414,✓,?,0.11956066425309873,0.4194,3.252927780151367,✓,?,0.3409077382250738,677.832763671875,0.08327334013693846,0.16764326393604279,8192.0,0.0751897469162941,0.1149752140045166,0.07978078126907348,0.2731571717171721,0.4194,0.28569999999999995,cnn-9_cifar10_learnt_gaussian_sig0.03_bounded-pmin1e-05_epoch30_bs250_lr0.001_mon0.95_dp0.2_objective-channel_gradient-chan1.0-rayleigh-zf-tx1.0-noise0.1-frob-kl0.01_perc-pri0.5_epoch-pri70_bs-pri250_lr-pri0.005_mom-pri0.99_dp-pri0.2_seed7,rayleigh-zf-tx1.0-noise0.1_chan-layer4_mcsamples500_norm-frob_seed7_bounds.json
cnn-9,cifar10,30.0,rayleigh_zf,10.0 dB,frob,channel_grad,0.001,0.1,0.01,0.12762215733528137,0.351974,0.12531899213790892,0.5535510778427124,✓,?,0.1670501541058732,0.3527,0.3626652956008911,✓,?,0.35793590969437555,4.237809658050537,0.157929837154278,0.3179393708705902,8192.0,0.11525430530309677,0.12531899213790892,0.12071218490600585,0.28928072727272786,0.3527,0.29569999999999996,cnn-9_cifar10_learnt_gaussian_sig0.03_bounded-pmin1e-05_epoch30_bs250_lr0.001_mon0.95_dp0.2_objective-channel_gradient-chan0.01-rayleigh-zf-tx1.0-noise0.1-frob-kl0.1_perc-pri0.5_epoch-pri70_bs-pri250_lr-pri0.005_mom-pri0.99_dp-pri0.2_seed7,rayleigh-zf-tx1.0-noise0.1_chan-layer4_mcsamples500_norm-frob_seed7_bounds.json
cnn-9,cifar10,30.0,rayleigh_zf,10.0 dB,frob,channel_grad,0.001,0.1,0.1,0.12659533321857452,0.35289199999999993,0.1243133306503296,0.5601114630699158,✓,?,0.16543906437488626,0.35340000000000005,0.3681226968765259,✓,?,0.357427846438845,6.308846473693848,0.15573635958635007,0.313523530960083,8192.0,0.1138661801815033,0.1243133306503296,0.1193236231803894,0.2888024242424248,0.35340000000000005,0.2956,cnn-9_cifar10_learnt_gaussian_sig0.03_bounded-pmin1e-05_epoch30_bs250_lr0.001_mon0.95_dp0.2_objective-channel_gradient-chan0.1-rayleigh-zf-tx1.0-noise0.1-frob-kl0.1_perc-pri0.5_epoch-pri70_bs-pri250_lr-pri0.005_mom-pri0.99_dp-pri0.2_seed7,rayleigh-zf-tx1.0-noise0.1_chan-layer4_mcsamples500_norm-frob_seed7_bounds.json
cnn-9,cifar10,30.0,rayleigh_zf,10.0 dB,frob,channel_grad,0.001,0.1,1.0,0.119790218770504,0.3620557999999999,0.11785234212875366,0.713810384273529,✓,?,0.15350133893385742,0.3577,0.5130781531333923,✓,?,0.354233576789287,45.40904998779297,0.1377681438510602,0.2773504853248596,8192.0,0.1036323755979538,0.11785234212875366,0.10890650749206543,0.2857675959595965,0.3577,0.29279999999999995,cnn-9_cifar10_learnt_gaussian_sig0.03_bounded-pmin1e-05_epoch30_bs250_lr0.001_mon0.95_dp0.2_objective-channel_gradient-chan1.0-rayleigh-zf-tx1.0-noise0.1-frob-kl0.1_perc-pri0.5_epoch-pri70_bs-pri250_lr-pri0.005_mom-pri0.99_dp-pri0.2_seed7,rayleigh-zf-tx1.0-noise0.1_chan-layer4_mcsamples500_norm-frob_seed7_bounds.json
cnn-9,cifar10,30.0,rayleigh_zf,10.0 dB,frob,channel_grad,0.001,1.0,0.01,0.13165399432182312,0.3519792000000001,0.1292950391769409,0.5458065271377563,✓,?,0.1730093398278596,0.3517,0.35769373178482056,✓,?,0.3611221341677452,0.15583327412605286,0.1652542441084468,0.33268463611602783,8192.0,0.12040881812572479,0.1292950391769409,0.12556705474853516,0.29231159595959644,0.3517,0.29910000000000003,cnn-9_cifar10_learnt_gaussian_sig0.03_bounded-pmin1e-05_epoch30_bs250_lr0.001_mon0.95_dp0.2_objective-channel_gradient-chan0.01-rayleigh-zf-tx1.0-noise0.1-frob-kl1.0_perc-pri0.5_epoch-pri70_bs-pri250_lr-pri0.005_mom-pri0.99_dp-pri0.2_seed7,rayleigh-zf-tx1.0-noise0.1_chan-layer4_mcsamples500_norm-frob_seed7_bounds.json
cnn-9,cifar10,30.0,rayleigh_zf,10.0 dB,frob,channel_grad,0.001,1.0,0.1,0.1315259486436844,0.35209599999999996,0.12916287183761596,0.5457150340080261,✓,?,0.17281220456950283,0.35229999999999995,0.3574638366699219,✓,?,0.3610634073873074,0.21513989567756653,0.16495624582644566,0.3320847153663635,8192.0,0.12023840844631195,0.12916287183761596,0.12539516687393187,0.2922525252525259,0.35229999999999995,0.29900000000000004,cnn-9_cifar10_learnt_gaussian_sig0.03_bounded-pmin1e-05_epoch30_bs250_lr0.001_mon0.95_dp0.2_objective-channel_gradient-chan0.1-rayleigh-zf-tx1.0-noise0.1-frob-kl1.0_perc-pri0.5_epoch-pri70_bs-pri250_lr-pri0.005_mom-pri0.99_dp-pri0.2_seed7,rayleigh-zf-tx1.0-noise0.1_chan-layer4_mcsamples500_norm-frob_seed7_bounds.json
cnn-9,cifar10,30.0,rayleigh_zf,10.0 dB,frob,channel_grad,0.001,1.0,1.0,0.13029293715953827,0.3535174,0.12791194915771484,0.5491348505020142,✓,?,0.17090145798816966,0.3539,0.3593812584877014,✓,?,0.3606550513948349,1.6425554752349854,0.16240084764260296,0.32694026827812195,8192.0,0.11858170479536057,0.12791194915771484,0.12371206283569336,0.29186602020202085,0.3539,0.2975,cnn-9_cifar10_learnt_gaussian_sig0.03_bounded-pmin1e-05_epoch30_bs250_lr0.001_mon0.95_dp0.2_objective-channel_gradient-chan1.0-rayleigh-zf-tx1.0-noise0.1-frob-kl1.0_perc-pri0.5_epoch-pri70_bs-pri250_lr-pri0.005_mom-pri0.99_dp-pri0.2_seed7,rayleigh-zf-tx1.0-noise0.1_chan-layer4_mcsamples500_norm-frob_seed7_bounds.json
cnn-9,cifar10,50.0,rayleigh_zf,10.0 dB,frob,vanilla,0.001,1.0,0.0,0.10418130457401276,0.38330380000000003,0.10414083003997802,7.625489639548279,✓,-,0.10538142456868949,0.3829,7.42489145468186,✓,-,0.3059796094351085,1631.76806640625,0.0032881516997362906,0.006619603373110294,8192.0,0.063653863966465,0.10414083003997802,0.07338550090789794,0.240403313131313,0.3829,0.2619,cnn-9_cifar10_learnt_gaussian_sig0.03_bounded-pmin1e-05_epoch50_bs250_lr0.001_mon0.95_dp0.2_objective-vanilla_perc-pri0.5_epoch-pri70_bs-pri250_lr-pri0.005_mom-pri0.99_dp-pri0.2_seed7,rayleigh-zf-tx1.0-noise0.1_chan-layer4_mcsamples500_norm-frob_seed7_bounds.json
cnn-9,cifar10,50.0,rayleigh_zf,10.0 dB,frob,channel_grad,0.001,0.01,0.01,0.11213161796331406,0.36262079999999997,0.11136503219604492,1.0520541667938232,✓,✗,0.13998314984464538,0.362,0.845108687877655,✓,✓,0.34692868555069023,126.4297866821289,0.12098104053154084,0.2435552179813385,8192.0,0.09217995405197144,0.11136503219604492,0.09612926840782166,0.2788505050505054,0.362,0.2884,cnn-9_cifar10_learnt_gaussian_sig0.03_bounded-pmin1e-05_epoch50_bs250_lr0.001_mon0.95_dp0.2_objective-channel_gradient-chan0.01-rayleigh-zf-tx1.0-noise0.1-frob-kl0.01_perc-pri0.5_epoch-pri70_bs-pri250_lr-pri0.005_mom-pri0.99_dp-pri0.2_seed7,rayleigh-zf-tx1.0-noise0.1_chan-layer4_mcsamples500_norm-frob_seed7_bounds.json
cnn-9,cifar10,50.0,rayleigh_zf,10.0 dB,frob,channel_grad,0.001,0.01,0.1,0.11101555824279785,0.36956459999999997,0.11040105819702148,1.2506643533706665,✓,✗,0.1357604567226308,0.36960000000000004,1.0406702756881714,✓,✓,0.3457545916314793,172.69232177734375,0.11387304872315321,0.2292456328868866,8192.0,0.08863449841737747,0.11040105819702148,0.09222553372383117,0.2777365656565661,0.36960000000000004,0.2884,cnn-9_cifar10_learnt_gaussian_sig0.03_bounded-pmin1e-05_epoch50_bs250_lr0.001_mon0.95_dp0.2_objective-channel_gradient-chan0.1-rayleigh-zf-tx1.0-noise0.1-frob-kl0.01_perc-pri0.5_epoch-pri70_bs-pri250_lr-pri0.005_mom-pri0.99_dp-pri0.2_seed7,rayleigh-zf-tx1.0-noise0.1_chan-layer4_mcsamples500_norm-frob_seed7_bounds.json
cnn-9,cifar10,50.0,rayleigh_zf,10.0 dB,frob,channel_grad,0.001,0.01,1.0,0.11536451429128647,0.4199083999999999,0.1141050934791565,3.475196361541748,✓,✗,0.11960451646834706,0.4171,3.2536380290985107,✓,✗,0.34116280506133967,677.9642944335938,0.08335159244288273,0.16780079901218414,8192.0,0.0752265453338623,0.1141050934791565,0.07770915031433105,0.2734017777777782,0.4171,0.2835,cnn-9_cifar10_learnt_gaussian_sig0.03_bounded-pmin1e-05_epoch50_bs250_lr0.001_mon0.95_dp0.2_objective-channel_gradient-chan1.0-rayleigh-zf-tx1.0-noise0.1-frob-kl0.01_perc-pri0.5_epoch-pri70_bs-pri250_lr-pri0.005_mom-pri0.99_dp-pri0.2_seed7,rayleigh-zf-tx1.0-noise0.1_chan-layer4_mcsamples500_norm-frob_seed7_bounds.json
cnn-9,cifar10,50.0,rayleigh_zf,10.0 dB,frob,channel_grad,0.001,0.1,0.01,0.127751424908638,0.35184400000000005,0.12670971155166627,0.5533907413482666,✓,✗,0.16711462308729985,0.35209999999999997,0.36245083808898926,✓,✓,0.35805452305453733,4.302112579345703,0.1573633591483637,0.31679895520210266,8192.0,0.11531023681163788,0.12670971155166627,0.11909245252609253,0.28939402020202065,0.35209999999999997,0.29500000000000004,cnn-9_cifar10_learnt_gaussian_sig0.03_bounded-pmin1e-05_epoch50_bs250_lr0.001_mon0.95_dp0.2_objective-channel_gradient-chan0.01-rayleigh-zf-tx1.0-noise0.1-frob-kl0.1_perc-pri0.5_epoch-pri70_bs-pri250_lr-pri0.005_mom-pri0.99_dp-pri0.2_seed7,rayleigh-zf-tx1.0-noise0.1_chan-layer4_mcsamples500_norm-frob_seed7_bounds.json
cnn-9,cifar10,50.0,rayleigh_zf,10.0 dB,frob,channel_grad,0.001,0.1,0.1,0.12674160301685333,0.3527378,0.12569820880889893,0.5597768425941467,✓,✗,0.1655108044585468,0.3527,0.367750883102417,✓,✓,0.3575367726723075,6.358829021453857,0.15506927570241885,0.3121805787086487,8192.0,0.11392799764871597,0.12569820880889893,0.11769518852233887,0.28890496969697005,0.3527,0.2944,cnn-9_cifar10_learnt_gaussian_sig0.03_bounded-pmin1e-05_epoch50_bs250_lr0.001_mon0.95_dp0.2_objective-channel_gradient-chan0.1-rayleigh-zf-tx1.0-noise0.1-frob-kl0.1_perc-pri0.5_epoch-pri70_bs-pri250_lr-pri0.005_mom-pri0.99_dp-pri0.2_seed7,rayleigh-zf-tx1.0-noise0.1_chan-layer4_mcsamples500_norm-frob_seed7_bounds.json
cnn-9,cifar10,50.0,rayleigh_zf,10.0 dB,frob,channel_grad,0.001,0.1,1.0,0.11995650827884674,0.3618556,0.11911046504974365,0.7160757780075073,✓,✗,0.15348427656540814,0.3631,0.5152677297592163,✓,✓,0.35429236065516656,45.924400329589844,0.1376700101892924,0.2771529257297516,8192.0,0.10361792892217636,0.11911046504974365,0.10705291032791138,0.28582658585858617,0.3631,0.2931,cnn-9_cifar10_learnt_gaussian_sig0.03_bounded-pmin1e-05_epoch50_bs250_lr0.001_mon0.95_dp0.2_objective-channel_gradient-chan1.0-rayleigh-zf-tx1.0-noise0.1-frob-kl0.1_perc-pri0.5_epoch-pri70_bs-pri250_lr-pri0.005_mom-pri0.99_dp-pri0.2_seed7,rayleigh-zf-tx1.0-noise0.1_chan-layer4_mcsamples500_norm-frob_seed7_bounds.json
cnn-9,cifar10,50.0,rayleigh_zf,10.0 dB,frob,channel_grad,0.001,1.0,0.01,0.1316801756620407,0.3514868,0.1307074785232544,0.5455216765403748,✓,✗,0.1730801455795057,0.3518,0.35747694969177246,✓,✓,0.3611249063013121,0.16975179314613342,0.16490440330366532,0.3319803476333618,8192.0,0.12046985328197479,0.1307074785232544,0.12411999702453613,0.292314666666667,0.3518,0.29879999999999995,cnn-9_cifar10_learnt_gaussian_sig0.03_bounded-pmin1e-05_epoch50_bs250_lr0.001_mon0.95_dp0.2_objective-channel_gradient-chan0.01-rayleigh-zf-tx1.0-noise0.1-frob-kl1.0_perc-pri0.5_epoch-pri70_bs-pri250_lr-pri0.005_mom-pri0.99_dp-pri0.2_seed7,rayleigh-zf-tx1.0-noise0.1_chan-layer4_mcsamples500_norm-frob_seed7_bounds.json
cnn-9,cifar10,50.0,rayleigh_zf,10.0 dB,frob,channel_grad,0.001,1.0,0.1,0.13153785467147827,0.3515668,0.13056678771972657,0.5455480813980103,✓,✗,0.17286239874279946,0.35209999999999997,0.3573720157146454,✓,✓,0.36103845653540517,0.24162697792053223,0.1646958045062645,0.3315604031085968,8192.0,0.12028108537197113,0.13056678771972657,0.12392791509628295,0.29223086868686915,0.35209999999999997,0.29879999999999995,cnn-9_cifar10_learnt_gaussian_sig0.03_bounded-pmin1e-05_epoch50_bs250_lr0.001_mon0.95_dp0.2_objective-channel_gradient-chan0.1-rayleigh-zf-tx1.0-noise0.1-frob-kl1.0_perc-pri0.5_epoch-pri70_bs-pri250_lr-pri0.005_mom-pri0.99_dp-pri0.2_seed7,rayleigh-zf-tx1.0-noise0.1_chan-layer4_mcsamples500_norm-frob_seed7_bounds.json
cnn-9,cifar10,50.0,rayleigh_zf,10.0 dB,frob,channel_grad,0.001,1.0,1.0,0.13024112582206726,0.3524232,0.12929526567459107,0.5506396889686584,✓,✗,0.17086860605427542,0.35329999999999995,0.36116719245910645,✓,✓,0.36034113680398594,2.166288375854492,0.16187740396385095,0.32588648796081543,8192.0,0.11855392903089523,0.12929526567459107,0.12217339277267455,0.2915662222222226,0.35329999999999995,0.2983,cnn-9_cifar10_learnt_gaussian_sig0.03_bounded-pmin1e-05_epoch50_bs250_lr0.001_mon0.95_dp0.2_objective-channel_gradient-chan1.0-rayleigh-zf-tx1.0-noise0.1-frob-kl1.0_perc-pri0.5_epoch-pri70_bs-pri250_lr-pri0.005_mom-pri0.99_dp-pri0.2_seed7,rayleigh-zf-tx1.0-noise0.1_chan-layer4_mcsamples500_norm-frob_seed7_bounds.json
cnn-9,cifar10,5.0,rayleigh_zf,10.0 dB,spec,vanilla,0.001,1.0,0.0,0.11032476276159286,0.3664269999999999,0.11042367219924927,1.1887987035575582,✓,-,0.1358613007492262,0.3712,0.9787269518608029,✓,-,0.34593305244598127,176.48338317871094,0.03487472932019379,0.07020870596170425,8192.0,0.08871884644031525,0.11042367219924927,0.09338337182998657,0.27790925252525306,0.3712,0.2821,cnn-9_cifar10_learnt_gaussian_sig0.03_bounded-pmin1e-05_epoch5_bs250_lr0.001_mon0.95_dp0.2_objective-vanilla_perc-pri0.5_epoch-pri70_bs-pri250_lr-pri0.005_mom-pri0.99_dp-pri0.2_seed7,rayleigh-zf-tx1.0-noise0.1_chan-layer4_mcsamples500_norm-spec_seed7_bounds.json
cnn-9,cifar10,5.0,rayleigh_zf,10.0 dB,spec,channel_grad,0.001,0.01,0.01,0.11489641666412354,0.3597023999999999,0.11620322465896607,0.7936296463012695,✓,✗,0.14555271989592827,0.3609,0.5894333720207214,✓,✓,0.34974903089648723,82.31237030029297,0.0570352686755616,0.11482160538434982,8192.0,0.09688083827495575,0.11620322465896607,0.10542500019073486,0.28151692929292954,0.3609,0.29890000000000005,cnn-9_cifar10_learnt_gaussian_sig0.03_bounded-pmin1e-05_epoch5_bs250_lr0.001_mon0.95_dp0.2_objective-channel_gradient-chan0.01-rayleigh-zf-tx1.0-noise0.1-spec-kl0.01_perc-pri0.5_epoch-pri70_bs-pri250_lr-pri0.005_mom-pri0.99_dp-pri0.2_seed7,rayleigh-zf-tx1.0-noise0.1_chan-layer4_mcsamples500_norm-spec_seed7_bounds.json
cnn-9,cifar10,5.0,rayleigh_zf,10.0 dB,spec,channel_grad,0.001,0.01,0.1,0.11396648734807968,0.3618024,0.11524850130081177,0.8587558269500732,✓,✗,0.1434942679601927,0.36129999999999995,0.6530923247337341,✓,✓,0.34915780315891876,97.30256652832031,0.055714498247252664,0.11216267198324203,8192.0,0.09514111280441284,0.11524850130081177,0.10352983474731445,0.28096064646464697,0.36129999999999995,0.2986,cnn-9_cifar10_learnt_gaussian_sig0.03_bounded-pmin1e-05_epoch5_bs250_lr0.001_mon0.95_dp0.2_objective-channel_gradient-chan0.1-rayleigh-zf-tx1.0-noise0.1-spec-kl0.01_perc-pri0.5_epoch-pri70_bs-pri250_lr-pri0.005_mom-pri0.99_dp-pri0.2_seed7,rayleigh-zf-tx1.0-noise0.1_chan-layer4_mcsamples500_norm-spec_seed7_bounds.json
cnn-9,cifar10,5.0,rayleigh_zf,10.0 dB,spec,channel_grad,0.001,0.01,1.0,0.11000051349401474,0.37994639999999996,0.11109693050384521,1.644853115081787,✓,✓,0.13044482516328954,0.38060000000000005,1.4298031330108643,✓,✗,0.34549480088281126,275.9887390136719,0.046365908725303225,0.0933423861861229,8192.0,0.08419500291347504,0.11109693050384521,0.09159257411956787,0.277492363636364,0.38060000000000005,0.2924,cnn-9_cifar10_learnt_gaussian_sig0.03_bounded-pmin1e-05_epoch5_bs250_lr0.001_mon0.95_dp0.2_objective-channel_gradient-chan1.0-rayleigh-zf-tx1.0-noise0.1-spec-kl0.01_perc-pri0.5_epoch-pri70_bs-pri250_lr-pri0.005_mom-pri0.99_dp-pri0.2_seed7,rayleigh-zf-tx1.0-noise0.1_chan-layer4_mcsamples500_norm-spec_seed7_bounds.json
cnn-9,cifar10,5.0,rayleigh_zf,10.0 dB,spec,channel_grad,0.001,0.1,0.01,0.12775255739688873,0.35224779999999994,0.1286867380142212,0.46509620547294617,✓,✗,0.16710949866140312,0.35419999999999996,0.2739202678203583,✗,✓,0.35828545651696453,4.178988456726074,0.06938851506802039,0.13969077169895172,8192.0,0.11530658602714539,0.1286867380142212,0.124110746383667,0.28961365656565696,0.35419999999999996,0.30600000000000005,cnn-9_cifar10_learnt_gaussian_sig0.03_bounded-pmin1e-05_epoch5_bs250_lr0.001_mon0.95_dp0.2_objective-channel_gradient-chan0.01-rayleigh-zf-tx1.0-noise0.1-spec-kl0.1_perc-pri0.5_epoch-pri70_bs-pri250_lr-pri0.005_mom-pri0.99_dp-pri0.2_seed7,rayleigh-zf-tx1.0-noise0.1_chan-layer4_mcsamples500_norm-spec_seed7_bounds.json
cnn-9,cifar10,5.0,rayleigh_zf,10.0 dB,spec,channel_grad,0.001,0.1,0.1,0.12727579474449158,0.35248320000000005,0.12825111150741578,0.46826404333114624,✓,✗,0.16637743622661882,0.3536,0.27666783332824707,✗,✓,0.3579736716890159,5.060896873474121,0.06892413071097943,0.1387558877468109,8192.0,0.11467427760362625,0.12825111150741578,0.1234620451927185,0.2893165252525256,0.3536,0.30569999999999997,cnn-9_cifar10_learnt_gaussian_sig0.03_bounded-pmin1e-05_epoch5_bs250_lr0.001_mon0.95_dp0.2_objective-channel_gradient-chan0.1-rayleigh-zf-tx1.0-noise0.1-spec-kl0.1_perc-pri0.5_epoch-pri70_bs-pri250_lr-pri0.005_mom-pri0.99_dp-pri0.2_seed7,rayleigh-zf-tx1.0-noise0.1_chan-layer4_mcsamples500_norm-spec_seed7_bounds.json
cnn-9,cifar10,5.0,rayleigh_zf,10.0 dB,spec,channel_grad,0.001,0.1,1.0,0.12345107644796371,0.35501699999999997,0.12474396228790283,0.5223461389541626,✓,✗,0.160187632623019,0.358,0.3271300792694092,✗,✓,0.3554037352124856,18.570913314819336,0.06515754641489901,0.13117311894893646,8192.0,0.10935083776712418,0.12474396228790283,0.11787402629852295,0.28688129292929343,0.358,0.3026,cnn-9_cifar10_learnt_gaussian_sig0.03_bounded-pmin1e-05_epoch5_bs250_lr0.001_mon0.95_dp0.2_objective-channel_gradient-chan1.0-rayleigh-zf-tx1.0-noise0.1-spec-kl0.1_perc-pri0.5_epoch-pri70_bs-pri250_lr-pri0.005_mom-pri0.99_dp-pri0.2_seed7,rayleigh-zf-tx1.0-noise0.1_chan-layer4_mcsamples500_norm-spec_seed7_bounds.json
cnn-9,cifar10,5.0,rayleigh_zf,10.0 dB,spec,channel_grad,0.001,1.0,0.01,0.1317538470029831,0.3516272,0.13248006105422974,0.45367109775543213,✓,✗,0.17304545744353753,0.3519,0.26566532254219055,✗,✓,0.36105122315577165,0.15706157684326172,0.07318421822255565,0.14733216166496277,8192.0,0.12044009566307068,0.13248006105422974,0.12921178340911865,0.2922450101010107,0.3519,0.3086,cnn-9_cifar10_learnt_gaussian_sig0.03_bounded-pmin1e-05_epoch5_bs250_lr0.001_mon0.95_dp0.2_objective-channel_gradient-chan0.01-rayleigh-zf-tx1.0-noise0.1-spec-kl1.0_perc-pri0.5_epoch-pri70_bs-pri250_lr-pri0.005_mom-pri0.99_dp-pri0.2_seed7,rayleigh-zf-tx1.0-noise0.1_chan-layer4_mcsamples500_norm-spec_seed7_bounds.json
cnn-9,cifar10,5.0,rayleigh_zf,10.0 dB,spec,channel_grad,0.001,1.0,0.1,0.13169503211975098,0.3515808,0.1324262499809265,0.45363518595695496,✓,✗,0.17295228340806926,0.35209999999999997,0.26563096046447754,✗,✓,0.3609565273198503,0.18519294261932373,0.07311721672109828,0.14719727635383606,8192.0,0.12035883963108063,0.1324262499809265,0.12913371324539186,0.29215208080808125,0.35209999999999997,0.3085,cnn-9_cifar10_learnt_gaussian_sig0.03_bounded-pmin1e-05_epoch5_bs250_lr0.001_mon0.95_dp0.2_objective-channel_gradient-chan0.1-rayleigh-zf-tx1.0-noise0.1-spec-kl1.0_perc-pri0.5_epoch-pri70_bs-pri250_lr-pri0.005_mom-pri0.99_dp-pri0.2_seed7,rayleigh-zf-tx1.0-noise0.1_chan-layer4_mcsamples500_norm-spec_seed7_bounds.json
cnn-9,cifar10,5.0,rayleigh_zf,10.0 dB,spec,channel_grad,0.001,1.0,1.0,0.13114237785339355,0.35129379999999993,0.13192260265350342,0.45460760593414307,✓,✗,0.17208242705698576,0.35219999999999996,0.26656219363212585,✗,✓,0.36012782230246887,0.7263200879096985,0.07249831884848917,0.14595133066177368,8192.0,0.11960512399673462,0.13192260265350342,0.12841881513595582,0.29136589898989934,0.35219999999999996,0.3076,cnn-9_cifar10_learnt_gaussian_sig0.03_bounded-pmin1e-05_epoch5_bs250_lr0.001_mon0.95_dp0.2_objective-channel_gradient-chan1.0-rayleigh-zf-tx1.0-noise0.1-spec-kl1.0_perc-pri0.5_epoch-pri70_bs-pri250_lr-pri0.005_mom-pri0.99_dp-pri0.2_seed7,rayleigh-zf-tx1.0-noise0.1_chan-layer4_mcsamples500_norm-spec_seed7_bounds.json
cnn-9,cifar10,10.0,rayleigh_zf,10.0 dB,spec,vanilla,0.001,1.0,0.0,0.10617182403802872,0.377742,0.10640273094177247,2.1966555946165665,✓,-,0.12351594843040735,0.3752,1.9806726931269194,✓,-,0.3394988499200545,403.2857666015625,0.03487472932019379,0.07020870596170425,8192.0,0.07844890654087067,0.10640273094177247,0.0841137170791626,0.2718301414141417,0.3752,0.2801,cnn-9_cifar10_learnt_gaussian_sig0.03_bounded-pmin1e-05_epoch10_bs250_lr0.001_mon0.95_dp0.2_objective-vanilla_perc-pri0.5_epoch-pri70_bs-pri250_lr-pri0.005_mom-pri0.99_dp-pri0.2_seed7,rayleigh-zf-tx1.0-noise0.1_chan-layer4_mcsamples500_norm-spec_seed7_bounds.json
cnn-9,cifar10,10.0,rayleigh_zf,10.0 dB,spec,channel_grad,0.001,0.0001,0.0001,0.10639629513025284,0.3778191999999999,0.10607523918151855,2.1856255531311035,✓,✗,0.12375456868888768,0.3791,1.9700332880020142,✓,✗,0.3393469583557943,399.1251525878906,0.04260349536891252,0.08576801419258118,8192.0,0.0786462128162384,0.10607523918151855,0.08372262716293336,0.2716871919191923,0.3791,0.2861,cnn-9_cifar10_learnt_gaussian_sig0.03_bounded-pmin1e-05_epoch10_bs250_lr0.001_mon0.95_dp0.2_objective-channel_gradient-chan0.0001-rayleigh-zf-tx1.0-noise0.1-spec-kl0.0001_perc-pri0.5_epoch-pri70_bs-pri250_lr-pri0.005_mom-pri0.99_dp-pri0.2_seed7,rayleigh-zf-tx1.0-noise0.1_chan-layer4_mcsamples500_norm-spec_seed7_bounds.json
cnn-9,cifar10,10.0,rayleigh_zf,10.0 dB,spec,channel_grad,0.001,0.0001,0.001,0.10640504211187363,0.37792700000000007,0.1060826063156128,2.1875712871551514,✓,✗,0.12373572733618247,0.379,1.9719572067260742,✓,✗,0.33934959719412894,399.5606689453125,0.042598613852097324,0.08575818687677383,8192.0,0.07863009721040726,0.1060826063156128,0.08370398283004761,0.27169010101010144,0.379,0.2864,cnn-9_cifar10_learnt_gaussian_sig0.03_bounded-pmin1e-05_epoch10_bs250_lr0.001_mon0.95_dp0.2_objective-channel_gradient-chan0.001-rayleigh-zf-tx1.0-noise0.1-spec-kl0.0001_perc-pri0.5_epoch-pri70_bs-pri250_lr-pri0.005_mom-pri0.99_dp-pri0.2_seed7,rayleigh-zf-tx1.0-noise0.1_chan-layer4_mcsamples500_norm-spec_seed7_bounds.json
cnn-9,cifar10,10.0,rayleigh_zf,10.0 dB,spec,channel_grad,0.001,0.0001,0.01,0.10643856972455978,0.37845779999999996,0.10610895156860352,2.2102179527282715,✓,✗,0.12355004136967296,0.3799,1.994490385055542,✓,✗,0.3392774232528745,404.68304443359375,0.042409559626569955,0.08537758886814117,8192.0,0.07847736030817032,0.10610895156860352,0.08353298902511597,0.2716227878787882,0.3799,0.2864,cnn-9_cifar10_learnt_gaussian_sig0.03_bounded-pmin1e-05_epoch10_bs250_lr0.001_mon0.95_dp0.2_objective-channel_gradient-chan0.01-rayleigh-zf-tx1.0-noise0.1-spec-kl0.0001_perc-pri0.5_epoch-pri70_bs-pri250_lr-pri0.005_mom-pri0.99_dp-pri0.2_seed7,rayleigh-zf-tx1.0-noise0.1_chan-layer4_mcsamples500_norm-spec_seed7_bounds.json
cnn-9,cifar10,10.0,rayleigh_zf,10.0 dB,spec,channel_grad,0.001,0.001,0.0001,0.10679131746292114,0.37519519999999995,0.10653817653656006,1.956058382987976,✓,✗,0.1257258323268397,0.37460000000000004,1.7414460182189941,✓,✓,0.3403382381695987,347.23956298828125,0.04408438250949787,0.08874928951263428,8192.0,0.08027626574039459,0.10653817653656006,0.08528647422790528,0.2726209292929295,0.37460000000000004,0.2861,cnn-9_cifar10_learnt_gaussian_sig0.03_bounded-pmin1e-05_epoch10_bs250_lr0.001_mon0.95_dp0.2_objective-channel_gradient-chan0.0001-rayleigh-zf-tx1.0-noise0.1-spec-kl0.001_perc-pri0.5_epoch-pri70_bs-pri250_lr-pri0.005_mom-pri0.99_dp-pri0.2_seed7,rayleigh-zf-tx1.0-noise0.1_chan-layer4_mcsamples500_norm-spec_seed7_bounds.json
cnn-9,cifar10,10.0,rayleigh_zf,10.0 dB,spec,channel_grad,0.001,0.001,0.001,0.10680991411209106,0.3752962,0.10655772686004639,1.9583817720413208,✓,✗,0.125707493256901,0.3748,1.7437562942504883,✓,✓,0.34033296164704907,347.7546691894531,0.0441094969697768,0.088799849152565,8192.0,0.08026066422462463,0.10655772686004639,0.08526651859283448,0.27261511111111153,0.3748,0.2862,cnn-9_cifar10_learnt_gaussian_sig0.03_bounded-pmin1e-05_epoch10_bs250_lr0.001_mon0.95_dp0.2_objective-channel_gradient-chan0.001-rayleigh-zf-tx1.0-noise0.1-spec-kl0.001_perc-pri0.5_epoch-pri70_bs-pri250_lr-pri0.005_mom-pri0.99_dp-pri0.2_seed7,rayleigh-zf-tx1.0-noise0.1_chan-layer4_mcsamples500_norm-spec_seed7_bounds.json
cnn-9,cifar10,10.0,rayleigh_zf,10.0 dB,spec,channel_grad,0.001,0.001,0.01,0.10681004822254181,0.37582640000000006,0.10655034780502319,1.98061203956604,✓,✗,0.12548807250113686,0.3752,1.7658276557922363,✓,✓,0.3402725409757995,352.7954406738281,0.04385714956716569,0.08829183131456375,8192.0,0.08007967472076416,0.10655034780502319,0.08506728410720825,0.27256072727272757,0.3752,0.2863,cnn-9_cifar10_learnt_gaussian_sig0.03_bounded-pmin1e-05_epoch10_bs250_lr0.001_mon0.95_dp0.2_objective-channel_gradient-chan0.01-rayleigh-zf-tx1.0-noise0.1-spec-kl0.001_perc-pri0.5_epoch-pri70_bs-pri250_lr-pri0.005_mom-pri0.99_dp-pri0.2_seed7,rayleigh-zf-tx1.0-noise0.1_chan-layer4_mcsamples500_norm-spec_seed7_bounds.json
cnn-9,cifar10,10.0,rayleigh_zf,10.0 dB,spec,channel_grad,0.001,0.01,0.0001,0.11283967643976212,0.36142719999999995,0.11313152313232422,0.9247972369194031,✓,✗,0.14155936255872337,0.36350000000000005,0.7186368107795715,✓,✓,0.347719773975511,112.60987854003906,0.054737502811700846,0.1101958155632019,8192.0,0.09350796043872833,0.11313152313232422,0.09782899022102357,0.2795966060606065,0.36350000000000005,0.2905,cnn-9_cifar10_learnt_gaussian_sig0.03_bounded-pmin1e-05_epoch10_bs250_lr0.001_mon0.95_dp0.2_objective-channel_gradient-chan0.0001-rayleigh-zf-tx1.0-noise0.1-spec-kl0.01_perc-pri0.5_epoch-pri70_bs-pri250_lr-pri0.005_mom-pri0.99_dp-pri0.2_seed7,rayleigh-zf-tx1.0-noise0.1_chan-layer4_mcsamples500_norm-spec_seed7_bounds.json
cnn-9,cifar10,10.0,rayleigh_zf,10.0 dB,spec,channel_grad,0.001,0.01,0.001,0.11282982677221298,0.3614816,0.11311650276184082,0.925490140914917,✓,✗,0.14153627530377166,0.36360000000000003,0.7193004488945007,✓,✓,0.3477259931419681,112.76187133789062,0.05474448645251227,0.1102098748087883,8192.0,0.09348905831575394,0.11311650276184082,0.09780248403549194,0.2796034747474752,0.36360000000000003,0.2903,cnn-9_cifar10_learnt_gaussian_sig0.03_bounded-pmin1e-05_epoch10_bs250_lr0.001_mon0.95_dp0.2_objective-channel_gradient-chan0.001-rayleigh-zf-tx1.0-noise0.1-spec-kl0.01_perc-pri0.5_epoch-pri70_bs-pri250_lr-pri0.005_mom-pri0.99_dp-pri0.2_seed7,rayleigh-zf-tx1.0-noise0.1_chan-layer4_mcsamples500_norm-spec_seed7_bounds.json
cnn-9,cifar10,10.0,rayleigh_zf,10.0 dB,spec,channel_grad,0.001,0.01,0.01,0.11274029314517975,0.3617204,0.11300778388977051,0.9337667044366788,✓,✗,0.14131075609713944,0.3637,0.7274332862949914,✓,✓,0.3476441742388268,114.6658935546875,0.05458782640187755,0.10989449173212051,8192.0,0.09329839795827866,0.11300778388977051,0.09760863780975342,0.2795252525252529,0.3637,0.2905,cnn-9_cifar10_learnt_gaussian_sig0.03_bounded-pmin1e-05_epoch10_bs250_lr0.001_mon0.95_dp0.2_objective-channel_gradient-chan0.01-rayleigh-zf-tx1.0-noise0.1-spec-kl0.01_perc-pri0.5_epoch-pri70_bs-pri250_lr-pri0.005_mom-pri0.99_dp-pri0.2_seed7,rayleigh-zf-tx1.0-noise0.1_chan-layer4_mcsamples500_norm-spec_seed7_bounds.json
cnn-9,cifar10,10.0,rayleigh_zf,10.0 dB,spec,channel_grad,0.001,0.01,0.1,0.11196696013212204,0.36416760000000015,0.11209670305252076,1.0151339880470744,✓,✗,0.1393092816196389,0.36639999999999995,0.8074026545129882,✓,✓,0.3470406151537252,133.3343048095703,0.053070995901694645,0.10684085637331009,8192.0,0.09161311388015747,0.11209670305252076,0.09592323899269103,0.2789558787878792,0.36639999999999995,0.29000000000000004,cnn-9_cifar10_learnt_gaussian_sig0.03_bounded-pmin1e-05_epoch10_bs250_lr0.001_mon0.95_dp0.2_objective-channel_gradient-chan0.1-rayleigh-zf-tx1.0-noise0.1-spec-kl0.01_perc-pri0.5_epoch-pri70_bs-pri250_lr-pri0.005_mom-pri0.99_dp-pri0.2_seed7,rayleigh-zf-tx1.0-noise0.1_chan-layer4_mcsamples500_norm-spec_seed7_bounds.json
cnn-9,cifar10,10.0,rayleigh_zf,10.0 dB,spec,channel_grad,0.001,0.01,1.0,0.10978956520557404,0.38557539999999996,0.10942165851593018,1.9291858107009847,✓,✗,0.12719349226789053,0.3849,1.7129884132521265,✓,✗,0.34339088971674875,340.61492919921875,0.04378541088487172,0.08814740926027298,8192.0,0.08149217069149017,0.10942165851593018,0.08550906777381898,0.2755054545454548,0.3849,0.28869999999999996,cnn-9_cifar10_learnt_gaussian_sig0.03_bounded-pmin1e-05_epoch10_bs250_lr0.001_mon0.95_dp0.2_objective-channel_gradient-chan1.0-rayleigh-zf-tx1.0-noise0.1-spec-kl0.01_perc-pri0.5_epoch-pri70_bs-pri250_lr-pri0.005_mom-pri0.99_dp-pri0.2_seed7,rayleigh-zf-tx1.0-noise0.1_chan-layer4_mcsamples500_norm-spec_seed7_bounds.json
cnn-9,cifar10,10.0,rayleigh_zf,10.0 dB,spec,channel_grad,0.001,0.1,0.01,0.1277196854352951,0.3519641999999999,0.12891457080841065,0.46547093784408944,✓,✗,0.16707086866872362,0.35529999999999995,0.27477536862389074,✗,✓,0.3577664378889222,4.350385665893555,0.06951574538270786,0.13994690775871277,8192.0,0.11527272313833237,0.12891457080841065,0.1186437726020813,0.28912315151515183,0.35529999999999995,0.2962,cnn-9_cifar10_learnt_gaussian_sig0.03_bounded-pmin1e-05_epoch10_bs250_lr0.001_mon0.95_dp0.2_objective-channel_gradient-chan0.01-rayleigh-zf-tx1.0-noise0.1-spec-kl0.1_perc-pri0.5_epoch-pri70_bs-pri250_lr-pri0.005_mom-pri0.99_dp-pri0.2_seed7,rayleigh-zf-tx1.0-noise0.1_chan-layer4_mcsamples500_norm-spec_seed7_bounds.json
cnn-9,cifar10,10.0,rayleigh_zf,10.0 dB,spec,channel_grad,0.001,0.1,0.1,0.12725241482257843,0.3520988,0.12842377424240112,0.4688194796525175,✓,✗,0.16635179386672527,0.356,0.27775160427717027,✗,✓,0.35741966924207247,5.2614665031433105,0.06913657846780995,0.13918358087539673,8192.0,0.11465242505073547,0.12842377424240112,0.11802009344100953,0.28879337373737424,0.356,0.29579999999999995,cnn-9_cifar10_learnt_gaussian_sig0.03_bounded-pmin1e-05_epoch10_bs250_lr0.001_mon0.95_dp0.2_objective-channel_gradient-chan0.1-rayleigh-zf-tx1.0-noise0.1-spec-kl0.1_perc-pri0.5_epoch-pri70_bs-pri250_lr-pri0.005_mom-pri0.99_dp-pri0.2_seed7,rayleigh-zf-tx1.0-noise0.1_chan-layer4_mcsamples500_norm-spec_seed7_bounds.json
cnn-9,cifar10,10.0,rayleigh_zf,10.0 dB,spec,channel_grad,0.001,0.1,1.0,0.12340795993804932,0.35457540000000004,0.12428756952285766,0.5238290955261787,✓,✗,0.16016989634289835,0.35840000000000005,0.329064442270966,✗,✓,0.35493454959811105,18.974849700927734,0.06530319992193374,0.131466343998909,8192.0,0.10933563113212585,0.12428756952285766,0.11263844966888428,0.28643450505050544,0.35840000000000005,0.29490000000000005,cnn-9_cifar10_learnt_gaussian_sig0.03_bounded-pmin1e-05_epoch10_bs250_lr0.001_mon0.95_dp0.2_objective-channel_gradient-chan1.0-rayleigh-zf-tx1.0-noise0.1-spec-kl0.1_perc-pri0.5_epoch-pri70_bs-pri250_lr-pri0.005_mom-pri0.99_dp-pri0.2_seed7,rayleigh-zf-tx1.0-noise0.1_chan-layer4_mcsamples500_norm-spec_seed7_bounds.json
cnn-9,cifar10,10.0,rayleigh_zf,10.0 dB,spec,channel_grad,0.001,1.0,0.01,0.1316652148962021,0.3516156,0.13280829191207885,0.45346843777749735,✓,✗,0.17304056797390124,0.354,0.26554824713728226,✗,✓,0.36096075861411636,0.16855719685554504,0.07302063004494744,0.14700283110141754,8192.0,0.12043489515781403,0.13280829191207885,0.12354787588119506,0.2921567676767683,0.354,0.3003,cnn-9_cifar10_learnt_gaussian_sig0.03_bounded-pmin1e-05_epoch10_bs250_lr0.001_mon0.95_dp0.2_objective-channel_gradient-chan0.01-rayleigh-zf-tx1.0-noise0.1-spec-kl1.0_perc-pri0.5_epoch-pri70_bs-pri250_lr-pri0.005_mom-pri0.99_dp-pri0.2_seed7,rayleigh-zf-tx1.0-noise0.1_chan-layer4_mcsamples500_norm-spec_seed7_bounds.json
cnn-9,cifar10,10.0,rayleigh_zf,10.0 dB,spec,channel_grad,0.001,1.0,0.1,0.13159799575805664,0.35160040000000004,0.1327364683151245,0.45348259084591586,✓,✗,0.17294183163514695,0.354,0.2655407074583771,✗,✓,0.3608837150226857,0.19760888814926147,0.07298190359160839,0.14692486822605133,8192.0,0.12035129219293594,0.1327364683151245,0.12346465587615967,0.29208339393939425,0.354,0.3003,cnn-9_cifar10_learnt_gaussian_sig0.03_bounded-pmin1e-05_epoch10_bs250_lr0.001_mon0.95_dp0.2_objective-channel_gradient-chan0.1-rayleigh-zf-tx1.0-noise0.1-spec-kl1.0_perc-pri0.5_epoch-pri70_bs-pri250_lr-pri0.005_mom-pri0.99_dp-pri0.2_seed7,rayleigh-zf-tx1.0-noise0.1_chan-layer4_mcsamples500_norm-spec_seed7_bounds.json
cnn-9,cifar10,10.0,rayleigh_zf,10.0 dB,spec,channel_grad,0.001,1.0,1.0,0.1309029757976532,0.35130900000000004,0.13200197219848633,0.45471698735469185,✓,✗,0.17194880105547475,0.35419999999999996,0.26656292785468316,✗,✓,0.36010286055548335,0.7997159957885742,0.07230444972275211,0.14556103944778442,8192.0,0.11948803067207336,0.13200197219848633,0.12262334823608398,0.29134424242424295,0.35419999999999996,0.2995,cnn-9_cifar10_learnt_gaussian_sig0.03_bounded-pmin1e-05_epoch10_bs250_lr0.001_mon0.95_dp0.2_objective-channel_gradient-chan1.0-rayleigh-zf-tx1.0-noise0.1-spec-kl1.0_perc-pri0.5_epoch-pri70_bs-pri250_lr-pri0.005_mom-pri0.99_dp-pri0.2_seed7,rayleigh-zf-tx1.0-noise0.1_chan-layer4_mcsamples500_norm-spec_seed7_bounds.json
cnn-9,cifar10,20.0,rayleigh_zf,10.0 dB,spec,vanilla,0.001,1.0,0.0,0.10505402088165283,0.38481259999999995,0.10490686893463134,3.7289535833316774,✓,-,0.11487997961203708,0.3813,3.5153980289475757,✓,-,0.3284355339961387,748.391845703125,0.03487472932019379,0.07020870596170425,8192.0,0.07135599106550217,0.10490686893463134,0.07795639634132386,0.2614101010101012,0.3813,0.274,cnn-9_cifar10_learnt_gaussian_sig0.03_bounded-pmin1e-05_epoch20_bs250_lr0.001_mon0.95_dp0.2_objective-vanilla_perc-pri0.5_epoch-pri70_bs-pri250_lr-pri0.005_mom-pri0.99_dp-pri0.2_seed7,rayleigh-zf-tx1.0-noise0.1_chan-layer4_mcsamples500_norm-spec_seed7_bounds.json
cnn-9,cifar10,20.0,rayleigh_zf,10.0 dB,spec,channel_grad,0.001,0.0001,0.0001,0.10495396703481674,0.38370019999999994,0.10415337085723878,3.628574848175049,✓,✓,0.11530664813251663,0.38139999999999996,3.4150729179382324,✓,✓,0.32880855908312223,725.3544921875,0.03714907204537118,0.07478734105825424,8192.0,0.07170518487691879,0.10415337085723878,0.07861452102661133,0.2617646060606062,0.38139999999999996,0.27690000000000003,cnn-9_cifar10_learnt_gaussian_sig0.03_bounded-pmin1e-05_epoch20_bs250_lr0.001_mon0.95_dp0.2_objective-channel_gradient-chan0.0001-rayleigh-zf-tx1.0-noise0.1-spec-kl0.0001_perc-pri0.5_epoch-pri70_bs-pri250_lr-pri0.005_mom-pri0.99_dp-pri0.2_seed7,rayleigh-zf-tx1.0-noise0.1_chan-layer4_mcsamples500_norm-spec_seed7_bounds.json
cnn-9,cifar10,20.0,rayleigh_zf,10.0 dB,spec,channel_grad,0.001,0.0001,0.001,0.10497921705245972,0.383799,0.10417717695236206,3.6303606033325195,✓,✓,0.11529813903818102,0.38139999999999996,3.4168472290039062,✓,✓,0.32881142438870503,725.7593383789062,0.037121400247624996,0.07473163306713104,8192.0,0.07169811427593231,0.10417717695236206,0.07860456705093384,0.2617677575757578,0.38139999999999996,0.2771,cnn-9_cifar10_learnt_gaussian_sig0.03_bounded-pmin1e-05_epoch20_bs250_lr0.001_mon0.95_dp0.2_objective-channel_gradient-chan0.001-rayleigh-zf-tx1.0-noise0.1-spec-kl0.0001_perc-pri0.5_epoch-pri70_bs-pri250_lr-pri0.005_mom-pri0.99_dp-pri0.2_seed7,rayleigh-zf-tx1.0-noise0.1_chan-layer4_mcsamples500_norm-spec_seed7_bounds.json
cnn-9,cifar10,20.0,rayleigh_zf,10.0 dB,spec,channel_grad,0.001,0.0001,0.01,0.10508831590414047,0.3843562,0.1042933464050293,3.669545888900757,✓,✗,0.11514629588893045,0.382,3.4560134410858154,✓,✓,0.3286787369454268,734.5848999023438,0.03697041741214911,0.07442767918109894,8192.0,0.07157409191131592,0.1042933464050293,0.07844266891479493,0.2616404040404043,0.382,0.2771,cnn-9_cifar10_learnt_gaussian_sig0.03_bounded-pmin1e-05_epoch20_bs250_lr0.001_mon0.95_dp0.2_objective-channel_gradient-chan0.01-rayleigh-zf-tx1.0-noise0.1-spec-kl0.0001_perc-pri0.5_epoch-pri70_bs-pri250_lr-pri0.005_mom-pri0.99_dp-pri0.2_seed7,rayleigh-zf-tx1.0-noise0.1_chan-layer4_mcsamples500_norm-spec_seed7_bounds.json
cnn-9,cifar10,20.0,rayleigh_zf,10.0 dB,spec,channel_grad,0.001,0.001,0.0001,0.10507269203662872,0.37920980000000004,0.10438148975372315,2.9214069843292236,✓,✗,0.11857021836755922,0.37770000000000004,2.707771062850952,✓,✓,0.3322060065724759,565.90234375,0.03967526995046338,0.07987300306558609,8192.0,0.07437748461961746,0.10438148975372315,0.08118325471878052,0.2649586262626267,0.37770000000000004,0.27759999999999996,cnn-9_cifar10_learnt_gaussian_sig0.03_bounded-pmin1e-05_epoch20_bs250_lr0.001_mon0.95_dp0.2_objective-channel_gradient-chan0.0001-rayleigh-zf-tx1.0-noise0.1-spec-kl0.001_perc-pri0.5_epoch-pri70_bs-pri250_lr-pri0.005_mom-pri0.99_dp-pri0.2_seed7,rayleigh-zf-tx1.0-noise0.1_chan-layer4_mcsamples500_norm-spec_seed7_bounds.json
cnn-9,cifar10,20.0,rayleigh_zf,10.0 dB,spec,channel_grad,0.001,0.001,0.001,0.10508817434310913,0.37930020000000003,0.10439875125885009,2.9251034259796143,✓,✗,0.11854612041686,0.37760000000000005,2.7114791870117188,✓,✓,0.3321702247839491,566.7384033203125,0.03966847505670091,0.07985932379961014,8192.0,0.07435774058103561,0.10439875125885009,0.0811659812927246,0.2649254141414144,0.37760000000000005,0.27780000000000005,cnn-9_cifar10_learnt_gaussian_sig0.03_bounded-pmin1e-05_epoch20_bs250_lr0.001_mon0.95_dp0.2_objective-channel_gradient-chan0.001-rayleigh-zf-tx1.0-noise0.1-spec-kl0.001_perc-pri0.5_epoch-pri70_bs-pri250_lr-pri0.005_mom-pri0.99_dp-pri0.2_seed7,rayleigh-zf-tx1.0-noise0.1_chan-layer4_mcsamples500_norm-spec_seed7_bounds.json
cnn-9,cifar10,20.0,rayleigh_zf,10.0 dB,spec,channel_grad,0.001,0.001,0.01,0.10518433153629303,0.3799464000000001,0.10448184013366699,2.952070474624634,✓,✗,0.11839581636384812,0.3779,2.73837947845459,✓,✓,0.3320867661374268,572.8333129882812,0.03946178593532486,0.07944322377443314,8192.0,0.074233278632164,0.10448184013366699,0.08101059794425965,0.26484589898989924,0.3779,0.27769999999999995,cnn-9_cifar10_learnt_gaussian_sig0.03_bounded-pmin1e-05_epoch20_bs250_lr0.001_mon0.95_dp0.2_objective-channel_gradient-chan0.01-rayleigh-zf-tx1.0-noise0.1-spec-kl0.001_perc-pri0.5_epoch-pri70_bs-pri250_lr-pri0.005_mom-pri0.99_dp-pri0.2_seed7,rayleigh-zf-tx1.0-noise0.1_chan-layer4_mcsamples500_norm-spec_seed7_bounds.json
cnn-9,cifar10,20.0,rayleigh_zf,10.0 dB,spec,channel_grad,0.001,0.01,0.0001,0.11245492845773697,0.3620514000000001,0.11201231479644776,0.9574850797653198,✓,✗,0.14056005355048828,0.36,0.7509312033653259,✓,✓,0.3471138906396004,120.17012023925781,0.05422079481195085,0.10915559530258179,8192.0,0.09266652911901474,0.11201231479644776,0.09878816604614257,0.27902464646464686,0.36,0.28590000000000004,cnn-9_cifar10_learnt_gaussian_sig0.03_bounded-pmin1e-05_epoch20_bs250_lr0.001_mon0.95_dp0.2_objective-channel_gradient-chan0.0001-rayleigh-zf-tx1.0-noise0.1-spec-kl0.01_perc-pri0.5_epoch-pri70_bs-pri250_lr-pri0.005_mom-pri0.99_dp-pri0.2_seed7,rayleigh-zf-tx1.0-noise0.1_chan-layer4_mcsamples500_norm-spec_seed7_bounds.json
cnn-9,cifar10,20.0,rayleigh_zf,10.0 dB,spec,channel_grad,0.001,0.01,0.001,0.11244726181030273,0.36208840000000003,0.1120035171508789,0.9582090973854065,✓,✗,0.14053976061421153,0.3601,0.7516297698020935,✓,✓,0.3471190861731216,120.33592987060547,0.05419807854947043,0.10910986363887787,8192.0,0.09264875948429108,0.1120035171508789,0.09876507520675659,0.27903038383838413,0.3601,0.28569999999999995,cnn-9_cifar10_learnt_gaussian_sig0.03_bounded-pmin1e-05_epoch20_bs250_lr0.001_mon0.95_dp0.2_objective-channel_gradient-chan0.001-rayleigh-zf-tx1.0-noise0.1-spec-kl0.01_perc-pri0.5_epoch-pri70_bs-pri250_lr-pri0.005_mom-pri0.99_dp-pri0.2_seed7,rayleigh-zf-tx1.0-noise0.1_chan-layer4_mcsamples500_norm-spec_seed7_bounds.json
cnn-9,cifar10,20.0,rayleigh_zf,10.0 dB,spec,channel_grad,0.001,0.01,0.01,0.11236689239740372,0.36228920000000003,0.11192786693572998,0.9660480698728794,✓,✗,0.14033375338749338,0.3598,0.7593566486143244,✓,✓,0.3470251746460483,122.15045166015625,0.0540162300201062,0.10874377191066742,8192.0,0.09247513115406036,0.11192786693572998,0.0985806405544281,0.2789388282828287,0.3598,0.2865,cnn-9_cifar10_learnt_gaussian_sig0.03_bounded-pmin1e-05_epoch20_bs250_lr0.001_mon0.95_dp0.2_objective-channel_gradient-chan0.01-rayleigh-zf-tx1.0-noise0.1-spec-kl0.01_perc-pri0.5_epoch-pri70_bs-pri250_lr-pri0.005_mom-pri0.99_dp-pri0.2_seed7,rayleigh-zf-tx1.0-noise0.1_chan-layer4_mcsamples500_norm-spec_seed7_bounds.json
cnn-9,cifar10,20.0,rayleigh_zf,10.0 dB,spec,channel_grad,0.001,0.01,0.1,0.11165108531713486,0.3647154,0.11125982999801635,1.0475428272621512,✓,✗,0.1383836476854723,0.3638,0.8394898506367628,✓,✓,0.34643662431086053,140.84716796875,0.052485280500476766,0.10566171258687973,8192.0,0.09083567559719086,0.11125982999801635,0.09686062932014465,0.27838618181818237,0.3638,0.2852,cnn-9_cifar10_learnt_gaussian_sig0.03_bounded-pmin1e-05_epoch20_bs250_lr0.001_mon0.95_dp0.2_objective-channel_gradient-chan0.1-rayleigh-zf-tx1.0-noise0.1-spec-kl0.01_perc-pri0.5_epoch-pri70_bs-pri250_lr-pri0.005_mom-pri0.99_dp-pri0.2_seed7,rayleigh-zf-tx1.0-noise0.1_chan-layer4_mcsamples500_norm-spec_seed7_bounds.json
cnn-9,cifar10,20.0,rayleigh_zf,10.0 dB,spec,channel_grad,0.001,0.01,1.0,0.10977508872747421,0.3855012,0.10926140546798706,1.958701226679464,✓,✗,0.126826939640608,0.383,1.7428082084668057,✓,✗,0.3427199578532661,347.3302001953125,0.04394015385763664,0.08845893293619156,8192.0,0.08118941634893417,0.10926140546798706,0.08646374344825744,0.2748689292929296,0.383,0.2814,cnn-9_cifar10_learnt_gaussian_sig0.03_bounded-pmin1e-05_epoch20_bs250_lr0.001_mon0.95_dp0.2_objective-channel_gradient-chan1.0-rayleigh-zf-tx1.0-noise0.1-spec-kl0.01_perc-pri0.5_epoch-pri70_bs-pri250_lr-pri0.005_mom-pri0.99_dp-pri0.2_seed7,rayleigh-zf-tx1.0-noise0.1_chan-layer4_mcsamples500_norm-spec_seed7_bounds.json
cnn-9,cifar10,20.0,rayleigh_zf,10.0 dB,spec,channel_grad,0.001,0.1,0.01,0.1277015656232834,0.35180920000000004,0.12701137065887452,0.46579764460376727,✓,✗,0.16688098251992461,0.35209999999999997,0.2750332979470116,✗,✓,0.35764532917668024,4.414187431335449,0.06967823068540256,0.1402740180492401,8192.0,0.1151086762547493,0.12701137065887452,0.1201164722442627,0.28900711111111166,0.35209999999999997,0.2912,cnn-9_cifar10_learnt_gaussian_sig0.03_bounded-pmin1e-05_epoch20_bs250_lr0.001_mon0.95_dp0.2_objective-channel_gradient-chan0.01-rayleigh-zf-tx1.0-noise0.1-spec-kl0.1_perc-pri0.5_epoch-pri70_bs-pri250_lr-pri0.005_mom-pri0.99_dp-pri0.2_seed7,rayleigh-zf-tx1.0-noise0.1_chan-layer4_mcsamples500_norm-spec_seed7_bounds.json
cnn-9,cifar10,20.0,rayleigh_zf,10.0 dB,spec,channel_grad,0.001,0.1,0.1,0.12723027169704437,0.3520722,0.12655636072158813,0.4691318747104447,✓,✗,0.16614000899122644,0.3519,0.2779970189368635,✗,✓,0.3572748647648076,5.346375465393066,0.06921405358002321,0.13933955132961273,8192.0,0.11447055637836456,0.12655636072158813,0.11950793266296386,0.28865713131313164,0.3519,0.29090000000000005,cnn-9_cifar10_learnt_gaussian_sig0.03_bounded-pmin1e-05_epoch20_bs250_lr0.001_mon0.95_dp0.2_objective-channel_gradient-chan0.1-rayleigh-zf-tx1.0-noise0.1-spec-kl0.1_perc-pri0.5_epoch-pri70_bs-pri250_lr-pri0.005_mom-pri0.99_dp-pri0.2_seed7,rayleigh-zf-tx1.0-noise0.1_chan-layer4_mcsamples500_norm-spec_seed7_bounds.json
cnn-9,cifar10,20.0,rayleigh_zf,10.0 dB,spec,channel_grad,0.001,0.1,1.0,0.12345200777053833,0.35507219999999995,0.1229359269142151,0.5235061227756996,✓,✗,0.16004670865822934,0.35219999999999996,0.3284798474211787,✗,✓,0.3550729840127502,18.783885955810547,0.06569580858745545,0.13225673139095306,8192.0,0.10923021286725998,0.1229359269142151,0.11436960697174073,0.28656355555555607,0.35219999999999996,0.29059999999999997,cnn-9_cifar10_learnt_gaussian_sig0.03_bounded-pmin1e-05_epoch20_bs250_lr0.001_mon0.95_dp0.2_objective-channel_gradient-chan1.0-rayleigh-zf-tx1.0-noise0.1-spec-kl0.1_perc-pri0.5_epoch-pri70_bs-pri250_lr-pri0.005_mom-pri0.99_dp-pri0.2_seed7,rayleigh-zf-tx1.0-noise0.1_chan-layer4_mcsamples500_norm-spec_seed7_bounds.json
cnn-9,cifar10,20.0,rayleigh_zf,10.0 dB,spec,channel_grad,0.001,1.0,0.01,0.13169535994529724,0.35131460000000003,0.13090502023696898,0.4535021298891594,✓,✗,0.17293592630098395,0.35219999999999996,0.26566546041073,✗,✓,0.3607725957794133,0.16135406494140625,0.07327469837653434,0.14751431345939636,8192.0,0.12034501135349274,0.13090502023696898,0.12500792741775513,0.29197826262626325,0.35219999999999996,0.2956,cnn-9_cifar10_learnt_gaussian_sig0.03_bounded-pmin1e-05_epoch20_bs250_lr0.001_mon0.95_dp0.2_objective-channel_gradient-chan0.01-rayleigh-zf-tx1.0-noise0.1-spec-kl1.0_perc-pri0.5_epoch-pri70_bs-pri250_lr-pri0.005_mom-pri0.99_dp-pri0.2_seed7,rayleigh-zf-tx1.0-noise0.1_chan-layer4_mcsamples500_norm-spec_seed7_bounds.json
cnn-9,cifar10,20.0,rayleigh_zf,10.0 dB,spec,channel_grad,0.001,1.0,0.1,0.13163058459758759,0.3512996,0.13084181547164916,0.4534758160451794,✓,✗,0.17284161373620222,0.352,0.2656041544035535,✗,✓,0.3607132753778281,0.18911880254745483,0.07318353725281039,0.14733079075813293,8192.0,0.12026254832744598,0.13084181547164916,0.12492953538894654,0.2919245252525259,0.352,0.29569999999999996,cnn-9_cifar10_learnt_gaussian_sig0.03_bounded-pmin1e-05_epoch20_bs250_lr0.001_mon0.95_dp0.2_objective-channel_gradient-chan0.1-rayleigh-zf-tx1.0-noise0.1-spec-kl1.0_perc-pri0.5_epoch-pri70_bs-pri250_lr-pri0.005_mom-pri0.99_dp-pri0.2_seed7,rayleigh-zf-tx1.0-noise0.1_chan-layer4_mcsamples500_norm-spec_seed7_bounds.json
cnn-9,cifar10,20.0,rayleigh_zf,10.0 dB,spec,channel_grad,0.001,1.0,1.0,0.13095895946025848,0.3512652,0.1301863431930542,0.45473556334075066,✓,✗,0.17185286868925553,0.35109999999999997,0.26653461304008,✗,✓,0.3600538189899261,0.7385752201080322,0.07264549713560568,0.14624762535095215,8192.0,0.11940745264291763,0.1301863431930542,0.12410567998886109,0.2912959191919196,0.35109999999999997,0.29400000000000004,cnn-9_cifar10_learnt_gaussian_sig0.03_bounded-pmin1e-05_epoch20_bs250_lr0.001_mon0.95_dp0.2_objective-channel_gradient-chan1.0-rayleigh-zf-tx1.0-noise0.1-spec-kl1.0_perc-pri0.5_epoch-pri70_bs-pri250_lr-pri0.005_mom-pri0.99_dp-pri0.2_seed7,rayleigh-zf-tx1.0-noise0.1_chan-layer4_mcsamples500_norm-spec_seed7_bounds.json
cnn-9,cifar10,30.0,rayleigh_zf,10.0 dB,spec,channel_grad,0.001,0.0001,0.001,0.10437373071908951,0.3838659999999999,0.10334110260009766,4.82631254196167,✓,?,0.1113201879073274,0.38539999999999996,4.617064476013184,✓,?,0.32056818977434975,995.4016723632812,0.03543924583716797,0.07134517282247543,8192.0,0.06845629215240479,0.10334110260009766,0.07670909762382508,0.25402820202020204,0.38539999999999996,0.2713,cnn-9_cifar10_learnt_gaussian_sig0.03_bounded-pmin1e-05_epoch30_bs250_lr0.001_mon0.95_dp0.2_objective-channel_gradient-chan0.001-rayleigh-zf-tx1.0-noise0.1-spec-kl0.0001_perc-pri0.5_epoch-pri70_bs-pri250_lr-pri0.005_mom-pri0.99_dp-pri0.2_seed7,rayleigh-zf-tx1.0-noise0.1_chan-layer4_mcsamples500_norm-spec_seed7_bounds.json
cnn-9,cifar10,30.0,rayleigh_zf,10.0 dB,spec,channel_grad,0.001,0.0001,0.01,0.10456384718418121,0.3847428000000001,0.10355702638626099,4.871901035308838,✓,?,0.11117393046778491,0.3862,4.662665367126465,✓,?,0.3204096278326086,1005.6715087890625,0.03525821891260508,0.0709807351231575,8192.0,0.06833837181329727,0.10355702638626099,0.0765516698360443,0.2538791111111111,0.3862,0.2713,cnn-9_cifar10_learnt_gaussian_sig0.03_bounded-pmin1e-05_epoch30_bs250_lr0.001_mon0.95_dp0.2_objective-channel_gradient-chan0.01-rayleigh-zf-tx1.0-noise0.1-spec-kl0.0001_perc-pri0.5_epoch-pri70_bs-pri250_lr-pri0.005_mom-pri0.99_dp-pri0.2_seed7,rayleigh-zf-tx1.0-noise0.1_chan-layer4_mcsamples500_norm-spec_seed7_bounds.json
cnn-9,cifar10,30.0,rayleigh_zf,10.0 dB,spec,channel_grad,0.001,0.001,0.001,0.10428603738546371,0.3786216,0.10327976942062378,3.526671886444092,✓,?,0.11573523606494628,0.379,3.315669298171997,✓,?,0.3267376193452072,702.7705078125,0.038315599125456554,0.07713575661182404,8192.0,0.07205460965633392,0.10327976942062378,0.07985705137252808,0.25981600000000027,0.379,0.2743,cnn-9_cifar10_learnt_gaussian_sig0.03_bounded-pmin1e-05_epoch30_bs250_lr0.001_mon0.95_dp0.2_objective-channel_gradient-chan0.001-rayleigh-zf-tx1.0-noise0.1-spec-kl0.001_perc-pri0.5_epoch-pri70_bs-pri250_lr-pri0.005_mom-pri0.99_dp-pri0.2_seed7,rayleigh-zf-tx1.0-noise0.1_chan-layer4_mcsamples500_norm-spec_seed7_bounds.json
cnn-9,cifar10,30.0,rayleigh_zf,10.0 dB,spec,channel_grad,0.001,0.001,0.01,0.10442417114973068,0.37934,0.10343289375305176,3.555187463760376,✓,?,0.11560007304392862,0.3801,3.34411883354187,✓,?,0.32666869846033425,709.1798706054688,0.0382364808036406,0.076976478099823,8192.0,0.07194434851408005,0.10343289375305176,0.07972310185432434,0.2597526464646466,0.3801,0.27390000000000003,cnn-9_cifar10_learnt_gaussian_sig0.03_bounded-pmin1e-05_epoch30_bs250_lr0.001_mon0.95_dp0.2_objective-channel_gradient-chan0.01-rayleigh-zf-tx1.0-noise0.1-spec-kl0.001_perc-pri0.5_epoch-pri70_bs-pri250_lr-pri0.005_mom-pri0.99_dp-pri0.2_seed7,rayleigh-zf-tx1.0-noise0.1_chan-layer4_mcsamples500_norm-spec_seed7_bounds.json
cnn-9,cifar10,30.0,rayleigh_zf,10.0 dB,spec,channel_grad,0.001,0.01,0.0001,0.11233904212713242,0.36211459999999995,0.11070400476455688,0.9537452459335327,✓,?,0.14070259845506194,0.36019999999999996,0.7471811175346375,✓,?,0.3472667282848487,119.25855255126953,0.054404786175459116,0.10952600091695786,8192.0,0.09278596192598343,0.11070400476455688,0.09929697513580323,0.2791691313131317,0.36019999999999996,0.28890000000000005,cnn-9_cifar10_learnt_gaussian_sig0.03_bounded-pmin1e-05_epoch30_bs250_lr0.001_mon0.95_dp0.2_objective-channel_gradient-chan0.0001-rayleigh-zf-tx1.0-noise0.1-spec-kl0.01_perc-pri0.5_epoch-pri70_bs-pri250_lr-pri0.005_mom-pri0.99_dp-pri0.2_seed7,rayleigh-zf-tx1.0-noise0.1_chan-layer4_mcsamples500_norm-spec_seed7_bounds.json
cnn-9,cifar10,30.0,rayleigh_zf,10.0 dB,spec,channel_grad,0.001,0.01,0.001,0.11233989149332047,0.36215119999999995,0.11070773601531983,0.9543018341064453,✓,?,0.1406878322513572,0.36019999999999996,0.7477297186851501,✓,?,0.34725992309704523,119.384033203125,0.05440698082251857,0.10953041911125183,8192.0,0.09277402609586716,0.11070773601531983,0.09928876757621766,0.27916161616161644,0.36019999999999996,0.28890000000000005,cnn-9_cifar10_learnt_gaussian_sig0.03_bounded-pmin1e-05_epoch30_bs250_lr0.001_mon0.95_dp0.2_objective-channel_gradient-chan0.001-rayleigh-zf-tx1.0-noise0.1-spec-kl0.01_perc-pri0.5_epoch-pri70_bs-pri250_lr-pri0.005_mom-pri0.99_dp-pri0.2_seed7,rayleigh-zf-tx1.0-noise0.1_chan-layer4_mcsamples500_norm-spec_seed7_bounds.json
cnn-9,cifar10,30.0,rayleigh_zf,10.0 dB,spec,channel_grad,0.001,0.01,0.01,0.11225378513336182,0.3623718,0.1106332778930664,0.9619079254935514,✓,?,0.14048393244554352,0.36040000000000005,0.7551708020560592,✓,?,0.34722105588303587,121.12269592285156,0.054276467789548255,0.10926767438650131,8192.0,0.09260261058807373,0.1106332778930664,0.09910129308700562,0.27912476767676797,0.36040000000000005,0.2885,cnn-9_cifar10_learnt_gaussian_sig0.03_bounded-pmin1e-05_epoch30_bs250_lr0.001_mon0.95_dp0.2_objective-channel_gradient-chan0.01-rayleigh-zf-tx1.0-noise0.1-spec-kl0.01_perc-pri0.5_epoch-pri70_bs-pri250_lr-pri0.005_mom-pri0.99_dp-pri0.2_seed7,rayleigh-zf-tx1.0-noise0.1_chan-layer4_mcsamples500_norm-spec_seed7_bounds.json
cnn-9,cifar10,30.0,rayleigh_zf,10.0 dB,spec,channel_grad,0.001,0.01,0.1,0.11150256544351578,0.36484140000000004,0.10992361307144165,1.0456183150963938,✓,?,0.1384838196976662,0.36450000000000005,0.8375307102460285,✓,?,0.34657142454803147,140.32562255859375,0.052758390078473216,0.10621152818202972,8192.0,0.09091942012310028,0.10992361307144165,0.09730286002159119,0.2785107070707077,0.36450000000000005,0.2884,cnn-9_cifar10_learnt_gaussian_sig0.03_bounded-pmin1e-05_epoch30_bs250_lr0.001_mon0.95_dp0.2_objective-channel_gradient-chan0.1-rayleigh-zf-tx1.0-noise0.1-spec-kl0.01_perc-pri0.5_epoch-pri70_bs-pri250_lr-pri0.005_mom-pri0.99_dp-pri0.2_seed7,rayleigh-zf-tx1.0-noise0.1_chan-layer4_mcsamples500_norm-spec_seed7_bounds.json
cnn-9,cifar10,30.0,rayleigh_zf,10.0 dB,spec,channel_grad,0.001,0.01,1.0,0.10944749414920807,0.3851028000000001,0.10864038467407226,1.964106091836275,✓,?,0.12682338522527883,0.38980000000000004,1.7480360671467823,✓,?,0.34289340991477163,348.5780029296875,0.043591223479797214,0.08775647729635239,8192.0,0.08118567615747452,0.10864038467407226,0.08675354123115539,0.27503587878787916,0.38980000000000004,0.28779999999999994,cnn-9_cifar10_learnt_gaussian_sig0.03_bounded-pmin1e-05_epoch30_bs250_lr0.001_mon0.95_dp0.2_objective-channel_gradient-chan1.0-rayleigh-zf-tx1.0-noise0.1-spec-kl0.01_perc-pri0.5_epoch-pri70_bs-pri250_lr-pri0.005_mom-pri0.99_dp-pri0.2_seed7,rayleigh-zf-tx1.0-noise0.1_chan-layer4_mcsamples500_norm-spec_seed7_bounds.json
cnn-9,cifar10,30.0,rayleigh_zf,10.0 dB,spec,channel_grad,0.001,0.1,0.01,0.12769022583961487,0.3518665999999999,0.12538634538650512,0.4652646602251997,✓,?,0.16715471143345995,0.3526,0.2744802498738978,✗,?,0.35793912178476184,4.134242057800293,0.07010340746917576,0.1411299705505371,8192.0,0.11534564942121506,0.12538634538650512,0.12080540657043456,0.28928428282828345,0.3526,0.29579999999999995,cnn-9_cifar10_learnt_gaussian_sig0.03_bounded-pmin1e-05_epoch30_bs250_lr0.001_mon0.95_dp0.2_objective-channel_gradient-chan0.01-rayleigh-zf-tx1.0-noise0.1-spec-kl0.1_perc-pri0.5_epoch-pri70_bs-pri250_lr-pri0.005_mom-pri0.99_dp-pri0.2_seed7,rayleigh-zf-tx1.0-noise0.1_chan-layer4_mcsamples500_norm-spec_seed7_bounds.json
cnn-9,cifar10,30.0,rayleigh_zf,10.0 dB,spec,channel_grad,0.001,0.1,0.1,0.12721595168113708,0.35207980000000005,0.12492473125457763,0.4684645602078689,✓,?,0.16643206653255,0.353,0.27728811527823655,✗,?,0.3576085114621823,5.012784004211426,0.06970495874790396,0.1403278261423111,8192.0,0.11472153663635254,0.12492473125457763,0.12020348310470581,0.288972363636364,0.353,0.29569999999999996,cnn-9_cifar10_learnt_gaussian_sig0.03_bounded-pmin1e-05_epoch30_bs250_lr0.001_mon0.95_dp0.2_objective-channel_gradient-chan0.1-rayleigh-zf-tx1.0-noise0.1-spec-kl0.1_perc-pri0.5_epoch-pri70_bs-pri250_lr-pri0.005_mom-pri0.99_dp-pri0.2_seed7,rayleigh-zf-tx1.0-noise0.1_chan-layer4_mcsamples500_norm-spec_seed7_bounds.json
cnn-9,cifar10,30.0,rayleigh_zf,10.0 dB,spec,channel_grad,0.001,0.1,1.0,0.12343692779541016,0.35422280000000006,0.12126998901367188,0.5208903337407395,✓,?,0.160455643920968,0.35240000000000005,0.32638589520171396,✗,?,0.35496008245999344,18.172531127929688,0.06592698301228057,0.13272212445735931,8192.0,0.10958103835582733,0.12126998901367188,0.1151536226272583,0.28645672727272775,0.35240000000000005,0.2933,cnn-9_cifar10_learnt_gaussian_sig0.03_bounded-pmin1e-05_epoch30_bs250_lr0.001_mon0.95_dp0.2_objective-channel_gradient-chan1.0-rayleigh-zf-tx1.0-noise0.1-spec-kl0.1_perc-pri0.5_epoch-pri70_bs-pri250_lr-pri0.005_mom-pri0.99_dp-pri0.2_seed7,rayleigh-zf-tx1.0-noise0.1_chan-layer4_mcsamples500_norm-spec_seed7_bounds.json
cnn-9,cifar10,30.0,rayleigh_zf,10.0 dB,spec,channel_grad,0.001,1.0,0.01,0.1316625326871872,0.3519722,0.1293026924133301,0.4538908220097171,✓,?,0.1730237210707509,0.3518,0.26578963677915574,✗,?,0.3611249063013122,0.15265187621116638,0.07334999734630081,0.14766590297222137,8192.0,0.12042054533958435,0.1293026924133301,0.12557932138442993,0.2923146666666671,0.3518,0.29900000000000004,cnn-9_cifar10_learnt_gaussian_sig0.03_bounded-pmin1e-05_epoch30_bs250_lr0.001_mon0.95_dp0.2_objective-channel_gradient-chan0.01-rayleigh-zf-tx1.0-noise0.1-spec-kl1.0_perc-pri0.5_epoch-pri70_bs-pri250_lr-pri0.005_mom-pri0.99_dp-pri0.2_seed7,rayleigh-zf-tx1.0-noise0.1_chan-layer4_mcsamples500_norm-spec_seed7_bounds.json
cnn-9,cifar10,30.0,rayleigh_zf,10.0 dB,spec,channel_grad,0.001,1.0,0.1,0.1316000521183014,0.35204080000000015,0.12923744916915894,0.4539665815061584,✓,?,0.1729304272650196,0.35209999999999997,0.2658018674814307,✗,?,0.36109514128974723,0.1780717968940735,0.07334184051304782,0.14764948189258575,8192.0,0.12033916264772415,0.12923744916915894,0.12549657821655275,0.29228767676767725,0.35209999999999997,0.29890000000000005,cnn-9_cifar10_learnt_gaussian_sig0.03_bounded-pmin1e-05_epoch30_bs250_lr0.001_mon0.95_dp0.2_objective-channel_gradient-chan0.1-rayleigh-zf-tx1.0-noise0.1-spec-kl1.0_perc-pri0.5_epoch-pri70_bs-pri250_lr-pri0.005_mom-pri0.99_dp-pri0.2_seed7,rayleigh-zf-tx1.0-noise0.1_chan-layer4_mcsamples500_norm-spec_seed7_bounds.json
cnn-9,cifar10,30.0,rayleigh_zf,10.0 dB,spec,channel_grad,0.001,1.0,1.0,0.13102050125598907,0.35271900000000006,0.12865219116210938,0.4554718551002354,✓,?,0.17205021339983675,0.3528,0.2665879399053262,✗,?,0.36093412859474594,0.6661048531532288,0.07282557662400124,0.14661015570163727,8192.0,0.11957801133394241,0.12865219116210938,0.12473006248474121,0.292133252525253,0.3528,0.2985,cnn-9_cifar10_learnt_gaussian_sig0.03_bounded-pmin1e-05_epoch30_bs250_lr0.001_mon0.95_dp0.2_objective-channel_gradient-chan1.0-rayleigh-zf-tx1.0-noise0.1-spec-kl1.0_perc-pri0.5_epoch-pri70_bs-pri250_lr-pri0.005_mom-pri0.99_dp-pri0.2_seed7,rayleigh-zf-tx1.0-noise0.1_chan-layer4_mcsamples500_norm-spec_seed7_bounds.json
cnn-9,cifar10,50.0,rayleigh_zf,10.0 dB,spec,vanilla,0.001,1.0,0.0,0.10418130457401276,0.38330380000000003,0.10414083003997802,7.657076217168736,✓,-,0.10538142456868949,0.3829,7.456478032302317,✓,-,0.3059796094351085,1631.76806640625,0.03487472932019379,0.07020870596170425,8192.0,0.063653863966465,0.10414083003997802,0.07338550090789794,0.240403313131313,0.3829,0.2619,cnn-9_cifar10_learnt_gaussian_sig0.03_bounded-pmin1e-05_epoch50_bs250_lr0.001_mon0.95_dp0.2_objective-vanilla_perc-pri0.5_epoch-pri70_bs-pri250_lr-pri0.005_mom-pri0.99_dp-pri0.2_seed7,rayleigh-zf-tx1.0-noise0.1_chan-layer4_mcsamples500_norm-spec_seed7_bounds.json
cnn-9,cifar10,50.0,rayleigh_zf,10.0 dB,spec,channel_grad,0.001,0.0001,0.0001,0.10393112897872925,0.38234819999999997,0.10351098775863647,7.102251052856445,✓,✓,0.10632343811772345,0.3782,6.900508880615234,✓,✓,0.30806586003832886,1507.3984375,0.03416173179137305,0.06877332180738449,8192.0,0.0644119530916214,0.10351098775863647,0.07195856571197509,0.24234505050505037,0.3782,0.26239999999999997,cnn-9_cifar10_learnt_gaussian_sig0.03_bounded-pmin1e-05_epoch50_bs250_lr0.001_mon0.95_dp0.2_objective-channel_gradient-chan0.0001-rayleigh-zf-tx1.0-noise0.1-spec-kl0.0001_perc-pri0.5_epoch-pri70_bs-pri250_lr-pri0.005_mom-pri0.99_dp-pri0.2_seed7,rayleigh-zf-tx1.0-noise0.1_chan-layer4_mcsamples500_norm-spec_seed7_bounds.json
cnn-9,cifar10,50.0,rayleigh_zf,10.0 dB,spec,channel_grad,0.001,0.0001,0.001,0.10396452993154526,0.3824506000000001,0.10354827642440796,7.104072570800781,✓,✓,0.10632023737565936,0.37829999999999997,6.90235710144043,✓,✓,0.30803572585038086,1507.8153076171875,0.03414884517912854,0.068747378885746,8192.0,0.06441047042608261,0.10354827642440796,0.07195545434951782,0.24231838383838375,0.37829999999999997,0.2623,cnn-9_cifar10_learnt_gaussian_sig0.03_bounded-pmin1e-05_epoch50_bs250_lr0.001_mon0.95_dp0.2_objective-channel_gradient-chan0.001-rayleigh-zf-tx1.0-noise0.1-spec-kl0.0001_perc-pri0.5_epoch-pri70_bs-pri250_lr-pri0.005_mom-pri0.99_dp-pri0.2_seed7,rayleigh-zf-tx1.0-noise0.1_chan-layer4_mcsamples500_norm-spec_seed7_bounds.json
cnn-9,cifar10,50.0,rayleigh_zf,10.0 dB,spec,channel_grad,0.001,0.0001,0.01,0.10421036928892136,0.38345520000000005,0.10378645658493042,7.1640143394470215,✓,✗,0.10620340374343563,0.3789,6.962282657623291,✓,✗,0.30793516121168574,1521.2760009765625,0.03399260333273955,0.06843283772468567,8192.0,0.06431618332862854,0.10378645658493042,0.07183660268783569,0.24222092929292913,0.3789,0.2619,cnn-9_cifar10_learnt_gaussian_sig0.03_bounded-pmin1e-05_epoch50_bs250_lr0.001_mon0.95_dp0.2_objective-channel_gradient-chan0.01-rayleigh-zf-tx1.0-noise0.1-spec-kl0.0001_perc-pri0.5_epoch-pri70_bs-pri250_lr-pri0.005_mom-pri0.99_dp-pri0.2_seed7,rayleigh-zf-tx1.0-noise0.1_chan-layer4_mcsamples500_norm-spec_seed7_bounds.json
cnn-9,cifar10,50.0,rayleigh_zf,10.0 dB,spec,channel_grad,0.001,0.001,0.0001,0.10382113605737686,0.376951,0.10331966876983642,4.305543899536133,✓,✓,0.11298533452891331,0.37160000000000004,4.0981879234313965,✓,✓,0.3203412000060662,878.4947509765625,0.03772135309781031,0.07593943923711777,8192.0,0.06981120258569717,0.10331966876983642,0.07594406604766846,0.25381648484848496,0.37160000000000004,0.2711,cnn-9_cifar10_learnt_gaussian_sig0.03_bounded-pmin1e-05_epoch50_bs250_lr0.001_mon0.95_dp0.2_objective-channel_gradient-chan0.0001-rayleigh-zf-tx1.0-noise0.1-spec-kl0.001_perc-pri0.5_epoch-pri70_bs-pri250_lr-pri0.005_mom-pri0.99_dp-pri0.2_seed7,rayleigh-zf-tx1.0-noise0.1_chan-layer4_mcsamples500_norm-spec_seed7_bounds.json
cnn-9,cifar10,50.0,rayleigh_zf,10.0 dB,spec,channel_grad,0.001,0.001,0.001,0.10383196175098419,0.3770319999999999,0.10333445072174072,4.309885501861572,✓,✓,0.11297040425870242,0.3718,4.1025238037109375,✓,✓,0.32033207313802037,879.470947265625,0.037706493893858065,0.07590952515602112,8192.0,0.0697992667555809,0.10333445072174072,0.07593844532966613,0.2538064646464648,0.3718,0.271,cnn-9_cifar10_learnt_gaussian_sig0.03_bounded-pmin1e-05_epoch50_bs250_lr0.001_mon0.95_dp0.2_objective-channel_gradient-chan0.001-rayleigh-zf-tx1.0-noise0.1-spec-kl0.001_perc-pri0.5_epoch-pri70_bs-pri250_lr-pri0.005_mom-pri0.99_dp-pri0.2_seed7,rayleigh-zf-tx1.0-noise0.1_chan-layer4_mcsamples500_norm-spec_seed7_bounds.json
cnn-9,cifar10,50.0,rayleigh_zf,10.0 dB,spec,channel_grad,0.001,0.001,0.01,0.1039746031165123,0.37772300000000003,0.10347696542739868,4.344737529754639,✓,✓,0.11283965472818563,0.37270000000000003,4.137340068817139,✓,✓,0.32023711937307836,887.3211669921875,0.03754599968748373,0.07558642327785492,8192.0,0.06969192624092102,0.10347696542739868,0.07580124139785767,0.25372096969696983,0.37270000000000003,0.27059999999999995,cnn-9_cifar10_learnt_gaussian_sig0.03_bounded-pmin1e-05_epoch50_bs250_lr0.001_mon0.95_dp0.2_objective-channel_gradient-chan0.01-rayleigh-zf-tx1.0-noise0.1-spec-kl0.001_perc-pri0.5_epoch-pri70_bs-pri250_lr-pri0.005_mom-pri0.99_dp-pri0.2_seed7,rayleigh-zf-tx1.0-noise0.1_chan-layer4_mcsamples500_norm-spec_seed7_bounds.json
cnn-9,cifar10,50.0,rayleigh_zf,10.0 dB,spec,channel_grad,0.001,0.01,0.0001,0.1123393103480339,0.3618422000000001,0.11155037879943848,0.9619807600975037,✓,✗,0.14057191996618507,0.36119999999999997,0.7554335594177246,✓,✓,0.3471191593496501,121.20220184326172,0.0540956000046541,0.10890355706214905,8192.0,0.09267540276050568,0.11155037879943848,0.09667492508888245,0.279030464646465,0.36119999999999997,0.2885,cnn-9_cifar10_learnt_gaussian_sig0.03_bounded-pmin1e-05_epoch50_bs250_lr0.001_mon0.95_dp0.2_objective-channel_gradient-chan0.0001-rayleigh-zf-tx1.0-noise0.1-spec-kl0.01_perc-pri0.5_epoch-pri70_bs-pri250_lr-pri0.005_mom-pri0.99_dp-pri0.2_seed7,rayleigh-zf-tx1.0-noise0.1_chan-layer4_mcsamples500_norm-spec_seed7_bounds.json
cnn-9,cifar10,50.0,rayleigh_zf,10.0 dB,spec,channel_grad,0.001,0.01,0.001,0.11232870072126389,0.36187,0.11153994798660279,0.9631816148757935,✓,✗,0.14054303521566552,0.36129999999999995,0.7566051483154297,✓,✓,0.3471195252322924,121.47457885742188,0.054078035426333465,0.10886819660663605,8192.0,0.09265221655368805,0.11153994798660279,0.09665027260780334,0.27903086868686905,0.36129999999999995,0.2884,cnn-9_cifar10_learnt_gaussian_sig0.03_bounded-pmin1e-05_epoch50_bs250_lr0.001_mon0.95_dp0.2_objective-channel_gradient-chan0.001-rayleigh-zf-tx1.0-noise0.1-spec-kl0.01_perc-pri0.5_epoch-pri70_bs-pri250_lr-pri0.005_mom-pri0.99_dp-pri0.2_seed7,rayleigh-zf-tx1.0-noise0.1_chan-layer4_mcsamples500_norm-spec_seed7_bounds.json
cnn-9,cifar10,50.0,rayleigh_zf,10.0 dB,spec,channel_grad,0.001,0.01,0.01,0.11223609745502472,0.36209579999999997,0.11145071983337403,0.9721544251153079,✓,✗,0.14031635955465924,0.3619,0.7654628198245612,✓,✓,0.34700796484540586,123.54420471191406,0.053906741928020745,0.10852335393428802,8192.0,0.09246042370796204,0.11145071983337403,0.09643561840057373,0.27892589898989933,0.3619,0.28879999999999995,cnn-9_cifar10_learnt_gaussian_sig0.03_bounded-pmin1e-05_epoch50_bs250_lr0.001_mon0.95_dp0.2_objective-channel_gradient-chan0.01-rayleigh-zf-tx1.0-noise0.1-spec-kl0.01_perc-pri0.5_epoch-pri70_bs-pri250_lr-pri0.005_mom-pri0.99_dp-pri0.2_seed7,rayleigh-zf-tx1.0-noise0.1_chan-layer4_mcsamples500_norm-spec_seed7_bounds.json
cnn-9,cifar10,50.0,rayleigh_zf,10.0 dB,spec,channel_grad,0.001,0.01,0.1,0.11152303218841553,0.3646168000000001,0.11081920862197876,1.057021230530525,✓,✗,0.13833484534586749,0.3647,0.8490107506966735,✓,✓,0.34634532517971894,142.9613494873047,0.052600075715468216,0.10589281469583511,8192.0,0.09079515933990479,0.11081920862197876,0.0945940613746643,0.27829753535353574,0.3647,0.2882,cnn-9_cifar10_learnt_gaussian_sig0.03_bounded-pmin1e-05_epoch50_bs250_lr0.001_mon0.95_dp0.2_objective-channel_gradient-chan0.1-rayleigh-zf-tx1.0-noise0.1-spec-kl0.01_perc-pri0.5_epoch-pri70_bs-pri250_lr-pri0.005_mom-pri0.99_dp-pri0.2_seed7,rayleigh-zf-tx1.0-noise0.1_chan-layer4_mcsamples500_norm-spec_seed7_bounds.json
cnn-9,cifar10,50.0,rayleigh_zf,10.0 dB,spec,channel_grad,0.001,0.01,1.0,0.10967060178518295,0.38567919999999994,0.10892305374145508,1.981974613281928,✓,✗,0.12671514584688243,0.38380000000000003,1.7659654797136735,✓,✗,0.3427242794151371,352.5089416503906,0.04404918303532856,0.08867842704057693,8192.0,0.08109575510025024,0.10892305374145508,0.08394036889076233,0.2748736969696972,0.38380000000000003,0.28480000000000005,cnn-9_cifar10_learnt_gaussian_sig0.03_bounded-pmin1e-05_epoch50_bs250_lr0.001_mon0.95_dp0.2_objective-channel_gradient-chan1.0-rayleigh-zf-tx1.0-noise0.1-spec-kl0.01_perc-pri0.5_epoch-pri70_bs-pri250_lr-pri0.005_mom-pri0.99_dp-pri0.2_seed7,rayleigh-zf-tx1.0-noise0.1_chan-layer4_mcsamples500_norm-spec_seed7_bounds.json
cnn-9,cifar10,50.0,rayleigh_zf,10.0 dB,spec,channel_grad,0.001,0.1,0.01,0.12781153619289398,0.35177240000000004,0.12676565647125243,0.46541866101382195,✓,✗,0.16720652064090033,0.3518,0.27456467258340084,✗,✓,0.3580605090713214,4.206955909729004,0.06981083473960152,0.1405409723520279,8192.0,0.11538992822170258,0.12676565647125243,0.11917349100112914,0.2894006464646469,0.3518,0.29490000000000005,cnn-9_cifar10_learnt_gaussian_sig0.03_bounded-pmin1e-05_epoch50_bs250_lr0.001_mon0.95_dp0.2_objective-channel_gradient-chan0.01-rayleigh-zf-tx1.0-noise0.1-spec-kl0.1_perc-pri0.5_epoch-pri70_bs-pri250_lr-pri0.005_mom-pri0.99_dp-pri0.2_seed7,rayleigh-zf-tx1.0-noise0.1_chan-layer4_mcsamples500_norm-spec_seed7_bounds.json
cnn-9,cifar10,50.0,rayleigh_zf,10.0 dB,spec,channel_grad,0.001,0.1,0.1,0.1273518204689026,0.351974,0.12629241943359376,0.46858294033157916,✓,✗,0.16648833733584048,0.35209999999999997,0.27735238765811043,✗,✓,0.3577188900093092,5.074517726898193,0.06943687872362385,0.13978813588619232,8192.0,0.11477053910493851,0.12629241943359376,0.11855814456939698,0.2890765252525257,0.35209999999999997,0.2945,cnn-9_cifar10_learnt_gaussian_sig0.03_bounded-pmin1e-05_epoch50_bs250_lr0.001_mon0.95_dp0.2_objective-channel_gradient-chan0.1-rayleigh-zf-tx1.0-noise0.1-spec-kl0.1_perc-pri0.5_epoch-pri70_bs-pri250_lr-pri0.005_mom-pri0.99_dp-pri0.2_seed7,rayleigh-zf-tx1.0-noise0.1_chan-layer4_mcsamples500_norm-spec_seed7_bounds.json
cnn-9,cifar10,50.0,rayleigh_zf,10.0 dB,spec,channel_grad,0.001,0.1,1.0,0.12350807338953018,0.3544742,0.12241637706756592,0.5221543721539232,✓,✗,0.16032380178344346,0.35650000000000004,0.3271910517906562,✗,✓,0.3552871221467104,18.41017723083496,0.06580119605737925,0.13246889412403107,8192.0,0.10946822911500931,0.12241637706756592,0.11312611103057861,0.2867703434343438,0.35650000000000004,0.2925,cnn-9_cifar10_learnt_gaussian_sig0.03_bounded-pmin1e-05_epoch50_bs250_lr0.001_mon0.95_dp0.2_objective-channel_gradient-chan1.0-rayleigh-zf-tx1.0-noise0.1-spec-kl0.1_perc-pri0.5_epoch-pri70_bs-pri250_lr-pri0.005_mom-pri0.99_dp-pri0.2_seed7,rayleigh-zf-tx1.0-noise0.1_chan-layer4_mcsamples500_norm-spec_seed7_bounds.json
cnn-9,cifar10,50.0,rayleigh_zf,10.0 dB,spec,channel_grad,0.001,1.0,0.01,0.13169029355049133,0.35148559999999995,0.1307164430618286,0.4540985682945483,✓,✗,0.17309571023628298,0.3519,0.26605040426927784,✗,✓,0.3611438742615534,0.1661314070224762,0.07347849337649304,0.14792458713054657,8192.0,0.12048283964395523,0.1307164430618286,0.12413147687911988,0.29232969696969735,0.3519,0.29869999999999997,cnn-9_cifar10_learnt_gaussian_sig0.03_bounded-pmin1e-05_epoch50_bs250_lr0.001_mon0.95_dp0.2_objective-channel_gradient-chan0.01-rayleigh-zf-tx1.0-noise0.1-spec-kl1.0_perc-pri0.5_epoch-pri70_bs-pri250_lr-pri0.005_mom-pri0.99_dp-pri0.2_seed7,rayleigh-zf-tx1.0-noise0.1_chan-layer4_mcsamples500_norm-spec_seed7_bounds.json
cnn-9,cifar10,50.0,rayleigh_zf,10.0 dB,spec,channel_grad,0.001,1.0,0.1,0.13162215054035187,0.35148559999999995,0.13065087795257568,0.4541705000881349,✓,✗,0.1729925277410333,0.3518,0.26608670802638545,✗,✓,0.36107631980278276,0.19910237193107605,0.07347052899121154,0.147908553481102,8192.0,0.1203945055603981,0.13065087795257568,0.12404400110244751,0.29226682828282874,0.3518,0.29869999999999997,cnn-9_cifar10_learnt_gaussian_sig0.03_bounded-pmin1e-05_epoch50_bs250_lr0.001_mon0.95_dp0.2_objective-channel_gradient-chan0.1-rayleigh-zf-tx1.0-noise0.1-spec-kl1.0_perc-pri0.5_epoch-pri70_bs-pri250_lr-pri0.005_mom-pri0.99_dp-pri0.2_seed7,rayleigh-zf-tx1.0-noise0.1_chan-layer4_mcsamples500_norm-spec_seed7_bounds.json
cnn-9,cifar10,50.0,rayleigh_zf,10.0 dB,spec,channel_grad,0.001,1.0,1.0,0.1309891641139984,0.35151940000000004,0.13000111579895018,0.45642393273790166,✓,✗,0.17202868684007397,0.35140000000000005,0.2679507999058828,✗,✓,0.3605018196720928,0.9793556332588196,0.07280906310767872,0.1465769112110138,8192.0,0.11955869197845459,0.13000111579895018,0.12321945428848266,0.29172024242424294,0.35140000000000005,0.2983,cnn-9_cifar10_learnt_gaussian_sig0.03_bounded-pmin1e-05_epoch50_bs250_lr0.001_mon0.95_dp0.2_objective-channel_gradient-chan1.0-rayleigh-zf-tx1.0-noise0.1-spec-kl1.0_perc-pri0.5_epoch-pri70_bs-pri250_lr-pri0.005_mom-pri0.99_dp-pri0.2_seed7,rayleigh-zf-tx1.0-noise0.1_chan-layer4_mcsamples500_norm-spec_seed7_bounds.json
