Model,Dataset,Epochs,Channel Type,Channel Param,Norm Type,Objective,Learning Rate,KL Penalty,Chan Penalty,Pop Loss CE (MC),Pop Err 01 (MC),Risk CE (LHS),Bound CE (RHS),Valid CE,Eff CE,Emp Loss CE,Risk 01 (LHS),Bound 01 (RHS),Valid 01,Eff 01,Emp Err 01,KL Term,Channel Term,Lipschitz,Dimension,Train Loss CE,Pop Loss CE,Pop Loss CE (Wired),Train Err 01,Pop Err 01,Pop Err 01 (Wired),Folder,File
fcn-4,mnist,10.0,rayleigh_zf,-10.0 dB,frob,vanilla,0.001,1.0,0.0,0.2596249580383301,0.34721099999999994,0.25851571559906006,0.34019654064915317,✓,-,0.028980200677595675,0.347,0.31468781091158404,✗,-,0.05448893041516479,65.79490661621094,0.0,0.0,600.0,0.00824059545993805,0.25851571559906006,0.008410690724849701,0.024839599999999993,0.347,0.026000000000000023,fcn-4_mnist_learnt_gaussian_sig0.03_bounded-pmin1e-05_epoch10_bs250_lr0.001_mon0.95_dp0.2_objective-vanilla_perc-pri0.5_epoch-pri20_bs-pri250_lr-pri0.005_mom-pri0.99_dp-pri0.2_seed7,rayleigh-zf-tx1.0-noise10.0_chan-layer2_mcsamples500_norm-frob_seed7_bounds.json
fcn-4,mnist,10.0,rayleigh_zf,-10.0 dB,frob,channel_grad,0.001,0.001,1.0,0.2829066514968872,0.40354020000000007,0.28007755279541013,16.24921417236328,✓,✗,0.023205204670179586,0.4021,16.22991371154785,✓,✗,0.04250532512835786,3927.1220703125,0.15719970065322741,0.03164694830775261,600.0,0.0050662970170378685,0.28007755279541013,0.006464924663305283,0.016650066666666657,0.4021,0.02200000000000002,fcn-4_mnist_learnt_gaussian_sig0.03_bounded-pmin1e-05_epoch10_bs250_lr0.001_mon0.95_dp0.2_objective-channel_gradient-chan1.0-rayleigh-zf-tx1.0-noise10.0-frob-kl0.001_perc-pri0.5_epoch-pri20_bs-pri250_lr-pri0.005_mom-pri0.99_dp-pri0.2_seed7,rayleigh-zf-tx1.0-noise10.0_chan-layer2_mcsamples500_norm-frob_seed7_bounds.json
fcn-4,mnist,10.0,rayleigh_zf,-10.0 dB,frob,channel_grad,0.001,0.005,1.0,0.27722886204719543,0.38881860000000007,0.2740898609161377,9.172469139099121,✓,✗,0.024249243161524103,0.38759999999999994,9.151196479797363,✓,✗,0.045522336036376565,2187.663818359375,0.17874519479633838,0.03598441928625107,600.0,0.005615003407001495,0.2740898609161377,0.006830620765686035,0.01865860000000002,0.38759999999999994,0.02300000000000002,fcn-4_mnist_learnt_gaussian_sig0.03_bounded-pmin1e-05_epoch10_bs250_lr0.001_mon0.95_dp0.2_objective-channel_gradient-chan1.0-rayleigh-zf-tx1.0-noise10.0-frob-kl0.005_perc-pri0.5_epoch-pri20_bs-pri250_lr-pri0.005_mom-pri0.99_dp-pri0.2_seed7,rayleigh-zf-tx1.0-noise10.0_chan-layer2_mcsamples500_norm-frob_seed7_bounds.json
fcn-4,mnist,10.0,rayleigh_zf,-10.0 dB,frob,channel_grad,0.001,0.01,1.0,0.2731684446334839,0.37815000000000004,0.2697272777557373,5.458609580993652,✓,✗,0.025442427743451772,0.376,5.435773849487305,✓,✗,0.04827813832425665,1272.056396484375,0.2000825120472168,0.04027998074889183,600.0,0.006256802938878536,0.2697272777557373,0.007249435037374496,0.02052653333333335,0.376,0.0242,fcn-4_mnist_learnt_gaussian_sig0.03_bounded-pmin1e-05_epoch10_bs250_lr0.001_mon0.95_dp0.2_objective-channel_gradient-chan1.0-rayleigh-zf-tx1.0-noise10.0-frob-kl0.01_perc-pri0.5_epoch-pri20_bs-pri250_lr-pri0.005_mom-pri0.99_dp-pri0.2_seed7,rayleigh-zf-tx1.0-noise10.0_chan-layer2_mcsamples500_norm-frob_seed7_bounds.json
fcn-4,mnist,10.0,rayleigh_zf,-10.0 dB,frob,channel_grad,0.001,0.05,1.0,0.2588517665863037,0.3482558000000001,0.2552345275878906,1.4487179517745972,✓,✓,0.029612215222167563,0.3429,1.4230046272277832,✓,✗,0.05532552937877981,270.3393249511719,0.2726358599127834,0.054886192083358765,600.0,0.00860655028373003,0.2552345275878906,0.008664642274379731,0.025430199999999972,0.3429,0.026800000000000046,fcn-4_mnist_learnt_gaussian_sig0.03_bounded-pmin1e-05_epoch10_bs250_lr0.001_mon0.95_dp0.2_objective-channel_gradient-chan1.0-rayleigh-zf-tx1.0-noise10.0-frob-kl0.05_perc-pri0.5_epoch-pri20_bs-pri250_lr-pri0.005_mom-pri0.99_dp-pri0.2_seed7,rayleigh-zf-tx1.0-noise10.0_chan-layer2_mcsamples500_norm-frob_seed7_bounds.json
fcn-4,mnist,10.0,rayleigh_zf,-10.0 dB,frob,channel_grad,0.001,0.1,1.0,0.25547000765800476,0.3413194,0.25174336433410643,0.9587316513061523,✓,✓,0.031237168593637014,0.3366,0.9320970773696899,✓,✓,0.05787182439250778,142.46739196777344,0.3021381709508241,0.06082550436258316,600.0,0.009561744518578053,0.25174336433410643,0.009395226836204529,0.02724166666666665,0.3366,0.02729999999999999,fcn-4_mnist_learnt_gaussian_sig0.03_bounded-pmin1e-05_epoch10_bs250_lr0.001_mon0.95_dp0.2_objective-channel_gradient-chan1.0-rayleigh-zf-tx1.0-noise10.0-frob-kl0.1_perc-pri0.5_epoch-pri20_bs-pri250_lr-pri0.005_mom-pri0.99_dp-pri0.2_seed7,rayleigh-zf-tx1.0-noise10.0_chan-layer2_mcsamples500_norm-frob_seed7_bounds.json
fcn-4,mnist,10.0,rayleigh_zf,-10.0 dB,frob,channel_grad,0.001,0.5,1.0,0.25297850370407104,0.3355106,0.249635910987854,0.5372717976570129,✓,✓,0.0327297095401233,0.3337,0.5102288722991943,✓,✓,0.059772645314473266,32.41485595703125,0.32806502073400523,0.06604501605033875,600.0,0.0104562072083354,0.249635910987854,0.009982606023550033,0.028606466666666715,0.3337,0.027900000000000036,fcn-4_mnist_learnt_gaussian_sig0.03_bounded-pmin1e-05_epoch10_bs250_lr0.001_mon0.95_dp0.2_objective-channel_gradient-chan1.0-rayleigh-zf-tx1.0-noise10.0-frob-kl0.5_perc-pri0.5_epoch-pri20_bs-pri250_lr-pri0.005_mom-pri0.99_dp-pri0.2_seed7,rayleigh-zf-tx1.0-noise10.0_chan-layer2_mcsamples500_norm-frob_seed7_bounds.json
fcn-4,mnist,10.0,rayleigh_zf,-10.0 dB,frob,channel_grad,0.001,1.0,1.0,0.25352463126182556,0.3357553999999999,0.24997355937957763,0.4786679446697235,✓,✓,0.03301986705901851,0.33220000000000005,0.4514543414115906,✓,✓,0.06023348556075486,16.598188400268555,0.333571623364277,0.06715358793735504,600.0,0.010631905868649483,0.24997355937957763,0.010177657753229142,0.028939066666666673,0.33220000000000005,0.028100000000000014,fcn-4_mnist_learnt_gaussian_sig0.03_bounded-pmin1e-05_epoch10_bs250_lr0.001_mon0.95_dp0.2_objective-channel_gradient-chan1.0-rayleigh-zf-tx1.0-noise10.0-frob-kl1.0_perc-pri0.5_epoch-pri20_bs-pri250_lr-pri0.005_mom-pri0.99_dp-pri0.2_seed7,rayleigh-zf-tx1.0-noise10.0_chan-layer2_mcsamples500_norm-frob_seed7_bounds.json
fcn-4,mnist,20.0,rayleigh_zf,-10.0 dB,frob,vanilla,0.001,1.0,0.0,0.2659749686717987,0.3573751999999999,0.2650072336196899,0.7595877338627146,✓,-,0.027254167327276684,0.3577,0.7347843112243024,✓,-,0.052057589965688836,169.11990356445312,0.0,0.0,600.0,0.00725852744653821,0.2650072336196899,0.0078028224408626555,0.023135266666666682,0.3577,0.024900000000000033,fcn-4_mnist_learnt_gaussian_sig0.03_bounded-pmin1e-05_epoch20_bs250_lr0.001_mon0.95_dp0.2_objective-vanilla_perc-pri0.5_epoch-pri20_bs-pri250_lr-pri0.005_mom-pri0.99_dp-pri0.2_seed7,rayleigh-zf-tx1.0-noise10.0_chan-layer2_mcsamples500_norm-frob_seed7_bounds.json
fcn-4,mnist,20.0,rayleigh_zf,-10.0 dB,frob,channel_grad,0.001,0.001,1.0,0.26850610971450806,0.3934046000000001,0.2673011064529419,27.302143096923828,✓,✗,0.021780729805550347,0.3941,27.285940170288086,✓,✗,0.037983642411378526,6639.58056640625,0.14108479219165124,0.028402745723724365,600.0,0.00433857087045908,0.2673011064529419,0.0062425252050161365,0.01371946666666666,0.3941,0.02210000000000001,fcn-4_mnist_learnt_gaussian_sig0.03_bounded-pmin1e-05_epoch20_bs250_lr0.001_mon0.95_dp0.2_objective-channel_gradient-chan1.0-rayleigh-zf-tx1.0-noise10.0-frob-kl0.001_perc-pri0.5_epoch-pri20_bs-pri250_lr-pri0.005_mom-pri0.99_dp-pri0.2_seed7,rayleigh-zf-tx1.0-noise10.0_chan-layer2_mcsamples500_norm-frob_seed7_bounds.json
fcn-4,mnist,20.0,rayleigh_zf,-10.0 dB,frob,channel_grad,0.001,0.005,1.0,0.27332669496536255,0.3865586,0.2717552423477173,11.064154624938965,✓,✗,0.023495673473801253,0.38549999999999995,11.044148445129395,✓,✗,0.04350126153617393,2653.287109375,0.1715528404589118,0.03453647717833519,600.0,0.0052176956087350845,0.2717552423477173,0.006598698347806931,0.01730859999999999,0.38549999999999995,0.02310000000000001,fcn-4_mnist_learnt_gaussian_sig0.03_bounded-pmin1e-05_epoch20_bs250_lr0.001_mon0.95_dp0.2_objective-channel_gradient-chan1.0-rayleigh-zf-tx1.0-noise10.0-frob-kl0.005_perc-pri0.5_epoch-pri20_bs-pri250_lr-pri0.005_mom-pri0.99_dp-pri0.2_seed7,rayleigh-zf-tx1.0-noise10.0_chan-layer2_mcsamples500_norm-frob_seed7_bounds.json
fcn-4,mnist,20.0,rayleigh_zf,-10.0 dB,frob,channel_grad,0.001,0.01,1.0,0.27431508898735046,0.3808001999999999,0.272279691696167,5.779150485992432,✓,✗,0.0250434211813096,0.37960000000000005,5.756760120391846,✓,✗,0.0474338441787334,1351.636474609375,0.19658277166729196,0.039575424045324326,600.0,0.006040356587618589,0.272279691696167,0.006939619779586792,0.019951000000000003,0.37960000000000005,0.023900000000000032,fcn-4_mnist_learnt_gaussian_sig0.03_bounded-pmin1e-05_epoch20_bs250_lr0.001_mon0.95_dp0.2_objective-channel_gradient-chan1.0-rayleigh-zf-tx1.0-noise10.0-frob-kl0.01_perc-pri0.5_epoch-pri20_bs-pri250_lr-pri0.005_mom-pri0.99_dp-pri0.2_seed7,rayleigh-zf-tx1.0-noise10.0_chan-layer2_mcsamples500_norm-frob_seed7_bounds.json
fcn-4,mnist,20.0,rayleigh_zf,-10.0 dB,frob,channel_grad,0.001,0.05,1.0,0.2603411376476288,0.350598,0.2580464601516724,1.3606363534927368,✓,✓,0.029026795436881213,0.3499,1.3354246616363525,✓,✓,0.054238507494659756,251.65794372558594,0.26190755166848984,0.05272640287876129,600.0,0.0082674166187644,0.2580464601516724,0.00850345715880394,0.02466286666666666,0.3499,0.02629999999999999,fcn-4_mnist_learnt_gaussian_sig0.03_bounded-pmin1e-05_epoch20_bs250_lr0.001_mon0.95_dp0.2_objective-channel_gradient-chan1.0-rayleigh-zf-tx1.0-noise10.0-frob-kl0.05_perc-pri0.5_epoch-pri20_bs-pri250_lr-pri0.005_mom-pri0.99_dp-pri0.2_seed7,rayleigh-zf-tx1.0-noise10.0_chan-layer2_mcsamples500_norm-frob_seed7_bounds.json
fcn-4,mnist,20.0,rayleigh_zf,-10.0 dB,frob,channel_grad,0.001,0.1,1.0,0.25350454449653625,0.33892180000000005,0.25108163356781005,0.8773910403251648,✓,✓,0.030506607531411108,0.3366,0.851795494556427,✓,✓,0.056102158301280895,126.9871826171875,0.2857649195921405,0.05752929300069809,600.0,0.009129789657890797,0.25108163356781005,0.009111142158508301,0.02598033333333333,0.3366,0.027100000000000013,fcn-4_mnist_learnt_gaussian_sig0.03_bounded-pmin1e-05_epoch20_bs250_lr0.001_mon0.95_dp0.2_objective-channel_gradient-chan1.0-rayleigh-zf-tx1.0-noise10.0-frob-kl0.1_perc-pri0.5_epoch-pri20_bs-pri250_lr-pri0.005_mom-pri0.99_dp-pri0.2_seed7,rayleigh-zf-tx1.0-noise10.0_chan-layer2_mcsamples500_norm-frob_seed7_bounds.json
fcn-4,mnist,20.0,rayleigh_zf,-10.0 dB,frob,channel_grad,0.001,0.5,1.0,0.2519528269767761,0.3343368,0.249403715133667,0.5031567811965942,✓,✓,0.03212583900630058,0.33099999999999996,0.4767385423183441,✓,✓,0.058544106047226,27.936887741088867,0.31345981109489934,0.06310474127531052,600.0,0.010092433542013168,0.249403715133667,0.00967489331960678,0.027723266666666656,0.33099999999999996,0.027200000000000002,fcn-4_mnist_learnt_gaussian_sig0.03_bounded-pmin1e-05_epoch20_bs250_lr0.001_mon0.95_dp0.2_objective-channel_gradient-chan1.0-rayleigh-zf-tx1.0-noise10.0-frob-kl0.5_perc-pri0.5_epoch-pri20_bs-pri250_lr-pri0.005_mom-pri0.99_dp-pri0.2_seed7,rayleigh-zf-tx1.0-noise10.0_chan-layer2_mcsamples500_norm-frob_seed7_bounds.json
fcn-4,mnist,20.0,rayleigh_zf,-10.0 dB,frob,channel_grad,0.001,1.0,1.0,0.2510300874710083,0.33276039999999996,0.24865827560424805,0.4549434185028076,✓,✓,0.032481161724105714,0.32989999999999997,0.42832139134407043,✓,✓,0.05910319358951981,14.155938148498535,0.32094781362852143,0.06461220234632492,600.0,0.010306218639016151,0.24865827560424805,0.009773197025060654,0.02812453333333335,0.32989999999999997,0.02729999999999999,fcn-4_mnist_learnt_gaussian_sig0.03_bounded-pmin1e-05_epoch20_bs250_lr0.001_mon0.95_dp0.2_objective-channel_gradient-chan1.0-rayleigh-zf-tx1.0-noise10.0-frob-kl1.0_perc-pri0.5_epoch-pri20_bs-pri250_lr-pri0.005_mom-pri0.99_dp-pri0.2_seed7,rayleigh-zf-tx1.0-noise10.0_chan-layer2_mcsamples500_norm-frob_seed7_bounds.json
fcn-4,mnist,50.0,rayleigh_zf,-10.0 dB,frob,vanilla,0.001,1.0,0.0,0.27075308561325073,0.36528919999999987,0.2703442096710205,2.207439817445094,✓,-,0.024585611769469256,0.3669,2.184626868342046,✓,-,0.04739856087251745,524.9110107421875,0.0,0.0,600.0,0.0057944986037909985,0.2703442096710205,0.007084199786186218,0.01992720000000001,0.3669,0.02300000000000002,fcn-4_mnist_learnt_gaussian_sig0.03_bounded-pmin1e-05_epoch50_bs250_lr0.001_mon0.95_dp0.2_objective-vanilla_perc-pri0.5_epoch-pri20_bs-pri250_lr-pri0.005_mom-pri0.99_dp-pri0.2_seed7,rayleigh-zf-tx1.0-noise10.0_chan-layer2_mcsamples500_norm-frob_seed7_bounds.json
fcn-4,mnist,50.0,rayleigh_zf,-10.0 dB,frob,channel_grad,0.001,0.001,1.0,0.23970186710357666,0.3616142000000001,0.2355133056640625,45.24520492553711,✓,✓,0.01983991208754915,0.3547,45.23252868652344,✓,✓,0.03251524381465826,11039.431640625,0.12729987352639213,0.025627609342336655,600.0,0.003390513127669692,0.2355133056640625,0.005837114900350571,0.010326600000000014,0.3547,0.019199999999999995,fcn-4_mnist_learnt_gaussian_sig0.03_bounded-pmin1e-05_epoch50_bs250_lr0.001_mon0.95_dp0.2_objective-channel_gradient-chan1.0-rayleigh-zf-tx1.0-noise10.0-frob-kl0.001_perc-pri0.5_epoch-pri20_bs-pri250_lr-pri0.005_mom-pri0.99_dp-pri0.2_seed7,rayleigh-zf-tx1.0-noise10.0_chan-layer2_mcsamples500_norm-frob_seed7_bounds.json
fcn-4,mnist,50.0,rayleigh_zf,-10.0 dB,frob,channel_grad,0.001,0.005,1.0,0.2661547362804413,0.3778176,0.26140031814575193,11.668425559997559,✓,✓,0.023410884090086487,0.37129999999999996,11.648463249206543,✓,✗,0.04337294078331945,2801.4013671875,0.1712788426595085,0.034481316804885864,600.0,0.005173361860215664,0.26140031814575193,0.006601583957672119,0.01722346666666667,0.37129999999999996,0.021299999999999986,fcn-4_mnist_learnt_gaussian_sig0.03_bounded-pmin1e-05_epoch50_bs250_lr0.001_mon0.95_dp0.2_objective-channel_gradient-chan1.0-rayleigh-zf-tx1.0-noise10.0-frob-kl0.005_perc-pri0.5_epoch-pri20_bs-pri250_lr-pri0.005_mom-pri0.99_dp-pri0.2_seed7,rayleigh-zf-tx1.0-noise10.0_chan-layer2_mcsamples500_norm-frob_seed7_bounds.json
fcn-4,mnist,50.0,rayleigh_zf,-10.0 dB,frob,channel_grad,0.001,0.01,1.0,0.2712671458721161,0.3768734,0.26640915870666504,5.629669189453125,✓,✗,0.02524033145363955,0.37250000000000005,5.607101917266846,✓,✗,0.047807902767002794,1314.0650634765625,0.20011247101508564,0.04028601199388504,600.0,0.006146891973912716,0.26640915870666504,0.0071148015558719635,0.02020606666666668,0.37250000000000005,0.02300000000000002,fcn-4_mnist_learnt_gaussian_sig0.03_bounded-pmin1e-05_epoch50_bs250_lr0.001_mon0.95_dp0.2_objective-channel_gradient-chan1.0-rayleigh-zf-tx1.0-noise10.0-frob-kl0.01_perc-pri0.5_epoch-pri20_bs-pri250_lr-pri0.005_mom-pri0.99_dp-pri0.2_seed7,rayleigh-zf-tx1.0-noise10.0_chan-layer2_mcsamples500_norm-frob_seed7_bounds.json
fcn-4,mnist,50.0,rayleigh_zf,-10.0 dB,frob,channel_grad,0.001,0.05,1.0,0.2598010301589966,0.3503782000000001,0.2552466869354248,1.3903231194893655,✓,✓,0.02953328015051131,0.34450000000000003,1.3643417643951796,✓,✓,0.05551463524469732,254.946044921875,0.2768945854848691,0.05574354529380798,600.0,0.008560681715607643,0.2552466869354248,0.008811716735363007,0.02556393333333335,0.34450000000000003,0.027000000000000024,fcn-4_mnist_learnt_gaussian_sig0.03_bounded-pmin1e-05_epoch50_bs250_lr0.001_mon0.95_dp0.2_objective-channel_gradient-chan1.0-rayleigh-zf-tx1.0-noise10.0-frob-kl0.05_perc-pri0.5_epoch-pri20_bs-pri250_lr-pri0.005_mom-pri0.99_dp-pri0.2_seed7,rayleigh-zf-tx1.0-noise10.0_chan-layer2_mcsamples500_norm-frob_seed7_bounds.json
fcn-4,mnist,50.0,rayleigh_zf,-10.0 dB,frob,channel_grad,0.001,0.1,1.0,0.253699392080307,0.33977999999999997,0.24950032234191893,0.8998819589614868,✓,✓,0.03113794858501649,0.33330000000000004,0.8730449676513672,✓,✓,0.05797490437246469,127.57865142822266,0.30396838816888194,0.061193957924842834,600.0,0.00950279738754034,0.24950032234191893,0.009314222633838654,0.027315533333333357,0.33330000000000004,0.02739999999999998,fcn-4_mnist_learnt_gaussian_sig0.03_bounded-pmin1e-05_epoch50_bs250_lr0.001_mon0.95_dp0.2_objective-channel_gradient-chan1.0-rayleigh-zf-tx1.0-noise10.0-frob-kl0.1_perc-pri0.5_epoch-pri20_bs-pri250_lr-pri0.005_mom-pri0.99_dp-pri0.2_seed7,rayleigh-zf-tx1.0-noise10.0_chan-layer2_mcsamples500_norm-frob_seed7_bounds.json
fcn-4,mnist,50.0,rayleigh_zf,-10.0 dB,frob,channel_grad,0.001,0.5,1.0,0.24491803348064423,0.32583920000000016,0.24113974571228028,0.5628172159194946,✓,✓,0.03269603862686246,0.3194,0.5357258319854736,✓,✓,0.059787408084140056,37.8201789855957,0.3315285290823753,0.06674227863550186,600.0,0.010435760021209717,0.24113974571228028,0.00999012365937233,0.028616933333333323,0.3194,0.028800000000000048,fcn-4_mnist_learnt_gaussian_sig0.03_bounded-pmin1e-05_epoch50_bs250_lr0.001_mon0.95_dp0.2_objective-channel_gradient-chan1.0-rayleigh-zf-tx1.0-noise10.0-frob-kl0.5_perc-pri0.5_epoch-pri20_bs-pri250_lr-pri0.005_mom-pri0.99_dp-pri0.2_seed7,rayleigh-zf-tx1.0-noise10.0_chan-layer2_mcsamples500_norm-frob_seed7_bounds.json
fcn-4,mnist,50.0,rayleigh_zf,-10.0 dB,frob,channel_grad,0.001,1.0,1.0,0.24591119587421417,0.3266811999999998,0.242075514793396,0.4719434678554535,✓,✓,0.032717993969869866,0.31989999999999996,0.4450291395187378,✓,✓,0.05963233181623491,15.72485637664795,0.3310136567401995,0.06663862615823746,600.0,0.010449049063026905,0.242075514793396,0.010138566046953202,0.02850553333333332,0.31989999999999996,0.02839999999999998,fcn-4_mnist_learnt_gaussian_sig0.03_bounded-pmin1e-05_epoch50_bs250_lr0.001_mon0.95_dp0.2_objective-channel_gradient-chan1.0-rayleigh-zf-tx1.0-noise10.0-frob-kl1.0_perc-pri0.5_epoch-pri20_bs-pri250_lr-pri0.005_mom-pri0.99_dp-pri0.2_seed7,rayleigh-zf-tx1.0-noise10.0_chan-layer2_mcsamples500_norm-frob_seed7_bounds.json
fcn-4,mnist,10.0,rayleigh_zf,-10.0 dB,spec,vanilla,0.001,1.0,0.0,0.2596249580383301,0.34721099999999994,0.25851571559906006,0.34019654064915317,✓,-,0.028980199765748855,0.347,0.3146878099997372,✗,-,0.05448893041516479,65.79490661621094,0.0,0.0,600.0,0.008240594528615475,0.25851571559906006,0.00841069146990776,0.024839599999999993,0.347,0.026000000000000023,fcn-4_mnist_learnt_gaussian_sig0.03_bounded-pmin1e-05_epoch10_bs250_lr0.001_mon0.95_dp0.2_objective-vanilla_perc-pri0.5_epoch-pri20_bs-pri250_lr-pri0.005_mom-pri0.99_dp-pri0.2_seed7,rayleigh-zf-tx1.0-noise10.0_chan-layer2_mcsamples500_norm-spec_seed7_bounds.json
fcn-4,mnist,10.0,rayleigh_zf,-10.0 dB,spec,channel_grad,0.001,0.001,1.0,0.30319029092788696,0.43079000000000006,0.299714183807373,10.675753593444824,✓,✗,0.02489191782290694,0.42900000000000005,10.652997970581055,✓,✗,0.04764680004948156,2571.59814453125,0.11250042096837384,0.02264823019504547,600.0,0.005958868656307459,0.299714183807373,0.006866785883903504,0.020096066666666662,0.42900000000000005,0.024399999999999977,fcn-4_mnist_learnt_gaussian_sig0.03_bounded-pmin1e-05_epoch10_bs250_lr0.001_mon0.95_dp0.2_objective-channel_gradient-chan1.0-rayleigh-zf-tx1.0-noise10.0-spec-kl0.001_perc-pri0.5_epoch-pri20_bs-pri250_lr-pri0.005_mom-pri0.99_dp-pri0.2_seed7,rayleigh-zf-tx1.0-noise10.0_chan-layer2_mcsamples500_norm-spec_seed7_bounds.json
fcn-4,mnist,10.0,rayleigh_zf,-10.0 dB,spec,channel_grad,0.001,0.005,1.0,0.29537010192871094,0.4123452,0.292054271697998,5.872764587402344,✓,✗,0.02545960244455237,0.41000000000000003,5.848420143127441,✓,✗,0.04980381885240034,1390.4124755859375,0.1295246738521407,0.02607549913227558,600.0,0.0062661017291247845,0.292054271697998,0.007062585651874542,0.021573333333333312,0.41000000000000003,0.025399999999999978,fcn-4_mnist_learnt_gaussian_sig0.03_bounded-pmin1e-05_epoch10_bs250_lr0.001_mon0.95_dp0.2_objective-channel_gradient-chan1.0-rayleigh-zf-tx1.0-noise10.0-spec-kl0.005_perc-pri0.5_epoch-pri20_bs-pri250_lr-pri0.005_mom-pri0.99_dp-pri0.2_seed7,rayleigh-zf-tx1.0-noise10.0_chan-layer2_mcsamples500_norm-spec_seed7_bounds.json
fcn-4,mnist,10.0,rayleigh_zf,-10.0 dB,spec,channel_grad,0.001,0.01,1.0,0.28445175290107727,0.3927272000000001,0.2815602540969849,3.5043258666992188,✓,✗,0.026461097650002357,0.38859999999999995,3.4787611961364746,✓,✗,0.05202573460235267,805.0242919921875,0.14870117972778965,0.0299360528588295,600.0,0.006815996952354908,0.2815602540969849,0.007475920766592026,0.023113000000000005,0.38859999999999995,0.02629999999999999,fcn-4_mnist_learnt_gaussian_sig0.03_bounded-pmin1e-05_epoch10_bs250_lr0.001_mon0.95_dp0.2_objective-channel_gradient-chan1.0-rayleigh-zf-tx1.0-noise10.0-spec-kl0.01_perc-pri0.5_epoch-pri20_bs-pri250_lr-pri0.005_mom-pri0.99_dp-pri0.2_seed7,rayleigh-zf-tx1.0-noise10.0_chan-layer2_mcsamples500_norm-spec_seed7_bounds.json
fcn-4,mnist,10.0,rayleigh_zf,-10.0 dB,spec,channel_grad,0.001,0.05,1.0,0.26129695773124695,0.35093720000000006,0.25794134140014646,0.9614534974098206,✓,✗,0.030194165921474916,0.34619999999999995,0.9346578121185303,✓,✗,0.056989800400188015,167.9596405029297,0.20167033734426545,0.04059963673353195,600.0,0.008946179412305355,0.25794134140014646,0.008827655017375946,0.026611799999999998,0.34619999999999995,0.026699999999999946,fcn-4_mnist_learnt_gaussian_sig0.03_bounded-pmin1e-05_epoch10_bs250_lr0.001_mon0.95_dp0.2_objective-channel_gradient-chan1.0-rayleigh-zf-tx1.0-noise10.0-spec-kl0.05_perc-pri0.5_epoch-pri20_bs-pri250_lr-pri0.005_mom-pri0.99_dp-pri0.2_seed7,rayleigh-zf-tx1.0-noise10.0_chan-layer2_mcsamples500_norm-spec_seed7_bounds.json
fcn-4,mnist,10.0,rayleigh_zf,-10.0 dB,spec,channel_grad,0.001,0.1,1.0,0.25573068857192993,0.3411856000000001,0.25224220752716064,0.6422586441040039,✓,✓,0.031492353976764094,0.33830000000000005,0.6153414249420166,✓,✓,0.05840957215682391,86.26185607910156,0.21458550220608333,0.043199677020311356,600.0,0.009713533334434032,0.25224220752716064,0.00938834622502327,0.027626466666666665,0.33830000000000005,0.027200000000000002,fcn-4_mnist_learnt_gaussian_sig0.03_bounded-pmin1e-05_epoch10_bs250_lr0.001_mon0.95_dp0.2_objective-channel_gradient-chan1.0-rayleigh-zf-tx1.0-noise10.0-spec-kl0.1_perc-pri0.5_epoch-pri20_bs-pri250_lr-pri0.005_mom-pri0.99_dp-pri0.2_seed7,rayleigh-zf-tx1.0-noise10.0_chan-layer2_mcsamples500_norm-spec_seed7_bounds.json
fcn-4,mnist,10.0,rayleigh_zf,-10.0 dB,spec,channel_grad,0.001,0.5,1.0,0.2555631399154663,0.33852440000000006,0.2520307540893555,0.40084725618362427,✓,✓,0.03296985082093801,0.3356,0.3734550476074219,✓,✓,0.0603620573300202,21.85234260559082,0.23417237562400742,0.04714284464716911,600.0,0.010601487942039967,0.2520307540893555,0.010215464979410172,0.029031733333333372,0.3356,0.029200000000000004,fcn-4_mnist_learnt_gaussian_sig0.03_bounded-pmin1e-05_epoch10_bs250_lr0.001_mon0.95_dp0.2_objective-channel_gradient-chan1.0-rayleigh-zf-tx1.0-noise10.0-spec-kl0.5_perc-pri0.5_epoch-pri20_bs-pri250_lr-pri0.005_mom-pri0.99_dp-pri0.2_seed7,rayleigh-zf-tx1.0-noise10.0_chan-layer2_mcsamples500_norm-spec_seed7_bounds.json
fcn-4,mnist,10.0,rayleigh_zf,-10.0 dB,spec,channel_grad,0.001,1.0,1.0,0.2548023462295532,0.337441,0.2512073993682861,0.3540220856666565,✓,✓,0.03315324101523916,0.33309999999999995,0.32659101486206055,✗,✓,0.060584328839946786,9.92029094696045,0.2358373281465516,0.047478027641773224,600.0,0.010712862946093082,0.2512073993682861,0.010258548706769944,0.029192533333333343,0.33309999999999995,0.02839999999999998,fcn-4_mnist_learnt_gaussian_sig0.03_bounded-pmin1e-05_epoch10_bs250_lr0.001_mon0.95_dp0.2_objective-channel_gradient-chan1.0-rayleigh-zf-tx1.0-noise10.0-spec-kl1.0_perc-pri0.5_epoch-pri20_bs-pri250_lr-pri0.005_mom-pri0.99_dp-pri0.2_seed7,rayleigh-zf-tx1.0-noise10.0_chan-layer2_mcsamples500_norm-spec_seed7_bounds.json
fcn-4,mnist,20.0,rayleigh_zf,-10.0 dB,spec,vanilla,0.001,1.0,0.0,0.2659749686717987,0.3573751999999999,0.26500725746154785,0.7595877338627146,✓,-,0.027254166870994672,0.3577,0.7347843107680204,✓,-,0.052057589965688836,169.11990356445312,0.0,0.0,600.0,0.007258526980876923,0.26500725746154785,0.007802823185920715,0.023135266666666682,0.3577,0.024900000000000033,fcn-4_mnist_learnt_gaussian_sig0.03_bounded-pmin1e-05_epoch20_bs250_lr0.001_mon0.95_dp0.2_objective-vanilla_perc-pri0.5_epoch-pri20_bs-pri250_lr-pri0.005_mom-pri0.99_dp-pri0.2_seed7,rayleigh-zf-tx1.0-noise10.0_chan-layer2_mcsamples500_norm-spec_seed7_bounds.json
fcn-4,mnist,20.0,rayleigh_zf,-10.0 dB,spec,channel_grad,0.001,0.001,1.0,0.29853299260139465,0.43214040000000015,0.2973962306976318,17.206127166748047,✓,✗,0.02387924152921262,0.43320000000000003,17.186080932617188,✓,✗,0.04392616792129432,4174.59765625,0.10237761140667463,0.02061033807694912,600.0,0.0054191770032048225,0.2973962306976318,0.0066802240908145905,0.01759113333333333,0.43320000000000003,0.023399999999999976,fcn-4_mnist_learnt_gaussian_sig0.03_bounded-pmin1e-05_epoch20_bs250_lr0.001_mon0.95_dp0.2_objective-channel_gradient-chan1.0-rayleigh-zf-tx1.0-noise10.0-spec-kl0.001_perc-pri0.5_epoch-pri20_bs-pri250_lr-pri0.005_mom-pri0.99_dp-pri0.2_seed7,rayleigh-zf-tx1.0-noise10.0_chan-layer2_mcsamples500_norm-spec_seed7_bounds.json
fcn-4,mnist,20.0,rayleigh_zf,-10.0 dB,spec,channel_grad,0.001,0.005,1.0,0.2924836575984955,0.41127519999999984,0.2910130023956299,7.046937465667725,✓,✗,0.02500136997316022,0.4131,7.023524284362793,✓,✗,0.048414205053034606,1679.591796875,0.12451801959394826,0.02506757527589798,600.0,0.006017780397087336,0.2910130023956299,0.00692155659198761,0.020619466666666666,0.4131,0.02429999999999999,fcn-4_mnist_learnt_gaussian_sig0.03_bounded-pmin1e-05_epoch20_bs250_lr0.001_mon0.95_dp0.2_objective-channel_gradient-chan1.0-rayleigh-zf-tx1.0-noise10.0-spec-kl0.005_perc-pri0.5_epoch-pri20_bs-pri250_lr-pri0.005_mom-pri0.99_dp-pri0.2_seed7,rayleigh-zf-tx1.0-noise10.0_chan-layer2_mcsamples500_norm-spec_seed7_bounds.json
fcn-4,mnist,20.0,rayleigh_zf,-10.0 dB,spec,channel_grad,0.001,0.01,1.0,0.2835162281990051,0.3919628,0.2818765163421631,3.8526670932769775,✓,✗,0.026216333739254874,0.39139999999999997,3.8277010917663574,✓,✗,0.051182431797147696,891.6130981445312,0.14438846694831833,0.029067831113934517,600.0,0.006680814549326897,0.2818765163421631,0.007220953702926636,0.02252639999999999,0.39139999999999997,0.024800000000000044,fcn-4_mnist_learnt_gaussian_sig0.03_bounded-pmin1e-05_epoch20_bs250_lr0.001_mon0.95_dp0.2_objective-channel_gradient-chan1.0-rayleigh-zf-tx1.0-noise10.0-spec-kl0.01_perc-pri0.5_epoch-pri20_bs-pri250_lr-pri0.005_mom-pri0.99_dp-pri0.2_seed7,rayleigh-zf-tx1.0-noise10.0_chan-layer2_mcsamples500_norm-spec_seed7_bounds.json
fcn-4,mnist,20.0,rayleigh_zf,-10.0 dB,spec,channel_grad,0.001,0.05,1.0,0.25961238145828247,0.3490316,0.25716099739074705,0.942154586315155,✓,✓,0.02968139875955283,0.3457,0.9161393642425537,✓,✓,0.055696672780740364,165.6258087158203,0.19319241205269924,0.03889288753271103,600.0,0.00864680577069521,0.25716099739074705,0.008660806715488434,0.025693266666666666,0.3457,0.026599999999999957,fcn-4_mnist_learnt_gaussian_sig0.03_bounded-pmin1e-05_epoch20_bs250_lr0.001_mon0.95_dp0.2_objective-channel_gradient-chan1.0-rayleigh-zf-tx1.0-noise10.0-spec-kl0.05_perc-pri0.5_epoch-pri20_bs-pri250_lr-pri0.005_mom-pri0.99_dp-pri0.2_seed7,rayleigh-zf-tx1.0-noise10.0_chan-layer2_mcsamples500_norm-spec_seed7_bounds.json
fcn-4,mnist,20.0,rayleigh_zf,-10.0 dB,spec,channel_grad,0.001,0.1,1.0,0.2529655992984772,0.33792999999999995,0.2506437063217163,0.5976800918579102,✓,✓,0.03084404172230996,0.33440000000000003,0.5716270804405212,✓,✓,0.05689708105586114,77.39227294921875,0.20772935817576543,0.04181941971182823,600.0,0.009328857064247131,0.2506437063217163,0.009188834577798843,0.026545799999999994,0.33440000000000003,0.026800000000000046,fcn-4_mnist_learnt_gaussian_sig0.03_bounded-pmin1e-05_epoch20_bs250_lr0.001_mon0.95_dp0.2_objective-channel_gradient-chan1.0-rayleigh-zf-tx1.0-noise10.0-spec-kl0.1_perc-pri0.5_epoch-pri20_bs-pri250_lr-pri0.005_mom-pri0.99_dp-pri0.2_seed7,rayleigh-zf-tx1.0-noise10.0_chan-layer2_mcsamples500_norm-spec_seed7_bounds.json
fcn-4,mnist,20.0,rayleigh_zf,-10.0 dB,spec,channel_grad,0.001,0.5,1.0,0.24978680908679962,0.3314398,0.24758479595184327,0.40500953793525696,✓,✓,0.03236298136929748,0.32809999999999995,0.37854403257369995,✓,✓,0.05882845841534931,25.37303352355957,0.225495063131214,0.04539595544338226,600.0,0.010235055349767208,0.24758479595184327,0.009931537508964538,0.027926933333333338,0.32809999999999995,0.026800000000000046,fcn-4_mnist_learnt_gaussian_sig0.03_bounded-pmin1e-05_epoch20_bs250_lr0.001_mon0.95_dp0.2_objective-channel_gradient-chan1.0-rayleigh-zf-tx1.0-noise10.0-spec-kl0.5_perc-pri0.5_epoch-pri20_bs-pri250_lr-pri0.005_mom-pri0.99_dp-pri0.2_seed7,rayleigh-zf-tx1.0-noise10.0_chan-layer2_mcsamples500_norm-spec_seed7_bounds.json
fcn-4,mnist,20.0,rayleigh_zf,-10.0 dB,spec,channel_grad,0.001,1.0,1.0,0.2490817755460739,0.33024660000000006,0.24678468704223633,0.3394530117511749,✓,✓,0.03264970408702855,0.3277,0.31272411346435547,✗,✓,0.05937860473869515,8.183687210083008,0.22956361679916876,0.04621502384543419,600.0,0.01040766853839159,0.24678468704223633,0.009947825223207474,0.028322866666666696,0.3277,0.02739999999999998,fcn-4_mnist_learnt_gaussian_sig0.03_bounded-pmin1e-05_epoch20_bs250_lr0.001_mon0.95_dp0.2_objective-channel_gradient-chan1.0-rayleigh-zf-tx1.0-noise10.0-spec-kl1.0_perc-pri0.5_epoch-pri20_bs-pri250_lr-pri0.005_mom-pri0.99_dp-pri0.2_seed7,rayleigh-zf-tx1.0-noise10.0_chan-layer2_mcsamples500_norm-spec_seed7_bounds.json
fcn-4,mnist,50.0,rayleigh_zf,-10.0 dB,spec,vanilla,0.001,1.0,0.0,0.27075308561325073,0.36528919999999987,0.2703442096710205,2.2074397526470886,✓,-,0.024585611769469256,0.3669,2.184626868342046,✓,-,0.047398496074512034,524.9110107421875,0.0,0.0,600.0,0.0057944986037909985,0.2703442096710205,0.007084199786186218,0.019927133333333347,0.3669,0.02300000000000002,fcn-4_mnist_learnt_gaussian_sig0.03_bounded-pmin1e-05_epoch50_bs250_lr0.001_mon0.95_dp0.2_objective-vanilla_perc-pri0.5_epoch-pri20_bs-pri250_lr-pri0.005_mom-pri0.99_dp-pri0.2_seed7,rayleigh-zf-tx1.0-noise10.0_chan-layer2_mcsamples500_norm-spec_seed7_bounds.json
fcn-4,mnist,50.0,rayleigh_zf,-10.0 dB,spec,channel_grad,0.001,0.001,1.0,0.27304524183273315,0.4081302,0.2692009449005127,27.51181411743164,✓,✗,0.022626831885173712,0.403,27.494548797607422,✓,✗,0.03989267597302844,6701.7890625,0.09488354861241204,0.01910165697336197,600.0,0.004767693113535643,0.2692009449005127,0.006280497461557388,0.014944200000000005,0.403,0.02100000000000002,fcn-4_mnist_learnt_gaussian_sig0.03_bounded-pmin1e-05_epoch50_bs250_lr0.001_mon0.95_dp0.2_objective-channel_gradient-chan1.0-rayleigh-zf-tx1.0-noise10.0-spec-kl0.001_perc-pri0.5_epoch-pri20_bs-pri250_lr-pri0.005_mom-pri0.99_dp-pri0.2_seed7,rayleigh-zf-tx1.0-noise10.0_chan-layer2_mcsamples500_norm-spec_seed7_bounds.json
fcn-4,mnist,50.0,rayleigh_zf,-10.0 dB,spec,channel_grad,0.001,0.005,1.0,0.29277679324150085,0.41242520000000005,0.2874141693115234,7.142336368560791,✓,✗,0.02501845079754953,0.4071,7.118875026702881,✓,✗,0.04847960352073211,1702.260986328125,0.1273043516426517,0.025628510862588882,600.0,0.0060269795358181,0.2874141693115234,0.007001209259033203,0.02066466666666668,0.4071,0.02410000000000001,fcn-4_mnist_learnt_gaussian_sig0.03_bounded-pmin1e-05_epoch50_bs250_lr0.001_mon0.95_dp0.2_objective-channel_gradient-chan1.0-rayleigh-zf-tx1.0-noise10.0-spec-kl0.005_perc-pri0.5_epoch-pri20_bs-pri250_lr-pri0.005_mom-pri0.99_dp-pri0.2_seed7,rayleigh-zf-tx1.0-noise10.0_chan-layer2_mcsamples500_norm-spec_seed7_bounds.json
fcn-4,mnist,50.0,rayleigh_zf,-10.0 dB,spec,channel_grad,0.001,0.01,1.0,0.28561756014823914,0.39472100000000004,0.28002753257751467,3.5851268768310547,✓,✗,0.026511924861099188,0.39,3.559790849685669,✓,✗,0.05184808897021875,824.748291015625,0.14915715188792317,0.0300278477370739,600.0,0.006844176445156336,0.28002753257751467,0.007586739957332611,0.02298946666666669,0.39,0.025699999999999945,fcn-4_mnist_learnt_gaussian_sig0.03_bounded-pmin1e-05_epoch50_bs250_lr0.001_mon0.95_dp0.2_objective-channel_gradient-chan1.0-rayleigh-zf-tx1.0-noise10.0-spec-kl0.01_perc-pri0.5_epoch-pri20_bs-pri250_lr-pri0.005_mom-pri0.99_dp-pri0.2_seed7,rayleigh-zf-tx1.0-noise10.0_chan-layer2_mcsamples500_norm-spec_seed7_bounds.json
fcn-4,mnist,50.0,rayleigh_zf,-10.0 dB,spec,channel_grad,0.001,0.05,1.0,0.26242005825042725,0.35286020000000007,0.25768492221832273,0.9903630018234253,✓,✓,0.03053420376589059,0.3477,0.9630594849586487,✓,✓,0.05783772952861724,173.72186279296875,0.206207797896591,0.0415131039917469,600.0,0.009145922027528286,0.25768492221832273,0.009118873625993729,0.027217,0.3477,0.027200000000000002,fcn-4_mnist_learnt_gaussian_sig0.03_bounded-pmin1e-05_epoch50_bs250_lr0.001_mon0.95_dp0.2_objective-channel_gradient-chan1.0-rayleigh-zf-tx1.0-noise10.0-spec-kl0.05_perc-pri0.5_epoch-pri20_bs-pri250_lr-pri0.005_mom-pri0.99_dp-pri0.2_seed7,rayleigh-zf-tx1.0-noise10.0_chan-layer2_mcsamples500_norm-spec_seed7_bounds.json
fcn-4,mnist,50.0,rayleigh_zf,-10.0 dB,spec,channel_grad,0.001,0.1,1.0,0.2561679780483246,0.3422244,0.251457142829895,0.6435285806655884,✓,✓,0.031305639634464394,0.3369,0.6165176630020142,✓,✓,0.05831658966530183,86.2618637084961,0.21594836692723232,0.043474044650793076,600.0,0.009602295234799385,0.251457142829895,0.009504429250955581,0.027560133333333316,0.3369,0.027699999999999947,fcn-4_mnist_learnt_gaussian_sig0.03_bounded-pmin1e-05_epoch50_bs250_lr0.001_mon0.95_dp0.2_objective-channel_gradient-chan1.0-rayleigh-zf-tx1.0-noise10.0-spec-kl0.1_perc-pri0.5_epoch-pri20_bs-pri250_lr-pri0.005_mom-pri0.99_dp-pri0.2_seed7,rayleigh-zf-tx1.0-noise10.0_chan-layer2_mcsamples500_norm-spec_seed7_bounds.json
fcn-4,mnist,50.0,rayleigh_zf,-10.0 dB,spec,channel_grad,0.001,0.5,1.0,0.2457248419523239,0.3268130000000001,0.24178664684295653,0.4315227270126343,✓,✓,0.03271234099154466,0.32120000000000004,0.40436726808547974,✓,✓,0.059867825035539605,29.476743698120117,0.2342155838945285,0.04715154320001602,600.0,0.010445679537951946,0.24178664684295653,0.009901414811611175,0.02867513333333333,0.32120000000000004,0.028200000000000003,fcn-4_mnist_learnt_gaussian_sig0.03_bounded-pmin1e-05_epoch50_bs250_lr0.001_mon0.95_dp0.2_objective-channel_gradient-chan1.0-rayleigh-zf-tx1.0-noise10.0-spec-kl0.5_perc-pri0.5_epoch-pri20_bs-pri250_lr-pri0.005_mom-pri0.99_dp-pri0.2_seed7,rayleigh-zf-tx1.0-noise10.0_chan-layer2_mcsamples500_norm-spec_seed7_bounds.json
fcn-4,mnist,50.0,rayleigh_zf,-10.0 dB,spec,channel_grad,0.001,1.0,1.0,0.24651730060577393,0.3272362,0.24258873462677003,0.35135704278945923,✓,✓,0.03260414869522095,0.3207,0.3245861530303955,✓,✓,0.059375032099198116,9.75609016418457,0.2350519183675367,0.047319911420345306,600.0,0.010380375199019909,0.24258873462677003,0.010066141933202743,0.02832013333333334,0.3207,0.02859999999999996,fcn-4_mnist_learnt_gaussian_sig0.03_bounded-pmin1e-05_epoch50_bs250_lr0.001_mon0.95_dp0.2_objective-channel_gradient-chan1.0-rayleigh-zf-tx1.0-noise10.0-spec-kl1.0_perc-pri0.5_epoch-pri20_bs-pri250_lr-pri0.005_mom-pri0.99_dp-pri0.2_seed7,rayleigh-zf-tx1.0-noise10.0_chan-layer2_mcsamples500_norm-spec_seed7_bounds.json
fcn-4,mnist,10.0,rayleigh_zf,-4.9996186559619025 dB,frob,vanilla,0.001,1.0,0.0,0.13208572566509247,0.2013832,0.13069424629211426,0.3401554822921753,✓,-,0.02898329081358329,0.1955,0.3146909177303314,✓,-,0.05444785660503382,65.79490661621094,0.0,0.0,600.0,0.00824230257421732,0.13069424629211426,0.009146572649478912,0.024810666666666682,0.1955,0.027000000000000024,fcn-4_mnist_learnt_gaussian_sig0.03_bounded-pmin1e-05_epoch10_bs250_lr0.001_mon0.95_dp0.2_objective-vanilla_perc-pri0.5_epoch-pri20_bs-pri250_lr-pri0.005_mom-pri0.99_dp-pri0.2_seed7,rayleigh-zf-tx1.0-noise3.162_chan-layer2_mcsamples500_norm-frob_seed7_bounds.json
fcn-4,mnist,10.0,rayleigh_zf,-4.9996186559619025 dB,frob,channel_grad,0.001,0.05,1.0,0.1309729367494583,0.19975939999999995,0.1288329243659973,0.6862265467643738,✓,✓,0.030219615669731286,0.19540000000000002,0.6605384945869446,✓,✓,0.05590762693881719,111.37969970703125,0.15851217451178395,0.05674947053194046,600.0,0.008961079642176628,0.1288329243659973,0.008772029727697372,0.02584286666666666,0.19540000000000002,0.026100000000000012,fcn-4_mnist_learnt_gaussian_sig0.03_bounded-pmin1e-05_epoch10_bs250_lr0.001_mon0.95_dp0.2_objective-channel_gradient-chan1.0-rayleigh-zf-tx1.0-noise3.162-frob-kl0.05_perc-pri0.5_epoch-pri20_bs-pri250_lr-pri0.005_mom-pri0.99_dp-pri0.2_seed7,rayleigh-zf-tx1.0-noise3.162_chan-layer2_mcsamples500_norm-frob_seed7_bounds.json
fcn-4,mnist,10.0,rayleigh_zf,-4.9996186559619025 dB,frob,channel_grad,0.001,0.25,1.0,0.1287938505411148,0.19399180000000002,0.1271246552467346,0.341911256313324,✓,✓,0.03233272513613783,0.19089999999999996,0.31526273488998413,✓,✓,0.058981243858491544,21.32537841796875,0.17876848784781998,0.06400150060653687,600.0,0.010216658934950829,0.1271246552467346,0.009813404828310012,0.02803686666666665,0.19089999999999996,0.027699999999999947,fcn-4_mnist_learnt_gaussian_sig0.03_bounded-pmin1e-05_epoch10_bs250_lr0.001_mon0.95_dp0.2_objective-channel_gradient-chan1.0-rayleigh-zf-tx1.0-noise3.162-frob-kl0.25_perc-pri0.5_epoch-pri20_bs-pri250_lr-pri0.005_mom-pri0.99_dp-pri0.2_seed7,rayleigh-zf-tx1.0-noise3.162_chan-layer2_mcsamples500_norm-frob_seed7_bounds.json
fcn-4,mnist,10.0,rayleigh_zf,-4.9996186559619025 dB,frob,channel_grad,0.001,0.5,1.0,0.1287238448858261,0.1935944,0.12713465690612794,0.3060307204723358,✓,✓,0.03269512614538458,0.19079999999999997,0.27914246916770935,✓,✓,0.05958337073050365,11.290616035461426,0.18325257151536542,0.06560686230659485,600.0,0.010435309261083603,0.12713465690612794,0.010053717344999314,0.028470266666666643,0.19079999999999997,0.027900000000000036,fcn-4_mnist_learnt_gaussian_sig0.03_bounded-pmin1e-05_epoch10_bs250_lr0.001_mon0.95_dp0.2_objective-channel_gradient-chan1.0-rayleigh-zf-tx1.0-noise3.162-frob-kl0.5_perc-pri0.5_epoch-pri20_bs-pri250_lr-pri0.005_mom-pri0.99_dp-pri0.2_seed7,rayleigh-zf-tx1.0-noise3.162_chan-layer2_mcsamples500_norm-frob_seed7_bounds.json
fcn-4,mnist,10.0,rayleigh_zf,-4.9996186559619025 dB,frob,channel_grad,0.001,1.0,1.0,0.1285296529531479,0.19319860000000003,0.12701452970504762,0.28604868054389954,✓,✓,0.0329016969693212,0.19130000000000003,0.25898802280426025,✓,✓,0.05996235545857385,5.727294445037842,0.1856037041031493,0.06644859910011292,600.0,0.010560237802565098,0.12701452970504762,0.01012914776802063,0.028743133333333313,0.19130000000000003,0.027900000000000036,fcn-4_mnist_learnt_gaussian_sig0.03_bounded-pmin1e-05_epoch10_bs250_lr0.001_mon0.95_dp0.2_objective-channel_gradient-chan1.0-rayleigh-zf-tx1.0-noise3.162-frob-kl1.0_perc-pri0.5_epoch-pri20_bs-pri250_lr-pri0.005_mom-pri0.99_dp-pri0.2_seed7,rayleigh-zf-tx1.0-noise3.162_chan-layer2_mcsamples500_norm-frob_seed7_bounds.json
fcn-4,mnist,20.0,rayleigh_zf,-4.9996186559619025 dB,frob,vanilla,0.001,1.0,0.0,0.13624368607997894,0.20881860000000002,0.1322791576385498,0.759650468826294,✓,-,0.027262478353995246,0.20699999999999996,0.7347925901412964,✓,-,0.052120393610566376,169.11990356445312,0.0,0.0,600.0,0.007263144478201866,0.1322791576385498,0.00808258131146431,0.02317886666666667,0.20699999999999996,0.0252,fcn-4_mnist_learnt_gaussian_sig0.03_bounded-pmin1e-05_epoch20_bs250_lr0.001_mon0.95_dp0.2_objective-vanilla_perc-pri0.5_epoch-pri20_bs-pri250_lr-pri0.005_mom-pri0.99_dp-pri0.2_seed7,rayleigh-zf-tx1.0-noise3.162_chan-layer2_mcsamples500_norm-frob_seed7_bounds.json
fcn-4,mnist,20.0,rayleigh_zf,-4.9996186559619025 dB,frob,channel_grad,0.001,0.05,1.0,0.12998002767562866,0.19794379999999998,0.1307354211807251,0.650077223777771,✓,✓,0.029928832740755845,0.19920000000000004,0.6247219443321228,✓,✓,0.05528414817776822,103.0450210571289,0.15701254083493482,0.05621258169412613,600.0,0.00879095308482647,0.1307354211807251,0.008755958080291748,0.02540093333333331,0.19920000000000004,0.026499999999999968,fcn-4_mnist_learnt_gaussian_sig0.03_bounded-pmin1e-05_epoch20_bs250_lr0.001_mon0.95_dp0.2_objective-channel_gradient-chan1.0-rayleigh-zf-tx1.0-noise3.162-frob-kl0.05_perc-pri0.5_epoch-pri20_bs-pri250_lr-pri0.005_mom-pri0.99_dp-pri0.2_seed7,rayleigh-zf-tx1.0-noise3.162_chan-layer2_mcsamples500_norm-frob_seed7_bounds.json
fcn-4,mnist,20.0,rayleigh_zf,-4.9996186559619025 dB,frob,channel_grad,0.001,0.25,1.0,0.12732094526290894,0.1916374,0.12789461612701417,0.33012422919273376,✓,✓,0.031919245615660896,0.19230000000000003,0.30403321981430054,✓,✓,0.05801024756752044,19.818265914916992,0.1741052223046477,0.06233198940753937,600.0,0.00996852945536375,0.12789461612701417,0.009670795500278473,0.027340533333333333,0.19230000000000003,0.026699999999999946,fcn-4_mnist_learnt_gaussian_sig0.03_bounded-pmin1e-05_epoch20_bs250_lr0.001_mon0.95_dp0.2_objective-channel_gradient-chan1.0-rayleigh-zf-tx1.0-noise3.162-frob-kl0.25_perc-pri0.5_epoch-pri20_bs-pri250_lr-pri0.005_mom-pri0.99_dp-pri0.2_seed7,rayleigh-zf-tx1.0-noise3.162_chan-layer2_mcsamples500_norm-frob_seed7_bounds.json
fcn-4,mnist,20.0,rayleigh_zf,-4.9996186559619025 dB,frob,channel_grad,0.001,0.5,1.0,0.12757478654384613,0.19172259999999994,0.1280229091644287,0.2928936779499054,✓,✓,0.032305644088262336,0.1915,0.2664768099784851,✓,✓,0.058722489976091544,9.308062553405762,0.1790701418881465,0.06410949677228928,600.0,0.010200545191764832,0.1280229091644287,0.00982876643538475,0.027851000000000015,0.1915,0.02729999999999999,fcn-4_mnist_learnt_gaussian_sig0.03_bounded-pmin1e-05_epoch20_bs250_lr0.001_mon0.95_dp0.2_objective-channel_gradient-chan1.0-rayleigh-zf-tx1.0-noise3.162-frob-kl0.5_perc-pri0.5_epoch-pri20_bs-pri250_lr-pri0.005_mom-pri0.99_dp-pri0.2_seed7,rayleigh-zf-tx1.0-noise3.162_chan-layer2_mcsamples500_norm-frob_seed7_bounds.json
fcn-4,mnist,20.0,rayleigh_zf,-4.9996186559619025 dB,frob,channel_grad,0.001,1.0,1.0,0.1276291161775589,0.19168519999999997,0.12805912494659424,0.2774255871772766,✓,✓,0.032594803698241095,0.19110000000000005,0.2507607936859131,✓,✓,0.059259597535978197,4.651876449584961,0.18207375872059106,0.0651848316192627,600.0,0.010374677367508411,0.12805912494659424,0.00993182435631752,0.028237266666666656,0.19110000000000005,0.028000000000000025,fcn-4_mnist_learnt_gaussian_sig0.03_bounded-pmin1e-05_epoch20_bs250_lr0.001_mon0.95_dp0.2_objective-channel_gradient-chan1.0-rayleigh-zf-tx1.0-noise3.162-frob-kl1.0_perc-pri0.5_epoch-pri20_bs-pri250_lr-pri0.005_mom-pri0.99_dp-pri0.2_seed7,rayleigh-zf-tx1.0-noise3.162_chan-layer2_mcsamples500_norm-frob_seed7_bounds.json
fcn-4,mnist,50.0,rayleigh_zf,-4.9996186559619025 dB,frob,vanilla,0.001,1.0,0.0,0.13892580568790436,0.21432880000000004,0.14257748126983644,2.2075648307800293,✓,-,0.024608482788136758,0.22040000000000004,2.184649705886841,✓,-,0.047523623614078865,524.9110107421875,0.0,0.0,600.0,0.005806696601212025,0.14257748126983644,0.007302837073802948,0.020012600000000012,0.22040000000000004,0.023599999999999954,fcn-4_mnist_learnt_gaussian_sig0.03_bounded-pmin1e-05_epoch50_bs250_lr0.001_mon0.95_dp0.2_objective-vanilla_perc-pri0.5_epoch-pri20_bs-pri250_lr-pri0.005_mom-pri0.99_dp-pri0.2_seed7,rayleigh-zf-tx1.0-noise3.162_chan-layer2_mcsamples500_norm-frob_seed7_bounds.json
fcn-4,mnist,50.0,rayleigh_zf,-4.9996186559619025 dB,frob,channel_grad,0.001,0.05,1.0,0.13184091448783875,0.201284,0.12697155475616456,0.6601253151893616,✓,✓,0.03024545787645094,0.19710000000000005,0.6342201232910156,✓,✓,0.05615067932741387,103.58132934570312,0.1640045880559696,0.0587158277630806,600.0,0.00897638127207756,0.12697155475616456,0.00899960771203041,0.026015066666666666,0.19710000000000005,0.026599999999999957,fcn-4_mnist_learnt_gaussian_sig0.03_bounded-pmin1e-05_epoch50_bs250_lr0.001_mon0.95_dp0.2_objective-channel_gradient-chan1.0-rayleigh-zf-tx1.0-noise3.162-frob-kl0.05_perc-pri0.5_epoch-pri20_bs-pri250_lr-pri0.005_mom-pri0.99_dp-pri0.2_seed7,rayleigh-zf-tx1.0-noise3.162_chan-layer2_mcsamples500_norm-frob_seed7_bounds.json
fcn-4,mnist,50.0,rayleigh_zf,-4.9996186559619025 dB,frob,channel_grad,0.001,0.25,1.0,0.1260797083377838,0.19046480000000002,0.12087805271148681,0.3600311279296875,✓,✓,0.03226972638163844,0.18669999999999998,0.3332059979438782,✓,✓,0.05909486243253512,24.709882736206055,0.18295757696402853,0.06550125032663345,600.0,0.010178772732615471,0.12087805271148681,0.00977371633052826,0.028118799999999996,0.18669999999999998,0.028200000000000003,fcn-4_mnist_learnt_gaussian_sig0.03_bounded-pmin1e-05_epoch50_bs250_lr0.001_mon0.95_dp0.2_objective-channel_gradient-chan1.0-rayleigh-zf-tx1.0-noise3.162-frob-kl0.25_perc-pri0.5_epoch-pri20_bs-pri250_lr-pri0.005_mom-pri0.99_dp-pri0.2_seed7,rayleigh-zf-tx1.0-noise3.162_chan-layer2_mcsamples500_norm-frob_seed7_bounds.json
fcn-4,mnist,50.0,rayleigh_zf,-4.9996186559619025 dB,frob,channel_grad,0.001,0.5,1.0,0.12526121735572815,0.18879339999999994,0.120096755027771,0.3116278648376465,✓,✓,0.032480863094705395,0.1854,0.28489792346954346,✓,✓,0.05921082187190453,12.390952110290527,0.18473016644583953,0.06613586097955704,600.0,0.010305913165211678,0.120096755027771,0.009964203089475631,0.02820220000000002,0.1854,0.028100000000000014,fcn-4_mnist_learnt_gaussian_sig0.03_bounded-pmin1e-05_epoch50_bs250_lr0.001_mon0.95_dp0.2_objective-channel_gradient-chan1.0-rayleigh-zf-tx1.0-noise3.162-frob-kl0.5_perc-pri0.5_epoch-pri20_bs-pri250_lr-pri0.005_mom-pri0.99_dp-pri0.2_seed7,rayleigh-zf-tx1.0-noise3.162_chan-layer2_mcsamples500_norm-frob_seed7_bounds.json
fcn-4,mnist,50.0,rayleigh_zf,-4.9996186559619025 dB,frob,channel_grad,0.001,1.0,1.0,0.12564586102962494,0.18911780000000006,0.12070615291595459,0.28508326411247253,✓,✓,0.03266181698417694,0.1854,0.25827842950820923,✓,✓,0.05946665630011153,5.144806861877441,0.1875120014840268,0.06713179498910904,600.0,0.010415232740342617,0.12070615291595459,0.01019112765789032,0.02838606666666667,0.1854,0.028200000000000003,fcn-4_mnist_learnt_gaussian_sig0.03_bounded-pmin1e-05_epoch50_bs250_lr0.001_mon0.95_dp0.2_objective-channel_gradient-chan1.0-rayleigh-zf-tx1.0-noise3.162-frob-kl1.0_perc-pri0.5_epoch-pri20_bs-pri250_lr-pri0.005_mom-pri0.99_dp-pri0.2_seed7,rayleigh-zf-tx1.0-noise3.162_chan-layer2_mcsamples500_norm-frob_seed7_bounds.json
fcn-4,mnist,10.0,rayleigh_zf,-4.9996186559619025 dB,spec,vanilla,0.001,1.0,0.0,0.13208572566509247,0.2013832,0.13069424629211426,0.3401554668390222,✓,-,0.02898329081358329,0.1955,0.3146909010475717,✓,-,0.05444785660503382,65.79490661621094,0.0,0.0,600.0,0.00824230257421732,0.13069424629211426,0.009146572649478912,0.024810666666666682,0.1955,0.027000000000000024,fcn-4_mnist_learnt_gaussian_sig0.03_bounded-pmin1e-05_epoch10_bs250_lr0.001_mon0.95_dp0.2_objective-vanilla_perc-pri0.5_epoch-pri20_bs-pri250_lr-pri0.005_mom-pri0.99_dp-pri0.2_seed7,rayleigh-zf-tx1.0-noise3.162_chan-layer2_mcsamples500_norm-spec_seed7_bounds.json
fcn-4,mnist,10.0,rayleigh_zf,-4.9996186559619025 dB,spec,channel_grad,0.001,0.05,1.0,0.13129904866218567,0.2000168,0.12941229343414307,0.4601476192474365,✓,✓,0.030670793746942693,0.1966,0.43384549021720886,✓,✓,0.056972927994150956,66.11678314208984,0.1161530380301161,0.04158433526754379,600.0,0.009226616472005844,0.12941229343414307,0.009026836603879929,0.02660013333333335,0.1966,0.026599999999999957,fcn-4_mnist_learnt_gaussian_sig0.03_bounded-pmin1e-05_epoch10_bs250_lr0.001_mon0.95_dp0.2_objective-channel_gradient-chan1.0-rayleigh-zf-tx1.0-noise3.162-spec-kl0.05_perc-pri0.5_epoch-pri20_bs-pri250_lr-pri0.005_mom-pri0.99_dp-pri0.2_seed7,rayleigh-zf-tx1.0-noise3.162_chan-layer2_mcsamples500_norm-spec_seed7_bounds.json
fcn-4,mnist,10.0,rayleigh_zf,-4.9996186559619025 dB,spec,channel_grad,0.001,0.25,1.0,0.1281885802745819,0.19314119999999999,0.1265741229057312,0.2587815821170807,✓,✓,0.03249339794134952,0.19010000000000005,0.23188486695289612,✓,✓,0.05939012021024854,13.569193840026855,0.1268944295795623,0.04542989656329155,600.0,0.010313425213098526,0.1265741229057312,0.009933476895093917,0.028330933333333322,0.19010000000000005,0.028200000000000003,fcn-4_mnist_learnt_gaussian_sig0.03_bounded-pmin1e-05_epoch10_bs250_lr0.001_mon0.95_dp0.2_objective-channel_gradient-chan1.0-rayleigh-zf-tx1.0-noise3.162-spec-kl0.25_perc-pri0.5_epoch-pri20_bs-pri250_lr-pri0.005_mom-pri0.99_dp-pri0.2_seed7,rayleigh-zf-tx1.0-noise3.162_chan-layer2_mcsamples500_norm-spec_seed7_bounds.json
fcn-4,mnist,10.0,rayleigh_zf,-4.9996186559619025 dB,spec,channel_grad,0.001,0.5,1.0,0.12914903461933136,0.19427419999999998,0.12750934362411498,0.23686905205249786,✓,✓,0.03286236364994459,0.19140000000000001,0.20973531901836395,✓,✓,0.05999609527749549,7.149562835693359,0.13058395296703418,0.04675079509615898,600.0,0.010536408051848412,0.12750934362411498,0.010190881043672561,0.02876746666666667,0.19140000000000001,0.028800000000000048,fcn-4_mnist_learnt_gaussian_sig0.03_bounded-pmin1e-05_epoch10_bs250_lr0.001_mon0.95_dp0.2_objective-channel_gradient-chan1.0-rayleigh-zf-tx1.0-noise3.162-spec-kl0.5_perc-pri0.5_epoch-pri20_bs-pri250_lr-pri0.005_mom-pri0.99_dp-pri0.2_seed7,rayleigh-zf-tx1.0-noise3.162_chan-layer2_mcsamples500_norm-spec_seed7_bounds.json
fcn-4,mnist,10.0,rayleigh_zf,-4.9996186559619025 dB,spec,channel_grad,0.001,1.0,1.0,0.12918023765087128,0.19417840000000003,0.1275431752204895,0.22390171885490417,✓,✓,0.033019537549206626,0.19140000000000001,0.19665831327438354,✓,✓,0.06026294031625086,3.533371686935425,0.13211281555727677,0.04729814827442169,600.0,0.010631568729877472,0.1275431752204895,0.010234557092189789,0.02895993333333332,0.19140000000000001,0.028200000000000003,fcn-4_mnist_learnt_gaussian_sig0.03_bounded-pmin1e-05_epoch10_bs250_lr0.001_mon0.95_dp0.2_objective-channel_gradient-chan1.0-rayleigh-zf-tx1.0-noise3.162-spec-kl1.0_perc-pri0.5_epoch-pri20_bs-pri250_lr-pri0.005_mom-pri0.99_dp-pri0.2_seed7,rayleigh-zf-tx1.0-noise3.162_chan-layer2_mcsamples500_norm-spec_seed7_bounds.json
fcn-4,mnist,20.0,rayleigh_zf,-4.9996186559619025 dB,spec,vanilla,0.001,1.0,0.0,0.13624368607997894,0.20881860000000002,0.1322791576385498,0.7596505375075921,✓,-,0.027262478353995246,0.20699999999999996,0.7347926222510209,✓,-,0.052120393610566376,169.11990356445312,0.0,0.0,600.0,0.007263144478201866,0.1322791576385498,0.00808258131146431,0.02317886666666667,0.20699999999999996,0.0252,fcn-4_mnist_learnt_gaussian_sig0.03_bounded-pmin1e-05_epoch20_bs250_lr0.001_mon0.95_dp0.2_objective-vanilla_perc-pri0.5_epoch-pri20_bs-pri250_lr-pri0.005_mom-pri0.99_dp-pri0.2_seed7,rayleigh-zf-tx1.0-noise3.162_chan-layer2_mcsamples500_norm-spec_seed7_bounds.json
fcn-4,mnist,20.0,rayleigh_zf,-4.9996186559619025 dB,spec,channel_grad,0.001,0.05,1.0,0.12983500957489014,0.19735159999999993,0.13065764904022217,0.4560859203338623,✓,✓,0.030444101005341798,0.19889999999999997,0.4301414489746094,✓,✓,0.05638855284031008,65.75650024414062,0.11414654440299639,0.04086598381400108,600.0,0.009092948399484158,0.13065764904022217,0.008971017599105836,0.026183866666666673,0.19889999999999997,0.026499999999999968,fcn-4_mnist_learnt_gaussian_sig0.03_bounded-pmin1e-05_epoch20_bs250_lr0.001_mon0.95_dp0.2_objective-channel_gradient-chan1.0-rayleigh-zf-tx1.0-noise3.162-spec-kl0.05_perc-pri0.5_epoch-pri20_bs-pri250_lr-pri0.005_mom-pri0.99_dp-pri0.2_seed7,rayleigh-zf-tx1.0-noise3.162_chan-layer2_mcsamples500_norm-spec_seed7_bounds.json
fcn-4,mnist,20.0,rayleigh_zf,-4.9996186559619025 dB,spec,channel_grad,0.001,0.25,1.0,0.12615109980106354,0.19000559999999997,0.12677626609802245,0.24792513251304626,✓,✓,0.032092500322056926,0.19089999999999996,0.22159525752067566,✓,✓,0.0584223838492839,11.518136024475098,0.1253791252926845,0.044887397438287735,600.0,0.010072336532175541,0.12677626609802245,0.009742838144302369,0.027635866666666665,0.19089999999999996,0.02729999999999999,fcn-4_mnist_learnt_gaussian_sig0.03_bounded-pmin1e-05_epoch20_bs250_lr0.001_mon0.95_dp0.2_objective-channel_gradient-chan1.0-rayleigh-zf-tx1.0-noise3.162-spec-kl0.25_perc-pri0.5_epoch-pri20_bs-pri250_lr-pri0.005_mom-pri0.99_dp-pri0.2_seed7,rayleigh-zf-tx1.0-noise3.162_chan-layer2_mcsamples500_norm-spec_seed7_bounds.json
fcn-4,mnist,20.0,rayleigh_zf,-4.9996186559619025 dB,spec,channel_grad,0.001,0.5,1.0,0.1266387552022934,0.1904124,0.12719284296035765,0.22517630457878113,✓,✓,0.03240366809954958,0.19020000000000004,0.1986681967973709,✓,✓,0.05891177325938283,5.300055027008057,0.12752612373203354,0.045656051486730576,600.0,0.01025929395109415,0.12719284296035765,0.009895949810743331,0.027987133333333324,0.19020000000000004,0.026900000000000035,fcn-4_mnist_learnt_gaussian_sig0.03_bounded-pmin1e-05_epoch20_bs250_lr0.001_mon0.95_dp0.2_objective-channel_gradient-chan1.0-rayleigh-zf-tx1.0-noise3.162-spec-kl0.5_perc-pri0.5_epoch-pri20_bs-pri250_lr-pri0.005_mom-pri0.99_dp-pri0.2_seed7,rayleigh-zf-tx1.0-noise3.162_chan-layer2_mcsamples500_norm-spec_seed7_bounds.json
fcn-4,mnist,20.0,rayleigh_zf,-4.9996186559619025 dB,spec,channel_grad,0.001,1.0,1.0,0.12718458473682404,0.1910744,0.12765533924102784,0.21681883931159973,✓,✓,0.032693757566437345,0.19089999999999996,0.19003704190254211,✗,✓,0.0594755668304877,2.601844310760498,0.1296202624775275,0.04640578106045723,600.0,0.010434391908347607,0.12765533924102784,0.010027718544006348,0.028392400000000016,0.19089999999999996,0.027900000000000036,fcn-4_mnist_learnt_gaussian_sig0.03_bounded-pmin1e-05_epoch20_bs250_lr0.001_mon0.95_dp0.2_objective-channel_gradient-chan1.0-rayleigh-zf-tx1.0-noise3.162-spec-kl1.0_perc-pri0.5_epoch-pri20_bs-pri250_lr-pri0.005_mom-pri0.99_dp-pri0.2_seed7,rayleigh-zf-tx1.0-noise3.162_chan-layer2_mcsamples500_norm-spec_seed7_bounds.json
fcn-4,mnist,50.0,rayleigh_zf,-4.9996186559619025 dB,spec,vanilla,0.001,1.0,0.0,0.13892580568790436,0.21432880000000004,0.14257748126983644,2.2075648801866556,✓,-,0.024608482788136758,0.22040000000000004,2.1846497393607134,✓,-,0.047523623614078865,524.9110107421875,0.0,0.0,600.0,0.005806696601212025,0.14257748126983644,0.007302837073802948,0.020012600000000012,0.22040000000000004,0.023599999999999954,fcn-4_mnist_learnt_gaussian_sig0.03_bounded-pmin1e-05_epoch50_bs250_lr0.001_mon0.95_dp0.2_objective-vanilla_perc-pri0.5_epoch-pri20_bs-pri250_lr-pri0.005_mom-pri0.99_dp-pri0.2_seed7,rayleigh-zf-tx1.0-noise3.162_chan-layer2_mcsamples500_norm-spec_seed7_bounds.json
fcn-4,mnist,50.0,rayleigh_zf,-4.9996186559619025 dB,spec,channel_grad,0.001,0.05,1.0,0.13185563683509827,0.2008176,0.12704845666885375,0.4514312744140625,✓,✓,0.03076072312486124,0.19669999999999999,0.4249522089958191,✓,✓,0.05723979635354925,63.13429641723633,0.1193457739444142,0.04272737726569176,600.0,0.009279423393309116,0.12704845666885375,0.009255309402942658,0.02679033333333334,0.19669999999999999,0.026800000000000046,fcn-4_mnist_learnt_gaussian_sig0.03_bounded-pmin1e-05_epoch50_bs250_lr0.001_mon0.95_dp0.2_objective-channel_gradient-chan1.0-rayleigh-zf-tx1.0-noise3.162-spec-kl0.05_perc-pri0.5_epoch-pri20_bs-pri250_lr-pri0.005_mom-pri0.99_dp-pri0.2_seed7,rayleigh-zf-tx1.0-noise3.162_chan-layer2_mcsamples500_norm-spec_seed7_bounds.json
fcn-4,mnist,50.0,rayleigh_zf,-4.9996186559619025 dB,spec,channel_grad,0.001,0.25,1.0,0.12711583077907562,0.19182880000000002,0.12209879159927368,0.28148549795150757,✓,✓,0.03252804673324927,0.18869999999999998,0.2544028162956238,✓,✓,0.0596107461127037,18.202932357788086,0.1304605963389531,0.046706631779670715,600.0,0.010334386490285397,0.12209879159927368,0.009943431615829468,0.028489933333333356,0.18869999999999998,0.028299999999999992,fcn-4_mnist_learnt_gaussian_sig0.03_bounded-pmin1e-05_epoch50_bs250_lr0.001_mon0.95_dp0.2_objective-channel_gradient-chan1.0-rayleigh-zf-tx1.0-noise3.162-spec-kl0.25_perc-pri0.5_epoch-pri20_bs-pri250_lr-pri0.005_mom-pri0.99_dp-pri0.2_seed7,rayleigh-zf-tx1.0-noise3.162_chan-layer2_mcsamples500_norm-spec_seed7_bounds.json
fcn-4,mnist,50.0,rayleigh_zf,-4.9996186559619025 dB,spec,channel_grad,0.001,0.5,1.0,0.12642788887023926,0.1904552,0.12148175239562989,0.23872748017311096,✓,✓,0.03254156758349146,0.18679999999999997,0.21187645196914673,✓,✓,0.059392595720909255,7.416832447052002,0.13195477755919194,0.04724156856536865,600.0,0.010342424735426903,0.12148175239562989,0.010028621554374695,0.028332533333333337,0.18679999999999997,0.02849999999999997,fcn-4_mnist_learnt_gaussian_sig0.03_bounded-pmin1e-05_epoch50_bs250_lr0.001_mon0.95_dp0.2_objective-channel_gradient-chan1.0-rayleigh-zf-tx1.0-noise3.162-spec-kl0.5_perc-pri0.5_epoch-pri20_bs-pri250_lr-pri0.005_mom-pri0.99_dp-pri0.2_seed7,rayleigh-zf-tx1.0-noise3.162_chan-layer2_mcsamples500_norm-spec_seed7_bounds.json
fcn-4,mnist,50.0,rayleigh_zf,-4.9996186559619025 dB,spec,channel_grad,0.001,1.0,1.0,0.12631797790527344,0.19008600000000006,0.12149322032928467,0.22286629676818848,✓,✓,0.03266820507568642,0.18579999999999997,0.19598793983459473,✓,✓,0.059546568544365394,3.125133752822876,0.13346040477613172,0.0477806031703949,600.0,0.01041887141764164,0.12149322032928467,0.010183204710483552,0.02844373333333332,0.18579999999999997,0.02849999999999997,fcn-4_mnist_learnt_gaussian_sig0.03_bounded-pmin1e-05_epoch50_bs250_lr0.001_mon0.95_dp0.2_objective-channel_gradient-chan1.0-rayleigh-zf-tx1.0-noise3.162-spec-kl1.0_perc-pri0.5_epoch-pri20_bs-pri250_lr-pri0.005_mom-pri0.99_dp-pri0.2_seed7,rayleigh-zf-tx1.0-noise3.162_chan-layer2_mcsamples500_norm-spec_seed7_bounds.json
fcn-4,mnist,5.0,rayleigh_zf,0.0 dB,frob,channel_grad,0.001,0.01,0.01,0.058864958584308624,0.10265379999999998,0.057734572887420656,0.19506976008415222,✓,?,0.03169622797043045,0.10429999999999995,0.16883376240730286,✓,?,0.05793221718221945,4.559010028839111,0.1014244264258973,0.06456879526376724,600.0,0.009835094213485718,0.057734572887420656,0.009134792536497117,0.02728486666666669,0.10429999999999995,0.02859999999999996,fcn-4_mnist_learnt_gaussian_sig0.03_bounded-pmin1e-05_epoch5_bs250_lr0.001_mon0.95_dp0.2_objective-channel_gradient-chan0.01-rayleigh-zf-tx1.0-noise1.0-frob-kl0.01_perc-pri0.5_epoch-pri20_bs-pri250_lr-pri0.005_mom-pri0.99_dp-pri0.2_seed7,rayleigh-zf-tx1.0-noise1.0_chan-layer2_mcsamples500_norm-frob_seed7_bounds.json
fcn-4,mnist,5.0,rayleigh_zf,0.0 dB,frob,channel_grad,0.001,0.01,0.1,0.05883612856268883,0.10290879999999997,0.05770348310470581,0.2246190756559372,✓,?,0.031119746807238693,0.10409999999999997,0.19874641299247742,✓,?,0.05699240793243482,12.967430114746094,0.09758633210814893,0.06212538853287697,600.0,0.009491914883255959,0.05770348310470581,0.008794971555471421,0.026613533333333328,0.10409999999999997,0.02749999999999997,fcn-4_mnist_learnt_gaussian_sig0.03_bounded-pmin1e-05_epoch5_bs250_lr0.001_mon0.95_dp0.2_objective-channel_gradient-chan0.1-rayleigh-zf-tx1.0-noise1.0-frob-kl0.01_perc-pri0.5_epoch-pri20_bs-pri250_lr-pri0.005_mom-pri0.99_dp-pri0.2_seed7,rayleigh-zf-tx1.0-noise1.0_chan-layer2_mcsamples500_norm-frob_seed7_bounds.json
fcn-4,mnist,5.0,rayleigh_zf,0.0 dB,frob,channel_grad,0.001,0.01,1.0,0.06175888329744339,0.1107374,0.06066244840621948,1.04801344871521,✓,?,0.02845532802025207,0.11050000000000004,1.02317214012146,✓,?,0.05329658465768748,219.3287811279297,0.08220985179888145,0.05233641713857651,600.0,0.007939325645565987,0.06066244840621948,0.007627050578594208,0.024001533333333328,0.11050000000000004,0.024800000000000044,fcn-4_mnist_learnt_gaussian_sig0.03_bounded-pmin1e-05_epoch5_bs250_lr0.001_mon0.95_dp0.2_objective-channel_gradient-chan1.0-rayleigh-zf-tx1.0-noise1.0-frob-kl0.01_perc-pri0.5_epoch-pri20_bs-pri250_lr-pri0.005_mom-pri0.99_dp-pri0.2_seed7,rayleigh-zf-tx1.0-noise1.0_chan-layer2_mcsamples500_norm-frob_seed7_bounds.json
fcn-4,mnist,5.0,rayleigh_zf,0.0 dB,frob,channel_grad,0.001,0.1,0.01,0.05918314680457115,0.10298679999999999,0.05798889994621277,0.1845785677433014,✓,?,0.032707657826326786,0.10360000000000003,0.15774387121200562,✓,?,0.05954235083847993,0.20954209566116333,0.10707974002669438,0.06816907972097397,600.0,0.010442819446325302,0.05798889994621277,0.0096913643181324,0.02844033333333335,0.10360000000000003,0.029299999999999993,fcn-4_mnist_learnt_gaussian_sig0.03_bounded-pmin1e-05_epoch5_bs250_lr0.001_mon0.95_dp0.2_objective-channel_gradient-chan0.01-rayleigh-zf-tx1.0-noise1.0-frob-kl0.1_perc-pri0.5_epoch-pri20_bs-pri250_lr-pri0.005_mom-pri0.99_dp-pri0.2_seed7,rayleigh-zf-tx1.0-noise1.0_chan-layer2_mcsamples500_norm-frob_seed7_bounds.json
fcn-4,mnist,5.0,rayleigh_zf,0.0 dB,frob,channel_grad,0.001,0.1,0.1,0.059051793068647385,0.1027346,0.057877463102340695,0.18497805297374725,✓,?,0.03251642284984284,0.10419999999999996,0.15833041071891785,✓,?,0.05916406913629115,0.7637426853179932,0.10559499520968456,0.06722386181354523,600.0,0.010327323339879513,0.057877463102340695,0.009564423561096191,0.028168266666666657,0.10419999999999996,0.029000000000000026,fcn-4_mnist_learnt_gaussian_sig0.03_bounded-pmin1e-05_epoch5_bs250_lr0.001_mon0.95_dp0.2_objective-channel_gradient-chan0.1-rayleigh-zf-tx1.0-noise1.0-frob-kl0.1_perc-pri0.5_epoch-pri20_bs-pri250_lr-pri0.005_mom-pri0.99_dp-pri0.2_seed7,rayleigh-zf-tx1.0-noise1.0_chan-layer2_mcsamples500_norm-frob_seed7_bounds.json
fcn-4,mnist,5.0,rayleigh_zf,0.0 dB,frob,channel_grad,0.001,0.1,1.0,0.05937349423766136,0.10370259999999998,0.058321553468704226,0.2546553909778595,✓,?,0.0316075042710168,0.10499999999999998,0.22850657999515533,✓,?,0.05775631162729458,19.610122680664062,0.09974006936280763,0.06349650025367737,600.0,0.009782028384506702,0.058321553468704226,0.009015827625989913,0.0271588,0.10499999999999998,0.02749999999999997,fcn-4_mnist_learnt_gaussian_sig0.03_bounded-pmin1e-05_epoch5_bs250_lr0.001_mon0.95_dp0.2_objective-channel_gradient-chan1.0-rayleigh-zf-tx1.0-noise1.0-frob-kl0.1_perc-pri0.5_epoch-pri20_bs-pri250_lr-pri0.005_mom-pri0.99_dp-pri0.2_seed7,rayleigh-zf-tx1.0-noise1.0_chan-layer2_mcsamples500_norm-frob_seed7_bounds.json
fcn-4,mnist,5.0,rayleigh_zf,0.0 dB,frob,channel_grad,0.001,1.0,0.01,0.05932304263114929,0.10321020000000003,0.05812087059020996,0.18574585020542145,✓,?,0.03297818159357431,0.10360000000000003,0.15870434045791626,✓,?,0.06001970036232726,0.005281388759613037,0.1086035623114376,0.06913917511701584,600.0,0.010606632567942142,0.05812087059020996,0.009850922971963882,0.028784200000000017,0.10360000000000003,0.02949999999999997,fcn-4_mnist_learnt_gaussian_sig0.03_bounded-pmin1e-05_epoch5_bs250_lr0.001_mon0.95_dp0.2_objective-channel_gradient-chan0.01-rayleigh-zf-tx1.0-noise1.0-frob-kl1.0_perc-pri0.5_epoch-pri20_bs-pri250_lr-pri0.005_mom-pri0.99_dp-pri0.2_seed7,rayleigh-zf-tx1.0-noise1.0_chan-layer2_mcsamples500_norm-frob_seed7_bounds.json
fcn-4,mnist,5.0,rayleigh_zf,0.0 dB,frob,channel_grad,0.001,1.0,0.1,0.05931282043457031,0.10320019999999999,0.05811141729354859,0.1857064962387085,✓,?,0.03296275551479767,0.10350000000000004,0.1586821973323822,✓,?,0.059987057800415786,0.03259721398353577,0.1084853234205989,0.06906390190124512,600.0,0.010597124695777893,0.05811141729354859,0.009839155524969102,0.02876100000000003,0.10350000000000004,0.029299999999999993,fcn-4_mnist_learnt_gaussian_sig0.03_bounded-pmin1e-05_epoch5_bs250_lr0.001_mon0.95_dp0.2_objective-channel_gradient-chan0.1-rayleigh-zf-tx1.0-noise1.0-frob-kl1.0_perc-pri0.5_epoch-pri20_bs-pri250_lr-pri0.005_mom-pri0.99_dp-pri0.2_seed7,rayleigh-zf-tx1.0-noise1.0_chan-layer2_mcsamples500_norm-frob_seed7_bounds.json
fcn-4,mnist,5.0,rayleigh_zf,0.0 dB,frob,channel_grad,0.001,1.0,1.0,0.05944405123591423,0.1034624,0.05825825333595276,0.19140169024467468,✓,?,0.032870722177112885,0.10429999999999995,0.16444209218025208,✓,?,0.05983031775541353,1.618787169456482,0.107861675591735,0.06866687536239624,600.0,0.010541580617427826,0.05825825333595276,0.009767299890518189,0.028647866666666653,0.10429999999999995,0.02969999999999995,fcn-4_mnist_learnt_gaussian_sig0.03_bounded-pmin1e-05_epoch5_bs250_lr0.001_mon0.95_dp0.2_objective-channel_gradient-chan1.0-rayleigh-zf-tx1.0-noise1.0-frob-kl1.0_perc-pri0.5_epoch-pri20_bs-pri250_lr-pri0.005_mom-pri0.99_dp-pri0.2_seed7,rayleigh-zf-tx1.0-noise1.0_chan-layer2_mcsamples500_norm-frob_seed7_bounds.json
fcn-4,mnist,10.0,rayleigh_zf,0.0 dB,frob,vanilla,0.001,1.0,0.0,0.059341222047805786,0.10413419999999997,0.05780861377716064,0.19973825556862695,✓,-,0.030307195135002792,0.10240000000000005,0.17385646726479997,✓,-,0.056188983438829776,24.68744468688965,0.025662172475346284,0.016337046399712563,600.0,0.009012429974973202,0.05780861377716064,0.00891980603337288,0.02604213333333335,0.10240000000000005,0.026800000000000046,fcn-4_mnist_learnt_gaussian_sig0.03_bounded-pmin1e-05_epoch10_bs250_lr0.001_mon0.95_dp0.2_objective-vanilla_perc-pri0.5_epoch-pri20_bs-pri250_lr-pri0.005_mom-pri0.99_dp-pri0.2_seed7,rayleigh-zf-tx1.0-noise1.0_chan-layer2_mcsamples500_norm-frob_seed7_bounds.json
fcn-4,mnist,10.0,rayleigh_zf,0.0 dB,frob,channel_grad,0.001,0.01,0.01,0.05898496136069298,0.10280199999999998,0.060349422693252566,0.1986600011587143,✓,✓,0.031485311738128366,0.10309999999999997,0.17240364849567413,✓,✓,0.057741664377278554,6.409827709197998,0.09764929025060827,0.06216546893119812,600.0,0.009709229692816734,0.060349422693252566,0.009539072215557099,0.02714846666666668,0.10309999999999997,0.02729999999999999,fcn-4_mnist_learnt_gaussian_sig0.03_bounded-pmin1e-05_epoch10_bs250_lr0.001_mon0.95_dp0.2_objective-channel_gradient-chan0.01-rayleigh-zf-tx1.0-noise1.0-frob-kl0.01_perc-pri0.5_epoch-pri20_bs-pri250_lr-pri0.005_mom-pri0.99_dp-pri0.2_seed7,rayleigh-zf-tx1.0-noise1.0_chan-layer2_mcsamples500_norm-frob_seed7_bounds.json
fcn-4,mnist,10.0,rayleigh_zf,0.0 dB,frob,channel_grad,0.001,0.01,0.1,0.05924792215228081,0.10367699999999999,0.06062595844268799,0.23976048827171326,✓,✓,0.030816778241016324,0.10389999999999999,0.2138865888118744,✓,✓,0.056690662560498775,17.69902801513672,0.09371281176619303,0.059659428894519806,600.0,0.009312577545642853,0.06062595844268799,0.009186387062072754,0.02639886666666667,0.10389999999999999,0.026900000000000035,fcn-4_mnist_learnt_gaussian_sig0.03_bounded-pmin1e-05_epoch10_bs250_lr0.001_mon0.95_dp0.2_objective-channel_gradient-chan0.1-rayleigh-zf-tx1.0-noise1.0-frob-kl0.01_perc-pri0.5_epoch-pri20_bs-pri250_lr-pri0.005_mom-pri0.99_dp-pri0.2_seed7,rayleigh-zf-tx1.0-noise1.0_chan-layer2_mcsamples500_norm-frob_seed7_bounds.json
fcn-4,mnist,10.0,rayleigh_zf,0.0 dB,frob,channel_grad,0.001,0.01,1.0,0.06195056438446045,0.11181100000000004,0.06316391229629517,1.3011009693145752,✓,✗,0.02777546732431625,0.11129999999999995,1.276695728302002,✓,✗,0.05218071133555523,282.9267883300781,0.07677543297638138,0.04887675866484642,600.0,0.007552442140877247,0.06316391229629517,0.007942569255828858,0.02322086666666667,0.11129999999999995,0.02510000000000001,fcn-4_mnist_learnt_gaussian_sig0.03_bounded-pmin1e-05_epoch10_bs250_lr0.001_mon0.95_dp0.2_objective-channel_gradient-chan1.0-rayleigh-zf-tx1.0-noise1.0-frob-kl0.01_perc-pri0.5_epoch-pri20_bs-pri250_lr-pri0.005_mom-pri0.99_dp-pri0.2_seed7,rayleigh-zf-tx1.0-noise1.0_chan-layer2_mcsamples500_norm-frob_seed7_bounds.json
fcn-4,mnist,10.0,rayleigh_zf,0.0 dB,frob,channel_grad,0.001,0.1,0.01,0.05917491391301155,0.10280900000000004,0.060392719507217404,0.18176858811231142,✓,✓,0.032772157865751377,0.10319999999999996,0.15480731029744732,✓,✓,0.05973343568061548,0.18708056211471558,0.10417037047406029,0.06631691753864288,600.0,0.010481772944331169,0.060392719507217404,0.010199403017759323,0.02857840000000001,0.10319999999999996,0.027699999999999947,fcn-4_mnist_learnt_gaussian_sig0.03_bounded-pmin1e-05_epoch10_bs250_lr0.001_mon0.95_dp0.2_objective-channel_gradient-chan0.01-rayleigh-zf-tx1.0-noise1.0-frob-kl0.1_perc-pri0.5_epoch-pri20_bs-pri250_lr-pri0.005_mom-pri0.99_dp-pri0.2_seed7,rayleigh-zf-tx1.0-noise1.0_chan-layer2_mcsamples500_norm-frob_seed7_bounds.json
fcn-4,mnist,10.0,rayleigh_zf,0.0 dB,frob,channel_grad,0.001,0.1,0.1,0.0589882917702198,0.102513,0.06025823950767517,0.1820894479751587,✓,✓,0.032570481133111465,0.10289999999999999,0.15531207621097565,✓,✓,0.05934784742512669,0.7275330424308777,0.10267042301237073,0.06536202132701874,600.0,0.010359933599829674,0.06025823950767517,0.010069924592971801,0.02830066666666667,0.10289999999999999,0.027699999999999947,fcn-4_mnist_learnt_gaussian_sig0.03_bounded-pmin1e-05_epoch10_bs250_lr0.001_mon0.95_dp0.2_objective-channel_gradient-chan0.1-rayleigh-zf-tx1.0-noise1.0-frob-kl0.1_perc-pri0.5_epoch-pri20_bs-pri250_lr-pri0.005_mom-pri0.99_dp-pri0.2_seed7,rayleigh-zf-tx1.0-noise1.0_chan-layer2_mcsamples500_norm-frob_seed7_bounds.json
fcn-4,mnist,10.0,rayleigh_zf,0.0 dB,frob,channel_grad,0.001,0.1,1.0,0.05899558588862419,0.10299619999999998,0.060431408882141116,0.25327765941619873,✓,✓,0.03162245167192386,0.10250000000000004,0.22718453407287598,✓,✓,0.057715557362019276,20.164920806884766,0.09613811928141457,0.061203427612781525,600.0,0.009791036136448383,0.060431408882141116,0.009426165372133255,0.02713013333333328,0.10250000000000004,0.027000000000000024,fcn-4_mnist_learnt_gaussian_sig0.03_bounded-pmin1e-05_epoch10_bs250_lr0.001_mon0.95_dp0.2_objective-channel_gradient-chan1.0-rayleigh-zf-tx1.0-noise1.0-frob-kl0.1_perc-pri0.5_epoch-pri20_bs-pri250_lr-pri0.005_mom-pri0.99_dp-pri0.2_seed7,rayleigh-zf-tx1.0-noise1.0_chan-layer2_mcsamples500_norm-frob_seed7_bounds.json
fcn-4,mnist,10.0,rayleigh_zf,0.0 dB,frob,channel_grad,0.001,1.0,0.01,0.05941738560795784,0.10321819999999998,0.06058560013771057,0.18319973349571228,✓,✗,0.03302673005111595,0.10250000000000004,0.1560189127922058,✓,✓,0.06020756008515823,0.005983859300613403,0.10586672346539995,0.0673968493938446,600.0,0.01063603162765503,0.06058560013771057,0.0103303462266922,0.02891993333333332,0.10250000000000004,0.027800000000000047,fcn-4_mnist_learnt_gaussian_sig0.03_bounded-pmin1e-05_epoch10_bs250_lr0.001_mon0.95_dp0.2_objective-channel_gradient-chan0.01-rayleigh-zf-tx1.0-noise1.0-frob-kl1.0_perc-pri0.5_epoch-pri20_bs-pri250_lr-pri0.005_mom-pri0.99_dp-pri0.2_seed7,rayleigh-zf-tx1.0-noise1.0_chan-layer2_mcsamples500_norm-frob_seed7_bounds.json
fcn-4,mnist,10.0,rayleigh_zf,0.0 dB,frob,channel_grad,0.001,1.0,0.1,0.05941168591380119,0.10321540000000004,0.06058644056320191,0.18308955430984497,✓,✗,0.03300718350402629,0.1028,0.15592838823795319,✓,✓,0.06016835813842411,0.039602696895599365,0.10565849755766939,0.06726428866386414,600.0,0.010624238289892673,0.06058644056320191,0.010311931371688843,0.02889186666666668,0.1028,0.027900000000000036,fcn-4_mnist_learnt_gaussian_sig0.03_bounded-pmin1e-05_epoch10_bs250_lr0.001_mon0.95_dp0.2_objective-channel_gradient-chan0.1-rayleigh-zf-tx1.0-noise1.0-frob-kl1.0_perc-pri0.5_epoch-pri20_bs-pri250_lr-pri0.005_mom-pri0.99_dp-pri0.2_seed7,rayleigh-zf-tx1.0-noise1.0_chan-layer2_mcsamples500_norm-frob_seed7_bounds.json
fcn-4,mnist,10.0,rayleigh_zf,0.0 dB,frob,channel_grad,0.001,1.0,1.0,0.05949918553233147,0.10335699999999999,0.06072675585746765,0.18989947636628784,✓,✗,0.03291518433556692,0.1028,0.16283111008101708,✓,✓,0.05998355062083769,2.0042495727539062,0.10463258236704091,0.06661117076873779,600.0,0.010568244382739067,0.06072675585746765,0.010190481692552567,0.02875833333333333,0.1028,0.028000000000000025,fcn-4_mnist_learnt_gaussian_sig0.03_bounded-pmin1e-05_epoch10_bs250_lr0.001_mon0.95_dp0.2_objective-channel_gradient-chan1.0-rayleigh-zf-tx1.0-noise1.0-frob-kl1.0_perc-pri0.5_epoch-pri20_bs-pri250_lr-pri0.005_mom-pri0.99_dp-pri0.2_seed7,rayleigh-zf-tx1.0-noise1.0_chan-layer2_mcsamples500_norm-frob_seed7_bounds.json
fcn-4,mnist,20.0,rayleigh_zf,0.0 dB,frob,vanilla,0.001,1.0,0.0,0.06071705371141434,0.10737400000000002,0.05917095541954041,0.36629837693470807,✓,-,0.02896635319372828,0.10629999999999995,0.34076764467809395,✓,-,0.05449708545034237,65.90060424804688,0.025662172475346284,0.016337046399712563,600.0,0.008232731372117996,0.05917095541954041,0.008407424390316009,0.02484513333333332,0.10629999999999995,0.02629999999999999,fcn-4_mnist_learnt_gaussian_sig0.03_bounded-pmin1e-05_epoch20_bs250_lr0.001_mon0.95_dp0.2_objective-vanilla_perc-pri0.5_epoch-pri20_bs-pri250_lr-pri0.005_mom-pri0.99_dp-pri0.2_seed7,rayleigh-zf-tx1.0-noise1.0_chan-layer2_mcsamples500_norm-frob_seed7_bounds.json
fcn-4,mnist,20.0,rayleigh_zf,0.0 dB,frob,channel_grad,0.001,0.01,0.01,0.059092845767736435,0.10305340000000002,0.058495324850082395,0.20089182257652283,✓,✓,0.03137698296150479,0.10270000000000001,0.17469513416290283,✓,✓,0.05757366944475952,7.257898330688477,0.09658687817973824,0.06148911640048027,600.0,0.009644819423556328,0.058495324850082395,0.009477075934410096,0.02702866666666668,0.10270000000000001,0.026699999999999946,fcn-4_mnist_learnt_gaussian_sig0.03_bounded-pmin1e-05_epoch20_bs250_lr0.001_mon0.95_dp0.2_objective-channel_gradient-chan0.01-rayleigh-zf-tx1.0-noise1.0-frob-kl0.01_perc-pri0.5_epoch-pri20_bs-pri250_lr-pri0.005_mom-pri0.99_dp-pri0.2_seed7,rayleigh-zf-tx1.0-noise1.0_chan-layer2_mcsamples500_norm-frob_seed7_bounds.json
fcn-4,mnist,20.0,rayleigh_zf,0.0 dB,frob,channel_grad,0.001,0.01,0.1,0.05920886993408203,0.10374620000000002,0.05865144729614258,0.24740001559257507,✓,✓,0.03068523883062261,0.1038,0.22158604860305786,✓,✓,0.05649920336441416,19.821956634521484,0.09287698815078453,0.059127327054739,600.0,0.009235103614628315,0.05865144729614258,0.009167052060365676,0.026262599999999997,0.1038,0.026100000000000012,fcn-4_mnist_learnt_gaussian_sig0.03_bounded-pmin1e-05_epoch20_bs250_lr0.001_mon0.95_dp0.2_objective-channel_gradient-chan0.1-rayleigh-zf-tx1.0-noise1.0-frob-kl0.01_perc-pri0.5_epoch-pri20_bs-pri250_lr-pri0.005_mom-pri0.99_dp-pri0.2_seed7,rayleigh-zf-tx1.0-noise1.0_chan-layer2_mcsamples500_norm-frob_seed7_bounds.json
fcn-4,mnist,20.0,rayleigh_zf,0.0 dB,frob,channel_grad,0.001,0.01,1.0,0.062016796320676804,0.11196839999999997,0.06186525225639343,1.3915628817342152,✓,✗,0.027539685892332407,0.11260000000000003,1.3672430526860928,✓,✗,0.051859514940454814,305.4033508300781,0.07579837924960044,0.048254746943712234,600.0,0.007419014349579811,0.06186525225639343,0.007810170948505402,0.022997400000000005,0.11260000000000003,0.024499999999999966,fcn-4_mnist_learnt_gaussian_sig0.03_bounded-pmin1e-05_epoch20_bs250_lr0.001_mon0.95_dp0.2_objective-channel_gradient-chan1.0-rayleigh-zf-tx1.0-noise1.0-frob-kl0.01_perc-pri0.5_epoch-pri20_bs-pri250_lr-pri0.005_mom-pri0.99_dp-pri0.2_seed7,rayleigh-zf-tx1.0-noise1.0_chan-layer2_mcsamples500_norm-frob_seed7_bounds.json
fcn-4,mnist,20.0,rayleigh_zf,0.0 dB,frob,channel_grad,0.001,0.1,0.01,0.05925306677818298,0.10289200000000003,0.058600825071334836,0.1806930726599575,✓,✓,0.032722463175807445,0.10260000000000002,0.15377831810590384,✓,✓,0.059637217729861094,0.19462370872497559,0.10316027820537717,0.06567387282848358,600.0,0.010451690293848515,0.058600825071334836,0.010120003670454025,0.028508666666666675,0.10260000000000002,0.02739999999999998,fcn-4_mnist_learnt_gaussian_sig0.03_bounded-pmin1e-05_epoch20_bs250_lr0.001_mon0.95_dp0.2_objective-channel_gradient-chan0.01-rayleigh-zf-tx1.0-noise1.0-frob-kl0.1_perc-pri0.5_epoch-pri20_bs-pri250_lr-pri0.005_mom-pri0.99_dp-pri0.2_seed7,rayleigh-zf-tx1.0-noise1.0_chan-layer2_mcsamples500_norm-frob_seed7_bounds.json
fcn-4,mnist,20.0,rayleigh_zf,0.0 dB,frob,channel_grad,0.001,0.1,0.1,0.059061355888843536,0.10259579999999999,0.05840203762054443,0.18145486108517206,✓,✓,0.03252014382302959,0.10209999999999997,0.15472444785248718,✓,✓,0.059250557055714484,0.7447247505187988,0.10206294920579119,0.06497529149055481,600.0,0.01032968144863844,0.05840203762054443,0.010009326785802842,0.02823080000000002,0.10209999999999997,0.02729999999999999,fcn-4_mnist_learnt_gaussian_sig0.03_bounded-pmin1e-05_epoch20_bs250_lr0.001_mon0.95_dp0.2_objective-channel_gradient-chan0.1-rayleigh-zf-tx1.0-noise1.0-frob-kl0.1_perc-pri0.5_epoch-pri20_bs-pri250_lr-pri0.005_mom-pri0.99_dp-pri0.2_seed7,rayleigh-zf-tx1.0-noise1.0_chan-layer2_mcsamples500_norm-frob_seed7_bounds.json
fcn-4,mnist,20.0,rayleigh_zf,0.0 dB,frob,channel_grad,0.001,0.1,1.0,0.05865369364619255,0.10236859999999999,0.058024239540100095,0.24884179097911907,✓,✓,0.031490967287057525,0.10209999999999997,0.22284351082722673,✓,✓,0.05748924743894987,19.147043228149414,0.09608403812586022,0.06116899847984314,600.0,0.009712598286569118,0.058024239540100095,0.009485506266355515,0.026968333333333344,0.10209999999999997,0.026499999999999968,fcn-4_mnist_learnt_gaussian_sig0.03_bounded-pmin1e-05_epoch20_bs250_lr0.001_mon0.95_dp0.2_objective-channel_gradient-chan1.0-rayleigh-zf-tx1.0-noise1.0-frob-kl0.1_perc-pri0.5_epoch-pri20_bs-pri250_lr-pri0.005_mom-pri0.99_dp-pri0.2_seed7,rayleigh-zf-tx1.0-noise1.0_chan-layer2_mcsamples500_norm-frob_seed7_bounds.json
fcn-4,mnist,20.0,rayleigh_zf,0.0 dB,frob,channel_grad,0.001,1.0,0.01,0.05938291549682617,0.10308520000000002,0.05874218344688416,0.1817391565698292,✓,✓,0.03296611702107487,0.10270000000000001,0.15464723033720276,✓,✓,0.06005804325370129,0.005654007196426392,0.10455700216739365,0.06656305491924286,600.0,0.010599115863442421,0.05874218344688416,0.010242022573947906,0.028812333333333308,0.10270000000000001,0.027599999999999958,fcn-4_mnist_learnt_gaussian_sig0.03_bounded-pmin1e-05_epoch20_bs250_lr0.001_mon0.95_dp0.2_objective-channel_gradient-chan0.01-rayleigh-zf-tx1.0-noise1.0-frob-kl1.0_perc-pri0.5_epoch-pri20_bs-pri250_lr-pri0.005_mom-pri0.99_dp-pri0.2_seed7,rayleigh-zf-tx1.0-noise1.0_chan-layer2_mcsamples500_norm-frob_seed7_bounds.json
fcn-4,mnist,20.0,rayleigh_zf,0.0 dB,frob,channel_grad,0.001,1.0,0.1,0.05935206636786461,0.10302159999999999,0.058719098567962646,0.18157826534015586,✓,✓,0.03293392318465392,0.1028,0.15452291401430351,✓,✓,0.0599892745105063,0.035526782274246216,0.10434292458734601,0.06642676889896393,600.0,0.010579693131148815,0.058719098567962646,0.010219694674015045,0.028762333333333334,0.1028,0.02739999999999998,fcn-4_mnist_learnt_gaussian_sig0.03_bounded-pmin1e-05_epoch20_bs250_lr0.001_mon0.95_dp0.2_objective-channel_gradient-chan0.1-rayleigh-zf-tx1.0-noise1.0-frob-kl1.0_perc-pri0.5_epoch-pri20_bs-pri250_lr-pri0.005_mom-pri0.99_dp-pri0.2_seed7,rayleigh-zf-tx1.0-noise1.0_chan-layer2_mcsamples500_norm-frob_seed7_bounds.json
fcn-4,mnist,20.0,rayleigh_zf,0.0 dB,frob,channel_grad,0.001,1.0,1.0,0.05916465073823929,0.10269080000000001,0.05862025618553161,0.18622199470276538,✓,✓,0.032705433222029,0.10189999999999999,0.1594342337428325,✓,✓,0.059493194181961875,1.629993200302124,0.10297335238488073,0.06555487215518951,600.0,0.010441509075462818,0.05862025618553161,0.010041771829128266,0.02840486666666668,0.10189999999999999,0.027699999999999947,fcn-4_mnist_learnt_gaussian_sig0.03_bounded-pmin1e-05_epoch20_bs250_lr0.001_mon0.95_dp0.2_objective-channel_gradient-chan1.0-rayleigh-zf-tx1.0-noise1.0-frob-kl1.0_perc-pri0.5_epoch-pri20_bs-pri250_lr-pri0.005_mom-pri0.99_dp-pri0.2_seed7,rayleigh-zf-tx1.0-noise1.0_chan-layer2_mcsamples500_norm-frob_seed7_bounds.json
fcn-4,mnist,30.0,rayleigh_zf,0.0 dB,frob,channel_grad,0.001,0.01,0.01,0.05889422819018364,0.10292179999999998,0.060538971424102785,0.20191821455955505,✓,?,0.031357921261678356,0.1059,0.17571458220481873,✓,?,0.057561563231190244,7.401192665100098,0.0970403944876557,0.061777833849191666,600.0,0.00963353831321001,0.060538971424102785,0.009327278286218644,0.027019999999999995,0.1059,0.025900000000000034,fcn-4_mnist_learnt_gaussian_sig0.03_bounded-pmin1e-05_epoch30_bs250_lr0.001_mon0.95_dp0.2_objective-channel_gradient-chan0.01-rayleigh-zf-tx1.0-noise1.0-frob-kl0.01_perc-pri0.5_epoch-pri20_bs-pri250_lr-pri0.005_mom-pri0.99_dp-pri0.2_seed7,rayleigh-zf-tx1.0-noise1.0_chan-layer2_mcsamples500_norm-frob_seed7_bounds.json
fcn-4,mnist,30.0,rayleigh_zf,0.0 dB,frob,channel_grad,0.001,0.01,0.1,0.059072960168123245,0.10368680000000002,0.06073607206344604,0.2504441440105438,✓,?,0.030642664552446425,0.10640000000000005,0.22465859353542328,✓,?,0.05642820935304613,20.498384475708008,0.09323060470890498,0.05935244634747505,600.0,0.009209937416017056,0.06073607206344604,0.009011984616518021,0.026212333333333344,0.10640000000000005,0.02529999999999999,fcn-4_mnist_learnt_gaussian_sig0.03_bounded-pmin1e-05_epoch30_bs250_lr0.001_mon0.95_dp0.2_objective-channel_gradient-chan0.1-rayleigh-zf-tx1.0-noise1.0-frob-kl0.01_perc-pri0.5_epoch-pri20_bs-pri250_lr-pri0.005_mom-pri0.99_dp-pri0.2_seed7,rayleigh-zf-tx1.0-noise1.0_chan-layer2_mcsamples500_norm-frob_seed7_bounds.json
fcn-4,mnist,30.0,rayleigh_zf,0.0 dB,frob,channel_grad,0.001,0.01,1.0,0.06186751276254654,0.111774,0.06363840699195862,1.3784316778182983,✓,?,0.02752004306082707,0.11560000000000004,1.3541964292526245,✓,?,0.051755255639876624,302.22412109375,0.0757506120484762,0.04822433739900589,600.0,0.007408143952488899,0.06363840699195862,0.007827729731798173,0.02292453333333333,0.11560000000000004,0.02400000000000002,fcn-4_mnist_learnt_gaussian_sig0.03_bounded-pmin1e-05_epoch30_bs250_lr0.001_mon0.95_dp0.2_objective-channel_gradient-chan1.0-rayleigh-zf-tx1.0-noise1.0-frob-kl0.01_perc-pri0.5_epoch-pri20_bs-pri250_lr-pri0.005_mom-pri0.99_dp-pri0.2_seed7,rayleigh-zf-tx1.0-noise1.0_chan-layer2_mcsamples500_norm-frob_seed7_bounds.json
fcn-4,mnist,30.0,rayleigh_zf,0.0 dB,frob,channel_grad,0.001,0.1,0.01,0.05908125638961792,0.10287160000000001,0.06078751683235169,0.18181583285331726,✓,?,0.032697063994038475,0.10609999999999997,0.15492022037506104,✓,?,0.05959266797937551,0.2415316104888916,0.10413607967428228,0.0662950873374939,600.0,0.010436326265335083,0.06078751683235169,0.009952817857265473,0.028476999999999995,0.10609999999999997,0.027000000000000024,fcn-4_mnist_learnt_gaussian_sig0.03_bounded-pmin1e-05_epoch30_bs250_lr0.001_mon0.95_dp0.2_objective-channel_gradient-chan0.01-rayleigh-zf-tx1.0-noise1.0-frob-kl0.1_perc-pri0.5_epoch-pri20_bs-pri250_lr-pri0.005_mom-pri0.99_dp-pri0.2_seed7,rayleigh-zf-tx1.0-noise1.0_chan-layer2_mcsamples500_norm-frob_seed7_bounds.json
fcn-4,mnist,30.0,rayleigh_zf,0.0 dB,frob,channel_grad,0.001,0.1,0.1,0.05895300582051277,0.10266619999999999,0.06065182685852051,0.18257156014442444,✓,?,0.03246688022876218,0.10560000000000003,0.15588867664337158,✓,?,0.05914975397585821,0.8976081013679504,0.10265629707539732,0.06535302847623825,600.0,0.010297402739524841,0.06065182685852051,0.009836382418870925,0.028158266666666685,0.10560000000000003,0.026699999999999946,fcn-4_mnist_learnt_gaussian_sig0.03_bounded-pmin1e-05_epoch30_bs250_lr0.001_mon0.95_dp0.2_objective-channel_gradient-chan0.1-rayleigh-zf-tx1.0-noise1.0-frob-kl0.1_perc-pri0.5_epoch-pri20_bs-pri250_lr-pri0.005_mom-pri0.99_dp-pri0.2_seed7,rayleigh-zf-tx1.0-noise1.0_chan-layer2_mcsamples500_norm-frob_seed7_bounds.json
fcn-4,mnist,30.0,rayleigh_zf,0.0 dB,frob,channel_grad,0.001,0.1,1.0,0.05894545465707779,0.10314800000000003,0.06067677140235901,0.25276482105255127,✓,?,0.031401749468237185,0.10619999999999996,0.22675298154354095,✓,?,0.057413611923039856,19.97269058227539,0.09671203959892802,0.06156879663467407,600.0,0.009659519419074059,0.06067677140235901,0.009374630451202393,0.02691419999999999,0.10619999999999996,0.02629999999999999,fcn-4_mnist_learnt_gaussian_sig0.03_bounded-pmin1e-05_epoch30_bs250_lr0.001_mon0.95_dp0.2_objective-channel_gradient-chan1.0-rayleigh-zf-tx1.0-noise1.0-frob-kl0.1_perc-pri0.5_epoch-pri20_bs-pri250_lr-pri0.005_mom-pri0.99_dp-pri0.2_seed7,rayleigh-zf-tx1.0-noise1.0_chan-layer2_mcsamples500_norm-frob_seed7_bounds.json
fcn-4,mnist,30.0,rayleigh_zf,0.0 dB,frob,channel_grad,0.001,1.0,0.01,0.059230413287878036,0.1031288,0.06093977689743042,0.18291577696800232,✓,?,0.032974567964023524,0.10599999999999998,0.15581156313419342,✓,?,0.06007878585499994,0.008538037538528442,0.10570110943548228,0.06729141622781754,600.0,0.010604383423924446,0.06093977689743042,0.010097654163837433,0.02882706666666668,0.10599999999999998,0.027699999999999947,fcn-4_mnist_learnt_gaussian_sig0.03_bounded-pmin1e-05_epoch30_bs250_lr0.001_mon0.95_dp0.2_objective-channel_gradient-chan0.01-rayleigh-zf-tx1.0-noise1.0-frob-kl1.0_perc-pri0.5_epoch-pri20_bs-pri250_lr-pri0.005_mom-pri0.99_dp-pri0.2_seed7,rayleigh-zf-tx1.0-noise1.0_chan-layer2_mcsamples500_norm-frob_seed7_bounds.json
fcn-4,mnist,30.0,rayleigh_zf,0.0 dB,frob,channel_grad,0.001,1.0,0.1,0.05921272560954094,0.1030814,0.06092803478240967,0.1827579289674759,✓,?,0.03292926329396435,0.10609999999999997,0.155708909034729,✓,?,0.059978278380230954,0.05168977379798889,0.10546760430334197,0.06714276224374771,600.0,0.010576856322586536,0.06092803478240967,0.010079353302717208,0.0287548,0.10609999999999997,0.02749999999999997,fcn-4_mnist_learnt_gaussian_sig0.03_bounded-pmin1e-05_epoch30_bs250_lr0.001_mon0.95_dp0.2_objective-channel_gradient-chan0.1-rayleigh-zf-tx1.0-noise1.0-frob-kl1.0_perc-pri0.5_epoch-pri20_bs-pri250_lr-pri0.005_mom-pri0.99_dp-pri0.2_seed7,rayleigh-zf-tx1.0-noise1.0_chan-layer2_mcsamples500_norm-frob_seed7_bounds.json
fcn-4,mnist,30.0,rayleigh_zf,0.0 dB,frob,channel_grad,0.001,1.0,1.0,0.0590275414288044,0.10270080000000002,0.06081131100654602,0.18885961174964905,✓,?,0.032611854625003336,0.10629999999999995,0.16211406886577606,✓,?,0.05935740379919949,2.1777052879333496,0.10351073486044642,0.06589698046445847,600.0,0.01038487907499075,0.06081131100654602,0.009942647814750672,0.02830766666666671,0.10629999999999995,0.027100000000000013,fcn-4_mnist_learnt_gaussian_sig0.03_bounded-pmin1e-05_epoch30_bs250_lr0.001_mon0.95_dp0.2_objective-channel_gradient-chan1.0-rayleigh-zf-tx1.0-noise1.0-frob-kl1.0_perc-pri0.5_epoch-pri20_bs-pri250_lr-pri0.005_mom-pri0.99_dp-pri0.2_seed7,rayleigh-zf-tx1.0-noise1.0_chan-layer2_mcsamples500_norm-frob_seed7_bounds.json
fcn-4,mnist,50.0,rayleigh_zf,0.0 dB,frob,vanilla,0.001,1.0,0.0,0.06258725374937057,0.1117532,0.06096288561820984,1.003320521104504,✓,-,0.026661793159186476,0.11240000000000006,0.9788154413587923,✓,-,0.05116687290489824,222.75425720214844,0.025662172475346284,0.016337046399712563,600.0,0.0069275060668587685,0.06096288561820984,0.00760030448436737,0.022516133333333358,0.11240000000000006,0.024900000000000033,fcn-4_mnist_learnt_gaussian_sig0.03_bounded-pmin1e-05_epoch50_bs250_lr0.001_mon0.95_dp0.2_objective-vanilla_perc-pri0.5_epoch-pri20_bs-pri250_lr-pri0.005_mom-pri0.99_dp-pri0.2_seed7,rayleigh-zf-tx1.0-noise1.0_chan-layer2_mcsamples500_norm-frob_seed7_bounds.json
fcn-4,mnist,50.0,rayleigh_zf,0.0 dB,frob,channel_grad,0.001,0.01,0.01,0.05892663821578026,0.10298259999999998,0.05481308698654175,0.20308348536491394,✓,✓,0.031327500033485126,0.09589999999999999,0.17688599228858948,✓,✓,0.05752498589462577,7.135793685913086,0.09932572414938064,0.06323271989822388,600.0,0.009615471586585045,0.05481308698654175,0.009635909646749496,0.026993733333333356,0.09589999999999999,0.027100000000000013,fcn-4_mnist_learnt_gaussian_sig0.03_bounded-pmin1e-05_epoch50_bs250_lr0.001_mon0.95_dp0.2_objective-channel_gradient-chan0.01-rayleigh-zf-tx1.0-noise1.0-frob-kl0.01_perc-pri0.5_epoch-pri20_bs-pri250_lr-pri0.005_mom-pri0.99_dp-pri0.2_seed7,rayleigh-zf-tx1.0-noise1.0_chan-layer2_mcsamples500_norm-frob_seed7_bounds.json
fcn-4,mnist,50.0,rayleigh_zf,0.0 dB,frob,channel_grad,0.001,0.01,0.1,0.05899835377931595,0.10355999999999999,0.0549178421497345,0.2496837079524994,✓,✓,0.03064791246817283,0.09689999999999999,0.22385522723197937,✓,✓,0.05647640024342036,19.785877227783203,0.09533076990350092,0.06068945303559303,600.0,0.009212886914610863,0.0549178421497345,0.009287397563457488,0.026246733333333327,0.09689999999999999,0.026599999999999957,fcn-4_mnist_learnt_gaussian_sig0.03_bounded-pmin1e-05_epoch50_bs250_lr0.001_mon0.95_dp0.2_objective-channel_gradient-chan0.1-rayleigh-zf-tx1.0-noise1.0-frob-kl0.01_perc-pri0.5_epoch-pri20_bs-pri250_lr-pri0.005_mom-pri0.99_dp-pri0.2_seed7,rayleigh-zf-tx1.0-noise1.0_chan-layer2_mcsamples500_norm-frob_seed7_bounds.json
fcn-4,mnist,50.0,rayleigh_zf,0.0 dB,frob,channel_grad,0.001,0.01,1.0,0.06205851584672928,0.1121144,0.05773928165435791,1.35621178150177,✓,✓,0.02762485000290139,0.10540000000000005,1.3318214416503906,✓,✗,0.052015150531320824,296.1033020019531,0.07825897820056621,0.04982121288776398,600.0,0.007467295043170452,0.05773928165435791,0.007995626330375672,0.023105933333333318,0.10540000000000005,0.024700000000000055,fcn-4_mnist_learnt_gaussian_sig0.03_bounded-pmin1e-05_epoch50_bs250_lr0.001_mon0.95_dp0.2_objective-channel_gradient-chan1.0-rayleigh-zf-tx1.0-noise1.0-frob-kl0.01_perc-pri0.5_epoch-pri20_bs-pri250_lr-pri0.005_mom-pri0.99_dp-pri0.2_seed7,rayleigh-zf-tx1.0-noise1.0_chan-layer2_mcsamples500_norm-frob_seed7_bounds.json
fcn-4,mnist,50.0,rayleigh_zf,0.0 dB,frob,channel_grad,0.001,0.1,0.01,0.0590992234647274,0.10285419999999999,0.05488651990890503,0.1840592622756958,✓,✓,0.03266978761158247,0.09570000000000001,0.15713638067245483,✓,✓,0.059592667979375555,0.19612303376197815,0.10656489819289405,0.06784132122993469,600.0,0.01042000763118267,0.05488651990890503,0.010289710015058517,0.02847700000000004,0.09570000000000001,0.028200000000000003,fcn-4_mnist_learnt_gaussian_sig0.03_bounded-pmin1e-05_epoch50_bs250_lr0.001_mon0.95_dp0.2_objective-channel_gradient-chan0.01-rayleigh-zf-tx1.0-noise1.0-frob-kl0.1_perc-pri0.5_epoch-pri20_bs-pri250_lr-pri0.005_mom-pri0.99_dp-pri0.2_seed7,rayleigh-zf-tx1.0-noise1.0_chan-layer2_mcsamples500_norm-frob_seed7_bounds.json
fcn-4,mnist,50.0,rayleigh_zf,0.0 dB,frob,channel_grad,0.001,0.1,0.1,0.05886263772845268,0.1024712,0.054689043760299684,0.18468767404556274,✓,✓,0.03249238066183805,0.09550000000000003,0.15792161226272583,✓,✓,0.0592584358445033,0.752958357334137,0.10525426403400628,0.06700694561004639,600.0,0.010312867350876331,0.054689043760299684,0.010167966037988663,0.028236066666666674,0.09550000000000003,0.027900000000000036,fcn-4_mnist_learnt_gaussian_sig0.03_bounded-pmin1e-05_epoch50_bs250_lr0.001_mon0.95_dp0.2_objective-channel_gradient-chan0.1-rayleigh-zf-tx1.0-noise1.0-frob-kl0.1_perc-pri0.5_epoch-pri20_bs-pri250_lr-pri0.005_mom-pri0.99_dp-pri0.2_seed7,rayleigh-zf-tx1.0-noise1.0_chan-layer2_mcsamples500_norm-frob_seed7_bounds.json
fcn-4,mnist,50.0,rayleigh_zf,0.0 dB,frob,channel_grad,0.001,0.1,1.0,0.058810800313949585,0.10297859999999999,0.054773902893066405,0.26598089933395386,✓,✓,0.031730225736004466,0.0978,0.23953115940093994,✓,✓,0.058179952424896306,22.197711944580078,0.10007814387925396,0.0637117251753807,600.0,0.009855375625193119,0.054773902893066405,0.009589462727308273,0.027462133333333354,0.0978,0.02729999999999999,fcn-4_mnist_learnt_gaussian_sig0.03_bounded-pmin1e-05_epoch50_bs250_lr0.001_mon0.95_dp0.2_objective-channel_gradient-chan1.0-rayleigh-zf-tx1.0-noise1.0-frob-kl0.1_perc-pri0.5_epoch-pri20_bs-pri250_lr-pri0.005_mom-pri0.99_dp-pri0.2_seed7,rayleigh-zf-tx1.0-noise1.0_chan-layer2_mcsamples500_norm-frob_seed7_bounds.json
fcn-4,mnist,50.0,rayleigh_zf,0.0 dB,frob,channel_grad,0.001,1.0,0.01,0.05927438288927078,0.10313460000000002,0.05502728819847107,0.18517804145812988,✓,✓,0.03291196201762947,0.0968,0.1580483317375183,✓,✓,0.06004166924069117,0.007161915302276611,0.10800609486452024,0.06875881552696228,600.0,0.010566395707428455,0.05502728819847107,0.010420990735292434,0.028800200000000026,0.0968,0.028299999999999992,fcn-4_mnist_learnt_gaussian_sig0.03_bounded-pmin1e-05_epoch50_bs250_lr0.001_mon0.95_dp0.2_objective-channel_gradient-chan0.01-rayleigh-zf-tx1.0-noise1.0-frob-kl1.0_perc-pri0.5_epoch-pri20_bs-pri250_lr-pri0.005_mom-pri0.99_dp-pri0.2_seed7,rayleigh-zf-tx1.0-noise1.0_chan-layer2_mcsamples500_norm-frob_seed7_bounds.json
fcn-4,mnist,50.0,rayleigh_zf,0.0 dB,frob,channel_grad,0.001,1.0,0.1,0.05919252708554268,0.10299900000000001,0.05495460629463196,0.18504926562309265,✓,✓,0.03288688748656103,0.09660000000000002,0.1579543650150299,✓,✓,0.05998178556826492,0.04106226563453674,0.10779880522436042,0.06862685084342957,600.0,0.010551361367106438,0.05495460629463196,0.010399773716926575,0.028757466666666662,0.09660000000000002,0.028200000000000003,fcn-4_mnist_learnt_gaussian_sig0.03_bounded-pmin1e-05_epoch50_bs250_lr0.001_mon0.95_dp0.2_objective-channel_gradient-chan0.1-rayleigh-zf-tx1.0-noise1.0-frob-kl1.0_perc-pri0.5_epoch-pri20_bs-pri250_lr-pri0.005_mom-pri0.99_dp-pri0.2_seed7,rayleigh-zf-tx1.0-noise1.0_chan-layer2_mcsamples500_norm-frob_seed7_bounds.json
fcn-4,mnist,50.0,rayleigh_zf,0.0 dB,frob,channel_grad,0.001,1.0,1.0,0.058493830263614655,0.10185160000000001,0.05434873700141907,0.19016632437705994,✓,✓,0.03272126121153894,0.09599999999999997,0.16328294575214386,✓,✓,0.059604634043065305,1.769614338874817,0.1062362448688782,0.06763209402561188,600.0,0.010450943373143673,0.05434873700141907,0.010253643989562989,0.02848553333333333,0.09599999999999997,0.028299999999999992,fcn-4_mnist_learnt_gaussian_sig0.03_bounded-pmin1e-05_epoch50_bs250_lr0.001_mon0.95_dp0.2_objective-channel_gradient-chan1.0-rayleigh-zf-tx1.0-noise1.0-frob-kl1.0_perc-pri0.5_epoch-pri20_bs-pri250_lr-pri0.005_mom-pri0.99_dp-pri0.2_seed7,rayleigh-zf-tx1.0-noise1.0_chan-layer2_mcsamples500_norm-frob_seed7_bounds.json
fcn-4,mnist,5.0,rayleigh_zf,0.0 dB,spec,channel_grad,0.001,0.01,0.01,0.05890389904379845,0.10272300000000002,0.05777430534362793,0.16602085530757904,✓,?,0.03172688582174078,0.10450000000000004,0.13975727558135986,✓,?,0.05799045397691184,4.2914838790893555,0.07340945743284644,0.04673391208052635,600.0,0.009853408671915531,0.05777430534362793,0.00915222242474556,0.027326799999999967,0.10450000000000004,0.02859999999999996,fcn-4_mnist_learnt_gaussian_sig0.03_bounded-pmin1e-05_epoch5_bs250_lr0.001_mon0.95_dp0.2_objective-channel_gradient-chan0.01-rayleigh-zf-tx1.0-noise1.0-spec-kl0.01_perc-pri0.5_epoch-pri20_bs-pri250_lr-pri0.005_mom-pri0.99_dp-pri0.2_seed7,rayleigh-zf-tx1.0-noise1.0_chan-layer2_mcsamples500_norm-spec_seed7_bounds.json
fcn-4,mnist,5.0,rayleigh_zf,0.0 dB,spec,channel_grad,0.001,0.01,0.1,0.059038665145635605,0.10319360000000001,0.057905572652816775,0.18410137295722961,✓,?,0.03134169166362666,0.10470000000000002,0.15799051523208618,✓,?,0.05745253975729511,9.282894134521484,0.07165055006443731,0.04561415687203407,600.0,0.009623704478144646,0.057905572652816775,0.00891600176692009,0.02694193333333332,0.10470000000000002,0.027900000000000036,fcn-4_mnist_learnt_gaussian_sig0.03_bounded-pmin1e-05_epoch5_bs250_lr0.001_mon0.95_dp0.2_objective-channel_gradient-chan0.1-rayleigh-zf-tx1.0-noise1.0-spec-kl0.01_perc-pri0.5_epoch-pri20_bs-pri250_lr-pri0.005_mom-pri0.99_dp-pri0.2_seed7,rayleigh-zf-tx1.0-noise1.0_chan-layer2_mcsamples500_norm-spec_seed7_bounds.json
fcn-4,mnist,5.0,rayleigh_zf,0.0 dB,spec,channel_grad,0.001,0.01,1.0,0.06230039522051811,0.11139480000000002,0.061146676540374756,0.6860995292663574,✓,?,0.02920180783899424,0.11119999999999997,0.6601349115371704,✓,?,0.055166382708443505,135.17543029785156,0.06198076103891077,0.039458177983760834,600.0,0.00836841482669115,0.061146676540374756,0.007907810807228088,0.0253178,0.11119999999999997,0.025399999999999978,fcn-4_mnist_learnt_gaussian_sig0.03_bounded-pmin1e-05_epoch5_bs250_lr0.001_mon0.95_dp0.2_objective-channel_gradient-chan1.0-rayleigh-zf-tx1.0-noise1.0-spec-kl0.01_perc-pri0.5_epoch-pri20_bs-pri250_lr-pri0.005_mom-pri0.99_dp-pri0.2_seed7,rayleigh-zf-tx1.0-noise1.0_chan-layer2_mcsamples500_norm-spec_seed7_bounds.json
fcn-4,mnist,5.0,rayleigh_zf,0.0 dB,spec,channel_grad,0.001,0.1,0.01,0.05919542536139488,0.10299980000000003,0.058000648021698,0.15458494424819946,✓,?,0.032716039755510296,0.10370000000000001,0.127745121717453,✓,?,0.05955586594620657,0.19476598501205444,0.07713291748990343,0.04910434037446976,600.0,0.010448015294969082,0.058000648021698,0.009697076678276063,0.028450466666666657,0.10370000000000001,0.02939999999999998,fcn-4_mnist_learnt_gaussian_sig0.03_bounded-pmin1e-05_epoch5_bs250_lr0.001_mon0.95_dp0.2_objective-channel_gradient-chan0.01-rayleigh-zf-tx1.0-noise1.0-spec-kl0.1_perc-pri0.5_epoch-pri20_bs-pri250_lr-pri0.005_mom-pri0.99_dp-pri0.2_seed7,rayleigh-zf-tx1.0-noise1.0_chan-layer2_mcsamples500_norm-spec_seed7_bounds.json
fcn-4,mnist,5.0,rayleigh_zf,0.0 dB,spec,channel_grad,0.001,0.1,0.1,0.059133198112249374,0.102895,0.057950055599212645,0.1549762338399887,✓,?,0.032582041883993135,0.1038,0.1282500922679901,✓,?,0.059308178517708116,0.5290985107421875,0.07640698828060948,0.048642199486494064,600.0,0.010366932488977909,0.057950055599212645,0.009606240689754486,0.028272133333333355,0.1038,0.029100000000000015,fcn-4_mnist_learnt_gaussian_sig0.03_bounded-pmin1e-05_epoch5_bs250_lr0.001_mon0.95_dp0.2_objective-channel_gradient-chan0.1-rayleigh-zf-tx1.0-noise1.0-spec-kl0.1_perc-pri0.5_epoch-pri20_bs-pri250_lr-pri0.005_mom-pri0.99_dp-pri0.2_seed7,rayleigh-zf-tx1.0-noise1.0_chan-layer2_mcsamples500_norm-spec_seed7_bounds.json
fcn-4,mnist,5.0,rayleigh_zf,0.0 dB,spec,channel_grad,0.001,0.1,1.0,0.05925467610359192,0.10347019999999997,0.058174246549606325,0.19510617852210999,✓,?,0.03187911124713999,0.10519999999999996,0.16867709159851074,✓,?,0.05830819091909775,11.478163719177246,0.07283755594228236,0.046369828283786774,600.0,0.009944383054971695,0.058174246549606325,0.009140579402446747,0.027554333333333323,0.10519999999999996,0.02839999999999998,fcn-4_mnist_learnt_gaussian_sig0.03_bounded-pmin1e-05_epoch5_bs250_lr0.001_mon0.95_dp0.2_objective-channel_gradient-chan1.0-rayleigh-zf-tx1.0-noise1.0-spec-kl0.1_perc-pri0.5_epoch-pri20_bs-pri250_lr-pri0.005_mom-pri0.99_dp-pri0.2_seed7,rayleigh-zf-tx1.0-noise1.0_chan-layer2_mcsamples500_norm-spec_seed7_bounds.json
fcn-4,mnist,5.0,rayleigh_zf,0.0 dB,spec,channel_grad,0.001,1.0,0.01,0.05932192876935005,0.10320859999999998,0.05811980962753296,0.1551932394504547,✓,?,0.03297881904107881,0.10360000000000003,0.1281520426273346,✓,?,0.060020022975248624,0.004849791526794434,0.07805239076108443,0.04968969523906708,600.0,0.010606802068650723,0.05811980962753296,0.00985110029578209,0.028784533333333317,0.10360000000000003,0.029299999999999993,fcn-4_mnist_learnt_gaussian_sig0.03_bounded-pmin1e-05_epoch5_bs250_lr0.001_mon0.95_dp0.2_objective-channel_gradient-chan0.01-rayleigh-zf-tx1.0-noise1.0-spec-kl1.0_perc-pri0.5_epoch-pri20_bs-pri250_lr-pri0.005_mom-pri0.99_dp-pri0.2_seed7,rayleigh-zf-tx1.0-noise1.0_chan-layer2_mcsamples500_norm-spec_seed7_bounds.json
fcn-4,mnist,5.0,rayleigh_zf,0.0 dB,spec,channel_grad,0.001,1.0,0.1,0.05930216982960701,0.10317679999999999,0.05810060501098633,0.15515172481536865,✓,?,0.03296379348642939,0.10360000000000003,0.12812624871730804,✓,?,0.0599892745105063,0.021374046802520752,0.07797415975387753,0.04963989183306694,600.0,0.010597703978419304,0.05810060501098633,0.00984014943242073,0.028762333333333334,0.10360000000000003,0.02939999999999998,fcn-4_mnist_learnt_gaussian_sig0.03_bounded-pmin1e-05_epoch5_bs250_lr0.001_mon0.95_dp0.2_objective-channel_gradient-chan0.1-rayleigh-zf-tx1.0-noise1.0-spec-kl1.0_perc-pri0.5_epoch-pri20_bs-pri250_lr-pri0.005_mom-pri0.99_dp-pri0.2_seed7,rayleigh-zf-tx1.0-noise1.0_chan-layer2_mcsamples500_norm-spec_seed7_bounds.json
fcn-4,mnist,5.0,rayleigh_zf,0.0 dB,spec,channel_grad,0.001,1.0,1.0,0.05926380679011345,0.10313800000000001,0.05806325674057007,0.1580263078212738,✓,?,0.03284171555973782,0.10340000000000005,0.13110576570034027,✓,?,0.05976225184014894,0.9413648843765259,0.07731991938213999,0.049223389476537704,600.0,0.010523972101509571,0.05806325674057007,0.009748630225658417,0.02859859999999996,0.10340000000000005,0.02959999999999996,fcn-4_mnist_learnt_gaussian_sig0.03_bounded-pmin1e-05_epoch5_bs250_lr0.001_mon0.95_dp0.2_objective-channel_gradient-chan1.0-rayleigh-zf-tx1.0-noise1.0-spec-kl1.0_perc-pri0.5_epoch-pri20_bs-pri250_lr-pri0.005_mom-pri0.99_dp-pri0.2_seed7,rayleigh-zf-tx1.0-noise1.0_chan-layer2_mcsamples500_norm-spec_seed7_bounds.json
fcn-4,mnist,10.0,rayleigh_zf,0.0 dB,spec,vanilla,0.001,1.0,0.0,0.059341222047805786,0.10413419999999997,0.05780861377716064,0.35675938264312335,✓,-,0.030307195135002792,0.10240000000000005,0.33087759433929637,✓,-,0.056188983438829776,24.68744468688965,0.18268329954984266,0.11629980057477951,600.0,0.009012429974973202,0.05780861377716064,0.00891980603337288,0.02604213333333335,0.10240000000000005,0.026800000000000046,fcn-4_mnist_learnt_gaussian_sig0.03_bounded-pmin1e-05_epoch10_bs250_lr0.001_mon0.95_dp0.2_objective-vanilla_perc-pri0.5_epoch-pri20_bs-pri250_lr-pri0.005_mom-pri0.99_dp-pri0.2_seed7,rayleigh-zf-tx1.0-noise1.0_chan-layer2_mcsamples500_norm-spec_seed7_bounds.json
fcn-4,mnist,10.0,rayleigh_zf,0.0 dB,spec,channel_grad,0.001,0.0001,0.0001,0.05945906788110733,0.1042232,0.06087265610694885,0.23950761556625366,✓,✗,0.03034098060600666,0.1048,0.21364521980285645,✓,✗,0.05620338265767466,24.409351348876953,0.06655246196003309,0.04236861318349838,600.0,0.009032470174133778,0.06087265610694885,0.008998114615678787,0.026052200000000015,0.1048,0.027200000000000002,fcn-4_mnist_learnt_gaussian_sig0.03_bounded-pmin1e-05_epoch10_bs250_lr0.001_mon0.95_dp0.2_objective-channel_gradient-chan0.0001-rayleigh-zf-tx1.0-noise1.0-spec-kl0.0001_perc-pri0.5_epoch-pri20_bs-pri250_lr-pri0.005_mom-pri0.99_dp-pri0.2_seed7,rayleigh-zf-tx1.0-noise1.0_chan-layer2_mcsamples500_norm-spec_seed7_bounds.json
fcn-4,mnist,10.0,rayleigh_zf,0.0 dB,spec,channel_grad,0.001,0.0001,0.001,0.05946884676814079,0.10424859999999998,0.060881799459457396,0.24030637741088867,✓,✗,0.03033273638453372,0.1048,0.2144472599029541,✓,✗,0.05619185036966412,24.615446090698242,0.0665213720250125,0.042348820716142654,600.0,0.009027425199747086,0.060881799459457396,0.008993268013000488,0.026044133333333337,0.1048,0.027200000000000002,fcn-4_mnist_learnt_gaussian_sig0.03_bounded-pmin1e-05_epoch10_bs250_lr0.001_mon0.95_dp0.2_objective-channel_gradient-chan0.001-rayleigh-zf-tx1.0-noise1.0-spec-kl0.0001_perc-pri0.5_epoch-pri20_bs-pri250_lr-pri0.005_mom-pri0.99_dp-pri0.2_seed7,rayleigh-zf-tx1.0-noise1.0_chan-layer2_mcsamples500_norm-spec_seed7_bounds.json
fcn-4,mnist,10.0,rayleigh_zf,0.0 dB,spec,channel_grad,0.001,0.0001,0.01,0.05957731232047081,0.10452099999999996,0.06098132133483887,0.2486984133720398,✓,✗,0.03024454970132522,0.10499999999999998,0.22286413609981537,✓,✗,0.0560788341703333,26.790302276611328,0.06614761401077669,0.042110878974199295,600.0,0.008975936099886894,0.06098132133483887,0.00894513726234436,0.025963933333333352,0.10499999999999998,0.027100000000000013,fcn-4_mnist_learnt_gaussian_sig0.03_bounded-pmin1e-05_epoch10_bs250_lr0.001_mon0.95_dp0.2_objective-channel_gradient-chan0.01-rayleigh-zf-tx1.0-noise1.0-spec-kl0.0001_perc-pri0.5_epoch-pri20_bs-pri250_lr-pri0.005_mom-pri0.99_dp-pri0.2_seed7,rayleigh-zf-tx1.0-noise1.0_chan-layer2_mcsamples500_norm-spec_seed7_bounds.json
fcn-4,mnist,10.0,rayleigh_zf,0.0 dB,spec,channel_grad,0.001,0.001,0.0001,0.059369441121816635,0.103968,0.06077761054039001,0.22476798295974731,✓,✗,0.030508784481214548,0.10460000000000003,0.19885247945785522,✓,✓,0.05642430916345574,20.64304542541504,0.06696777855106471,0.04263301193714142,600.0,0.009131048806011677,0.06077761054039001,0.009078508615493775,0.02620926666666665,0.10460000000000003,0.027200000000000002,fcn-4_mnist_learnt_gaussian_sig0.03_bounded-pmin1e-05_epoch10_bs250_lr0.001_mon0.95_dp0.2_objective-channel_gradient-chan0.0001-rayleigh-zf-tx1.0-noise1.0-spec-kl0.001_perc-pri0.5_epoch-pri20_bs-pri250_lr-pri0.005_mom-pri0.99_dp-pri0.2_seed7,rayleigh-zf-tx1.0-noise1.0_chan-layer2_mcsamples500_norm-spec_seed7_bounds.json
fcn-4,mnist,10.0,rayleigh_zf,0.0 dB,spec,channel_grad,0.001,0.001,0.001,0.059377338737249374,0.10399459999999999,0.06078507900238037,0.22541815042495728,✓,✗,0.03050012678541088,0.10450000000000004,0.19950497150421143,✓,✓,0.05641329483084381,20.821453094482422,0.06690060135286477,0.042590245604515076,600.0,0.00912606343626976,0.06078507900238037,0.009073668718338012,0.02620173333333336,0.10450000000000004,0.027200000000000002,fcn-4_mnist_learnt_gaussian_sig0.03_bounded-pmin1e-05_epoch10_bs250_lr0.001_mon0.95_dp0.2_objective-channel_gradient-chan0.001-rayleigh-zf-tx1.0-noise1.0-spec-kl0.001_perc-pri0.5_epoch-pri20_bs-pri250_lr-pri0.005_mom-pri0.99_dp-pri0.2_seed7,rayleigh-zf-tx1.0-noise1.0_chan-layer2_mcsamples500_norm-spec_seed7_bounds.json
fcn-4,mnist,10.0,rayleigh_zf,0.0 dB,spec,channel_grad,0.001,0.001,0.01,0.05946318060159683,0.1042242,0.060865777730941775,0.23245388269424438,✓,✗,0.03041631579539637,0.10460000000000003,0.20656508207321167,✓,✗,0.05630511915879293,22.678203582763672,0.06646436503329962,0.04231252893805504,600.0,0.009076624177396297,0.060865777730941775,0.009027011692523956,0.0261246,0.10460000000000003,0.027100000000000013,fcn-4_mnist_learnt_gaussian_sig0.03_bounded-pmin1e-05_epoch10_bs250_lr0.001_mon0.95_dp0.2_objective-channel_gradient-chan0.01-rayleigh-zf-tx1.0-noise1.0-spec-kl0.001_perc-pri0.5_epoch-pri20_bs-pri250_lr-pri0.005_mom-pri0.99_dp-pri0.2_seed7,rayleigh-zf-tx1.0-noise1.0_chan-layer2_mcsamples500_norm-spec_seed7_bounds.json
fcn-4,mnist,10.0,rayleigh_zf,0.0 dB,spec,channel_grad,0.001,0.01,0.0001,0.059001315385103226,0.10278080000000002,0.06035640239715576,0.16694101691246033,✓,✓,0.03157618750833727,0.10289999999999999,0.140625,✓,✓,0.05789220016546014,5.4823150634765625,0.06956633067690539,0.0442873015999794,600.0,0.009763524867594242,0.06035640239715576,0.009592278301715851,0.027255999999999992,0.10289999999999999,0.02739999999999998,fcn-4_mnist_learnt_gaussian_sig0.03_bounded-pmin1e-05_epoch10_bs250_lr0.001_mon0.95_dp0.2_objective-channel_gradient-chan0.0001-rayleigh-zf-tx1.0-noise1.0-spec-kl0.01_perc-pri0.5_epoch-pri20_bs-pri250_lr-pri0.005_mom-pri0.99_dp-pri0.2_seed7,rayleigh-zf-tx1.0-noise1.0_chan-layer2_mcsamples500_norm-spec_seed7_bounds.json
fcn-4,mnist,10.0,rayleigh_zf,0.0 dB,spec,channel_grad,0.001,0.01,0.001,0.059003185480833054,0.10278659999999999,0.06035859584808349,0.16739323735237122,✓,✓,0.03157063603362224,0.10289999999999999,0.14108040928840637,✓,✓,0.057883476938658904,5.532065391540527,0.06982418461755702,0.044451456516981125,600.0,0.009760262444615364,0.06035859584808349,0.00958922952413559,0.027249866666666685,0.10289999999999999,0.02739999999999998,fcn-4_mnist_learnt_gaussian_sig0.03_bounded-pmin1e-05_epoch10_bs250_lr0.001_mon0.95_dp0.2_objective-channel_gradient-chan0.001-rayleigh-zf-tx1.0-noise1.0-spec-kl0.01_perc-pri0.5_epoch-pri20_bs-pri250_lr-pri0.005_mom-pri0.99_dp-pri0.2_seed7,rayleigh-zf-tx1.0-noise1.0_chan-layer2_mcsamples500_norm-spec_seed7_bounds.json
fcn-4,mnist,10.0,rayleigh_zf,0.0 dB,spec,channel_grad,0.001,0.01,0.01,0.05902473255991936,0.102861,0.06038192510604858,0.16914501930904788,✓,✓,0.03151817144496562,0.10309999999999997,0.14285397991111765,✓,✓,0.05780921084289585,6.0418806076049805,0.0695689054127249,0.044288940727710724,600.0,0.009728826582431793,0.06038192510604858,0.009558923542499542,0.027197133333333342,0.10309999999999997,0.02739999999999998,fcn-4_mnist_learnt_gaussian_sig0.03_bounded-pmin1e-05_epoch10_bs250_lr0.001_mon0.95_dp0.2_objective-channel_gradient-chan0.01-rayleigh-zf-tx1.0-noise1.0-spec-kl0.01_perc-pri0.5_epoch-pri20_bs-pri250_lr-pri0.005_mom-pri0.99_dp-pri0.2_seed7,rayleigh-zf-tx1.0-noise1.0_chan-layer2_mcsamples500_norm-spec_seed7_bounds.json
fcn-4,mnist,10.0,rayleigh_zf,0.0 dB,spec,channel_grad,0.001,0.01,0.1,0.05939473584294319,0.10388700000000001,0.0607474148273468,0.1935774837130195,✓,✗,0.03105385020593277,0.10419999999999996,0.16743652327545028,✓,✓,0.057194810643502,12.684621810913086,0.06749689261364639,0.04296985641121864,600.0,0.009453036822378635,0.0607474148273468,0.009308100491762162,0.026758266666666673,0.10419999999999996,0.027000000000000024,fcn-4_mnist_learnt_gaussian_sig0.03_bounded-pmin1e-05_epoch10_bs250_lr0.001_mon0.95_dp0.2_objective-channel_gradient-chan0.1-rayleigh-zf-tx1.0-noise1.0-spec-kl0.01_perc-pri0.5_epoch-pri20_bs-pri250_lr-pri0.005_mom-pri0.99_dp-pri0.2_seed7,rayleigh-zf-tx1.0-noise1.0_chan-layer2_mcsamples500_norm-spec_seed7_bounds.json
fcn-4,mnist,10.0,rayleigh_zf,0.0 dB,spec,channel_grad,0.001,0.01,1.0,0.06359696388244629,0.11453320000000002,0.06466906070709229,0.8513308142033675,✓,✗,0.028550797539306078,0.11299999999999999,0.8254759932669364,✓,✗,0.05440561847573723,176.84896850585938,0.05784127633847179,0.03682290017604828,600.0,0.007993822917342186,0.06466906070709229,0.008245477080345153,0.024780533333333323,0.11299999999999999,0.025800000000000045,fcn-4_mnist_learnt_gaussian_sig0.03_bounded-pmin1e-05_epoch10_bs250_lr0.001_mon0.95_dp0.2_objective-channel_gradient-chan1.0-rayleigh-zf-tx1.0-noise1.0-spec-kl0.01_perc-pri0.5_epoch-pri20_bs-pri250_lr-pri0.005_mom-pri0.99_dp-pri0.2_seed7,rayleigh-zf-tx1.0-noise1.0_chan-layer2_mcsamples500_norm-spec_seed7_bounds.json
fcn-4,mnist,10.0,rayleigh_zf,0.0 dB,spec,channel_grad,0.001,0.1,0.01,0.05919237062335014,0.1028478,0.06040690541267395,0.1509446467489774,✓,✓,0.032782404462539994,0.10329999999999995,0.12396974951899699,✓,✓,0.059757301692520415,0.17277061939239502,0.07338098319535158,0.046715784817934036,600.0,0.01048791129142046,0.06040690541267395,0.010205601155757905,0.028595400000000035,0.10329999999999995,0.027699999999999947,fcn-4_mnist_learnt_gaussian_sig0.03_bounded-pmin1e-05_epoch10_bs250_lr0.001_mon0.95_dp0.2_objective-channel_gradient-chan0.01-rayleigh-zf-tx1.0-noise1.0-spec-kl0.1_perc-pri0.5_epoch-pri20_bs-pri250_lr-pri0.005_mom-pri0.99_dp-pri0.2_seed7,rayleigh-zf-tx1.0-noise1.0_chan-layer2_mcsamples500_norm-spec_seed7_bounds.json
fcn-4,mnist,10.0,rayleigh_zf,0.0 dB,spec,channel_grad,0.001,0.1,0.1,0.059121500700712204,0.10274500000000003,0.0603618323802948,0.15141940503395704,✓,✓,0.03265207532627164,0.10309999999999997,0.12454090232235288,✓,✓,0.0595305780378758,0.4858398735523224,0.07280436525689996,0.0463486984372139,600.0,0.010409128852188587,0.0603618323802948,0.01012280210852623,0.028432,0.10309999999999997,0.02739999999999998,fcn-4_mnist_learnt_gaussian_sig0.03_bounded-pmin1e-05_epoch10_bs250_lr0.001_mon0.95_dp0.2_objective-channel_gradient-chan0.1-rayleigh-zf-tx1.0-noise1.0-spec-kl0.1_perc-pri0.5_epoch-pri20_bs-pri250_lr-pri0.005_mom-pri0.99_dp-pri0.2_seed7,rayleigh-zf-tx1.0-noise1.0_chan-layer2_mcsamples500_norm-spec_seed7_bounds.json
fcn-4,mnist,10.0,rayleigh_zf,0.0 dB,spec,channel_grad,0.001,0.1,1.0,0.05919065698981285,0.10331239999999998,0.06051433682441711,0.19363111752668832,✓,✓,0.03191710300053212,0.10370000000000001,0.1671126377233229,✓,✓,0.05843558280389752,11.954988479614258,0.0692884698686017,0.044110409915447235,600.0,0.009967303834855556,0.06051433682441711,0.009643680602312087,0.027645666666666655,0.10370000000000001,0.027200000000000002,fcn-4_mnist_learnt_gaussian_sig0.03_bounded-pmin1e-05_epoch10_bs250_lr0.001_mon0.95_dp0.2_objective-channel_gradient-chan1.0-rayleigh-zf-tx1.0-noise1.0-spec-kl0.1_perc-pri0.5_epoch-pri20_bs-pri250_lr-pri0.005_mom-pri0.99_dp-pri0.2_seed7,rayleigh-zf-tx1.0-noise1.0_chan-layer2_mcsamples500_norm-spec_seed7_bounds.json
fcn-4,mnist,10.0,rayleigh_zf,0.0 dB,spec,channel_grad,0.001,1.0,0.01,0.05942092090845108,0.10322420000000004,0.060588610172271726,0.1517297455103525,✓,✗,0.033027934563836354,0.10250000000000004,0.12454732285428163,✓,✓,0.06021035721990724,0.005377411842346191,0.07439640633751556,0.04736222326755524,600.0,0.010636781342327595,0.060588610172271726,0.010331304371356964,0.028921866666666664,0.10250000000000004,0.027800000000000047,fcn-4_mnist_learnt_gaussian_sig0.03_bounded-pmin1e-05_epoch10_bs250_lr0.001_mon0.95_dp0.2_objective-channel_gradient-chan0.01-rayleigh-zf-tx1.0-noise1.0-spec-kl1.0_perc-pri0.5_epoch-pri20_bs-pri250_lr-pri0.005_mom-pri0.99_dp-pri0.2_seed7,rayleigh-zf-tx1.0-noise1.0_chan-layer2_mcsamples500_norm-spec_seed7_bounds.json
fcn-4,mnist,10.0,rayleigh_zf,0.0 dB,spec,channel_grad,0.001,1.0,0.1,0.05944687873125076,0.10327860000000001,0.06061645746231079,0.1518075162794645,✓,✗,0.033019342756113415,0.10270000000000001,0.12462820652796584,✓,✓,0.06019865250761208,0.024595320224761963,0.07440742503648859,0.04736923798918724,600.0,0.010631369426846504,0.06061645746231079,0.010321132093667983,0.028913599999999994,0.10270000000000001,0.027900000000000036,fcn-4_mnist_learnt_gaussian_sig0.03_bounded-pmin1e-05_epoch10_bs250_lr0.001_mon0.95_dp0.2_objective-channel_gradient-chan0.1-rayleigh-zf-tx1.0-noise1.0-spec-kl1.0_perc-pri0.5_epoch-pri20_bs-pri250_lr-pri0.005_mom-pri0.99_dp-pri0.2_seed7,rayleigh-zf-tx1.0-noise1.0_chan-layer2_mcsamples500_norm-spec_seed7_bounds.json
fcn-4,mnist,10.0,rayleigh_zf,0.0 dB,spec,channel_grad,0.001,1.0,1.0,0.0597226619720459,0.10374459999999996,0.06090223789215088,0.1564446331721516,✓,✗,0.03299044752334344,0.10360000000000003,0.12926444152733801,✓,✓,0.06017063916815703,1.1924911737442017,0.07430464041223928,0.04730380326509476,600.0,0.010613872669637203,0.06090223789215088,0.010254108160734177,0.028893266666666684,0.10360000000000003,0.027699999999999947,fcn-4_mnist_learnt_gaussian_sig0.03_bounded-pmin1e-05_epoch10_bs250_lr0.001_mon0.95_dp0.2_objective-channel_gradient-chan1.0-rayleigh-zf-tx1.0-noise1.0-spec-kl1.0_perc-pri0.5_epoch-pri20_bs-pri250_lr-pri0.005_mom-pri0.99_dp-pri0.2_seed7,rayleigh-zf-tx1.0-noise1.0_chan-layer2_mcsamples500_norm-spec_seed7_bounds.json
fcn-4,mnist,20.0,rayleigh_zf,0.0 dB,spec,vanilla,0.001,1.0,0.0,0.06071705371141434,0.10737400000000002,0.05917095541954041,0.5233195040092045,✓,-,0.02896635319372828,0.10629999999999995,0.4977887717525903,✓,-,0.05449708545034237,65.90060424804688,0.18268329954984266,0.11629980057477951,600.0,0.008232731372117996,0.05917095541954041,0.008407424390316009,0.02484513333333332,0.10629999999999995,0.02629999999999999,fcn-4_mnist_learnt_gaussian_sig0.03_bounded-pmin1e-05_epoch20_bs250_lr0.001_mon0.95_dp0.2_objective-vanilla_perc-pri0.5_epoch-pri20_bs-pri250_lr-pri0.005_mom-pri0.99_dp-pri0.2_seed7,rayleigh-zf-tx1.0-noise1.0_chan-layer2_mcsamples500_norm-spec_seed7_bounds.json
fcn-4,mnist,20.0,rayleigh_zf,0.0 dB,spec,channel_grad,0.001,0.0001,0.0001,0.06069347262382507,0.10715699999999999,0.060375964641571044,0.39737021923065186,✓,✓,0.029028132744089694,0.10609999999999997,0.37182778120040894,✓,✓,0.0545705586142944,64.51648712158203,0.06231116986462174,0.03966852277517319,600.0,0.008268299512565136,0.060375964641571044,0.008514363318681717,0.024896933333333305,0.10609999999999997,0.025599999999999956,fcn-4_mnist_learnt_gaussian_sig0.03_bounded-pmin1e-05_epoch20_bs250_lr0.001_mon0.95_dp0.2_objective-channel_gradient-chan0.0001-rayleigh-zf-tx1.0-noise1.0-spec-kl0.0001_perc-pri0.5_epoch-pri20_bs-pri250_lr-pri0.005_mom-pri0.99_dp-pri0.2_seed7,rayleigh-zf-tx1.0-noise1.0_chan-layer2_mcsamples500_norm-spec_seed7_bounds.json
fcn-4,mnist,20.0,rayleigh_zf,0.0 dB,spec,channel_grad,0.001,0.0001,0.001,0.06071196869015694,0.10720359999999998,0.06039571166038513,0.3994450569152832,✓,✓,0.029016253557360146,0.1059,0.37390589714050293,✓,✓,0.05455543756676627,65.04312896728516,0.06225116681668252,0.03963032364845276,600.0,0.008261479437351227,0.06039571166038513,0.008508788049221038,0.024886133333333296,0.1059,0.025599999999999956,fcn-4_mnist_learnt_gaussian_sig0.03_bounded-pmin1e-05_epoch20_bs250_lr0.001_mon0.95_dp0.2_objective-channel_gradient-chan0.001-rayleigh-zf-tx1.0-noise1.0-spec-kl0.0001_perc-pri0.5_epoch-pri20_bs-pri250_lr-pri0.005_mom-pri0.99_dp-pri0.2_seed7,rayleigh-zf-tx1.0-noise1.0_chan-layer2_mcsamples500_norm-spec_seed7_bounds.json
fcn-4,mnist,20.0,rayleigh_zf,0.0 dB,spec,channel_grad,0.001,0.0001,0.01,0.060922443866729736,0.10772980000000003,0.06062473058700561,0.42192038893699646,✓,✗,0.02889554678770608,0.10650000000000004,0.39640313386917114,✓,✗,0.054412779149832204,70.70948791503906,0.0617362957245206,0.03930254653096199,600.0,0.008191809989511967,0.06062473058700561,0.008452265709638595,0.02478600000000001,0.10650000000000004,0.025499999999999967,fcn-4_mnist_learnt_gaussian_sig0.03_bounded-pmin1e-05_epoch20_bs250_lr0.001_mon0.95_dp0.2_objective-channel_gradient-chan0.01-rayleigh-zf-tx1.0-noise1.0-spec-kl0.0001_perc-pri0.5_epoch-pri20_bs-pri250_lr-pri0.005_mom-pri0.99_dp-pri0.2_seed7,rayleigh-zf-tx1.0-noise1.0_chan-layer2_mcsamples500_norm-spec_seed7_bounds.json
fcn-4,mnist,20.0,rayleigh_zf,0.0 dB,spec,channel_grad,0.001,0.001,0.0001,0.060272302478551865,0.1061328,0.05988463759422302,0.3271734416484833,✓,✓,0.02947753558230252,0.10509999999999997,0.3014911711215973,✓,✓,0.05515980601010868,46.79014587402344,0.06389264282503271,0.040675319731235504,600.0,0.008528364822268486,0.05988463759422302,0.008691316843032837,0.02531293333333333,0.10509999999999997,0.026000000000000023,fcn-4_mnist_learnt_gaussian_sig0.03_bounded-pmin1e-05_epoch20_bs250_lr0.001_mon0.95_dp0.2_objective-channel_gradient-chan0.0001-rayleigh-zf-tx1.0-noise1.0-spec-kl0.001_perc-pri0.5_epoch-pri20_bs-pri250_lr-pri0.005_mom-pri0.99_dp-pri0.2_seed7,rayleigh-zf-tx1.0-noise1.0_chan-layer2_mcsamples500_norm-spec_seed7_bounds.json
fcn-4,mnist,20.0,rayleigh_zf,0.0 dB,spec,channel_grad,0.001,0.001,0.001,0.060291167348623276,0.10618200000000001,0.059902966022491455,0.32878339290618896,✓,✓,0.029466411749457928,0.10499999999999998,0.3030990660190582,✓,✓,0.055150748745176975,47.197330474853516,0.06384933459821408,0.04064774885773659,600.0,0.008521830663084984,0.059902966022491455,0.008686064928770065,0.025306466666666676,0.10499999999999998,0.026000000000000023,fcn-4_mnist_learnt_gaussian_sig0.03_bounded-pmin1e-05_epoch20_bs250_lr0.001_mon0.95_dp0.2_objective-channel_gradient-chan0.001-rayleigh-zf-tx1.0-noise1.0-spec-kl0.001_perc-pri0.5_epoch-pri20_bs-pri250_lr-pri0.005_mom-pri0.99_dp-pri0.2_seed7,rayleigh-zf-tx1.0-noise1.0_chan-layer2_mcsamples500_norm-spec_seed7_bounds.json
fcn-4,mnist,20.0,rayleigh_zf,0.0 dB,spec,channel_grad,0.001,0.001,0.01,0.06045210361480713,0.10658079999999998,0.060074526071548465,0.3447088599205017,✓,✓,0.029357882827515298,0.10560000000000003,0.3190544843673706,✓,✓,0.05501225052496027,51.25509262084961,0.06334754199368081,0.04032829776406288,600.0,0.008458777330815792,0.060074526071548465,0.00863669291138649,0.025208666666666678,0.10560000000000003,0.026000000000000023,fcn-4_mnist_learnt_gaussian_sig0.03_bounded-pmin1e-05_epoch20_bs250_lr0.001_mon0.95_dp0.2_objective-channel_gradient-chan0.01-rayleigh-zf-tx1.0-noise1.0-spec-kl0.001_perc-pri0.5_epoch-pri20_bs-pri250_lr-pri0.005_mom-pri0.99_dp-pri0.2_seed7,rayleigh-zf-tx1.0-noise1.0_chan-layer2_mcsamples500_norm-spec_seed7_bounds.json
fcn-4,mnist,20.0,rayleigh_zf,0.0 dB,spec,channel_grad,0.001,0.01,0.0001,0.05911606550216675,0.10302720000000001,0.058512789011001584,0.1692398190498352,✓,✓,0.031472988248530995,0.10270000000000001,0.14296764135360718,✓,✓,0.05774517496643301,6.210960388183594,0.069037479939578,0.04395062476396561,600.0,0.009701940231025219,0.058512789011001584,0.009523750841617584,0.027151133333333348,0.10270000000000001,0.026900000000000035,fcn-4_mnist_learnt_gaussian_sig0.03_bounded-pmin1e-05_epoch20_bs250_lr0.001_mon0.95_dp0.2_objective-channel_gradient-chan0.0001-rayleigh-zf-tx1.0-noise1.0-spec-kl0.01_perc-pri0.5_epoch-pri20_bs-pri250_lr-pri0.005_mom-pri0.99_dp-pri0.2_seed7,rayleigh-zf-tx1.0-noise1.0_chan-layer2_mcsamples500_norm-spec_seed7_bounds.json
fcn-4,mnist,20.0,rayleigh_zf,0.0 dB,spec,channel_grad,0.001,0.01,0.001,0.0591205470263958,0.1030414,0.058517980575561526,0.1694595217704773,✓,✓,0.03146710129251856,0.10270000000000001,0.1431877613067627,✓,✓,0.05773886405598573,6.271814823150635,0.06901505633125898,0.0439363494515419,600.0,0.009698335081338882,0.058517980575561526,0.009520436078310013,0.027146533333333313,0.10270000000000001,0.026800000000000046,fcn-4_mnist_learnt_gaussian_sig0.03_bounded-pmin1e-05_epoch20_bs250_lr0.001_mon0.95_dp0.2_objective-channel_gradient-chan0.001-rayleigh-zf-tx1.0-noise1.0-spec-kl0.01_perc-pri0.5_epoch-pri20_bs-pri250_lr-pri0.005_mom-pri0.99_dp-pri0.2_seed7,rayleigh-zf-tx1.0-noise1.0_chan-layer2_mcsamples500_norm-spec_seed7_bounds.json
fcn-4,mnist,20.0,rayleigh_zf,0.0 dB,spec,channel_grad,0.001,0.01,0.01,0.05913107469677925,0.1031056,0.058530557155609134,0.17159599375117898,✓,✓,0.03141078669510898,0.10299999999999998,0.14535265494436397,✓,✓,0.05765412550192398,6.8667168617248535,0.06880758528925732,0.043804269284009933,600.0,0.009664896875619888,0.058530557155609134,0.00949300229549408,0.02708586666666666,0.10299999999999998,0.026900000000000035,fcn-4_mnist_learnt_gaussian_sig0.03_bounded-pmin1e-05_epoch20_bs250_lr0.001_mon0.95_dp0.2_objective-channel_gradient-chan0.01-rayleigh-zf-tx1.0-noise1.0-spec-kl0.01_perc-pri0.5_epoch-pri20_bs-pri250_lr-pri0.005_mom-pri0.99_dp-pri0.2_seed7,rayleigh-zf-tx1.0-noise1.0_chan-layer2_mcsamples500_norm-spec_seed7_bounds.json
fcn-4,mnist,20.0,rayleigh_zf,0.0 dB,spec,channel_grad,0.001,0.01,0.1,0.05939645320177078,0.104024,0.0588170051574707,0.20047200787704736,✓,✓,0.030924272921590546,0.10389999999999999,0.17437868549695257,✓,✓,0.057017595301685334,14.528159141540527,0.06704242248314124,0.0426805317401886,600.0,0.00937610398977995,0.0588170051574707,0.009269127994775772,0.02663186666666668,0.10389999999999999,0.02629999999999999,fcn-4_mnist_learnt_gaussian_sig0.03_bounded-pmin1e-05_epoch20_bs250_lr0.001_mon0.95_dp0.2_objective-channel_gradient-chan0.1-rayleigh-zf-tx1.0-noise1.0-spec-kl0.01_perc-pri0.5_epoch-pri20_bs-pri250_lr-pri0.005_mom-pri0.99_dp-pri0.2_seed7,rayleigh-zf-tx1.0-noise1.0_chan-layer2_mcsamples500_norm-spec_seed7_bounds.json
fcn-4,mnist,20.0,rayleigh_zf,0.0 dB,spec,channel_grad,0.001,0.01,1.0,0.06303782016038895,0.11353819999999996,0.06291949152946472,0.9079193984277018,✓,✗,0.02836906152883781,0.11450000000000005,0.8821971175302789,✓,✗,0.05409134242626064,191.11514282226562,0.05650272385095929,0.03597075119614601,600.0,0.007889882661402225,0.06291949152946472,0.008030515164136887,0.02455906666666666,0.11450000000000005,0.0252,fcn-4_mnist_learnt_gaussian_sig0.03_bounded-pmin1e-05_epoch20_bs250_lr0.001_mon0.95_dp0.2_objective-channel_gradient-chan1.0-rayleigh-zf-tx1.0-noise1.0-spec-kl0.01_perc-pri0.5_epoch-pri20_bs-pri250_lr-pri0.005_mom-pri0.99_dp-pri0.2_seed7,rayleigh-zf-tx1.0-noise1.0_chan-layer2_mcsamples500_norm-spec_seed7_bounds.json
fcn-4,mnist,20.0,rayleigh_zf,0.0 dB,spec,channel_grad,0.001,0.1,0.01,0.059265054762363434,0.10291740000000002,0.05861201882362366,0.15069109399975428,✓,✓,0.03273095064483093,0.10260000000000002,0.12376571666520537,✓,✓,0.05965632797937984,0.1815665364265442,0.07319249497834648,0.04659578949213028,600.0,0.01045699417591095,0.05861201882362366,0.010124926269054414,0.028522666666666655,0.10260000000000002,0.02739999999999998,fcn-4_mnist_learnt_gaussian_sig0.03_bounded-pmin1e-05_epoch20_bs250_lr0.001_mon0.95_dp0.2_objective-channel_gradient-chan0.01-rayleigh-zf-tx1.0-noise1.0-spec-kl0.1_perc-pri0.5_epoch-pri20_bs-pri250_lr-pri0.005_mom-pri0.99_dp-pri0.2_seed7,rayleigh-zf-tx1.0-noise1.0_chan-layer2_mcsamples500_norm-spec_seed7_bounds.json
fcn-4,mnist,20.0,rayleigh_zf,0.0 dB,spec,channel_grad,0.001,0.1,0.1,0.059150755405426025,0.1027534,0.05848463773727417,0.15132602553679592,✓,✓,0.032593271178171845,0.1018,0.12450720145716333,✓,✓,0.05941209525780443,0.5185820460319519,0.07269579918040138,0.046279583126306534,600.0,0.010373592376708984,0.05848463773727417,0.010050185769796372,0.02834693333333332,0.1018,0.027599999999999958,fcn-4_mnist_learnt_gaussian_sig0.03_bounded-pmin1e-05_epoch20_bs250_lr0.001_mon0.95_dp0.2_objective-channel_gradient-chan0.1-rayleigh-zf-tx1.0-noise1.0-spec-kl0.1_perc-pri0.5_epoch-pri20_bs-pri250_lr-pri0.005_mom-pri0.99_dp-pri0.2_seed7,rayleigh-zf-tx1.0-noise1.0_chan-layer2_mcsamples500_norm-spec_seed7_bounds.json
fcn-4,mnist,20.0,rayleigh_zf,0.0 dB,spec,channel_grad,0.001,0.1,1.0,0.05851785093545914,0.1021174,0.05789351463317871,0.1930219029732922,✓,✓,0.03179404149667761,0.10229999999999995,0.16668968086448027,✓,✓,0.05812626360548956,11.819364547729492,0.06954225689699296,0.04427197575569153,600.0,0.009893597103655338,0.05789351463317871,0.00963827669620514,0.0274239333333333,0.10229999999999995,0.027000000000000024,fcn-4_mnist_learnt_gaussian_sig0.03_bounded-pmin1e-05_epoch20_bs250_lr0.001_mon0.95_dp0.2_objective-channel_gradient-chan1.0-rayleigh-zf-tx1.0-noise1.0-spec-kl0.1_perc-pri0.5_epoch-pri20_bs-pri250_lr-pri0.005_mom-pri0.99_dp-pri0.2_seed7,rayleigh-zf-tx1.0-noise1.0_chan-layer2_mcsamples500_norm-spec_seed7_bounds.json
fcn-4,mnist,20.0,rayleigh_zf,0.0 dB,spec,channel_grad,0.001,1.0,0.01,0.05938292294740677,0.10308660000000003,0.05874201059341431,0.1511780826267446,✓,✓,0.032967332493204646,0.10270000000000001,0.12408463906029657,✓,✓,0.06006077605965267,0.005156278610229492,0.07399522738680196,0.047106824815273285,600.0,0.010599876753985882,0.05874201059341431,0.0102427639067173,0.028814199999999998,0.10270000000000001,0.027599999999999958,fcn-4_mnist_learnt_gaussian_sig0.03_bounded-pmin1e-05_epoch20_bs250_lr0.001_mon0.95_dp0.2_objective-channel_gradient-chan0.01-rayleigh-zf-tx1.0-noise1.0-spec-kl1.0_perc-pri0.5_epoch-pri20_bs-pri250_lr-pri0.005_mom-pri0.99_dp-pri0.2_seed7,rayleigh-zf-tx1.0-noise1.0_chan-layer2_mcsamples500_norm-spec_seed7_bounds.json
fcn-4,mnist,20.0,rayleigh_zf,0.0 dB,spec,channel_grad,0.001,1.0,0.1,0.059350527822971344,0.10302860000000001,0.058715838193893435,0.15111659967062813,✓,✓,0.03294565478892038,0.10270000000000001,0.12404502886433391,✓,✓,0.06001722559521461,0.022595256567001343,0.07390610056574068,0.04705008491873741,600.0,0.010586868971586227,0.058715838193893435,0.010226753354072571,0.02878260000000001,0.10270000000000001,0.02739999999999998,fcn-4_mnist_learnt_gaussian_sig0.03_bounded-pmin1e-05_epoch20_bs250_lr0.001_mon0.95_dp0.2_objective-channel_gradient-chan0.1-rayleigh-zf-tx1.0-noise1.0-spec-kl1.0_perc-pri0.5_epoch-pri20_bs-pri250_lr-pri0.005_mom-pri0.99_dp-pri0.2_seed7,rayleigh-zf-tx1.0-noise1.0_chan-layer2_mcsamples500_norm-spec_seed7_bounds.json
fcn-4,mnist,20.0,rayleigh_zf,0.0 dB,spec,channel_grad,0.001,1.0,1.0,0.05908721685409546,0.10258900000000001,0.058530235290527345,0.1535322005339272,✓,✓,0.03277249560305417,0.10109999999999997,0.12666364804972774,✓,✓,0.05964104808725363,0.8853821754455566,0.0731755660903332,0.04658501222729683,600.0,0.010482118465006351,0.058530235290527345,0.010094577074050903,0.028511666666666664,0.10109999999999997,0.02739999999999998,fcn-4_mnist_learnt_gaussian_sig0.03_bounded-pmin1e-05_epoch20_bs250_lr0.001_mon0.95_dp0.2_objective-channel_gradient-chan1.0-rayleigh-zf-tx1.0-noise1.0-spec-kl1.0_perc-pri0.5_epoch-pri20_bs-pri250_lr-pri0.005_mom-pri0.99_dp-pri0.2_seed7,rayleigh-zf-tx1.0-noise1.0_chan-layer2_mcsamples500_norm-spec_seed7_bounds.json
fcn-4,mnist,30.0,rayleigh_zf,0.0 dB,spec,channel_grad,0.001,0.0001,0.0001,0.061251718550920486,0.10888419999999999,0.06293209195137024,0.5818665623664856,✓,?,0.028084410377703543,0.11140000000000005,0.5566269755363464,✓,?,0.05332399870429194,110.56485748291016,0.0600624190065508,0.03823692351579666,600.0,0.007727743126451969,0.06293209195137024,0.008164044469594955,0.02402019999999998,0.11140000000000005,0.024599999999999955,fcn-4_mnist_learnt_gaussian_sig0.03_bounded-pmin1e-05_epoch30_bs250_lr0.001_mon0.95_dp0.2_objective-channel_gradient-chan0.0001-rayleigh-zf-tx1.0-noise1.0-spec-kl0.0001_perc-pri0.5_epoch-pri20_bs-pri250_lr-pri0.005_mom-pri0.99_dp-pri0.2_seed7,rayleigh-zf-tx1.0-noise1.0_chan-layer2_mcsamples500_norm-spec_seed7_bounds.json
fcn-4,mnist,30.0,rayleigh_zf,0.0 dB,spec,channel_grad,0.001,0.0001,0.001,0.06127331405878067,0.10893780000000002,0.06295301914215087,0.585453987121582,✓,?,0.028071286997349697,0.11160000000000003,0.5602207779884338,✓,?,0.05330448558182941,111.44575500488281,0.060073104160201764,0.03824372589588165,600.0,0.007720141671597958,0.06295301914215087,0.00815819501876831,0.024006800000000012,0.11160000000000003,0.024599999999999955,fcn-4_mnist_learnt_gaussian_sig0.03_bounded-pmin1e-05_epoch30_bs250_lr0.001_mon0.95_dp0.2_objective-channel_gradient-chan0.001-rayleigh-zf-tx1.0-noise1.0-spec-kl0.0001_perc-pri0.5_epoch-pri20_bs-pri250_lr-pri0.005_mom-pri0.99_dp-pri0.2_seed7,rayleigh-zf-tx1.0-noise1.0_chan-layer2_mcsamples500_norm-spec_seed7_bounds.json
fcn-4,mnist,30.0,rayleigh_zf,0.0 dB,spec,channel_grad,0.001,0.0001,0.01,0.06152060627937317,0.10954960000000001,0.06320801973342896,0.6230689287185669,✓,?,0.027934965155900066,0.11260000000000003,0.5978718996047974,✓,?,0.05313200098462892,120.8738784790039,0.05937037683164499,0.03779635578393936,600.0,0.007642802316695452,0.06320801973342896,0.008097624778747559,0.023885600000000003,0.11260000000000003,0.024399999999999977,fcn-4_mnist_learnt_gaussian_sig0.03_bounded-pmin1e-05_epoch30_bs250_lr0.001_mon0.95_dp0.2_objective-channel_gradient-chan0.01-rayleigh-zf-tx1.0-noise1.0-spec-kl0.0001_perc-pri0.5_epoch-pri20_bs-pri250_lr-pri0.005_mom-pri0.99_dp-pri0.2_seed7,rayleigh-zf-tx1.0-noise1.0_chan-layer2_mcsamples500_norm-spec_seed7_bounds.json
fcn-4,mnist,30.0,rayleigh_zf,0.0 dB,spec,channel_grad,0.001,0.001,0.0001,0.06048664450645447,0.10698199999999997,0.06215042471885681,0.41689562797546387,✓,?,0.028852495222925083,0.1099,0.3914094567298889,✓,?,0.054338654244025814,69.29947662353516,0.06254200663418547,0.03981547802686691,600.0,0.008167161606252193,0.06215042471885681,0.008424710482358932,0.02473353333333334,0.1099,0.024700000000000055,fcn-4_mnist_learnt_gaussian_sig0.03_bounded-pmin1e-05_epoch30_bs250_lr0.001_mon0.95_dp0.2_objective-channel_gradient-chan0.0001-rayleigh-zf-tx1.0-noise1.0-spec-kl0.001_perc-pri0.5_epoch-pri20_bs-pri250_lr-pri0.005_mom-pri0.99_dp-pri0.2_seed7,rayleigh-zf-tx1.0-noise1.0_chan-layer2_mcsamples500_norm-spec_seed7_bounds.json
fcn-4,mnist,30.0,rayleigh_zf,0.0 dB,spec,channel_grad,0.001,0.001,0.001,0.06050553917884827,0.10702679999999998,0.06216931939125061,0.4191364049911499,✓,?,0.028840295812433813,0.10999999999999999,0.3936532735824585,✓,?,0.05432340231715911,69.86907196044922,0.06247267602057283,0.039771340787410736,600.0,0.008160015568137169,0.06216931939125061,0.00841931700706482,0.02472259999999999,0.10999999999999999,0.024700000000000055,fcn-4_mnist_learnt_gaussian_sig0.03_bounded-pmin1e-05_epoch30_bs250_lr0.001_mon0.95_dp0.2_objective-channel_gradient-chan0.001-rayleigh-zf-tx1.0-noise1.0-spec-kl0.001_perc-pri0.5_epoch-pri20_bs-pri250_lr-pri0.005_mom-pri0.99_dp-pri0.2_seed7,rayleigh-zf-tx1.0-noise1.0_chan-layer2_mcsamples500_norm-spec_seed7_bounds.json
fcn-4,mnist,30.0,rayleigh_zf,0.0 dB,spec,channel_grad,0.001,0.001,0.01,0.06068561226129532,0.1075132,0.06234560012817383,0.4432586431503296,✓,?,0.02871478303197177,0.11029999999999995,0.41780853271484375,✓,?,0.054164893874508055,75.98114013671875,0.06180100936867506,0.03934374451637268,600.0,0.008087864145636559,0.06234560012817383,0.008363970369100571,0.02461093333333331,0.11029999999999995,0.024800000000000044,fcn-4_mnist_learnt_gaussian_sig0.03_bounded-pmin1e-05_epoch30_bs250_lr0.001_mon0.95_dp0.2_objective-channel_gradient-chan0.01-rayleigh-zf-tx1.0-noise1.0-spec-kl0.001_perc-pri0.5_epoch-pri20_bs-pri250_lr-pri0.005_mom-pri0.99_dp-pri0.2_seed7,rayleigh-zf-tx1.0-noise1.0_chan-layer2_mcsamples500_norm-spec_seed7_bounds.json
fcn-4,mnist,30.0,rayleigh_zf,0.0 dB,spec,channel_grad,0.001,0.01,0.0001,0.058906834572553635,0.10288259999999998,0.06054954528808594,0.1702214479446411,✓,?,0.03145745821063687,0.10609999999999997,0.14395171403884888,✓,?,0.05772721074028305,6.308460712432861,0.06963903185377265,0.04433358460664749,600.0,0.009692820720374584,0.06054954528808594,0.009375834465026855,0.027138333333333323,0.10609999999999997,0.025900000000000034,fcn-4_mnist_learnt_gaussian_sig0.03_bounded-pmin1e-05_epoch30_bs250_lr0.001_mon0.95_dp0.2_objective-channel_gradient-chan0.0001-rayleigh-zf-tx1.0-noise1.0-spec-kl0.01_perc-pri0.5_epoch-pri20_bs-pri250_lr-pri0.005_mom-pri0.99_dp-pri0.2_seed7,rayleigh-zf-tx1.0-noise1.0_chan-layer2_mcsamples500_norm-spec_seed7_bounds.json
fcn-4,mnist,30.0,rayleigh_zf,0.0 dB,spec,channel_grad,0.001,0.01,0.001,0.05890795215964317,0.1028876,0.06055044531822205,0.17040835320949554,✓,?,0.03145178617094918,0.10619999999999996,0.14414021372795105,✓,?,0.05771993121935837,6.3659210205078125,0.0695986319080956,0.04430786520242691,600.0,0.009689435362815857,0.06055044531822205,0.00937303751707077,0.027132733333333343,0.10619999999999996,0.025900000000000034,fcn-4_mnist_learnt_gaussian_sig0.03_bounded-pmin1e-05_epoch30_bs250_lr0.001_mon0.95_dp0.2_objective-channel_gradient-chan0.001-rayleigh-zf-tx1.0-noise1.0-spec-kl0.01_perc-pri0.5_epoch-pri20_bs-pri250_lr-pri0.005_mom-pri0.99_dp-pri0.2_seed7,rayleigh-zf-tx1.0-noise1.0_chan-layer2_mcsamples500_norm-spec_seed7_bounds.json
fcn-4,mnist,30.0,rayleigh_zf,0.0 dB,spec,channel_grad,0.001,0.01,0.01,0.05892939493060112,0.10296920000000002,0.06057126522064209,0.17249481016236978,✓,?,0.031395142310916876,0.10619999999999996,0.14625131434496852,✓,?,0.05763863812831812,6.962238311767578,0.06933192438722825,0.04413807392120361,600.0,0.009655660949647427,0.06057126522064209,0.009345731139183045,0.02707466666666668,0.10619999999999996,0.025900000000000034,fcn-4_mnist_learnt_gaussian_sig0.03_bounded-pmin1e-05_epoch30_bs250_lr0.001_mon0.95_dp0.2_objective-channel_gradient-chan0.01-rayleigh-zf-tx1.0-noise1.0-spec-kl0.01_perc-pri0.5_epoch-pri20_bs-pri250_lr-pri0.005_mom-pri0.99_dp-pri0.2_seed7,rayleigh-zf-tx1.0-noise1.0_chan-layer2_mcsamples500_norm-spec_seed7_bounds.json
fcn-4,mnist,30.0,rayleigh_zf,0.0 dB,spec,channel_grad,0.001,0.01,0.1,0.05922945961356163,0.10389199999999998,0.06087442636489868,0.20150642903610327,✓,?,0.03089964897476137,0.1069,0.1754572399115163,✓,?,0.05694883809934834,14.769728660583496,0.06715939741275945,0.04275500029325485,600.0,0.00936155579984188,0.06087442636489868,0.009116955846548081,0.026582933333333336,0.1069,0.025499999999999967,fcn-4_mnist_learnt_gaussian_sig0.03_bounded-pmin1e-05_epoch30_bs250_lr0.001_mon0.95_dp0.2_objective-channel_gradient-chan0.1-rayleigh-zf-tx1.0-noise1.0-spec-kl0.01_perc-pri0.5_epoch-pri20_bs-pri250_lr-pri0.005_mom-pri0.99_dp-pri0.2_seed7,rayleigh-zf-tx1.0-noise1.0_chan-layer2_mcsamples500_norm-spec_seed7_bounds.json
fcn-4,mnist,30.0,rayleigh_zf,0.0 dB,spec,channel_grad,0.001,0.01,1.0,0.06320243328809738,0.11403020000000001,0.06488780975341797,0.886771099642771,✓,?,0.02835419761609096,0.11680000000000001,0.8611418819597048,✓,?,0.0539834152991572,185.95858764648438,0.056513900545084886,0.035977866500616074,600.0,0.007881468161940575,0.06488780975341797,0.008071164041757584,0.024483266666666673,0.11680000000000001,0.024399999999999977,fcn-4_mnist_learnt_gaussian_sig0.03_bounded-pmin1e-05_epoch30_bs250_lr0.001_mon0.95_dp0.2_objective-channel_gradient-chan1.0-rayleigh-zf-tx1.0-noise1.0-spec-kl0.01_perc-pri0.5_epoch-pri20_bs-pri250_lr-pri0.005_mom-pri0.99_dp-pri0.2_seed7,rayleigh-zf-tx1.0-noise1.0_chan-layer2_mcsamples500_norm-spec_seed7_bounds.json
fcn-4,mnist,30.0,rayleigh_zf,0.0 dB,spec,channel_grad,0.001,0.1,0.01,0.05909847095608711,0.10290580000000002,0.0608042061328888,0.15161229296245332,✓,?,0.032708470161427694,0.10609999999999997,0.12470721910681316,✓,?,0.05961354401706786,0.22343403100967407,0.07398555457246184,0.04710066691040993,600.0,0.010443167760968208,0.0608042061328888,0.009959234297275544,0.028491866666666657,0.10609999999999997,0.027000000000000024,fcn-4_mnist_learnt_gaussian_sig0.03_bounded-pmin1e-05_epoch30_bs250_lr0.001_mon0.95_dp0.2_objective-channel_gradient-chan0.01-rayleigh-zf-tx1.0-noise1.0-spec-kl0.1_perc-pri0.5_epoch-pri20_bs-pri250_lr-pri0.005_mom-pri0.99_dp-pri0.2_seed7,rayleigh-zf-tx1.0-noise1.0_chan-layer2_mcsamples500_norm-spec_seed7_bounds.json
fcn-4,mnist,30.0,rayleigh_zf,0.0 dB,spec,channel_grad,0.001,0.1,0.1,0.0590856671333313,0.1028932,0.06077921390533447,0.15222984931617267,✓,?,0.03256034907249117,0.1058,0.12543993993915747,✓,?,0.05935025844950635,0.6015306711196899,0.07332282342419223,0.04667875915765762,600.0,0.01035391353070736,0.06077921390533447,0.009885753691196441,0.02830220000000002,0.1058,0.026800000000000046,fcn-4_mnist_learnt_gaussian_sig0.03_bounded-pmin1e-05_epoch30_bs250_lr0.001_mon0.95_dp0.2_objective-channel_gradient-chan0.1-rayleigh-zf-tx1.0-noise1.0-spec-kl0.1_perc-pri0.5_epoch-pri20_bs-pri250_lr-pri0.005_mom-pri0.99_dp-pri0.2_seed7,rayleigh-zf-tx1.0-noise1.0_chan-layer2_mcsamples500_norm-spec_seed7_bounds.json
fcn-4,mnist,30.0,rayleigh_zf,0.0 dB,spec,channel_grad,0.001,0.1,1.0,0.05929164960980415,0.103656,0.06092483401298523,0.19285689060988825,✓,?,0.03176014135742351,0.10670000000000002,0.16653448565079176,✓,?,0.05808254631651999,11.709233283996582,0.06987057082401442,0.04448098689317703,600.0,0.009873414412140846,0.06092483401298523,0.009522297978401184,0.02739220000000002,0.10670000000000002,0.026000000000000023,fcn-4_mnist_learnt_gaussian_sig0.03_bounded-pmin1e-05_epoch30_bs250_lr0.001_mon0.95_dp0.2_objective-channel_gradient-chan1.0-rayleigh-zf-tx1.0-noise1.0-spec-kl0.1_perc-pri0.5_epoch-pri20_bs-pri250_lr-pri0.005_mom-pri0.99_dp-pri0.2_seed7,rayleigh-zf-tx1.0-noise1.0_chan-layer2_mcsamples500_norm-spec_seed7_bounds.json
fcn-4,mnist,30.0,rayleigh_zf,0.0 dB,spec,channel_grad,0.001,1.0,0.01,0.05923125892877579,0.1031316,0.060940253734588626,0.15205094115986062,✓,?,0.03297552764664396,0.10599999999999998,0.12494736034462314,✓,?,0.06007910846188141,0.007934272289276123,0.07483841240598534,0.04764361307024956,600.0,0.01060488261282444,0.060940253734588626,0.01009792760014534,0.02882740000000001,0.10599999999999998,0.027599999999999958,fcn-4_mnist_learnt_gaussian_sig0.03_bounded-pmin1e-05_epoch30_bs250_lr0.001_mon0.95_dp0.2_objective-channel_gradient-chan0.01-rayleigh-zf-tx1.0-noise1.0-spec-kl1.0_perc-pri0.5_epoch-pri20_bs-pri250_lr-pri0.005_mom-pri0.99_dp-pri0.2_seed7,rayleigh-zf-tx1.0-noise1.0_chan-layer2_mcsamples500_norm-spec_seed7_bounds.json
fcn-4,mnist,30.0,rayleigh_zf,0.0 dB,spec,channel_grad,0.001,1.0,0.1,0.0592188835144043,0.1030962,0.060930514335632326,0.15203228918534722,✓,?,0.03293655624920511,0.10609999999999997,0.12497326634180009,✓,?,0.059995579092752244,0.03800186514854431,0.07478053936676952,0.04760676994919777,600.0,0.010581421665847301,0.060930514335632326,0.010081715136766433,0.02876693333333333,0.10609999999999997,0.02739999999999998,fcn-4_mnist_learnt_gaussian_sig0.03_bounded-pmin1e-05_epoch30_bs250_lr0.001_mon0.95_dp0.2_objective-channel_gradient-chan0.1-rayleigh-zf-tx1.0-noise1.0-spec-kl1.0_perc-pri0.5_epoch-pri20_bs-pri250_lr-pri0.005_mom-pri0.99_dp-pri0.2_seed7,rayleigh-zf-tx1.0-noise1.0_chan-layer2_mcsamples500_norm-spec_seed7_bounds.json
fcn-4,mnist,30.0,rayleigh_zf,0.0 dB,spec,channel_grad,0.001,1.0,1.0,0.05904024839401245,0.102737,0.06076645851135254,0.15602029885565466,✓,?,0.0326606523094823,0.10609999999999997,0.12923906749860897,✓,?,0.059441883666527986,1.392447829246521,0.07379274196961443,0.04697791859507561,600.0,0.010414524003863335,0.06076645851135254,0.009957043826580048,0.02836813333333337,0.10609999999999997,0.026800000000000046,fcn-4_mnist_learnt_gaussian_sig0.03_bounded-pmin1e-05_epoch30_bs250_lr0.001_mon0.95_dp0.2_objective-channel_gradient-chan1.0-rayleigh-zf-tx1.0-noise1.0-spec-kl1.0_perc-pri0.5_epoch-pri20_bs-pri250_lr-pri0.005_mom-pri0.99_dp-pri0.2_seed7,rayleigh-zf-tx1.0-noise1.0_chan-layer2_mcsamples500_norm-spec_seed7_bounds.json
fcn-4,mnist,50.0,rayleigh_zf,0.0 dB,spec,vanilla,0.001,1.0,0.0,0.06258725374937057,0.1117532,0.06096288561820984,1.1603416481790003,✓,-,0.026661793159186476,0.11240000000000006,1.1358365684332887,✓,-,0.05116687290489824,222.75425720214844,0.18268329954984266,0.11629980057477951,600.0,0.0069275060668587685,0.06096288561820984,0.00760030448436737,0.022516133333333358,0.11240000000000006,0.024900000000000033,fcn-4_mnist_learnt_gaussian_sig0.03_bounded-pmin1e-05_epoch50_bs250_lr0.001_mon0.95_dp0.2_objective-vanilla_perc-pri0.5_epoch-pri20_bs-pri250_lr-pri0.005_mom-pri0.99_dp-pri0.2_seed7,rayleigh-zf-tx1.0-noise1.0_chan-layer2_mcsamples500_norm-spec_seed7_bounds.json
fcn-4,mnist,50.0,rayleigh_zf,0.0 dB,spec,channel_grad,0.001,0.0001,0.0001,0.06245297193527222,0.11157940000000001,0.05824984908103943,0.9724632501602173,✓,✓,0.026781667371755084,0.10599999999999998,0.9478253126144409,✓,✓,0.05141956517640846,207.08233642578125,0.058532592906010275,0.03726300597190857,600.0,0.00699425395578146,0.05824984908103943,0.007927554100751877,0.022691000000000017,0.10599999999999998,0.024700000000000055,fcn-4_mnist_learnt_gaussian_sig0.03_bounded-pmin1e-05_epoch50_bs250_lr0.001_mon0.95_dp0.2_objective-channel_gradient-chan0.0001-rayleigh-zf-tx1.0-noise1.0-spec-kl0.0001_perc-pri0.5_epoch-pri20_bs-pri250_lr-pri0.005_mom-pri0.99_dp-pri0.2_seed7,rayleigh-zf-tx1.0-noise1.0_chan-layer2_mcsamples500_norm-spec_seed7_bounds.json
fcn-4,mnist,50.0,rayleigh_zf,0.0 dB,spec,channel_grad,0.001,0.0001,0.001,0.06248310208320618,0.11165420000000001,0.05828002691268921,0.9785346984863281,✓,✓,0.02676703745317927,0.10609999999999997,0.9539068937301636,✓,✓,0.051394870567530185,208.5980224609375,0.05844096742086961,0.03720467537641525,600.0,0.006986090447753668,0.05828002691268921,0.007921504229307175,0.0226742,0.10609999999999997,0.024700000000000055,fcn-4_mnist_learnt_gaussian_sig0.03_bounded-pmin1e-05_epoch50_bs250_lr0.001_mon0.95_dp0.2_objective-channel_gradient-chan0.001-rayleigh-zf-tx1.0-noise1.0-spec-kl0.0001_perc-pri0.5_epoch-pri20_bs-pri250_lr-pri0.005_mom-pri0.99_dp-pri0.2_seed7,rayleigh-zf-tx1.0-noise1.0_chan-layer2_mcsamples500_norm-spec_seed7_bounds.json
fcn-4,mnist,50.0,rayleigh_zf,0.0 dB,spec,channel_grad,0.001,0.0001,0.01,0.06279919296503067,0.11245619999999999,0.058576905727386476,1.0449635982513428,✓,✗,0.02661812541032404,0.10660000000000003,1.0204010009765625,✓,✗,0.051180658345755976,225.14224243164062,0.0575426069834086,0.03663276135921478,600.0,0.006903245113790035,0.058576905727386476,0.00785430520772934,0.02252553333333336,0.10660000000000003,0.024700000000000055,fcn-4_mnist_learnt_gaussian_sig0.03_bounded-pmin1e-05_epoch50_bs250_lr0.001_mon0.95_dp0.2_objective-channel_gradient-chan0.01-rayleigh-zf-tx1.0-noise1.0-spec-kl0.0001_perc-pri0.5_epoch-pri20_bs-pri250_lr-pri0.005_mom-pri0.99_dp-pri0.2_seed7,rayleigh-zf-tx1.0-noise1.0_chan-layer2_mcsamples500_norm-spec_seed7_bounds.json
fcn-4,mnist,50.0,rayleigh_zf,0.0 dB,spec,channel_grad,0.001,0.001,0.0001,0.061074148863554,0.10837600000000003,0.0568905234336853,0.5444276928901672,✓,✓,0.02815384430388852,0.10170000000000001,0.5192185640335083,✓,✓,0.0533629343054298,100.84827423095703,0.06225235470616288,0.03963107988238335,600.0,0.007767233531922102,0.0568905234336853,0.00841289609670639,0.024047866666666674,0.10170000000000001,0.026000000000000023,fcn-4_mnist_learnt_gaussian_sig0.03_bounded-pmin1e-05_epoch50_bs250_lr0.001_mon0.95_dp0.2_objective-channel_gradient-chan0.0001-rayleigh-zf-tx1.0-noise1.0-spec-kl0.001_perc-pri0.5_epoch-pri20_bs-pri250_lr-pri0.005_mom-pri0.99_dp-pri0.2_seed7,rayleigh-zf-tx1.0-noise1.0_chan-layer2_mcsamples500_norm-spec_seed7_bounds.json
fcn-4,mnist,50.0,rayleigh_zf,0.0 dB,spec,channel_grad,0.001,0.001,0.001,0.061095137149095535,0.10843040000000004,0.05691039562225342,0.5476223826408386,✓,✓,0.028140705877826216,0.10170000000000001,0.5224155783653259,✓,✓,0.05334748163301231,101.65752410888672,0.06215878646581295,0.03957151249051094,600.0,0.007759616244584322,0.05691039562225342,0.008405722677707672,0.024036733333333338,0.10170000000000001,0.025900000000000034,fcn-4_mnist_learnt_gaussian_sig0.03_bounded-pmin1e-05_epoch50_bs250_lr0.001_mon0.95_dp0.2_objective-channel_gradient-chan0.001-rayleigh-zf-tx1.0-noise1.0-spec-kl0.001_perc-pri0.5_epoch-pri20_bs-pri250_lr-pri0.005_mom-pri0.99_dp-pri0.2_seed7,rayleigh-zf-tx1.0-noise1.0_chan-layer2_mcsamples500_norm-spec_seed7_bounds.json
fcn-4,mnist,50.0,rayleigh_zf,0.0 dB,spec,channel_grad,0.001,0.001,0.01,0.06131257489323616,0.10897960000000002,0.0571181058883667,0.5806573033332825,✓,✓,0.028009429421960563,0.1028,0.5554875731468201,✓,✓,0.05317916472945848,109.94879913330078,0.06151302516726284,0.039160408079624176,600.0,0.007685007527470589,0.0571181058883667,0.008343786001205444,0.02391886666666667,0.1028,0.025800000000000045,fcn-4_mnist_learnt_gaussian_sig0.03_bounded-pmin1e-05_epoch50_bs250_lr0.001_mon0.95_dp0.2_objective-channel_gradient-chan0.01-rayleigh-zf-tx1.0-noise1.0-spec-kl0.001_perc-pri0.5_epoch-pri20_bs-pri250_lr-pri0.005_mom-pri0.99_dp-pri0.2_seed7,rayleigh-zf-tx1.0-noise1.0_chan-layer2_mcsamples500_norm-spec_seed7_bounds.json
fcn-4,mnist,50.0,rayleigh_zf,0.0 dB,spec,channel_grad,0.001,0.01,0.0001,0.05896236374974251,0.1029944,0.054838788509368894,0.17098724842071533,✓,✓,0.031423279080686886,0.09630000000000005,0.1447226107120514,✓,✓,0.05768790031967578,6.080564975738525,0.07137451497789654,0.04543842747807503,600.0,0.009672358632087708,0.054838788509368894,0.009688181430101394,0.027110200000000004,0.09630000000000005,0.027200000000000002,fcn-4_mnist_learnt_gaussian_sig0.03_bounded-pmin1e-05_epoch50_bs250_lr0.001_mon0.95_dp0.2_objective-channel_gradient-chan0.0001-rayleigh-zf-tx1.0-noise1.0-spec-kl0.01_perc-pri0.5_epoch-pri20_bs-pri250_lr-pri0.005_mom-pri0.99_dp-pri0.2_seed7,rayleigh-zf-tx1.0-noise1.0_chan-layer2_mcsamples500_norm-spec_seed7_bounds.json
fcn-4,mnist,50.0,rayleigh_zf,0.0 dB,spec,channel_grad,0.001,0.01,0.001,0.05896336957812309,0.1029962,0.05484024882316589,0.17119860649108887,✓,✓,0.03141745482852523,0.09630000000000005,0.1449373960494995,✓,✓,0.05767865970567511,6.140198230743408,0.0713516641974984,0.045423880219459534,600.0,0.00966881774365902,0.05484024882316589,0.00968489795923233,0.027103533333333332,0.09630000000000005,0.027200000000000002,fcn-4_mnist_learnt_gaussian_sig0.03_bounded-pmin1e-05_epoch50_bs250_lr0.001_mon0.95_dp0.2_objective-channel_gradient-chan0.001-rayleigh-zf-tx1.0-noise1.0-spec-kl0.01_perc-pri0.5_epoch-pri20_bs-pri250_lr-pri0.005_mom-pri0.99_dp-pri0.2_seed7,rayleigh-zf-tx1.0-noise1.0_chan-layer2_mcsamples500_norm-spec_seed7_bounds.json
fcn-4,mnist,50.0,rayleigh_zf,0.0 dB,spec,channel_grad,0.001,0.01,0.01,0.05896439775824547,0.10304020000000003,0.0548477828502655,0.1732707982199099,✓,✓,0.03136193443496963,0.09630000000000005,0.1470298311355424,✓,✓,0.05760290151933714,6.73196268081665,0.0710837453804614,0.045253317803144455,600.0,0.009635710157454014,0.0548477828502655,0.009653192758560181,0.02704926666666665,0.09630000000000005,0.027100000000000013,fcn-4_mnist_learnt_gaussian_sig0.03_bounded-pmin1e-05_epoch50_bs250_lr0.001_mon0.95_dp0.2_objective-channel_gradient-chan0.01-rayleigh-zf-tx1.0-noise1.0-spec-kl0.01_perc-pri0.5_epoch-pri20_bs-pri250_lr-pri0.005_mom-pri0.99_dp-pri0.2_seed7,rayleigh-zf-tx1.0-noise1.0_chan-layer2_mcsamples500_norm-spec_seed7_bounds.json
fcn-4,mnist,50.0,rayleigh_zf,0.0 dB,spec,channel_grad,0.001,0.01,0.1,0.05914811044931412,0.1037488,0.0550676167011261,0.20181903695204334,✓,✓,0.03088988650433885,0.09709999999999996,0.1757335170817738,✓,✓,0.056975406374608406,14.379720687866211,0.06903763793473056,0.043950725346803665,600.0,0.009355922229588032,0.0550676167011261,0.009393122047185898,0.02660173333333334,0.09709999999999996,0.026599999999999957,fcn-4_mnist_learnt_gaussian_sig0.03_bounded-pmin1e-05_epoch50_bs250_lr0.001_mon0.95_dp0.2_objective-channel_gradient-chan0.1-rayleigh-zf-tx1.0-noise1.0-spec-kl0.01_perc-pri0.5_epoch-pri20_bs-pri250_lr-pri0.005_mom-pri0.99_dp-pri0.2_seed7,rayleigh-zf-tx1.0-noise1.0_chan-layer2_mcsamples500_norm-spec_seed7_bounds.json
fcn-4,mnist,50.0,rayleigh_zf,0.0 dB,spec,channel_grad,0.001,0.01,1.0,0.06314271688461304,0.11385040000000002,0.05876833200454712,0.8946705292048112,✓,✗,0.028434629963126744,0.10709999999999997,0.8689491973575177,✓,✗,0.05415596181042018,187.39605712890625,0.05837233900793504,0.03716098517179489,600.0,0.007927368395030499,0.05876833200454712,0.008316944539546966,0.02460460000000001,0.10709999999999997,0.02629999999999999,fcn-4_mnist_learnt_gaussian_sig0.03_bounded-pmin1e-05_epoch50_bs250_lr0.001_mon0.95_dp0.2_objective-channel_gradient-chan1.0-rayleigh-zf-tx1.0-noise1.0-spec-kl0.01_perc-pri0.5_epoch-pri20_bs-pri250_lr-pri0.005_mom-pri0.99_dp-pri0.2_seed7,rayleigh-zf-tx1.0-noise1.0_chan-layer2_mcsamples500_norm-spec_seed7_bounds.json
fcn-4,mnist,50.0,rayleigh_zf,0.0 dB,spec,channel_grad,0.001,0.1,0.01,0.059120990335941315,0.10289240000000002,0.054907065629959104,0.15313067655566298,✓,✓,0.03267883183393536,0.0958,0.1261942634984563,✓,✓,0.05961524489114204,0.1812257170677185,0.07567455201169895,0.04817591607570648,600.0,0.010425398126244545,0.054907065629959104,0.010296278446912766,0.028492666666666642,0.0958,0.028299999999999992,fcn-4_mnist_learnt_gaussian_sig0.03_bounded-pmin1e-05_epoch50_bs250_lr0.001_mon0.95_dp0.2_objective-channel_gradient-chan0.01-rayleigh-zf-tx1.0-noise1.0-spec-kl0.1_perc-pri0.5_epoch-pri20_bs-pri250_lr-pri0.005_mom-pri0.99_dp-pri0.2_seed7,rayleigh-zf-tx1.0-noise1.0_chan-layer2_mcsamples500_norm-spec_seed7_bounds.json
fcn-4,mnist,50.0,rayleigh_zf,0.0 dB,spec,channel_grad,0.001,0.1,0.1,0.05901532247662544,0.10273180000000003,0.05483362078666687,0.15368026446698924,✓,✓,0.032560237090235034,0.09550000000000003,0.1268414705078634,✓,✓,0.05939903104936088,0.5133553743362427,0.07508444011688416,0.04780023917555809,600.0,0.010353798978030682,0.05483362078666687,0.010219048708677292,0.02833726666666668,0.09550000000000003,0.028000000000000025,fcn-4_mnist_learnt_gaussian_sig0.03_bounded-pmin1e-05_epoch50_bs250_lr0.001_mon0.95_dp0.2_objective-channel_gradient-chan0.1-rayleigh-zf-tx1.0-noise1.0-spec-kl0.1_perc-pri0.5_epoch-pri20_bs-pri250_lr-pri0.005_mom-pri0.99_dp-pri0.2_seed7,rayleigh-zf-tx1.0-noise1.0_chan-layer2_mcsamples500_norm-spec_seed7_bounds.json
fcn-4,mnist,50.0,rayleigh_zf,0.0 dB,spec,channel_grad,0.001,0.1,1.0,0.05919638276100159,0.10352059999999999,0.05513626933097839,0.20796895236712126,✓,✓,0.032031127094416176,0.09760000000000002,0.18123849107131218,✓,✓,0.05876158839022527,14.740337371826172,0.07192915988679759,0.04579152539372444,600.0,0.010035637766122818,0.05513626933097839,0.009796492010354995,0.027878933333333335,0.09760000000000002,0.02729999999999999,fcn-4_mnist_learnt_gaussian_sig0.03_bounded-pmin1e-05_epoch50_bs250_lr0.001_mon0.95_dp0.2_objective-channel_gradient-chan1.0-rayleigh-zf-tx1.0-noise1.0-spec-kl0.1_perc-pri0.5_epoch-pri20_bs-pri250_lr-pri0.005_mom-pri0.99_dp-pri0.2_seed7,rayleigh-zf-tx1.0-noise1.0_chan-layer2_mcsamples500_norm-spec_seed7_bounds.json
fcn-4,mnist,50.0,rayleigh_zf,0.0 dB,spec,channel_grad,0.001,1.0,0.01,0.059279412031173706,0.1031428,0.05503252148628235,0.1537064859002115,✓,✓,0.03291227060573587,0.0968,0.1265762484774462,✓,✓,0.06004250802850118,0.006552398204803467,0.07653619905704268,0.0487244576215744,600.0,0.01056671142578125,0.05503252148628235,0.01042163223028183,0.028801066666666705,0.0968,0.028299999999999992,fcn-4_mnist_learnt_gaussian_sig0.03_bounded-pmin1e-05_epoch50_bs250_lr0.001_mon0.95_dp0.2_objective-channel_gradient-chan0.01-rayleigh-zf-tx1.0-noise1.0-spec-kl1.0_perc-pri0.5_epoch-pri20_bs-pri250_lr-pri0.005_mom-pri0.99_dp-pri0.2_seed7,rayleigh-zf-tx1.0-noise1.0_chan-layer2_mcsamples500_norm-spec_seed7_bounds.json
fcn-4,mnist,50.0,rayleigh_zf,0.0 dB,spec,channel_grad,0.001,1.0,0.1,0.059237897396087646,0.10308759999999997,0.055002355575561525,0.1536562848882127,✓,✓,0.03289330489005202,0.0968,0.12654953567886867,✓,✓,0.060000054099396086,0.027413666248321533,0.07644328620399225,0.048665307462215424,600.0,0.010555030778050423,0.055002355575561525,0.010405857115983963,0.028770600000000004,0.0968,0.028200000000000003,fcn-4_mnist_learnt_gaussian_sig0.03_bounded-pmin1e-05_epoch50_bs250_lr0.001_mon0.95_dp0.2_objective-channel_gradient-chan0.1-rayleigh-zf-tx1.0-noise1.0-spec-kl1.0_perc-pri0.5_epoch-pri20_bs-pri250_lr-pri0.005_mom-pri0.99_dp-pri0.2_seed7,rayleigh-zf-tx1.0-noise1.0_chan-layer2_mcsamples500_norm-spec_seed7_bounds.json
fcn-4,mnist,50.0,rayleigh_zf,0.0 dB,spec,channel_grad,0.001,1.0,1.0,0.05879570171236992,0.10237579999999999,0.05468814373016358,0.15658609726988704,✓,✓,0.032743512142705836,0.09640000000000004,0.12962516083295922,✓,✓,0.059704448579633654,1.0328776836395264,0.07556391444320014,0.04810548201203346,600.0,0.010464535094797611,0.05468814373016358,0.010270889103412627,0.028557066666666672,0.09640000000000004,0.028299999999999992,fcn-4_mnist_learnt_gaussian_sig0.03_bounded-pmin1e-05_epoch50_bs250_lr0.001_mon0.95_dp0.2_objective-channel_gradient-chan1.0-rayleigh-zf-tx1.0-noise1.0-spec-kl1.0_perc-pri0.5_epoch-pri20_bs-pri250_lr-pri0.005_mom-pri0.99_dp-pri0.2_seed7,rayleigh-zf-tx1.0-noise1.0_chan-layer2_mcsamples500_norm-spec_seed7_bounds.json
fcn-4,mnist,3.0,rayleigh_zf,10.0 dB,frob,channel_grad,0.001,0.0,0.0,0.016518596559762955,0.03985,0.016562898457050324,0.5346893068171569,✓,?,0.4438841040934232,0.040000000000000036,0.4957872664845526,✓,?,0.4827861444260275,0.24443817138671875,0.03380421897418985,0.06805358827114105,600.0,0.010739012621343136,0.016562898457050324,0.010324015468358993,0.02906333333333333,0.040000000000000036,0.027800000000000047,fcn-4_mnist_learnt_gaussian_sig0.03_bounded-pmin1e-05_epoch3_bs250_lr0.001_mon0.95_dp0.2_objective-channel_gradient_perc-pri0.5_epoch-pri20_bs-pri250_lr-pri0.005_mom-pri0.99_dp-pri0.2_seed7,rayleigh-zf-tx1.0-noise0.1_chan-layer2_mcsamples10_norm-frob_seed7_bounds.json
fcn-4,mnist,5.0,rayleigh_zf,10.0 dB,frob,channel_grad,0.001,0.01,0.01,0.016121504828333855,0.038701999999999986,0.01649964600801468,0.12394022941589355,✓,?,0.03175094451489836,0.03990000000000005,0.09766244888305664,✓,?,0.058028726002527585,4.071033000946045,0.03219055013512417,0.06480500102043152,600.0,0.00986787211149931,0.01649964600801468,0.009169123321771621,0.027353866666666664,0.03990000000000005,0.02859999999999996,fcn-4_mnist_learnt_gaussian_sig0.03_bounded-pmin1e-05_epoch5_bs250_lr0.001_mon0.95_dp0.2_objective-channel_gradient-chan0.01-rayleigh-zf-tx1.0-noise0.1-frob-kl0.01_perc-pri0.5_epoch-pri20_bs-pri250_lr-pri0.005_mom-pri0.99_dp-pri0.2_seed7,rayleigh-zf-tx1.0-noise0.1_chan-layer2_mcsamples500_norm-frob_seed7_bounds.json
fcn-4,mnist,5.0,rayleigh_zf,10.0 dB,frob,channel_grad,0.001,0.01,0.1,0.015995843335986137,0.0384756,0.016381414234638215,0.132084921002388,✓,?,0.03153542011897956,0.03949999999999998,0.10596276819705963,✓,?,0.05765757165254465,6.265392303466797,0.03174796421177653,0.06391400098800659,600.0,0.009739221073687077,0.016381414234638215,0.009036321192979813,0.027088466666666634,0.03949999999999998,0.028299999999999992,fcn-4_mnist_learnt_gaussian_sig0.03_bounded-pmin1e-05_epoch5_bs250_lr0.001_mon0.95_dp0.2_objective-channel_gradient-chan0.1-rayleigh-zf-tx1.0-noise0.1-frob-kl0.01_perc-pri0.5_epoch-pri20_bs-pri250_lr-pri0.005_mom-pri0.99_dp-pri0.2_seed7,rayleigh-zf-tx1.0-noise0.1_chan-layer2_mcsamples500_norm-frob_seed7_bounds.json
fcn-4,mnist,5.0,rayleigh_zf,10.0 dB,frob,channel_grad,0.001,0.01,1.0,0.015475927852094173,0.0379448,0.01582725942134857,0.28734540939331055,✓,?,0.03015313640876934,0.03810000000000002,0.26189368963241577,✓,?,0.05560486819887865,45.44696807861328,0.029103048113812594,0.05858933925628662,600.0,0.008922119624912739,0.01582725942134857,0.008301490545272827,0.025628266666666663,0.03810000000000002,0.026499999999999968,fcn-4_mnist_learnt_gaussian_sig0.03_bounded-pmin1e-05_epoch5_bs250_lr0.001_mon0.95_dp0.2_objective-channel_gradient-chan1.0-rayleigh-zf-tx1.0-noise0.1-frob-kl0.01_perc-pri0.5_epoch-pri20_bs-pri250_lr-pri0.005_mom-pri0.99_dp-pri0.2_seed7,rayleigh-zf-tx1.0-noise0.1_chan-layer2_mcsamples500_norm-frob_seed7_bounds.json
fcn-4,mnist,5.0,rayleigh_zf,10.0 dB,frob,channel_grad,0.001,0.1,0.01,0.01663244515657425,0.03957480000000001,0.01695921868085861,0.11128735542297363,✓,?,0.03272491079955192,0.04079999999999995,0.08443863689899445,✓,?,0.05957362172003644,0.1820157766342163,0.033869625378037414,0.06818526238203049,600.0,0.01045322883874178,0.01695921868085861,0.009702867269515992,0.02846306666666668,0.04079999999999995,0.02939999999999998,fcn-4_mnist_learnt_gaussian_sig0.03_bounded-pmin1e-05_epoch5_bs250_lr0.001_mon0.95_dp0.2_objective-channel_gradient-chan0.01-rayleigh-zf-tx1.0-noise0.1-frob-kl0.1_perc-pri0.5_epoch-pri20_bs-pri250_lr-pri0.005_mom-pri0.99_dp-pri0.2_seed7,rayleigh-zf-tx1.0-noise0.1_chan-layer2_mcsamples500_norm-frob_seed7_bounds.json
fcn-4,mnist,5.0,rayleigh_zf,10.0 dB,frob,channel_grad,0.001,0.1,0.1,0.016584286466240883,0.039481200000000015,0.0169100746512413,0.11153887212276459,✓,?,0.03265602091558431,0.04039999999999999,0.0847598984837532,✓,?,0.059434996717052546,0.3113424777984619,0.03373179932215063,0.06790779531002045,600.0,0.010411716997623444,0.0169100746512413,0.009656941890716553,0.028362933333333343,0.04039999999999999,0.029200000000000004,fcn-4_mnist_learnt_gaussian_sig0.03_bounded-pmin1e-05_epoch5_bs250_lr0.001_mon0.95_dp0.2_objective-channel_gradient-chan0.1-rayleigh-zf-tx1.0-noise0.1-frob-kl0.1_perc-pri0.5_epoch-pri20_bs-pri250_lr-pri0.005_mom-pri0.99_dp-pri0.2_seed7,rayleigh-zf-tx1.0-noise0.1_chan-layer2_mcsamples500_norm-frob_seed7_bounds.json
fcn-4,mnist,5.0,rayleigh_zf,10.0 dB,frob,channel_grad,0.001,0.1,1.0,0.016307970508933067,0.038992799999999994,0.016615669429302215,0.1218196228146553,✓,?,0.03220359595562111,0.03949999999999998,0.09540695697069168,✓,?,0.058616258260415686,3.2647595405578613,0.0327740079735996,0.06597959995269775,600.0,0.010139133781194687,0.016615669429302215,0.009362711757421493,0.027774800000000002,0.03949999999999998,0.02849999999999997,fcn-4_mnist_learnt_gaussian_sig0.03_bounded-pmin1e-05_epoch5_bs250_lr0.001_mon0.95_dp0.2_objective-channel_gradient-chan1.0-rayleigh-zf-tx1.0-noise0.1-frob-kl0.1_perc-pri0.5_epoch-pri20_bs-pri250_lr-pri0.005_mom-pri0.99_dp-pri0.2_seed7,rayleigh-zf-tx1.0-noise0.1_chan-layer2_mcsamples500_norm-frob_seed7_bounds.json
fcn-4,mnist,5.0,rayleigh_zf,10.0 dB,frob,channel_grad,0.001,1.0,0.01,0.016779711470007896,0.0398658,0.01709994673728943,0.11148941516876221,✓,?,0.03297941526376448,0.041100000000000025,0.08444510400295258,✓,?,0.06002372366688495,0.004410207271575928,0.034346652086436,0.06914559751749039,600.0,0.010607412084937096,0.01709994673728943,0.009851878881454468,0.028787400000000008,0.041100000000000025,0.02939999999999998,fcn-4_mnist_learnt_gaussian_sig0.03_bounded-pmin1e-05_epoch5_bs250_lr0.001_mon0.95_dp0.2_objective-channel_gradient-chan0.01-rayleigh-zf-tx1.0-noise0.1-frob-kl1.0_perc-pri0.5_epoch-pri20_bs-pri250_lr-pri0.005_mom-pri0.99_dp-pri0.2_seed7,rayleigh-zf-tx1.0-noise0.1_chan-layer2_mcsamples500_norm-frob_seed7_bounds.json
fcn-4,mnist,5.0,rayleigh_zf,10.0 dB,frob,channel_grad,0.001,1.0,0.1,0.0167755875736475,0.039858599999999994,0.017095401883125305,0.11148384213447571,✓,?,0.032974437796068665,0.041100000000000025,0.08444476127624512,✓,?,0.06001352489353294,0.009223610162734985,0.034331633742815025,0.06911536306142807,600.0,0.010604250244796276,0.017095401883125305,0.009847992658615112,0.028779733333333345,0.041100000000000025,0.029299999999999993,fcn-4_mnist_learnt_gaussian_sig0.03_bounded-pmin1e-05_epoch5_bs250_lr0.001_mon0.95_dp0.2_objective-channel_gradient-chan0.1-rayleigh-zf-tx1.0-noise0.1-frob-kl1.0_perc-pri0.5_epoch-pri20_bs-pri250_lr-pri0.005_mom-pri0.99_dp-pri0.2_seed7,rayleigh-zf-tx1.0-noise0.1_chan-layer2_mcsamples500_norm-frob_seed7_bounds.json
fcn-4,mnist,5.0,rayleigh_zf,10.0 dB,frob,channel_grad,0.001,1.0,1.0,0.016744380816817284,0.0398048,0.017061398923397066,0.11211210489273071,✓,?,0.03293052976412704,0.04079999999999995,0.08511751890182495,✓,?,0.059925107860975976,0.20336151123046875,0.03425574632636653,0.06896258890628815,600.0,0.010577669367194176,0.017061398923397066,0.00981484055519104,0.028716133333333334,0.04079999999999995,0.02939999999999998,fcn-4_mnist_learnt_gaussian_sig0.03_bounded-pmin1e-05_epoch5_bs250_lr0.001_mon0.95_dp0.2_objective-channel_gradient-chan1.0-rayleigh-zf-tx1.0-noise0.1-frob-kl1.0_perc-pri0.5_epoch-pri20_bs-pri250_lr-pri0.005_mom-pri0.99_dp-pri0.2_seed7,rayleigh-zf-tx1.0-noise0.1_chan-layer2_mcsamples500_norm-frob_seed7_bounds.json
fcn-4,mnist,10.0,rayleigh_zf,10.0 dB,frob,vanilla,0.001,1.0,0.0,0.01563936285674572,0.0381594,0.014841872453689575,0.18190306607452408,✓,-,0.030307195135002792,0.03610000000000002,0.1560212777706971,✓,-,0.056188983438829776,24.68744468688965,0.007826982981243406,0.015757035464048386,600.0,0.009012429974973202,0.014841872453689575,0.00891980603337288,0.02604213333333335,0.03610000000000002,0.026800000000000046,fcn-4_mnist_learnt_gaussian_sig0.03_bounded-pmin1e-05_epoch10_bs250_lr0.001_mon0.95_dp0.2_objective-vanilla_perc-pri0.5_epoch-pri20_bs-pri250_lr-pri0.005_mom-pri0.99_dp-pri0.2_seed7,rayleigh-zf-tx1.0-noise0.1_chan-layer2_mcsamples500_norm-frob_seed7_bounds.json
fcn-4,mnist,10.0,rayleigh_zf,10.0 dB,frob,channel_grad,0.001,0.01,0.01,0.0161424707621336,0.038739800000000005,0.017091092467308045,0.12948584074556566,✓,✗,0.03154743627593737,0.03949999999999998,0.10318833290901222,✓,✗,0.057844944112490804,5.7638258934021,0.031009147196935163,0.06242663785815239,600.0,0.009746196679770947,0.017091092467308045,0.00957515463232994,0.027222533333333337,0.03949999999999998,0.02739999999999998,fcn-4_mnist_learnt_gaussian_sig0.03_bounded-pmin1e-05_epoch10_bs250_lr0.001_mon0.95_dp0.2_objective-channel_gradient-chan0.01-rayleigh-zf-tx1.0-noise0.1-frob-kl0.01_perc-pri0.5_epoch-pri20_bs-pri250_lr-pri0.005_mom-pri0.99_dp-pri0.2_seed7,rayleigh-zf-tx1.0-noise0.1_chan-layer2_mcsamples500_norm-frob_seed7_bounds.json
fcn-4,mnist,10.0,rayleigh_zf,10.0 dB,frob,channel_grad,0.001,0.01,0.1,0.016031010076403618,0.03858740000000001,0.016977460682392122,0.1406226846293644,✓,✗,0.031299872427370756,0.03990000000000005,0.11448160756197984,✓,✗,0.05744094949475532,8.70150089263916,0.030556977734699783,0.06151634454727173,600.0,0.009598813019692898,0.016977460682392122,0.009435464441776276,0.0269338,0.03990000000000005,0.027100000000000013,fcn-4_mnist_learnt_gaussian_sig0.03_bounded-pmin1e-05_epoch10_bs250_lr0.001_mon0.95_dp0.2_objective-channel_gradient-chan0.1-rayleigh-zf-tx1.0-noise0.1-frob-kl0.01_perc-pri0.5_epoch-pri20_bs-pri250_lr-pri0.005_mom-pri0.99_dp-pri0.2_seed7,rayleigh-zf-tx1.0-noise0.1_chan-layer2_mcsamples500_norm-frob_seed7_bounds.json
fcn-4,mnist,10.0,rayleigh_zf,10.0 dB,frob,channel_grad,0.001,0.01,1.0,0.015631984919309616,0.038408000000000005,0.01650858372449875,0.3477837265344058,✓,✓,0.02970996961060194,0.040200000000000014,0.3224391544993607,✓,✗,0.055054541645647034,60.74687957763672,0.02763005874190323,0.055623963475227356,600.0,0.008663439191877842,0.01650858372449875,0.00867481753230095,0.025238866666666665,0.040200000000000014,0.026599999999999957,fcn-4_mnist_learnt_gaussian_sig0.03_bounded-pmin1e-05_epoch10_bs250_lr0.001_mon0.95_dp0.2_objective-channel_gradient-chan1.0-rayleigh-zf-tx1.0-noise0.1-frob-kl0.01_perc-pri0.5_epoch-pri20_bs-pri250_lr-pri0.005_mom-pri0.99_dp-pri0.2_seed7,rayleigh-zf-tx1.0-noise0.1_chan-layer2_mcsamples500_norm-frob_seed7_bounds.json
fcn-4,mnist,10.0,rayleigh_zf,10.0 dB,frob,channel_grad,0.001,0.1,0.01,0.01671876572072506,0.03968539999999999,0.017652930319309236,0.11050556069732392,✓,✗,0.032789731631173546,0.0403,0.08352380851323839,✓,✗,0.05977148381525908,0.16095036268234253,0.03297597101690665,0.06638618558645248,600.0,0.010492511093616486,0.017652930319309236,0.010209949314594268,0.028605266666666695,0.0403,0.027699999999999947,fcn-4_mnist_learnt_gaussian_sig0.03_bounded-pmin1e-05_epoch10_bs250_lr0.001_mon0.95_dp0.2_objective-channel_gradient-chan0.01-rayleigh-zf-tx1.0-noise0.1-frob-kl0.1_perc-pri0.5_epoch-pri20_bs-pri250_lr-pri0.005_mom-pri0.99_dp-pri0.2_seed7,rayleigh-zf-tx1.0-noise0.1_chan-layer2_mcsamples500_norm-frob_seed7_bounds.json
fcn-4,mnist,10.0,rayleigh_zf,10.0 dB,frob,channel_grad,0.001,0.1,0.1,0.016669658944010735,0.039572599999999986,0.017605869472026824,0.11070833174095403,✓,✗,0.032718839983957276,0.0403,0.08379899293411269,✓,✗,0.05962817879079861,0.28449302911758423,0.032817686261281884,0.06606753170490265,600.0,0.010449431836605072,0.017605869472026824,0.010165534913539886,0.028502199999999995,0.0403,0.027599999999999958,fcn-4_mnist_learnt_gaussian_sig0.03_bounded-pmin1e-05_epoch10_bs250_lr0.001_mon0.95_dp0.2_objective-channel_gradient-chan0.1-rayleigh-zf-tx1.0-noise0.1-frob-kl0.1_perc-pri0.5_epoch-pri20_bs-pri250_lr-pri0.005_mom-pri0.99_dp-pri0.2_seed7,rayleigh-zf-tx1.0-noise0.1_chan-layer2_mcsamples500_norm-frob_seed7_bounds.json
fcn-4,mnist,10.0,rayleigh_zf,10.0 dB,frob,channel_grad,0.001,0.1,1.0,0.01634625717997551,0.038977200000000004,0.017296621203422548,0.12094537748101705,✓,✗,0.03222067298984244,0.03969999999999996,0.09444394779239826,✓,✗,0.058722102678461216,3.296501636505127,0.03166433446539824,0.0637456402182579,600.0,0.01014935877174139,0.017296621203422548,0.009833310544490815,0.027850600000000003,0.03969999999999996,0.02749999999999997,fcn-4_mnist_learnt_gaussian_sig0.03_bounded-pmin1e-05_epoch10_bs250_lr0.001_mon0.95_dp0.2_objective-channel_gradient-chan1.0-rayleigh-zf-tx1.0-noise0.1-frob-kl0.1_perc-pri0.5_epoch-pri20_bs-pri250_lr-pri0.005_mom-pri0.99_dp-pri0.2_seed7,rayleigh-zf-tx1.0-noise0.1_chan-layer2_mcsamples500_norm-frob_seed7_bounds.json
fcn-4,mnist,10.0,rayleigh_zf,10.0 dB,frob,channel_grad,0.001,1.0,0.01,0.016866495832800865,0.0399996,0.01780204623937607,0.1108092822988948,✓,✗,0.033028620236450326,0.04049999999999998,0.08362892303865481,✓,✗,0.060208979496690324,0.004871726036071777,0.033479385302934,0.06739964336156845,600.0,0.01063700020313263,0.01780204623937607,0.010331792384386062,0.028921400000000003,0.04049999999999998,0.027800000000000047,fcn-4_mnist_learnt_gaussian_sig0.03_bounded-pmin1e-05_epoch10_bs250_lr0.001_mon0.95_dp0.2_objective-channel_gradient-chan0.01-rayleigh-zf-tx1.0-noise0.1-frob-kl1.0_perc-pri0.5_epoch-pri20_bs-pri250_lr-pri0.005_mom-pri0.99_dp-pri0.2_seed7,rayleigh-zf-tx1.0-noise0.1_chan-layer2_mcsamples500_norm-frob_seed7_bounds.json
fcn-4,mnist,10.0,rayleigh_zf,10.0 dB,frob,channel_grad,0.001,1.0,0.1,0.01686108484864235,0.039984000000000006,0.017797498404979704,0.11080859307853813,✓,✗,0.0330219210955566,0.04049999999999998,0.08363282944993373,✓,✗,0.06019768472416101,0.010803788900375366,0.03346577330987389,0.06737224012613297,600.0,0.010633042082190514,0.017797498404979704,0.010325805842876434,0.028912600000000024,0.04049999999999998,0.027800000000000047,fcn-4_mnist_learnt_gaussian_sig0.03_bounded-pmin1e-05_epoch10_bs250_lr0.001_mon0.95_dp0.2_objective-channel_gradient-chan0.1-rayleigh-zf-tx1.0-noise0.1-frob-kl1.0_perc-pri0.5_epoch-pri20_bs-pri250_lr-pri0.005_mom-pri0.99_dp-pri0.2_seed7,rayleigh-zf-tx1.0-noise0.1_chan-layer2_mcsamples500_norm-frob_seed7_bounds.json
fcn-4,mnist,10.0,rayleigh_zf,10.0 dB,frob,channel_grad,0.001,1.0,1.0,0.016817769035696983,0.039883,0.017761173844337463,0.11150003290773094,✓,✗,0.032971373961010034,0.04049999999999998,0.08438280965646572,✓,✗,0.06008859721227526,0.2498737871646881,0.0332903014700264,0.06701898574829102,600.0,0.010602563619613647,0.017761173844337463,0.010273976624011994,0.0288343333333333,0.04049999999999998,0.028000000000000025,fcn-4_mnist_learnt_gaussian_sig0.03_bounded-pmin1e-05_epoch10_bs250_lr0.001_mon0.95_dp0.2_objective-channel_gradient-chan1.0-rayleigh-zf-tx1.0-noise0.1-frob-kl1.0_perc-pri0.5_epoch-pri20_bs-pri250_lr-pri0.005_mom-pri0.99_dp-pri0.2_seed7,rayleigh-zf-tx1.0-noise0.1_chan-layer2_mcsamples500_norm-frob_seed7_bounds.json
fcn-4,mnist,20.0,rayleigh_zf,10.0 dB,frob,vanilla,0.001,1.0,0.0,0.015389556996524334,0.0381344,0.014593613147735596,0.34846318744060517,✓,-,0.02896635319372828,0.035800000000000054,0.32293245518399105,✓,-,0.05449708545034237,65.90060424804688,0.007826982981243406,0.015757035464048386,600.0,0.008232731372117996,0.014593613147735596,0.008407424390316009,0.02484513333333332,0.035800000000000054,0.02629999999999999,fcn-4_mnist_learnt_gaussian_sig0.03_bounded-pmin1e-05_epoch20_bs250_lr0.001_mon0.95_dp0.2_objective-vanilla_perc-pri0.5_epoch-pri20_bs-pri250_lr-pri0.005_mom-pri0.99_dp-pri0.2_seed7,rayleigh-zf-tx1.0-noise0.1_chan-layer2_mcsamples500_norm-frob_seed7_bounds.json
fcn-4,mnist,20.0,rayleigh_zf,10.0 dB,frob,channel_grad,0.001,0.01,0.01,0.01608988270163536,0.03867639999999999,0.015400770306587219,0.13211228951267598,✓,✗,0.031442311917168494,0.039000000000000035,0.10586071291195212,✓,✗,0.05769388851789234,6.530143737792969,0.0306581720593987,0.06172006577253342,600.0,0.009683610871434212,0.015400770306587219,0.009508422762155532,0.027114466666666656,0.039000000000000035,0.026800000000000046,fcn-4_mnist_learnt_gaussian_sig0.03_bounded-pmin1e-05_epoch20_bs250_lr0.001_mon0.95_dp0.2_objective-channel_gradient-chan0.01-rayleigh-zf-tx1.0-noise0.1-frob-kl0.01_perc-pri0.5_epoch-pri20_bs-pri250_lr-pri0.005_mom-pri0.99_dp-pri0.2_seed7,rayleigh-zf-tx1.0-noise0.1_chan-layer2_mcsamples500_norm-frob_seed7_bounds.json
fcn-4,mnist,20.0,rayleigh_zf,10.0 dB,frob,channel_grad,0.001,0.01,0.1,0.015966162085533142,0.0385076,0.015280607342720031,0.144731193654988,✓,✗,0.031184907482584266,0.039000000000000035,0.11864420274675319,✓,✗,0.05727189839081907,9.816635131835938,0.03028202139636158,0.06096281111240387,600.0,0.009530525654554367,0.015280607342720031,0.009386793524026871,0.026812933333333337,0.039000000000000035,0.026599999999999957,fcn-4_mnist_learnt_gaussian_sig0.03_bounded-pmin1e-05_epoch20_bs250_lr0.001_mon0.95_dp0.2_objective-channel_gradient-chan0.1-rayleigh-zf-tx1.0-noise0.1-frob-kl0.01_perc-pri0.5_epoch-pri20_bs-pri250_lr-pri0.005_mom-pri0.99_dp-pri0.2_seed7,rayleigh-zf-tx1.0-noise0.1_chan-layer2_mcsamples500_norm-frob_seed7_bounds.json
fcn-4,mnist,20.0,rayleigh_zf,10.0 dB,frob,channel_grad,0.001,0.01,1.0,0.01546130795031786,0.038191,0.01488184779882431,0.37429621204807484,✓,✗,0.029555237110388637,0.039000000000000035,0.3489893095857168,✓,✗,0.05486213957274673,67.30695343017578,0.027553556972314985,0.055469952523708344,600.0,0.00857345387339592,0.01488184779882431,0.008667556941509247,0.025102733333333325,0.039000000000000035,0.025499999999999967,fcn-4_mnist_learnt_gaussian_sig0.03_bounded-pmin1e-05_epoch20_bs250_lr0.001_mon0.95_dp0.2_objective-channel_gradient-chan1.0-rayleigh-zf-tx1.0-noise0.1-frob-kl0.01_perc-pri0.5_epoch-pri20_bs-pri250_lr-pri0.005_mom-pri0.99_dp-pri0.2_seed7,rayleigh-zf-tx1.0-noise0.1_chan-layer2_mcsamples500_norm-frob_seed7_bounds.json
fcn-4,mnist,20.0,rayleigh_zf,10.0 dB,frob,channel_grad,0.001,0.1,0.01,0.016695136204361916,0.03965880000000001,0.01604978144168854,0.11012305319309235,✓,✗,0.032739832546569536,0.03990000000000005,0.08319152891635895,✓,✗,0.05967134964727308,0.16821962594985962,0.03266391663114198,0.06575796753168106,600.0,0.010462218895554543,0.01604978144168854,0.010129671543836594,0.02853339999999998,0.03990000000000005,0.02739999999999998,fcn-4_mnist_learnt_gaussian_sig0.03_bounded-pmin1e-05_epoch20_bs250_lr0.001_mon0.95_dp0.2_objective-channel_gradient-chan0.01-rayleigh-zf-tx1.0-noise0.1-frob-kl0.1_perc-pri0.5_epoch-pri20_bs-pri250_lr-pri0.005_mom-pri0.99_dp-pri0.2_seed7,rayleigh-zf-tx1.0-noise0.1_chan-layer2_mcsamples500_norm-frob_seed7_bounds.json
fcn-4,mnist,20.0,rayleigh_zf,10.0 dB,frob,channel_grad,0.001,0.1,0.1,0.016644638031721115,0.039554,0.01599483788013458,0.11037074836971046,✓,✗,0.03266973845091893,0.040000000000000036,0.08350633638288311,✓,✗,0.05953415043774627,0.29245489835739136,0.03254162704803017,0.0655117779970169,600.0,0.010419957339763641,0.01599483788013458,0.010091138631105423,0.028434733333333344,0.040000000000000036,0.02739999999999998,fcn-4_mnist_learnt_gaussian_sig0.03_bounded-pmin1e-05_epoch20_bs250_lr0.001_mon0.95_dp0.2_objective-channel_gradient-chan0.1-rayleigh-zf-tx1.0-noise0.1-frob-kl0.1_perc-pri0.5_epoch-pri20_bs-pri250_lr-pri0.005_mom-pri0.99_dp-pri0.2_seed7,rayleigh-zf-tx1.0-noise0.1_chan-layer2_mcsamples500_norm-frob_seed7_bounds.json
fcn-4,mnist,20.0,rayleigh_zf,10.0 dB,frob,channel_grad,0.001,0.1,1.0,0.016318922862410545,0.0389334,0.015655994415283203,0.120403801777377,✓,✗,0.032177109000367785,0.038799999999999946,0.09396491072465024,✓,✗,0.05861600005309453,3.1970643997192383,0.03163481220638777,0.06368620693683624,600.0,0.010123146697878838,0.015655994415283203,0.00983242243528366,0.02777453333333333,0.038799999999999946,0.02749999999999997,fcn-4_mnist_learnt_gaussian_sig0.03_bounded-pmin1e-05_epoch20_bs250_lr0.001_mon0.95_dp0.2_objective-channel_gradient-chan1.0-rayleigh-zf-tx1.0-noise0.1-frob-kl0.1_perc-pri0.5_epoch-pri20_bs-pri250_lr-pri0.005_mom-pri0.99_dp-pri0.2_seed7,rayleigh-zf-tx1.0-noise0.1_chan-layer2_mcsamples500_norm-frob_seed7_bounds.json
fcn-4,mnist,20.0,rayleigh_zf,10.0 dB,frob,channel_grad,0.001,1.0,0.01,0.016825852915644646,0.0399048,0.01619671583175659,0.11025363112215014,✓,✗,0.0329685643494263,0.03979999999999995,0.08315868660953285,✓,✗,0.060063508862043605,0.004681378602981567,0.0330699818509776,0.06657544523477554,600.0,0.010600654408335686,0.01619671583175659,0.010243769735097885,0.028816066666666647,0.03979999999999995,0.027599999999999958,fcn-4_mnist_learnt_gaussian_sig0.03_bounded-pmin1e-05_epoch20_bs250_lr0.001_mon0.95_dp0.2_objective-channel_gradient-chan0.01-rayleigh-zf-tx1.0-noise0.1-frob-kl1.0_perc-pri0.5_epoch-pri20_bs-pri250_lr-pri0.005_mom-pri0.99_dp-pri0.2_seed7,rayleigh-zf-tx1.0-noise0.1_chan-layer2_mcsamples500_norm-frob_seed7_bounds.json
fcn-4,mnist,20.0,rayleigh_zf,10.0 dB,frob,channel_grad,0.001,1.0,0.1,0.016818469390273094,0.03989339999999999,0.016188891232013704,0.11022921702221633,✓,✗,0.03295814666638518,0.03979999999999995,0.08314562992577113,✓,✗,0.06004173376283038,0.009871244430541992,0.033046155311738615,0.06652747839689255,600.0,0.010594340041279793,0.016188891232013704,0.010236560553312301,0.028800266666666675,0.03979999999999995,0.02749999999999997,fcn-4_mnist_learnt_gaussian_sig0.03_bounded-pmin1e-05_epoch20_bs250_lr0.001_mon0.95_dp0.2_objective-channel_gradient-chan0.1-rayleigh-zf-tx1.0-noise0.1-frob-kl1.0_perc-pri0.5_epoch-pri20_bs-pri250_lr-pri0.005_mom-pri0.99_dp-pri0.2_seed7,rayleigh-zf-tx1.0-noise0.1_chan-layer2_mcsamples500_norm-frob_seed7_bounds.json
fcn-4,mnist,20.0,rayleigh_zf,10.0 dB,frob,channel_grad,0.001,1.0,1.0,0.01675271987915039,0.03976359999999999,0.016120503842830657,0.11063670622751148,✓,✗,0.03286580179148259,0.03959999999999997,0.08366556260289296,✓,✗,0.059836945416101114,0.21039742231369019,0.03283978817062255,0.06611202657222748,600.0,0.010538477450609207,0.016120503842830657,0.010170710831880569,0.028652799999999992,0.03959999999999997,0.02739999999999998,fcn-4_mnist_learnt_gaussian_sig0.03_bounded-pmin1e-05_epoch20_bs250_lr0.001_mon0.95_dp0.2_objective-channel_gradient-chan1.0-rayleigh-zf-tx1.0-noise0.1-frob-kl1.0_perc-pri0.5_epoch-pri20_bs-pri250_lr-pri0.005_mom-pri0.99_dp-pri0.2_seed7,rayleigh-zf-tx1.0-noise0.1_chan-layer2_mcsamples500_norm-frob_seed7_bounds.json
fcn-4,mnist,30.0,rayleigh_zf,10.0 dB,frob,channel_grad,0.001,0.01,0.01,0.016032781451940536,0.038597,0.017027120292186736,0.1327035129070282,✓,?,0.03142631709770426,0.040000000000000036,0.10645493119955063,✓,?,0.05767489072876432,6.6371870040893555,0.030831382635581224,0.062068767845630646,600.0,0.009674016386270523,0.017027120292186736,0.009360478073358536,0.02710060000000002,0.040000000000000036,0.025900000000000034,fcn-4_mnist_learnt_gaussian_sig0.03_bounded-pmin1e-05_epoch30_bs250_lr0.001_mon0.95_dp0.2_objective-channel_gradient-chan0.01-rayleigh-zf-tx1.0-noise0.1-frob-kl0.01_perc-pri0.5_epoch-pri20_bs-pri250_lr-pri0.005_mom-pri0.99_dp-pri0.2_seed7,rayleigh-zf-tx1.0-noise0.1_chan-layer2_mcsamples500_norm-frob_seed7_bounds.json
fcn-4,mnist,30.0,rayleigh_zf,10.0 dB,frob,channel_grad,0.001,0.01,0.1,0.015913283452391624,0.03842260000000001,0.016896738111972807,0.14568912982940674,✓,?,0.031160550035755158,0.03969999999999996,0.11961913853883743,✓,?,0.05723055387708622,10.04582405090332,0.030345655058317957,0.06109091639518738,600.0,0.009516246616840363,0.016896738111972807,0.00923413559794426,0.026783666666666674,0.03969999999999996,0.025699999999999945,fcn-4_mnist_learnt_gaussian_sig0.03_bounded-pmin1e-05_epoch30_bs250_lr0.001_mon0.95_dp0.2_objective-channel_gradient-chan0.1-rayleigh-zf-tx1.0-noise0.1-frob-kl0.01_perc-pri0.5_epoch-pri20_bs-pri250_lr-pri0.005_mom-pri0.99_dp-pri0.2_seed7,rayleigh-zf-tx1.0-noise0.1_chan-layer2_mcsamples500_norm-frob_seed7_bounds.json
fcn-4,mnist,30.0,rayleigh_zf,10.0 dB,frob,channel_grad,0.001,0.01,1.0,0.015412985347211361,0.038081399999999994,0.016339480876922607,0.38043472170829773,✓,?,0.029492616194368087,0.04090000000000005,0.3552263677120209,✓,?,0.05470099520553397,68.8683853149414,0.027478724318787128,0.055319301784038544,600.0,0.008537009358406067,0.016339480876922607,0.008553077280521394,0.024989266666666662,0.04090000000000005,0.024599999999999955,fcn-4_mnist_learnt_gaussian_sig0.03_bounded-pmin1e-05_epoch30_bs250_lr0.001_mon0.95_dp0.2_objective-channel_gradient-chan1.0-rayleigh-zf-tx1.0-noise0.1-frob-kl0.01_perc-pri0.5_epoch-pri20_bs-pri250_lr-pri0.005_mom-pri0.99_dp-pri0.2_seed7,rayleigh-zf-tx1.0-noise0.1_chan-layer2_mcsamples500_norm-frob_seed7_bounds.json
fcn-4,mnist,30.0,rayleigh_zf,10.0 dB,frob,channel_grad,0.001,0.1,0.01,0.01664009504020214,0.03957480000000001,0.0177015945315361,0.1105491891503334,✓,?,0.03271701322147875,0.041200000000000014,0.08364062011241913,✓,?,0.05962557449786555,0.20897680521011353,0.03296943888864371,0.06637303531169891,600.0,0.010448528453707695,0.0177015945315361,0.009963345527648926,0.02850046666666665,0.041200000000000014,0.027000000000000024,fcn-4_mnist_learnt_gaussian_sig0.03_bounded-pmin1e-05_epoch30_bs250_lr0.001_mon0.95_dp0.2_objective-channel_gradient-chan0.01-rayleigh-zf-tx1.0-noise0.1-frob-kl0.1_perc-pri0.5_epoch-pri20_bs-pri250_lr-pri0.005_mom-pri0.99_dp-pri0.2_seed7,rayleigh-zf-tx1.0-noise0.1_chan-layer2_mcsamples500_norm-frob_seed7_bounds.json
fcn-4,mnist,30.0,rayleigh_zf,10.0 dB,frob,channel_grad,0.001,0.1,0.1,0.016592415049672127,0.039478799999999994,0.01764485239982605,0.11086328327655792,✓,?,0.03263527328131943,0.041200000000000014,0.08402618765830994,✓,?,0.05947238154450627,0.3626631498336792,0.03280931477452224,0.06605067849159241,600.0,0.01039918139576912,0.01764485239982605,0.009921208769083024,0.02839006666666666,0.041200000000000014,0.026900000000000035,fcn-4_mnist_learnt_gaussian_sig0.03_bounded-pmin1e-05_epoch30_bs250_lr0.001_mon0.95_dp0.2_objective-channel_gradient-chan0.1-rayleigh-zf-tx1.0-noise0.1-frob-kl0.1_perc-pri0.5_epoch-pri20_bs-pri250_lr-pri0.005_mom-pri0.99_dp-pri0.2_seed7,rayleigh-zf-tx1.0-noise0.1_chan-layer2_mcsamples500_norm-frob_seed7_bounds.json
fcn-4,mnist,30.0,rayleigh_zf,10.0 dB,frob,channel_grad,0.001,0.1,1.0,0.016302885487675667,0.03897239999999999,0.017296048998832702,0.12253615260124207,✓,?,0.032084253295568424,0.04049999999999998,0.09615656733512878,✓,?,0.058463835070144646,3.728090286254883,0.03175142087341822,0.06392095983028412,600.0,0.010067281313240528,0.017296048998832702,0.009652507305145264,0.027665266666666674,0.04049999999999998,0.02629999999999999,fcn-4_mnist_learnt_gaussian_sig0.03_bounded-pmin1e-05_epoch30_bs250_lr0.001_mon0.95_dp0.2_objective-channel_gradient-chan1.0-rayleigh-zf-tx1.0-noise0.1-frob-kl0.1_perc-pri0.5_epoch-pri20_bs-pri250_lr-pri0.005_mom-pri0.99_dp-pri0.2_seed7,rayleigh-zf-tx1.0-noise0.1_chan-layer2_mcsamples500_norm-frob_seed7_bounds.json
fcn-4,mnist,30.0,rayleigh_zf,10.0 dB,frob,channel_grad,0.001,1.0,0.01,0.016787352040410042,0.039847600000000004,0.01786904186010361,0.11064483225345612,✓,?,0.03297812151614461,0.04159999999999997,0.08353481441736221,✓,?,0.06008814556397642,0.0069661736488342285,0.03342722450081621,0.0672946348786354,600.0,0.010606571100652218,0.01786904186010361,0.010099125653505325,0.028833866666666683,0.04159999999999997,0.027599999999999958,fcn-4_mnist_learnt_gaussian_sig0.03_bounded-pmin1e-05_epoch30_bs250_lr0.001_mon0.95_dp0.2_objective-channel_gradient-chan0.01-rayleigh-zf-tx1.0-noise0.1-frob-kl1.0_perc-pri0.5_epoch-pri20_bs-pri250_lr-pri0.005_mom-pri0.99_dp-pri0.2_seed7,rayleigh-zf-tx1.0-noise0.1_chan-layer2_mcsamples500_norm-frob_seed7_bounds.json
fcn-4,mnist,30.0,rayleigh_zf,10.0 dB,frob,channel_grad,0.001,1.0,0.1,0.01678023301064968,0.039831399999999996,0.017859634757041932,0.1106267124414444,✓,?,0.03296318516217135,0.04169999999999996,0.0835351049900055,✓,?,0.06005479426911023,0.01506146788597107,0.03340940455884111,0.06725876033306122,600.0,0.010597564280033112,0.017859634757041932,0.01009305715560913,0.02880993333333332,0.04169999999999996,0.027699999999999947,fcn-4_mnist_learnt_gaussian_sig0.03_bounded-pmin1e-05_epoch30_bs250_lr0.001_mon0.95_dp0.2_objective-channel_gradient-chan0.1-rayleigh-zf-tx1.0-noise0.1-frob-kl1.0_perc-pri0.5_epoch-pri20_bs-pri250_lr-pri0.005_mom-pri0.99_dp-pri0.2_seed7,rayleigh-zf-tx1.0-noise0.1_chan-layer2_mcsamples500_norm-frob_seed7_bounds.json
fcn-4,mnist,30.0,rayleigh_zf,10.0 dB,frob,channel_grad,0.001,1.0,1.0,0.016716381534934044,0.039725399999999994,0.01777384281158447,0.11127176880836487,✓,?,0.0328346188905618,0.04169999999999996,0.08431202918291092,✓,?,0.05979435850614079,0.2925577461719513,0.03318201987868526,0.06680099666118622,600.0,0.010519607923924923,0.01777384281158447,0.010041126608848571,0.028622200000000014,0.04169999999999996,0.027200000000000002,fcn-4_mnist_learnt_gaussian_sig0.03_bounded-pmin1e-05_epoch30_bs250_lr0.001_mon0.95_dp0.2_objective-channel_gradient-chan1.0-rayleigh-zf-tx1.0-noise0.1-frob-kl1.0_perc-pri0.5_epoch-pri20_bs-pri250_lr-pri0.005_mom-pri0.99_dp-pri0.2_seed7,rayleigh-zf-tx1.0-noise0.1_chan-layer2_mcsamples500_norm-frob_seed7_bounds.json
fcn-4,mnist,50.0,rayleigh_zf,10.0 dB,frob,vanilla,0.001,1.0,0.0,0.015013918280601501,0.03784559999999999,0.01420106440782547,0.9854853316104011,✓,-,0.026661793159186476,0.035599999999999965,0.9609802518646894,✓,-,0.05116687290489824,222.75425720214844,0.007826982981243406,0.015757035464048386,600.0,0.0069275060668587685,0.01420106440782547,0.00760030448436737,0.022516133333333358,0.035599999999999965,0.024900000000000033,fcn-4_mnist_learnt_gaussian_sig0.03_bounded-pmin1e-05_epoch50_bs250_lr0.001_mon0.95_dp0.2_objective-vanilla_perc-pri0.5_epoch-pri20_bs-pri250_lr-pri0.005_mom-pri0.99_dp-pri0.2_seed7,rayleigh-zf-tx1.0-noise0.1_chan-layer2_mcsamples500_norm-frob_seed7_bounds.json
fcn-4,mnist,50.0,rayleigh_zf,10.0 dB,frob,channel_grad,0.001,0.01,0.01,0.01604565978050232,0.0385916,0.016158248484134673,0.1323835402727127,✓,✗,0.03139274772464282,0.03949999999999998,0.10613693296909332,✓,✗,0.057639348424345004,6.401080131530762,0.031510860909060634,0.06343667209148407,600.0,0.009654178284108639,0.016158248484134673,0.009671571850776672,0.027075400000000045,0.03949999999999998,0.027200000000000002,fcn-4_mnist_learnt_gaussian_sig0.03_bounded-pmin1e-05_epoch50_bs250_lr0.001_mon0.95_dp0.2_objective-channel_gradient-chan0.01-rayleigh-zf-tx1.0-noise0.1-frob-kl0.01_perc-pri0.5_epoch-pri20_bs-pri250_lr-pri0.005_mom-pri0.99_dp-pri0.2_seed7,rayleigh-zf-tx1.0-noise0.1_chan-layer2_mcsamples500_norm-frob_seed7_bounds.json
fcn-4,mnist,50.0,rayleigh_zf,10.0 dB,frob,channel_grad,0.001,0.01,0.1,0.01591319590806961,0.0383858,0.01602689325809479,0.14486011862754822,✓,✗,0.031141130068228554,0.0393,0.1187736764550209,✓,✗,0.0572275591512232,9.68062973022461,0.031010516538270742,0.06242939457297325,600.0,0.00950460135936737,0.01602689325809479,0.009536367654800416,0.026781533333333368,0.0393,0.026900000000000035,fcn-4_mnist_learnt_gaussian_sig0.03_bounded-pmin1e-05_epoch50_bs250_lr0.001_mon0.95_dp0.2_objective-channel_gradient-chan0.1-rayleigh-zf-tx1.0-noise0.1-frob-kl0.01_perc-pri0.5_epoch-pri20_bs-pri250_lr-pri0.005_mom-pri0.99_dp-pri0.2_seed7,rayleigh-zf-tx1.0-noise0.1_chan-layer2_mcsamples500_norm-frob_seed7_bounds.json
fcn-4,mnist,50.0,rayleigh_zf,10.0 dB,frob,channel_grad,0.001,0.01,1.0,0.015379472635686398,0.0379812,0.015548861026763916,0.3710346519947052,✓,✗,0.029561883223183788,0.039000000000000035,0.3457106649875641,✓,✗,0.054885864488949804,66.32966613769531,0.028258012771939765,0.056888140738010406,600.0,0.008577345870435238,0.015548861026763916,0.00877809077501297,0.025119533333333343,0.039000000000000035,0.026000000000000023,fcn-4_mnist_learnt_gaussian_sig0.03_bounded-pmin1e-05_epoch50_bs250_lr0.001_mon0.95_dp0.2_objective-channel_gradient-chan1.0-rayleigh-zf-tx1.0-noise0.1-frob-kl0.01_perc-pri0.5_epoch-pri20_bs-pri250_lr-pri0.005_mom-pri0.99_dp-pri0.2_seed7,rayleigh-zf-tx1.0-noise0.1_chan-layer2_mcsamples500_norm-frob_seed7_bounds.json
fcn-4,mnist,50.0,rayleigh_zf,10.0 dB,frob,channel_grad,0.001,0.1,0.01,0.016644824296236038,0.039591400000000006,0.01678071469068527,0.11115312576293945,✓,✗,0.03268587261024371,0.040200000000000014,0.08421088755130768,✓,✗,0.05962811426007633,0.1691664755344391,0.03373336481238022,0.06791094690561295,600.0,0.010429704561829567,0.01678071469068527,0.010300686955451966,0.028502133333333346,0.040200000000000014,0.028200000000000003,fcn-4_mnist_learnt_gaussian_sig0.03_bounded-pmin1e-05_epoch50_bs250_lr0.001_mon0.95_dp0.2_objective-channel_gradient-chan0.01-rayleigh-zf-tx1.0-noise0.1-frob-kl0.1_perc-pri0.5_epoch-pri20_bs-pri250_lr-pri0.005_mom-pri0.99_dp-pri0.2_seed7,rayleigh-zf-tx1.0-noise0.1_chan-layer2_mcsamples500_norm-frob_seed7_bounds.json
fcn-4,mnist,50.0,rayleigh_zf,10.0 dB,frob,channel_grad,0.001,0.1,0.1,0.01658908650279045,0.039479400000000005,0.016724033653736113,0.11139571666717529,✓,✗,0.03262215029571311,0.040000000000000036,0.08452115952968597,✓,✗,0.059496702105533025,0.2964324951171875,0.03358780752933123,0.06761791557073593,600.0,0.010391066782176495,0.016724033653736113,0.010256902128458024,0.028407533333333308,0.040000000000000036,0.028200000000000003,fcn-4_mnist_learnt_gaussian_sig0.03_bounded-pmin1e-05_epoch50_bs250_lr0.001_mon0.95_dp0.2_objective-channel_gradient-chan0.1-rayleigh-zf-tx1.0-noise0.1-frob-kl0.1_perc-pri0.5_epoch-pri20_bs-pri250_lr-pri0.005_mom-pri0.99_dp-pri0.2_seed7,rayleigh-zf-tx1.0-noise0.1_chan-layer2_mcsamples500_norm-frob_seed7_bounds.json
fcn-4,mnist,50.0,rayleigh_zf,10.0 dB,frob,channel_grad,0.001,0.1,1.0,0.016261117532849312,0.03889279999999999,0.01640423983335495,0.12237125635147095,✓,✗,0.03219860292010603,0.03939999999999999,0.09581445157527924,✓,✗,0.058755409439756726,3.4050936698913574,0.03261358778567584,0.0656566470861435,600.0,0.010135957971215248,0.01640423983335495,0.009959080070257188,0.027874466666666643,0.03939999999999999,0.027200000000000002,fcn-4_mnist_learnt_gaussian_sig0.03_bounded-pmin1e-05_epoch50_bs250_lr0.001_mon0.95_dp0.2_objective-channel_gradient-chan1.0-rayleigh-zf-tx1.0-noise0.1-frob-kl0.1_perc-pri0.5_epoch-pri20_bs-pri250_lr-pri0.005_mom-pri0.99_dp-pri0.2_seed7,rayleigh-zf-tx1.0-noise0.1_chan-layer2_mcsamples500_norm-frob_seed7_bounds.json
fcn-4,mnist,50.0,rayleigh_zf,10.0 dB,frob,channel_grad,0.001,1.0,0.01,0.016783036291599274,0.03988,0.016915571689605714,0.11132892966270447,✓,✗,0.03291405895058931,0.041200000000000014,0.0841977447271347,✓,✗,0.06004524085409822,0.0059833824634552,0.034158234419583544,0.0687662810087204,600.0,0.010567575693130493,0.016915571689605714,0.010422666370868684,0.02880293333333337,0.041200000000000014,0.028299999999999992,fcn-4_mnist_learnt_gaussian_sig0.03_bounded-pmin1e-05_epoch50_bs250_lr0.001_mon0.95_dp0.2_objective-channel_gradient-chan0.01-rayleigh-zf-tx1.0-noise0.1-frob-kl1.0_perc-pri0.5_epoch-pri20_bs-pri250_lr-pri0.005_mom-pri0.99_dp-pri0.2_seed7,rayleigh-zf-tx1.0-noise0.1_chan-layer2_mcsamples500_norm-frob_seed7_bounds.json
fcn-4,mnist,50.0,rayleigh_zf,10.0 dB,frob,channel_grad,0.001,1.0,0.1,0.016772637143731117,0.03985840000000001,0.01690489798784256,0.11131526529788971,✓,✗,0.032906047425022025,0.041100000000000025,0.08419446647167206,✓,✗,0.06002684365093944,0.012072652578353882,0.0341381051019506,0.06872575730085373,600.0,0.010562757961452007,0.01690489798784256,0.010415861755609513,0.028789666666666682,0.041100000000000025,0.028200000000000003,fcn-4_mnist_learnt_gaussian_sig0.03_bounded-pmin1e-05_epoch50_bs250_lr0.001_mon0.95_dp0.2_objective-channel_gradient-chan0.1-rayleigh-zf-tx1.0-noise0.1-frob-kl1.0_perc-pri0.5_epoch-pri20_bs-pri250_lr-pri0.005_mom-pri0.99_dp-pri0.2_seed7,rayleigh-zf-tx1.0-noise0.1_chan-layer2_mcsamples500_norm-frob_seed7_bounds.json
fcn-4,mnist,50.0,rayleigh_zf,10.0 dB,frob,channel_grad,0.001,1.0,1.0,0.016673844307661057,0.03963159999999999,0.016803255677223204,0.11183688789606094,✓,✗,0.0328343239471561,0.040200000000000014,0.08481377363204956,✓,✗,0.05985743199024164,0.23212993144989014,0.033930757216364474,0.06830833107233047,600.0,0.010519306175410748,0.016803255677223204,0.01035391390323639,0.02866726666666667,0.040200000000000014,0.028299999999999992,fcn-4_mnist_learnt_gaussian_sig0.03_bounded-pmin1e-05_epoch50_bs250_lr0.001_mon0.95_dp0.2_objective-channel_gradient-chan1.0-rayleigh-zf-tx1.0-noise0.1-frob-kl1.0_perc-pri0.5_epoch-pri20_bs-pri250_lr-pri0.005_mom-pri0.99_dp-pri0.2_seed7,rayleigh-zf-tx1.0-noise0.1_chan-layer2_mcsamples500_norm-frob_seed7_bounds.json
fcn-4,mnist,5.0,rayleigh_zf,10.0 dB,spec,channel_grad,0.001,0.01,0.01,0.016128769144415855,0.03871480000000001,0.016507400572299956,0.11470451951026917,✓,?,0.03176129016287268,0.040000000000000036,0.08841821551322937,✓,?,0.058047591667644935,3.9874749183654785,0.023277103981317382,0.04686073213815689,600.0,0.009874106384813786,0.016507400572299956,0.0091749869287014,0.02736760000000001,0.040000000000000036,0.02859999999999996,fcn-4_mnist_learnt_gaussian_sig0.03_bounded-pmin1e-05_epoch5_bs250_lr0.001_mon0.95_dp0.2_objective-channel_gradient-chan0.01-rayleigh-zf-tx1.0-noise0.1-spec-kl0.01_perc-pri0.5_epoch-pri20_bs-pri250_lr-pri0.005_mom-pri0.99_dp-pri0.2_seed7,rayleigh-zf-tx1.0-noise0.1_chan-layer2_mcsamples500_norm-spec_seed7_bounds.json
fcn-4,mnist,5.0,rayleigh_zf,10.0 dB,spec,channel_grad,0.001,0.01,0.1,0.01605415903031826,0.03859500000000001,0.016442283987998962,0.11974479258060455,✓,?,0.031622795039544196,0.03969999999999996,0.09353214502334595,✓,?,0.05783544587755152,5.330799579620361,0.02304541882918332,0.046394310891628265,600.0,0.009791387245059013,0.016442283987998962,0.009085937589406966,0.02721560000000001,0.03969999999999996,0.02859999999999996,fcn-4_mnist_learnt_gaussian_sig0.03_bounded-pmin1e-05_epoch5_bs250_lr0.001_mon0.95_dp0.2_objective-channel_gradient-chan0.1-rayleigh-zf-tx1.0-noise0.1-spec-kl0.01_perc-pri0.5_epoch-pri20_bs-pri250_lr-pri0.005_mom-pri0.99_dp-pri0.2_seed7,rayleigh-zf-tx1.0-noise0.1_chan-layer2_mcsamples500_norm-spec_seed7_bounds.json
fcn-4,mnist,5.0,rayleigh_zf,10.0 dB,spec,channel_grad,0.001,0.01,1.0,0.01567452773451805,0.03827499999999999,0.0160601407289505,0.21168822050094604,✓,?,0.030627245559059452,0.038799999999999946,0.1857021003961563,✓,?,0.05661336064981473,28.509065628051758,0.02158606180540797,0.04345637932419777,600.0,0.009200938045978546,0.0160601407289505,0.008522922545671463,0.026343999999999992,0.038799999999999946,0.026800000000000046,fcn-4_mnist_learnt_gaussian_sig0.03_bounded-pmin1e-05_epoch5_bs250_lr0.001_mon0.95_dp0.2_objective-channel_gradient-chan1.0-rayleigh-zf-tx1.0-noise0.1-spec-kl0.01_perc-pri0.5_epoch-pri20_bs-pri250_lr-pri0.005_mom-pri0.99_dp-pri0.2_seed7,rayleigh-zf-tx1.0-noise0.1_chan-layer2_mcsamples500_norm-spec_seed7_bounds.json
fcn-4,mnist,5.0,rayleigh_zf,10.0 dB,spec,channel_grad,0.001,0.1,0.01,0.016634797677397728,0.0395788,0.016961675882339478,0.101783886551857,✓,?,0.03272751591272034,0.04079999999999995,0.0749320536851883,✓,?,0.059579346684050946,0.1776876449584961,0.024378104377573016,0.04907723143696785,600.0,0.010454928502440453,0.016961675882339478,0.009704739600419999,0.028467066666666693,0.04079999999999995,0.02939999999999998,fcn-4_mnist_learnt_gaussian_sig0.03_bounded-pmin1e-05_epoch5_bs250_lr0.001_mon0.95_dp0.2_objective-channel_gradient-chan0.01-rayleigh-zf-tx1.0-noise0.1-spec-kl0.1_perc-pri0.5_epoch-pri20_bs-pri250_lr-pri0.005_mom-pri0.99_dp-pri0.2_seed7,rayleigh-zf-tx1.0-noise0.1_chan-layer2_mcsamples500_norm-spec_seed7_bounds.json
fcn-4,mnist,5.0,rayleigh_zf,10.0 dB,spec,channel_grad,0.001,0.1,0.1,0.016604704782366753,0.0395268,0.016931582987308503,0.10197685658931732,✓,?,0.03268121305302228,0.04059999999999997,0.07516761124134064,✓,?,0.05949046065630431,0.2574703097343445,0.02433425029607062,0.0489889457821846,600.0,0.010426868684589863,0.016931582987308503,0.009673479199409484,0.028403000000000005,0.04059999999999997,0.029200000000000004,fcn-4_mnist_learnt_gaussian_sig0.03_bounded-pmin1e-05_epoch5_bs250_lr0.001_mon0.95_dp0.2_objective-channel_gradient-chan0.1-rayleigh-zf-tx1.0-noise0.1-spec-kl0.1_perc-pri0.5_epoch-pri20_bs-pri250_lr-pri0.005_mom-pri0.99_dp-pri0.2_seed7,rayleigh-zf-tx1.0-noise0.1_chan-layer2_mcsamples500_norm-spec_seed7_bounds.json
fcn-4,mnist,5.0,rayleigh_zf,10.0 dB,spec,channel_grad,0.001,0.1,1.0,0.0163845457136631,0.03911239999999999,0.016709570586681367,0.10785071551799774,✓,?,0.03233485910612668,0.03969999999999996,0.08130151033401489,✓,?,0.05888406653540758,1.982875943183899,0.023770564636204115,0.04785415157675743,600.0,0.010217876173555851,0.016709570586681367,0.00944105014204979,0.027967133333333363,0.03969999999999996,0.029000000000000026,fcn-4_mnist_learnt_gaussian_sig0.03_bounded-pmin1e-05_epoch5_bs250_lr0.001_mon0.95_dp0.2_objective-channel_gradient-chan1.0-rayleigh-zf-tx1.0-noise0.1-spec-kl0.1_perc-pri0.5_epoch-pri20_bs-pri250_lr-pri0.005_mom-pri0.99_dp-pri0.2_seed7,rayleigh-zf-tx1.0-noise0.1_chan-layer2_mcsamples500_norm-spec_seed7_bounds.json
fcn-4,mnist,5.0,rayleigh_zf,10.0 dB,spec,channel_grad,0.001,1.0,0.01,0.01677975244820118,0.039865199999999996,0.017100073397159576,0.10182632505893707,✓,?,0.03297946896931937,0.041100000000000025,0.07478252053260803,✓,?,0.06002327200924004,0.004282474517822266,0.024684540762939303,0.04969413951039314,600.0,0.010607467032968998,0.017100073397159576,0.009851938486099244,0.02878693333333334,0.041100000000000025,0.02939999999999998,fcn-4_mnist_learnt_gaussian_sig0.03_bounded-pmin1e-05_epoch5_bs250_lr0.001_mon0.95_dp0.2_objective-channel_gradient-chan0.01-rayleigh-zf-tx1.0-noise0.1-spec-kl1.0_perc-pri0.5_epoch-pri20_bs-pri250_lr-pri0.005_mom-pri0.99_dp-pri0.2_seed7,rayleigh-zf-tx1.0-noise0.1_chan-layer2_mcsamples500_norm-spec_seed7_bounds.json
fcn-4,mnist,5.0,rayleigh_zf,10.0 dB,spec,channel_grad,0.001,1.0,0.1,0.016775906085968018,0.039855,0.017096523940563203,0.10181800276041031,✓,?,0.03297534832444398,0.041100000000000025,0.07478152960538864,✓,?,0.06001182439240893,0.007266223430633545,0.024675490156895668,0.049675919115543365,600.0,0.01060469914227724,0.017096523940563203,0.009848500788211822,0.028778933333333305,0.041100000000000025,0.02939999999999998,fcn-4_mnist_learnt_gaussian_sig0.03_bounded-pmin1e-05_epoch5_bs250_lr0.001_mon0.95_dp0.2_objective-channel_gradient-chan0.1-rayleigh-zf-tx1.0-noise0.1-spec-kl1.0_perc-pri0.5_epoch-pri20_bs-pri250_lr-pri0.005_mom-pri0.99_dp-pri0.2_seed7,rayleigh-zf-tx1.0-noise0.1_chan-layer2_mcsamples500_norm-spec_seed7_bounds.json
fcn-4,mnist,5.0,rayleigh_zf,10.0 dB,spec,channel_grad,0.001,1.0,1.0,0.01674034260213375,0.0397786,0.0170637771487236,0.10213056951761246,✓,?,0.03292938709241673,0.04090000000000005,0.07513687014579773,✓,?,0.059923084653979164,0.12284550070762634,0.024604941321194642,0.049533892422914505,600.0,0.010576982982456684,0.0170637771487236,0.009814891219139098,0.028715000000000008,0.04090000000000005,0.02949999999999997,fcn-4_mnist_learnt_gaussian_sig0.03_bounded-pmin1e-05_epoch5_bs250_lr0.001_mon0.95_dp0.2_objective-channel_gradient-chan1.0-rayleigh-zf-tx1.0-noise0.1-spec-kl1.0_perc-pri0.5_epoch-pri20_bs-pri250_lr-pri0.005_mom-pri0.99_dp-pri0.2_seed7,rayleigh-zf-tx1.0-noise0.1_chan-layer2_mcsamples500_norm-spec_seed7_bounds.json
fcn-4,mnist,10.0,rayleigh_zf,10.0 dB,spec,vanilla,0.001,1.0,0.0,0.01563936285674572,0.0381594,0.014841872453689575,0.23150576648455795,✓,-,0.030307195135002792,0.03610000000000002,0.20562397818073097,✓,-,0.056188983438829776,24.68744468688965,0.05742968339127726,0.11561562865972519,600.0,0.009012429974973202,0.014841872453689575,0.00891980603337288,0.02604213333333335,0.03610000000000002,0.026800000000000046,fcn-4_mnist_learnt_gaussian_sig0.03_bounded-pmin1e-05_epoch10_bs250_lr0.001_mon0.95_dp0.2_objective-vanilla_perc-pri0.5_epoch-pri20_bs-pri250_lr-pri0.005_mom-pri0.99_dp-pri0.2_seed7,rayleigh-zf-tx1.0-noise0.1_chan-layer2_mcsamples500_norm-spec_seed7_bounds.json
fcn-4,mnist,10.0,rayleigh_zf,10.0 dB,spec,channel_grad,0.001,0.0001,0.0001,0.015727203339338303,0.038235000000000005,0.01665099561214447,0.19394023716449738,✓,✗,0.030341825856272615,0.03990000000000005,0.16807803511619568,✓,✗,0.05620402868587546,24.394020080566406,0.021047011336352943,0.04237117990851402,600.0,0.009032851085066795,0.01665099561214447,0.0089984729886055,0.026052866666666688,0.03990000000000005,0.027200000000000002,fcn-4_mnist_learnt_gaussian_sig0.03_bounded-pmin1e-05_epoch10_bs250_lr0.001_mon0.95_dp0.2_objective-channel_gradient-chan0.0001-rayleigh-zf-tx1.0-noise0.1-spec-kl0.0001_perc-pri0.5_epoch-pri20_bs-pri250_lr-pri0.005_mom-pri0.99_dp-pri0.2_seed7,rayleigh-zf-tx1.0-noise0.1_chan-layer2_mcsamples500_norm-spec_seed7_bounds.json
fcn-4,mnist,10.0,rayleigh_zf,10.0 dB,spec,channel_grad,0.001,0.0001,0.001,0.015726367011666298,0.0382356,0.016650092601776124,0.19420191645622253,✓,✗,0.0303388545041886,0.03990000000000005,0.16834032535552979,✓,✗,0.05620045113927902,24.459672927856445,0.021044246747224098,0.04236561432480812,600.0,0.009031263180077076,0.016650092601776124,0.008996809273958207,0.026050133333333336,0.03990000000000005,0.027200000000000002,fcn-4_mnist_learnt_gaussian_sig0.03_bounded-pmin1e-05_epoch10_bs250_lr0.001_mon0.95_dp0.2_objective-channel_gradient-chan0.001-rayleigh-zf-tx1.0-noise0.1-spec-kl0.0001_perc-pri0.5_epoch-pri20_bs-pri250_lr-pri0.005_mom-pri0.99_dp-pri0.2_seed7,rayleigh-zf-tx1.0-noise0.1_chan-layer2_mcsamples500_norm-spec_seed7_bounds.json
fcn-4,mnist,10.0,rayleigh_zf,10.0 dB,spec,channel_grad,0.001,0.0001,0.01,0.015720155090093613,0.0382404,0.016643528640270234,0.1969793736934662,✓,✗,0.030309781481955966,0.03979999999999995,0.17112720012664795,✓,✗,0.05616195341916584,25.160560607910156,0.020998834577337176,0.04227419197559357,600.0,0.009014107286930084,0.016643528640270234,0.008981112390756607,0.026022866666666665,0.03979999999999995,0.027200000000000002,fcn-4_mnist_learnt_gaussian_sig0.03_bounded-pmin1e-05_epoch10_bs250_lr0.001_mon0.95_dp0.2_objective-channel_gradient-chan0.01-rayleigh-zf-tx1.0-noise0.1-spec-kl0.0001_perc-pri0.5_epoch-pri20_bs-pri250_lr-pri0.005_mom-pri0.99_dp-pri0.2_seed7,rayleigh-zf-tx1.0-noise0.1_chan-layer2_mcsamples500_norm-spec_seed7_bounds.json
fcn-4,mnist,10.0,rayleigh_zf,10.0 dB,spec,channel_grad,0.001,0.001,0.0001,0.015779143199324608,0.03826720000000001,0.01670969873666763,0.17893224954605103,✓,✗,0.030509565871011588,0.040000000000000036,0.15301671624183655,✓,✗,0.05642508434083919,20.631710052490234,0.021177522518861996,0.04263392090797424,600.0,0.009131364524364471,0.01670969873666763,0.009078644216060638,0.026210066666666663,0.040000000000000036,0.027200000000000002,fcn-4_mnist_learnt_gaussian_sig0.03_bounded-pmin1e-05_epoch10_bs250_lr0.001_mon0.95_dp0.2_objective-channel_gradient-chan0.0001-rayleigh-zf-tx1.0-noise0.1-spec-kl0.001_perc-pri0.5_epoch-pri20_bs-pri250_lr-pri0.005_mom-pri0.99_dp-pri0.2_seed7,rayleigh-zf-tx1.0-noise0.1_chan-layer2_mcsamples500_norm-spec_seed7_bounds.json
fcn-4,mnist,10.0,rayleigh_zf,10.0 dB,spec,channel_grad,0.001,0.001,0.001,0.015778571367263794,0.0382672,0.01670919358730316,0.17914581298828125,✓,✗,0.030506649448010632,0.040000000000000036,0.15323121845722198,✓,✗,0.05642124874434142,20.68674087524414,0.02117027056116725,0.04261932149529457,600.0,0.009129832498729229,0.01670919358730316,0.009077391773462295,0.026207066666666664,0.040000000000000036,0.027200000000000002,fcn-4_mnist_learnt_gaussian_sig0.03_bounded-pmin1e-05_epoch10_bs250_lr0.001_mon0.95_dp0.2_objective-channel_gradient-chan0.001-rayleigh-zf-tx1.0-noise0.1-spec-kl0.001_perc-pri0.5_epoch-pri20_bs-pri250_lr-pri0.005_mom-pri0.99_dp-pri0.2_seed7,rayleigh-zf-tx1.0-noise0.1_chan-layer2_mcsamples500_norm-spec_seed7_bounds.json
fcn-4,mnist,10.0,rayleigh_zf,10.0 dB,spec,channel_grad,0.001,0.001,0.01,0.01577150449156761,0.038266999999999995,0.016701583564281464,0.18134859204292297,✓,✗,0.030480709491169426,0.040000000000000036,0.15544354915618896,✓,✗,0.05638575076756262,21.246740341186523,0.0211223621190348,0.04252287372946739,600.0,0.009114427492022514,0.016701583564281464,0.009062968939542771,0.02618193333333333,0.040000000000000036,0.027200000000000002,fcn-4_mnist_learnt_gaussian_sig0.03_bounded-pmin1e-05_epoch10_bs250_lr0.001_mon0.95_dp0.2_objective-channel_gradient-chan0.01-rayleigh-zf-tx1.0-noise0.1-spec-kl0.001_perc-pri0.5_epoch-pri20_bs-pri250_lr-pri0.005_mom-pri0.99_dp-pri0.2_seed7,rayleigh-zf-tx1.0-noise0.1_chan-layer2_mcsamples500_norm-spec_seed7_bounds.json
fcn-4,mnist,10.0,rayleigh_zf,10.0 dB,spec,channel_grad,0.001,0.01,0.0001,0.016157589852809906,0.038762800000000014,0.01710662841796875,0.11935631930828094,✓,✗,0.03157692018074529,0.03949999999999998,0.09304110705852509,✓,✗,0.05789213559843466,5.47822904586792,0.02199837418247183,0.04428643360733986,600.0,0.009763791225850582,0.01710662841796875,0.009592508524656295,0.027255933333333336,0.03949999999999998,0.02739999999999998,fcn-4_mnist_learnt_gaussian_sig0.03_bounded-pmin1e-05_epoch10_bs250_lr0.001_mon0.95_dp0.2_objective-channel_gradient-chan0.0001-rayleigh-zf-tx1.0-noise0.1-spec-kl0.01_perc-pri0.5_epoch-pri20_bs-pri250_lr-pri0.005_mom-pri0.99_dp-pri0.2_seed7,rayleigh-zf-tx1.0-noise0.1_chan-layer2_mcsamples500_norm-spec_seed7_bounds.json
fcn-4,mnist,10.0,rayleigh_zf,10.0 dB,spec,channel_grad,0.001,0.01,0.001,0.01615685410797596,0.03876060000000001,0.017105913162231444,0.1194164901971817,✓,✗,0.031574958445263104,0.03949999999999998,0.09310166537761688,✓,✗,0.05788978744144217,5.493978023529053,0.02199659959011938,0.044282861053943634,600.0,0.009762750938534737,0.017105913162231444,0.009591549634933472,0.027254466666666678,0.03949999999999998,0.02739999999999998,fcn-4_mnist_learnt_gaussian_sig0.03_bounded-pmin1e-05_epoch10_bs250_lr0.001_mon0.95_dp0.2_objective-channel_gradient-chan0.001-rayleigh-zf-tx1.0-noise0.1-spec-kl0.01_perc-pri0.5_epoch-pri20_bs-pri250_lr-pri0.005_mom-pri0.99_dp-pri0.2_seed7,rayleigh-zf-tx1.0-noise0.1_chan-layer2_mcsamples500_norm-spec_seed7_bounds.json
fcn-4,mnist,10.0,rayleigh_zf,10.0 dB,spec,channel_grad,0.001,0.01,0.01,0.016149980947375298,0.038757,0.01709909439086914,0.12009610814235264,✓,✗,0.03155799884130263,0.03949999999999998,0.09378839944187312,✓,✗,0.05786570754178216,5.6514081954956055,0.02205759449431288,0.044405654072761536,600.0,0.009752651676535606,0.01709909439086914,0.00958154946565628,0.02723726666666666,0.03949999999999998,0.02739999999999998,fcn-4_mnist_learnt_gaussian_sig0.03_bounded-pmin1e-05_epoch10_bs250_lr0.001_mon0.95_dp0.2_objective-channel_gradient-chan0.01-rayleigh-zf-tx1.0-noise0.1-spec-kl0.01_perc-pri0.5_epoch-pri20_bs-pri250_lr-pri0.005_mom-pri0.99_dp-pri0.2_seed7,rayleigh-zf-tx1.0-noise0.1_chan-layer2_mcsamples500_norm-spec_seed7_bounds.json
fcn-4,mnist,10.0,rayleigh_zf,10.0 dB,spec,channel_grad,0.001,0.01,0.1,0.016089584678411484,0.0386972,0.017040824890136717,0.12684417021959807,✓,✗,0.03139485356236714,0.03979999999999995,0.10059648747382999,✓,✗,0.05764253630813522,7.416533946990967,0.02182273210018803,0.04393283650279045,600.0,0.009655365720391273,0.017040824890136717,0.009488101303577422,0.02707773333333334,0.03979999999999995,0.02729999999999999,fcn-4_mnist_learnt_gaussian_sig0.03_bounded-pmin1e-05_epoch10_bs250_lr0.001_mon0.95_dp0.2_objective-channel_gradient-chan0.1-rayleigh-zf-tx1.0-noise0.1-spec-kl0.01_perc-pri0.5_epoch-pri20_bs-pri250_lr-pri0.005_mom-pri0.99_dp-pri0.2_seed7,rayleigh-zf-tx1.0-noise0.1_chan-layer2_mcsamples500_norm-spec_seed7_bounds.json
fcn-4,mnist,10.0,rayleigh_zf,10.0 dB,spec,channel_grad,0.001,0.01,1.0,0.015849193558096886,0.03881359999999999,0.016757509112358092,0.2478198327599149,✓,✗,0.03021973049920122,0.04079999999999995,0.2218266108383535,✓,✗,0.0562129524207626,37.77640151977539,0.020284338174892363,0.04083579033613205,600.0,0.00896119698882103,0.016757509112358092,0.008902512490749359,0.02605920000000002,0.04079999999999995,0.02639999999999998,fcn-4_mnist_learnt_gaussian_sig0.03_bounded-pmin1e-05_epoch10_bs250_lr0.001_mon0.95_dp0.2_objective-channel_gradient-chan1.0-rayleigh-zf-tx1.0-noise0.1-spec-kl0.01_perc-pri0.5_epoch-pri20_bs-pri250_lr-pri0.005_mom-pri0.99_dp-pri0.2_seed7,rayleigh-zf-tx1.0-noise0.1_chan-layer2_mcsamples500_norm-spec_seed7_bounds.json
fcn-4,mnist,10.0,rayleigh_zf,10.0 dB,spec,channel_grad,0.001,0.1,0.01,0.01672147959470749,0.03969340000000001,0.017655706405639647,0.10073896012251561,✓,✗,0.032793102532872515,0.0403,0.0737544027020461,✓,✗,0.05977765995334202,0.1565866470336914,0.02322100909855172,0.046747803688049316,600.0,0.01049451157450676,0.017655706405639647,0.010211994498968124,0.028609733333333345,0.0403,0.027699999999999947,fcn-4_mnist_learnt_gaussian_sig0.03_bounded-pmin1e-05_epoch10_bs250_lr0.001_mon0.95_dp0.2_objective-channel_gradient-chan0.01-rayleigh-zf-tx1.0-noise0.1-spec-kl0.1_perc-pri0.5_epoch-pri20_bs-pri250_lr-pri0.005_mom-pri0.99_dp-pri0.2_seed7,rayleigh-zf-tx1.0-noise0.1_chan-layer2_mcsamples500_norm-spec_seed7_bounds.json
fcn-4,mnist,10.0,rayleigh_zf,10.0 dB,spec,channel_grad,0.001,0.1,0.1,0.016694393008947372,0.0396378,0.017630816996097566,0.10088903715435733,✓,✗,0.03274911860474178,0.04039999999999999,0.07394235866843685,✓,✗,0.05969579709066227,0.23088401556015015,0.023149631256204294,0.046604108065366745,600.0,0.010467857122421265,0.017630816996097566,0.010185174643993378,0.02855100000000003,0.04039999999999999,0.027699999999999947,fcn-4_mnist_learnt_gaussian_sig0.03_bounded-pmin1e-05_epoch10_bs250_lr0.001_mon0.95_dp0.2_objective-channel_gradient-chan0.1-rayleigh-zf-tx1.0-noise0.1-spec-kl0.1_perc-pri0.5_epoch-pri20_bs-pri250_lr-pri0.005_mom-pri0.99_dp-pri0.2_seed7,rayleigh-zf-tx1.0-noise0.1_chan-layer2_mcsamples500_norm-spec_seed7_bounds.json
fcn-4,mnist,10.0,rayleigh_zf,10.0 dB,spec,channel_grad,0.001,0.1,1.0,0.016501707956194878,0.03931579999999999,0.017444589734077455,0.10678500164750833,✓,✗,0.03241427713832529,0.03990000000000005,0.08005120286828181,✓,✗,0.05914807591755181,1.9289374351501465,0.02266104286582643,0.045620497316122055,600.0,0.010265801101922989,0.017444589734077455,0.009969496726989746,0.02815653333333333,0.03990000000000005,0.027599999999999958,fcn-4_mnist_learnt_gaussian_sig0.03_bounded-pmin1e-05_epoch10_bs250_lr0.001_mon0.95_dp0.2_objective-channel_gradient-chan1.0-rayleigh-zf-tx1.0-noise0.1-spec-kl0.1_perc-pri0.5_epoch-pri20_bs-pri250_lr-pri0.005_mom-pri0.99_dp-pri0.2_seed7,rayleigh-zf-tx1.0-noise0.1_chan-layer2_mcsamples500_norm-spec_seed7_bounds.json
fcn-4,mnist,10.0,rayleigh_zf,10.0 dB,spec,channel_grad,0.001,1.0,0.01,0.01686692237854004,0.040001,0.017802500724792482,0.10085775982021547,✓,✗,0.03302885963076603,0.04049999999999998,0.07367548800736516,✓,✗,0.06021113144361634,0.0047110915184021,0.02352636666500093,0.047362539917230606,600.0,0.010637245140969753,0.017802500724792482,0.010332097858190536,0.028922666666666666,0.04049999999999998,0.027800000000000047,fcn-4_mnist_learnt_gaussian_sig0.03_bounded-pmin1e-05_epoch10_bs250_lr0.001_mon0.95_dp0.2_objective-channel_gradient-chan0.01-rayleigh-zf-tx1.0-noise0.1-spec-kl1.0_perc-pri0.5_epoch-pri20_bs-pri250_lr-pri0.005_mom-pri0.99_dp-pri0.2_seed7,rayleigh-zf-tx1.0-noise0.1_chan-layer2_mcsamples500_norm-spec_seed7_bounds.json
fcn-4,mnist,10.0,rayleigh_zf,10.0 dB,spec,channel_grad,0.001,1.0,0.1,0.01686527580022812,0.039993400000000005,0.017802037298679352,0.10088248177137168,✓,✗,0.033025633856940115,0.04049999999999998,0.07370270749389424,✓,✗,0.06020540813441755,0.008226096630096436,0.023542461977077718,0.04739494249224663,600.0,0.010635392740368843,0.017802037298679352,0.010328806191682815,0.028918666666666693,0.04049999999999998,0.027800000000000047,fcn-4_mnist_learnt_gaussian_sig0.03_bounded-pmin1e-05_epoch10_bs250_lr0.001_mon0.95_dp0.2_objective-channel_gradient-chan0.1-rayleigh-zf-tx1.0-noise0.1-spec-kl1.0_perc-pri0.5_epoch-pri20_bs-pri250_lr-pri0.005_mom-pri0.99_dp-pri0.2_seed7,rayleigh-zf-tx1.0-noise0.1_chan-layer2_mcsamples500_norm-spec_seed7_bounds.json
fcn-4,mnist,10.0,rayleigh_zf,10.0 dB,spec,channel_grad,0.001,1.0,1.0,0.016850167885422707,0.039958200000000006,0.017795585095882416,0.1013643894941646,✓,✗,0.03300315849152159,0.04079999999999995,0.07419639266177763,✓,✗,0.06017115532390856,0.1423664689064026,0.023510996733739742,0.04733159765601158,600.0,0.010621568188071251,0.017795585095882416,0.010297970473766327,0.028893799999999987,0.04079999999999995,0.028000000000000025,fcn-4_mnist_learnt_gaussian_sig0.03_bounded-pmin1e-05_epoch10_bs250_lr0.001_mon0.95_dp0.2_objective-channel_gradient-chan1.0-rayleigh-zf-tx1.0-noise0.1-spec-kl1.0_perc-pri0.5_epoch-pri20_bs-pri250_lr-pri0.005_mom-pri0.99_dp-pri0.2_seed7,rayleigh-zf-tx1.0-noise0.1_chan-layer2_mcsamples500_norm-spec_seed7_bounds.json
fcn-4,mnist,20.0,rayleigh_zf,10.0 dB,spec,vanilla,0.001,1.0,0.0,0.015389556996524334,0.0381344,0.014593613147735596,0.398065887850639,✓,-,0.02896635319372828,0.035800000000000054,0.3725351555940249,✓,-,0.05449708545034237,65.90060424804688,0.05742968339127726,0.11561562865972519,600.0,0.008232731372117996,0.014593613147735596,0.008407424390316009,0.02484513333333332,0.035800000000000054,0.02629999999999999,fcn-4_mnist_learnt_gaussian_sig0.03_bounded-pmin1e-05_epoch20_bs250_lr0.001_mon0.95_dp0.2_objective-vanilla_perc-pri0.5_epoch-pri20_bs-pri250_lr-pri0.005_mom-pri0.99_dp-pri0.2_seed7,rayleigh-zf-tx1.0-noise0.1_chan-layer2_mcsamples500_norm-spec_seed7_bounds.json
fcn-4,mnist,20.0,rayleigh_zf,10.0 dB,spec,channel_grad,0.001,0.0001,0.0001,0.015434709377586842,0.0381258,0.01484437882900238,0.35461217164993286,✓,✗,0.029029070670301898,0.039000000000000035,0.3290683329105377,✓,✓,0.05457291057778256,64.47949981689453,0.019701783361513896,0.039663009345531464,600.0,0.00826877448707819,0.01484437882900238,0.008514656126499176,0.024898399999999977,0.039000000000000035,0.025599999999999956,fcn-4_mnist_learnt_gaussian_sig0.03_bounded-pmin1e-05_epoch20_bs250_lr0.001_mon0.95_dp0.2_objective-channel_gradient-chan0.0001-rayleigh-zf-tx1.0-noise0.1-spec-kl0.0001_perc-pri0.5_epoch-pri20_bs-pri250_lr-pri0.005_mom-pri0.99_dp-pri0.2_seed7,rayleigh-zf-tx1.0-noise0.1_chan-layer2_mcsamples500_norm-spec_seed7_bounds.json
fcn-4,mnist,20.0,rayleigh_zf,10.0 dB,spec,channel_grad,0.001,0.0001,0.001,0.015434244647622108,0.03812680000000001,0.014844423532485962,0.35526859760284424,✓,✗,0.029025587608430672,0.039000000000000035,0.32972702383995056,✓,✓,0.05456717244034685,64.64197540283203,0.01970065458014268,0.0396607369184494,600.0,0.00826666597276926,0.014844423532485962,0.008513163030147552,0.024894399999999997,0.039000000000000035,0.025599999999999956,fcn-4_mnist_learnt_gaussian_sig0.03_bounded-pmin1e-05_epoch20_bs250_lr0.001_mon0.95_dp0.2_objective-channel_gradient-chan0.001-rayleigh-zf-tx1.0-noise0.1-spec-kl0.0001_perc-pri0.5_epoch-pri20_bs-pri250_lr-pri0.005_mom-pri0.99_dp-pri0.2_seed7,rayleigh-zf-tx1.0-noise0.1_chan-layer2_mcsamples500_norm-spec_seed7_bounds.json
fcn-4,mnist,20.0,rayleigh_zf,10.0 dB,spec,channel_grad,0.001,0.0001,0.01,0.015429279766976833,0.038142800000000004,0.014841635525226594,0.3621504604816437,✓,✗,0.02898692622749195,0.038900000000000046,0.3366137146949768,✓,✗,0.054523683450677186,66.35061645507812,0.01965047932296148,0.03955972567200661,600.0,0.00824456661939621,0.014841635525226594,0.00849483460187912,0.02486393333333331,0.038900000000000046,0.025399999999999978,fcn-4_mnist_learnt_gaussian_sig0.03_bounded-pmin1e-05_epoch20_bs250_lr0.001_mon0.95_dp0.2_objective-channel_gradient-chan0.01-rayleigh-zf-tx1.0-noise0.1-spec-kl0.0001_perc-pri0.5_epoch-pri20_bs-pri250_lr-pri0.005_mom-pri0.99_dp-pri0.2_seed7,rayleigh-zf-tx1.0-noise0.1_chan-layer2_mcsamples500_norm-spec_seed7_bounds.json
fcn-4,mnist,20.0,rayleigh_zf,10.0 dB,spec,channel_grad,0.001,0.001,0.0001,0.015527087263762951,0.0381722,0.014908243715763093,0.2833695113658905,✓,✗,0.029478465998042925,0.03849999999999998,0.25768741965293884,✓,✗,0.0551605815125043,46.76138687133789,0.02020535678720997,0.0406767874956131,600.0,0.008528832346200943,0.014908243715763093,0.008691611886024474,0.02531373333333333,0.03849999999999998,0.026000000000000023,fcn-4_mnist_learnt_gaussian_sig0.03_bounded-pmin1e-05_epoch20_bs250_lr0.001_mon0.95_dp0.2_objective-channel_gradient-chan0.0001-rayleigh-zf-tx1.0-noise0.1-spec-kl0.001_perc-pri0.5_epoch-pri20_bs-pri250_lr-pri0.005_mom-pri0.99_dp-pri0.2_seed7,rayleigh-zf-tx1.0-noise0.1_chan-layer2_mcsamples500_norm-spec_seed7_bounds.json
fcn-4,mnist,20.0,rayleigh_zf,10.0 dB,spec,channel_grad,0.001,0.001,0.001,0.015526247210800648,0.03817240000000001,0.014907822012901306,0.283848375082016,✓,✗,0.02947512411578104,0.03849999999999998,0.25816622376441956,✓,✗,0.055157260844506395,46.88093185424805,0.020199479722234587,0.04066495597362518,600.0,0.008526867255568504,0.014907822012901306,0.008690007030963898,0.02531126666666666,0.03849999999999998,0.026000000000000023,fcn-4_mnist_learnt_gaussian_sig0.03_bounded-pmin1e-05_epoch20_bs250_lr0.001_mon0.95_dp0.2_objective-channel_gradient-chan0.001-rayleigh-zf-tx1.0-noise0.1-spec-kl0.001_perc-pri0.5_epoch-pri20_bs-pri250_lr-pri0.005_mom-pri0.99_dp-pri0.2_seed7,rayleigh-zf-tx1.0-noise0.1_chan-layer2_mcsamples500_norm-spec_seed7_bounds.json
fcn-4,mnist,20.0,rayleigh_zf,10.0 dB,spec,channel_grad,0.001,0.001,0.01,0.015520066022872925,0.038181400000000004,0.014903345704078674,0.2888853847980499,✓,✗,0.02944034644102544,0.03849999999999998,0.2632094621658325,✓,✗,0.055116264221563877,48.1349983215332,0.02015778327856636,0.04058101400732994,600.0,0.008506794460117817,0.014903345704078674,0.008674724400043488,0.025282400000000017,0.03849999999999998,0.026000000000000023,fcn-4_mnist_learnt_gaussian_sig0.03_bounded-pmin1e-05_epoch20_bs250_lr0.001_mon0.95_dp0.2_objective-channel_gradient-chan0.01-rayleigh-zf-tx1.0-noise0.1-spec-kl0.001_perc-pri0.5_epoch-pri20_bs-pri250_lr-pri0.005_mom-pri0.99_dp-pri0.2_seed7,rayleigh-zf-tx1.0-noise0.1_chan-layer2_mcsamples500_norm-spec_seed7_bounds.json
fcn-4,mnist,20.0,rayleigh_zf,10.0 dB,spec,channel_grad,0.001,0.01,0.0001,0.01610616035759449,0.0386972,0.015416832268238067,0.1220192089676857,✓,✗,0.03147322142563529,0.038799999999999946,0.09574680775403976,✓,✗,0.05774562695741889,6.207146644592285,0.021831984406509478,0.04395146295428276,600.0,0.00970217864960432,0.015416832268238067,0.009523958712816239,0.027151600000000015,0.038799999999999946,0.026800000000000046,fcn-4_mnist_learnt_gaussian_sig0.03_bounded-pmin1e-05_epoch20_bs250_lr0.001_mon0.95_dp0.2_objective-channel_gradient-chan0.0001-rayleigh-zf-tx1.0-noise0.1-spec-kl0.01_perc-pri0.5_epoch-pri20_bs-pri250_lr-pri0.005_mom-pri0.99_dp-pri0.2_seed7,rayleigh-zf-tx1.0-noise0.1_chan-layer2_mcsamples500_norm-spec_seed7_bounds.json
fcn-4,mnist,20.0,rayleigh_zf,10.0 dB,spec,channel_grad,0.001,0.01,0.001,0.01610536314547062,0.03869579999999999,0.015416079759597778,0.12208753824234009,✓,✗,0.03147169171971895,0.038799999999999946,0.0958164632320404,✓,✗,0.05774276207075364,6.225102424621582,0.021829871179745657,0.04394720867276192,600.0,0.009701097384095192,0.015416079759597778,0.009523116052150726,0.02714960000000002,0.038799999999999946,0.026900000000000035,fcn-4_mnist_learnt_gaussian_sig0.03_bounded-pmin1e-05_epoch20_bs250_lr0.001_mon0.95_dp0.2_objective-channel_gradient-chan0.001-rayleigh-zf-tx1.0-noise0.1-spec-kl0.01_perc-pri0.5_epoch-pri20_bs-pri250_lr-pri0.005_mom-pri0.99_dp-pri0.2_seed7,rayleigh-zf-tx1.0-noise0.1_chan-layer2_mcsamples500_norm-spec_seed7_bounds.json
fcn-4,mnist,20.0,rayleigh_zf,10.0 dB,spec,channel_grad,0.001,0.01,0.01,0.016097113490104675,0.0386866,0.015407666563987732,0.12280244692018552,✓,✗,0.031453469308602114,0.038900000000000046,0.09653865621720681,✓,✗,0.057717260011580805,6.411532402038574,0.021809186723733436,0.04390556737780571,600.0,0.00969019066542387,0.015407666563987732,0.009513917565345763,0.027130933333333336,0.038900000000000046,0.026800000000000046,fcn-4_mnist_learnt_gaussian_sig0.03_bounded-pmin1e-05_epoch20_bs250_lr0.001_mon0.95_dp0.2_objective-channel_gradient-chan0.01-rayleigh-zf-tx1.0-noise0.1-spec-kl0.01_perc-pri0.5_epoch-pri20_bs-pri250_lr-pri0.005_mom-pri0.99_dp-pri0.2_seed7,rayleigh-zf-tx1.0-noise0.1_chan-layer2_mcsamples500_norm-spec_seed7_bounds.json
fcn-4,mnist,20.0,rayleigh_zf,10.0 dB,spec,channel_grad,0.001,0.01,0.1,0.01602562516927719,0.038610200000000004,0.015336345136165618,0.13067963785585135,✓,✗,0.03128297515612859,0.039000000000000035,0.10448540767237838,✓,✗,0.057477205339601545,8.434080123901367,0.021669415833057877,0.043624185025691986,600.0,0.009588779881596565,0.015336345136165618,0.009432657808065414,0.02695973333333334,0.039000000000000035,0.027000000000000024,fcn-4_mnist_learnt_gaussian_sig0.03_bounded-pmin1e-05_epoch20_bs250_lr0.001_mon0.95_dp0.2_objective-channel_gradient-chan0.1-rayleigh-zf-tx1.0-noise0.1-spec-kl0.01_perc-pri0.5_epoch-pri20_bs-pri250_lr-pri0.005_mom-pri0.99_dp-pri0.2_seed7,rayleigh-zf-tx1.0-noise0.1_chan-layer2_mcsamples500_norm-spec_seed7_bounds.json
fcn-4,mnist,20.0,rayleigh_zf,10.0 dB,spec,channel_grad,0.001,0.01,1.0,0.015691131353378296,0.03867479999999999,0.015059934556484222,0.26962292530127874,✓,✗,0.030040805671217193,0.03920000000000001,0.24367758988996005,✓,✗,0.055986141082535884,43.20746612548828,0.02014201364767209,0.04054926708340645,600.0,0.008856591768562794,0.015059934556484222,0.008854378014802933,0.025897999999999997,0.03920000000000001,0.026100000000000012,fcn-4_mnist_learnt_gaussian_sig0.03_bounded-pmin1e-05_epoch20_bs250_lr0.001_mon0.95_dp0.2_objective-channel_gradient-chan1.0-rayleigh-zf-tx1.0-noise0.1-spec-kl0.01_perc-pri0.5_epoch-pri20_bs-pri250_lr-pri0.005_mom-pri0.99_dp-pri0.2_seed7,rayleigh-zf-tx1.0-noise0.1_chan-layer2_mcsamples500_norm-spec_seed7_bounds.json
fcn-4,mnist,20.0,rayleigh_zf,10.0 dB,spec,channel_grad,0.001,0.1,0.01,0.016697343438863754,0.039664,0.0160521537065506,0.10061735786905998,✓,✗,0.032742489530845145,0.03990000000000005,0.0736819341586724,✓,✗,0.059677913241232734,0.16429227590560913,0.023167695459066284,0.04664047434926033,600.0,0.010463971644639969,0.0160521537065506,0.010131296515464783,0.028538266666666666,0.03990000000000005,0.02739999999999998,fcn-4_mnist_learnt_gaussian_sig0.03_bounded-pmin1e-05_epoch20_bs250_lr0.001_mon0.95_dp0.2_objective-channel_gradient-chan0.01-rayleigh-zf-tx1.0-noise0.1-spec-kl0.1_perc-pri0.5_epoch-pri20_bs-pri250_lr-pri0.005_mom-pri0.99_dp-pri0.2_seed7,rayleigh-zf-tx1.0-noise0.1_chan-layer2_mcsamples500_norm-spec_seed7_bounds.json
fcn-4,mnist,20.0,rayleigh_zf,10.0 dB,spec,channel_grad,0.001,0.1,0.1,0.01666411943733692,0.0395974,0.01601574420928955,0.1007878345583102,✓,✗,0.03269610326330599,0.040000000000000036,0.07388924629153962,✓,✗,0.05959469153007656,0.24372899532318115,0.02309709481044986,0.04649834334850311,600.0,0.010435826145112514,0.01601574420928955,0.010105691105127334,0.02847813333333334,0.040000000000000036,0.02739999999999998,fcn-4_mnist_learnt_gaussian_sig0.03_bounded-pmin1e-05_epoch20_bs250_lr0.001_mon0.95_dp0.2_objective-channel_gradient-chan0.1-rayleigh-zf-tx1.0-noise0.1-spec-kl0.1_perc-pri0.5_epoch-pri20_bs-pri250_lr-pri0.005_mom-pri0.99_dp-pri0.2_seed7,rayleigh-zf-tx1.0-noise0.1_chan-layer2_mcsamples500_norm-spec_seed7_bounds.json
fcn-4,mnist,20.0,rayleigh_zf,10.0 dB,spec,channel_grad,0.001,0.1,1.0,0.016402797773480415,0.039099000000000016,0.015735994279384612,0.1068887917869748,✓,✗,0.032326009994929475,0.0393,0.08027870182237522,✓,✗,0.05893609995952906,2.0130155086517334,0.02263356166559047,0.0455651730298996,600.0,0.010212686844170094,0.015735994279384612,0.00990505814552307,0.028004599999999994,0.0393,0.027200000000000002,fcn-4_mnist_learnt_gaussian_sig0.03_bounded-pmin1e-05_epoch20_bs250_lr0.001_mon0.95_dp0.2_objective-channel_gradient-chan1.0-rayleigh-zf-tx1.0-noise0.1-spec-kl0.1_perc-pri0.5_epoch-pri20_bs-pri250_lr-pri0.005_mom-pri0.99_dp-pri0.2_seed7,rayleigh-zf-tx1.0-noise0.1_chan-layer2_mcsamples500_norm-spec_seed7_bounds.json
fcn-4,mnist,20.0,rayleigh_zf,10.0 dB,spec,channel_grad,0.001,1.0,0.01,0.016826031729578972,0.0399056,0.016196902096271514,0.10058994473586651,✓,✗,0.032968796467674255,0.03979999999999995,0.07349282215081959,✓,✗,0.06006591905272117,0.004540115594863892,0.023404461977832084,0.04711712524294853,600.0,0.010600891895592213,0.016196902096271514,0.010244002193212509,0.028817599999999995,0.03979999999999995,0.027599999999999958,fcn-4_mnist_learnt_gaussian_sig0.03_bounded-pmin1e-05_epoch20_bs250_lr0.001_mon0.95_dp0.2_objective-channel_gradient-chan0.01-rayleigh-zf-tx1.0-noise0.1-spec-kl1.0_perc-pri0.5_epoch-pri20_bs-pri250_lr-pri0.005_mom-pri0.99_dp-pri0.2_seed7,rayleigh-zf-tx1.0-noise0.1_chan-layer2_mcsamples500_norm-spec_seed7_bounds.json
fcn-4,mnist,20.0,rayleigh_zf,10.0 dB,spec,channel_grad,0.001,1.0,0.1,0.016820207238197327,0.03989700000000001,0.01619069278240204,0.10057435724058102,✓,✗,0.03296186955775422,0.03979999999999995,0.073487027203971,✓,✗,0.06004919959436423,0.007687032222747803,0.02339274670756787,0.04709354043006897,600.0,0.010596700944006443,0.01619069278240204,0.01023886278271675,0.02880606666666664,0.03979999999999995,0.02749999999999997,fcn-4_mnist_learnt_gaussian_sig0.03_bounded-pmin1e-05_epoch20_bs250_lr0.001_mon0.95_dp0.2_objective-channel_gradient-chan0.1-rayleigh-zf-tx1.0-noise0.1-spec-kl1.0_perc-pri0.5_epoch-pri20_bs-pri250_lr-pri0.005_mom-pri0.99_dp-pri0.2_seed7,rayleigh-zf-tx1.0-noise0.1_chan-layer2_mcsamples500_norm-spec_seed7_bounds.json
fcn-4,mnist,20.0,rayleigh_zf,10.0 dB,spec,channel_grad,0.001,1.0,1.0,0.016765451058745384,0.0397944,0.0161334365606308,0.10081148219869002,✓,✗,0.03289805953495585,0.03979999999999995,0.07379639820219833,✓,✗,0.05991314353144755,0.11877146363258362,0.0233124274363914,0.04693184420466423,600.0,0.010557964444160461,0.0161334365606308,0.010190528631210328,0.028707599999999996,0.03979999999999995,0.02739999999999998,fcn-4_mnist_learnt_gaussian_sig0.03_bounded-pmin1e-05_epoch20_bs250_lr0.001_mon0.95_dp0.2_objective-channel_gradient-chan1.0-rayleigh-zf-tx1.0-noise0.1-spec-kl1.0_perc-pri0.5_epoch-pri20_bs-pri250_lr-pri0.005_mom-pri0.99_dp-pri0.2_seed7,rayleigh-zf-tx1.0-noise0.1_chan-layer2_mcsamples500_norm-spec_seed7_bounds.json
fcn-4,mnist,30.0,rayleigh_zf,10.0 dB,spec,channel_grad,0.001,0.0001,0.0001,0.015201762318611145,0.0380128,0.01614588052034378,0.5405088067054749,✓,?,0.028085574989607297,0.03979999999999995,0.5152689814567566,✓,?,0.053325421334284126,110.49263763427734,0.01899807514823989,0.03824632614850998,600.0,0.007728449068963528,0.01614588052034378,0.008164671808481216,0.024021666666666667,0.03979999999999995,0.024599999999999955,fcn-4_mnist_learnt_gaussian_sig0.03_bounded-pmin1e-05_epoch30_bs250_lr0.001_mon0.95_dp0.2_objective-channel_gradient-chan0.0001-rayleigh-zf-tx1.0-noise0.1-spec-kl0.0001_perc-pri0.5_epoch-pri20_bs-pri250_lr-pri0.005_mom-pri0.99_dp-pri0.2_seed7,rayleigh-zf-tx1.0-noise0.1_chan-layer2_mcsamples500_norm-spec_seed7_bounds.json
fcn-4,mnist,30.0,rayleigh_zf,10.0 dB,spec,channel_grad,0.001,0.0001,0.001,0.015201429836452007,0.0380134,0.0161455899477005,0.5416438579559326,✓,?,0.028081230340819198,0.03979999999999995,0.5164062976837158,✓,?,0.05331877458396135,110.77470397949219,0.018988239946620192,0.038226526230573654,600.0,0.007725945673882961,0.0161455899477005,0.008162950724363327,0.024016733333333342,0.03979999999999995,0.024599999999999955,fcn-4_mnist_learnt_gaussian_sig0.03_bounded-pmin1e-05_epoch30_bs250_lr0.001_mon0.95_dp0.2_objective-channel_gradient-chan0.001-rayleigh-zf-tx1.0-noise0.1-spec-kl0.0001_perc-pri0.5_epoch-pri20_bs-pri250_lr-pri0.005_mom-pri0.99_dp-pri0.2_seed7,rayleigh-zf-tx1.0-noise0.1_chan-layer2_mcsamples500_norm-spec_seed7_bounds.json
fcn-4,mnist,30.0,rayleigh_zf,10.0 dB,spec,channel_grad,0.001,0.0001,0.01,0.01519679930061102,0.038037,0.01614402383565903,0.5531008839607239,✓,?,0.028038387683656407,0.03990000000000005,0.5278757810592651,✓,?,0.053263518810132734,113.60942840576172,0.018927824236802414,0.03810489922761917,600.0,0.00770152872428298,0.01614402383565903,0.00814356729388237,0.023978,0.03990000000000005,0.024599999999999955,fcn-4_mnist_learnt_gaussian_sig0.03_bounded-pmin1e-05_epoch30_bs250_lr0.001_mon0.95_dp0.2_objective-channel_gradient-chan0.01-rayleigh-zf-tx1.0-noise0.1-spec-kl0.0001_perc-pri0.5_epoch-pri20_bs-pri250_lr-pri0.005_mom-pri0.99_dp-pri0.2_seed7,rayleigh-zf-tx1.0-noise0.1_chan-layer2_mcsamples500_norm-spec_seed7_bounds.json
fcn-4,mnist,30.0,rayleigh_zf,10.0 dB,spec,channel_grad,0.001,0.001,0.0001,0.015337719582021236,0.038032599999999986,0.016297177970409395,0.37394893169403076,✓,?,0.028853534454818686,0.03990000000000005,0.34846293926239014,✓,?,0.054339494602219526,69.25381469726562,0.019780859122720765,0.03982220217585564,600.0,0.00816773995757103,0.016297177970409395,0.008425083756446839,0.0247344,0.03990000000000005,0.024700000000000055,fcn-4_mnist_learnt_gaussian_sig0.03_bounded-pmin1e-05_epoch30_bs250_lr0.001_mon0.95_dp0.2_objective-channel_gradient-chan0.0001-rayleigh-zf-tx1.0-noise0.1-spec-kl0.001_perc-pri0.5_epoch-pri20_bs-pri250_lr-pri0.005_mom-pri0.99_dp-pri0.2_seed7,rayleigh-zf-tx1.0-noise0.1_chan-layer2_mcsamples500_norm-spec_seed7_bounds.json
fcn-4,mnist,30.0,rayleigh_zf,10.0 dB,spec,channel_grad,0.001,0.001,0.001,0.015336960554122925,0.0380326,0.016296511888504027,0.374651163816452,✓,?,0.028849963543128045,0.03990000000000005,0.3491664528846741,✓,?,0.05433468593637186,69.4286117553711,0.019774356601838055,0.03980911150574684,600.0,0.008165542036294937,0.016296511888504027,0.008423367142677307,0.02473040000000001,0.03990000000000005,0.024700000000000055,fcn-4_mnist_learnt_gaussian_sig0.03_bounded-pmin1e-05_epoch30_bs250_lr0.001_mon0.95_dp0.2_objective-channel_gradient-chan0.001-rayleigh-zf-tx1.0-noise0.1-spec-kl0.001_perc-pri0.5_epoch-pri20_bs-pri250_lr-pri0.005_mom-pri0.99_dp-pri0.2_seed7,rayleigh-zf-tx1.0-noise0.1_chan-layer2_mcsamples500_norm-spec_seed7_bounds.json
fcn-4,mnist,30.0,rayleigh_zf,10.0 dB,spec,channel_grad,0.001,0.001,0.01,0.015329952351748943,0.038041200000000004,0.016291138529777528,0.38205206394195557,✓,?,0.02881010626294551,0.03979999999999995,0.3565773665904999,✓,?,0.05428480698228082,71.27239990234375,0.01969791589747153,0.03965522348880768,600.0,0.008142707869410515,0.016291138529777528,0.00840626358985901,0.02469526666666667,0.03979999999999995,0.024700000000000055,fcn-4_mnist_learnt_gaussian_sig0.03_bounded-pmin1e-05_epoch30_bs250_lr0.001_mon0.95_dp0.2_objective-channel_gradient-chan0.01-rayleigh-zf-tx1.0-noise0.1-spec-kl0.001_perc-pri0.5_epoch-pri20_bs-pri250_lr-pri0.005_mom-pri0.99_dp-pri0.2_seed7,rayleigh-zf-tx1.0-noise0.1_chan-layer2_mcsamples500_norm-spec_seed7_bounds.json
fcn-4,mnist,30.0,rayleigh_zf,10.0 dB,spec,channel_grad,0.001,0.01,0.0001,0.016047395765781403,0.038610399999999996,0.017043730616569518,0.12258575111627579,✓,?,0.03145818637582608,0.03990000000000005,0.09631627053022385,✓,?,0.057727662733939214,6.304111957550049,0.022020629680097437,0.04433123767375946,600.0,0.009693082422018051,0.017043730616569518,0.009376081079244614,0.027138799999999987,0.03990000000000005,0.025900000000000034,fcn-4_mnist_learnt_gaussian_sig0.03_bounded-pmin1e-05_epoch30_bs250_lr0.001_mon0.95_dp0.2_objective-channel_gradient-chan0.0001-rayleigh-zf-tx1.0-noise0.1-spec-kl0.01_perc-pri0.5_epoch-pri20_bs-pri250_lr-pri0.005_mom-pri0.99_dp-pri0.2_seed7,rayleigh-zf-tx1.0-noise0.1_chan-layer2_mcsamples500_norm-spec_seed7_bounds.json
fcn-4,mnist,30.0,rayleigh_zf,10.0 dB,spec,channel_grad,0.001,0.01,0.001,0.016046682372689247,0.03861,0.017043010890483858,0.12265348434448242,✓,?,0.03145617442381585,0.03990000000000005,0.09638360142707825,✓,?,0.05772604847088149,6.322183609008789,0.02201619967583073,0.04432231932878494,600.0,0.009691990911960602,0.017043010890483858,0.009375236183404922,0.02713713333333332,0.03990000000000005,0.025900000000000034,fcn-4_mnist_learnt_gaussian_sig0.03_bounded-pmin1e-05_epoch30_bs250_lr0.001_mon0.95_dp0.2_objective-channel_gradient-chan0.001-rayleigh-zf-tx1.0-noise0.1-spec-kl0.01_perc-pri0.5_epoch-pri20_bs-pri250_lr-pri0.005_mom-pri0.99_dp-pri0.2_seed7,rayleigh-zf-tx1.0-noise0.1_chan-layer2_mcsamples500_norm-spec_seed7_bounds.json
fcn-4,mnist,30.0,rayleigh_zf,10.0 dB,spec,channel_grad,0.001,0.01,0.01,0.016039902344346046,0.03860639999999999,0.01703572869300842,0.12336650123879267,✓,?,0.0314379236336952,0.040000000000000036,0.09710474188593855,✓,?,0.05769968298654932,6.508133888244629,0.02199644415137318,0.04428254812955856,600.0,0.009681055322289467,0.01703572869300842,0.009366181492805482,0.027118533333333326,0.040000000000000036,0.025900000000000034,fcn-4_mnist_learnt_gaussian_sig0.03_bounded-pmin1e-05_epoch30_bs250_lr0.001_mon0.95_dp0.2_objective-channel_gradient-chan0.01-rayleigh-zf-tx1.0-noise0.1-spec-kl0.01_perc-pri0.5_epoch-pri20_bs-pri250_lr-pri0.005_mom-pri0.99_dp-pri0.2_seed7,rayleigh-zf-tx1.0-noise0.1_chan-layer2_mcsamples500_norm-spec_seed7_bounds.json
fcn-4,mnist,30.0,rayleigh_zf,10.0 dB,spec,channel_grad,0.001,0.01,0.1,0.015973519533872604,0.038545199999999995,0.016968290507793426,0.13123915957133048,✓,?,0.03126505891383982,0.03969999999999996,0.10505740927495345,✓,?,0.05744680921021687,8.55027961730957,0.021784951232555038,0.043856777250766754,600.0,0.009578187949955463,0.016968290507793426,0.009282957017421722,0.02693793333333334,0.03969999999999996,0.025800000000000045,fcn-4_mnist_learnt_gaussian_sig0.03_bounded-pmin1e-05_epoch30_bs250_lr0.001_mon0.95_dp0.2_objective-channel_gradient-chan0.1-rayleigh-zf-tx1.0-noise0.1-spec-kl0.01_perc-pri0.5_epoch-pri20_bs-pri250_lr-pri0.005_mom-pri0.99_dp-pri0.2_seed7,rayleigh-zf-tx1.0-noise0.1_chan-layer2_mcsamples500_norm-spec_seed7_bounds.json
fcn-4,mnist,30.0,rayleigh_zf,10.0 dB,spec,channel_grad,0.001,0.01,1.0,0.01565747708082199,0.0385816,0.01665049195289612,0.27152271693673474,✓,?,0.030020853856191933,0.04069999999999996,0.24567261312440128,✓,?,0.05587095766852543,43.693302154541016,0.020173571414073277,0.04061279818415642,600.0,0.008844897150993347,0.01665049195289612,0.008751612156629562,0.025816533333333332,0.04069999999999996,0.024900000000000033,fcn-4_mnist_learnt_gaussian_sig0.03_bounded-pmin1e-05_epoch30_bs250_lr0.001_mon0.95_dp0.2_objective-channel_gradient-chan1.0-rayleigh-zf-tx1.0-noise0.1-spec-kl0.01_perc-pri0.5_epoch-pri20_bs-pri250_lr-pri0.005_mom-pri0.99_dp-pri0.2_seed7,rayleigh-zf-tx1.0-noise0.1_chan-layer2_mcsamples500_norm-spec_seed7_bounds.json
fcn-4,mnist,30.0,rayleigh_zf,10.0 dB,spec,channel_grad,0.001,0.1,0.01,0.016642995178699493,0.0395816,0.017704997956752778,0.10097933799436344,✓,?,0.032721141043665955,0.041200000000000014,0.07406808269113577,✓,?,0.059632396346893636,0.2033689022064209,0.02341566281986483,0.04713967442512512,600.0,0.010450820438563824,0.017704997956752778,0.0099655382335186,0.0285056,0.041200000000000014,0.027000000000000024,fcn-4_mnist_learnt_gaussian_sig0.03_bounded-pmin1e-05_epoch30_bs250_lr0.001_mon0.95_dp0.2_objective-channel_gradient-chan0.01-rayleigh-zf-tx1.0-noise0.1-spec-kl0.1_perc-pri0.5_epoch-pri20_bs-pri250_lr-pri0.005_mom-pri0.99_dp-pri0.2_seed7,rayleigh-zf-tx1.0-noise0.1_chan-layer2_mcsamples500_norm-spec_seed7_bounds.json
fcn-4,mnist,30.0,rayleigh_zf,10.0 dB,spec,channel_grad,0.001,0.1,0.1,0.01661822758615017,0.039540200000000005,0.017674817144870757,0.10119632313992873,✓,?,0.03266968929025539,0.0413,0.0743256206642622,✓,?,0.059540391765921914,0.29513078927993774,0.02335003621112681,0.04700755700469017,600.0,0.010419907048344612,0.017674817144870757,0.00994008481502533,0.028439266666666664,0.0413,0.027000000000000024,fcn-4_mnist_learnt_gaussian_sig0.03_bounded-pmin1e-05_epoch30_bs250_lr0.001_mon0.95_dp0.2_objective-channel_gradient-chan0.1-rayleigh-zf-tx1.0-noise0.1-spec-kl0.1_perc-pri0.5_epoch-pri20_bs-pri250_lr-pri0.005_mom-pri0.99_dp-pri0.2_seed7,rayleigh-zf-tx1.0-noise0.1_chan-layer2_mcsamples500_norm-spec_seed7_bounds.json
fcn-4,mnist,30.0,rayleigh_zf,10.0 dB,spec,channel_grad,0.001,0.1,1.0,0.016457712277770042,0.03928039999999999,0.017474664747714995,0.10782989144876814,✓,?,0.032296245798843354,0.041100000000000025,0.08125475068539258,✓,?,0.05887138656221892,2.2044055461883545,0.022858028168332545,0.04601706191897392,600.0,0.010194794274866581,0.017474664747714995,0.009758901596069337,0.02795786666666669,0.041100000000000025,0.026900000000000035,fcn-4_mnist_learnt_gaussian_sig0.03_bounded-pmin1e-05_epoch30_bs250_lr0.001_mon0.95_dp0.2_objective-channel_gradient-chan1.0-rayleigh-zf-tx1.0-noise0.1-spec-kl0.1_perc-pri0.5_epoch-pri20_bs-pri250_lr-pri0.005_mom-pri0.99_dp-pri0.2_seed7,rayleigh-zf-tx1.0-noise0.1_chan-layer2_mcsamples500_norm-spec_seed7_bounds.json
fcn-4,mnist,30.0,rayleigh_zf,10.0 dB,spec,channel_grad,0.001,1.0,0.01,0.0167874526232481,0.039847400000000005,0.01786918342113495,0.1009116187872395,✓,?,0.032978274440511116,0.04159999999999997,0.07380232835444421,✓,?,0.06008756487330641,0.006806910037994385,0.02369523605905743,0.04770250245928764,600.0,0.010606727562844753,0.01786918342113495,0.010099220275878906,0.02883326666666669,0.04159999999999997,0.027599999999999958,fcn-4_mnist_learnt_gaussian_sig0.03_bounded-pmin1e-05_epoch30_bs250_lr0.001_mon0.95_dp0.2_objective-channel_gradient-chan0.01-rayleigh-zf-tx1.0-noise0.1-spec-kl1.0_perc-pri0.5_epoch-pri20_bs-pri250_lr-pri0.005_mom-pri0.99_dp-pri0.2_seed7,rayleigh-zf-tx1.0-noise0.1_chan-layer2_mcsamples500_norm-spec_seed7_bounds.json
fcn-4,mnist,30.0,rayleigh_zf,10.0 dB,spec,channel_grad,0.001,1.0,0.1,0.016781164333224297,0.03983739999999999,0.017860981822013854,0.10086685941588444,✓,?,0.03296611975188045,0.04159999999999997,0.07377252571690102,✓,?,0.06006045345086387,0.012601017951965332,0.023653933763638495,0.047619353979825974,600.0,0.010599118657410145,0.017860981822013854,0.010093924403190613,0.028813866666666674,0.04159999999999997,0.027599999999999958,fcn-4_mnist_learnt_gaussian_sig0.03_bounded-pmin1e-05_epoch30_bs250_lr0.001_mon0.95_dp0.2_objective-channel_gradient-chan0.1-rayleigh-zf-tx1.0-noise0.1-spec-kl1.0_perc-pri0.5_epoch-pri20_bs-pri250_lr-pri0.005_mom-pri0.99_dp-pri0.2_seed7,rayleigh-zf-tx1.0-noise0.1_chan-layer2_mcsamples500_norm-spec_seed7_bounds.json
fcn-4,mnist,30.0,rayleigh_zf,10.0 dB,spec,channel_grad,0.001,1.0,1.0,0.016720952466130257,0.0397236,0.01778305470943451,0.10129864299916339,✓,?,0.03285425633424836,0.04149999999999998,0.07432811230439904,✓,?,0.05982478702901271,0.1965482234954834,0.023570422446781127,0.04745123162865639,600.0,0.010531492531299591,0.01778305470943451,0.010046731680631638,0.02864406666666665,0.04149999999999998,0.027100000000000013,fcn-4_mnist_learnt_gaussian_sig0.03_bounded-pmin1e-05_epoch30_bs250_lr0.001_mon0.95_dp0.2_objective-channel_gradient-chan1.0-rayleigh-zf-tx1.0-noise0.1-spec-kl1.0_perc-pri0.5_epoch-pri20_bs-pri250_lr-pri0.005_mom-pri0.99_dp-pri0.2_seed7,rayleigh-zf-tx1.0-noise0.1_chan-layer2_mcsamples500_norm-spec_seed7_bounds.json
fcn-4,mnist,50.0,rayleigh_zf,10.0 dB,spec,vanilla,0.001,1.0,0.0,0.015013918280601501,0.03784559999999999,0.01420106440782547,1.035088032020435,✓,-,0.026661793159186476,0.035599999999999965,1.0105829522747232,✓,-,0.05116687290489824,222.75425720214844,0.05742968339127726,0.11561562865972519,600.0,0.0069275060668587685,0.01420106440782547,0.00760030448436737,0.022516133333333358,0.035599999999999965,0.024900000000000033,fcn-4_mnist_learnt_gaussian_sig0.03_bounded-pmin1e-05_epoch50_bs250_lr0.001_mon0.95_dp0.2_objective-vanilla_perc-pri0.5_epoch-pri20_bs-pri250_lr-pri0.005_mom-pri0.99_dp-pri0.2_seed7,rayleigh-zf-tx1.0-noise0.1_chan-layer2_mcsamples500_norm-spec_seed7_bounds.json
fcn-4,mnist,50.0,rayleigh_zf,10.0 dB,spec,channel_grad,0.001,0.0001,0.0001,0.015059654600918293,0.0379984,0.015287384390830994,0.9318934679031372,✓,✗,0.026783321767481844,0.03920000000000001,0.9072569012641907,✓,✗,0.05141988871121503,206.9479522705078,0.01851110406100702,0.037265971302986145,600.0,0.006994975730776787,0.015287384390830994,0.00792810395359993,0.022691333333333355,0.03920000000000001,0.024700000000000055,fcn-4_mnist_learnt_gaussian_sig0.03_bounded-pmin1e-05_epoch50_bs250_lr0.001_mon0.95_dp0.2_objective-channel_gradient-chan0.0001-rayleigh-zf-tx1.0-noise0.1-spec-kl0.0001_perc-pri0.5_epoch-pri20_bs-pri250_lr-pri0.005_mom-pri0.99_dp-pri0.2_seed7,rayleigh-zf-tx1.0-noise0.1_chan-layer2_mcsamples500_norm-spec_seed7_bounds.json
fcn-4,mnist,50.0,rayleigh_zf,10.0 dB,spec,channel_grad,0.001,0.0001,0.001,0.015060204081237316,0.038007599999999996,0.01528771072626114,0.9339989423751831,✓,✗,0.026778179451464632,0.03920000000000001,0.9093654751777649,✓,✗,0.05141165720791938,207.46775817871094,0.018502693714560824,0.037249039858579636,600.0,0.006992144510149956,0.01528771072626114,0.007926253974437714,0.02268573333333333,0.03920000000000001,0.024700000000000055,fcn-4_mnist_learnt_gaussian_sig0.03_bounded-pmin1e-05_epoch50_bs250_lr0.001_mon0.95_dp0.2_objective-channel_gradient-chan0.001-rayleigh-zf-tx1.0-noise0.1-spec-kl0.0001_perc-pri0.5_epoch-pri20_bs-pri250_lr-pri0.005_mom-pri0.99_dp-pri0.2_seed7,rayleigh-zf-tx1.0-noise0.1_chan-layer2_mcsamples500_norm-spec_seed7_bounds.json
fcn-4,mnist,50.0,rayleigh_zf,10.0 dB,spec,channel_grad,0.001,0.0001,0.01,0.015058516524732113,0.038040599999999994,0.015282830595970154,0.9543266892433167,✓,✗,0.026729631536502874,0.0393,0.9297139644622803,✓,✗,0.05134237446805988,212.49029541015625,0.018395379914460903,0.037032999098300934,600.0,0.00696531729772687,0.015282830595970154,0.007904872298240662,0.022637400000000005,0.0393,0.024700000000000055,fcn-4_mnist_learnt_gaussian_sig0.03_bounded-pmin1e-05_epoch50_bs250_lr0.001_mon0.95_dp0.2_objective-channel_gradient-chan0.01-rayleigh-zf-tx1.0-noise0.1-spec-kl0.0001_perc-pri0.5_epoch-pri20_bs-pri250_lr-pri0.005_mom-pri0.99_dp-pri0.2_seed7,rayleigh-zf-tx1.0-noise0.1_chan-layer2_mcsamples500_norm-spec_seed7_bounds.json
fcn-4,mnist,50.0,rayleigh_zf,10.0 dB,spec,channel_grad,0.001,0.001,0.0001,0.015255271457135677,0.0379912,0.015427622199058532,0.5015929937362671,✓,✗,0.02815491811247574,0.039100000000000024,0.4763830900192261,✓,✗,0.05336483500755651,100.7838363647461,0.019678856146449354,0.03961685299873352,600.0,0.007767846807837486,0.015427622199058532,0.00841347873210907,0.02404886666666666,0.039100000000000024,0.026000000000000023,fcn-4_mnist_learnt_gaussian_sig0.03_bounded-pmin1e-05_epoch50_bs250_lr0.001_mon0.95_dp0.2_objective-channel_gradient-chan0.0001-rayleigh-zf-tx1.0-noise0.1-spec-kl0.001_perc-pri0.5_epoch-pri20_bs-pri250_lr-pri0.005_mom-pri0.99_dp-pri0.2_seed7,rayleigh-zf-tx1.0-noise0.1_chan-layer2_mcsamples500_norm-spec_seed7_bounds.json
fcn-4,mnist,50.0,rayleigh_zf,10.0 dB,spec,channel_grad,0.001,0.001,0.001,0.0152545515447855,0.037992,0.015427027642726899,0.502549946308136,✓,✗,0.028151288480684097,0.039100000000000024,0.4773423373699188,✓,✗,0.05335889968158447,101.0196304321289,0.01967913186517773,0.03961740806698799,600.0,0.007765590213239193,0.015427027642726899,0.00841149240732193,0.02404466666666667,0.039100000000000024,0.026000000000000023,fcn-4_mnist_learnt_gaussian_sig0.03_bounded-pmin1e-05_epoch50_bs250_lr0.001_mon0.95_dp0.2_objective-channel_gradient-chan0.001-rayleigh-zf-tx1.0-noise0.1-spec-kl0.001_perc-pri0.5_epoch-pri20_bs-pri250_lr-pri0.005_mom-pri0.99_dp-pri0.2_seed7,rayleigh-zf-tx1.0-noise0.1_chan-layer2_mcsamples500_norm-spec_seed7_bounds.json
fcn-4,mnist,50.0,rayleigh_zf,10.0 dB,spec,channel_grad,0.001,0.001,0.01,0.015248370356857777,0.037997600000000006,0.015420740842819214,0.512813150882721,✓,✗,0.028108972778819814,0.03920000000000001,0.48761865496635437,✓,✗,0.05330345093471431,103.57047271728516,0.019583990399274304,0.03942587226629257,600.0,0.00774170970544219,0.015420740842819214,0.008391617983579635,0.02400573333333331,0.03920000000000001,0.025900000000000034,fcn-4_mnist_learnt_gaussian_sig0.03_bounded-pmin1e-05_epoch50_bs250_lr0.001_mon0.95_dp0.2_objective-channel_gradient-chan0.01-rayleigh-zf-tx1.0-noise0.1-spec-kl0.001_perc-pri0.5_epoch-pri20_bs-pri250_lr-pri0.005_mom-pri0.99_dp-pri0.2_seed7,rayleigh-zf-tx1.0-noise0.1_chan-layer2_mcsamples500_norm-spec_seed7_bounds.json
fcn-4,mnist,50.0,rayleigh_zf,10.0 dB,spec,channel_grad,0.001,0.01,0.0001,0.01606319099664688,0.03862140000000001,0.016176079213619233,0.12216489762067795,✓,✗,0.03142353048014547,0.03959999999999997,0.09590046852827072,✓,✗,0.05768796489102461,6.076041221618652,0.022570573814615334,0.04543836787343025,600.0,0.009672615677118301,0.016176079213619233,0.009688425809144974,0.027110266666666674,0.03959999999999997,0.027200000000000002,fcn-4_mnist_learnt_gaussian_sig0.03_bounded-pmin1e-05_epoch50_bs250_lr0.001_mon0.95_dp0.2_objective-channel_gradient-chan0.0001-rayleigh-zf-tx1.0-noise0.1-spec-kl0.01_perc-pri0.5_epoch-pri20_bs-pri250_lr-pri0.005_mom-pri0.99_dp-pri0.2_seed7,rayleigh-zf-tx1.0-noise0.1_chan-layer2_mcsamples500_norm-spec_seed7_bounds.json
fcn-4,mnist,50.0,rayleigh_zf,10.0 dB,spec,channel_grad,0.001,0.01,0.001,0.01606215536594391,0.03862,0.016175045073032378,0.12224076688289642,✓,✗,0.03142193424407909,0.03949999999999998,0.09597571194171906,✓,✗,0.0576869963207922,6.095601558685303,0.022567557562754543,0.04543229565024376,600.0,0.009671466425061226,0.016175045073032378,0.009687317907810212,0.027109266666666656,0.03949999999999998,0.027200000000000002,fcn-4_mnist_learnt_gaussian_sig0.03_bounded-pmin1e-05_epoch50_bs250_lr0.001_mon0.95_dp0.2_objective-channel_gradient-chan0.001-rayleigh-zf-tx1.0-noise0.1-spec-kl0.01_perc-pri0.5_epoch-pri20_bs-pri250_lr-pri0.005_mom-pri0.99_dp-pri0.2_seed7,rayleigh-zf-tx1.0-noise0.1_chan-layer2_mcsamples500_norm-spec_seed7_bounds.json
fcn-4,mnist,50.0,rayleigh_zf,10.0 dB,spec,channel_grad,0.001,0.01,0.01,0.016052668914198875,0.038607400000000014,0.016165322065353392,0.12294571670465433,✓,✗,0.031403205445022495,0.03949999999999998,0.0966891957898912,✓,✗,0.05765972635978564,6.282561779022217,0.0225365105236623,0.045369792729616165,600.0,0.009660525247454643,0.016165322065353392,0.009677029401063918,0.02708973333333334,0.03949999999999998,0.027200000000000002,fcn-4_mnist_learnt_gaussian_sig0.03_bounded-pmin1e-05_epoch50_bs250_lr0.001_mon0.95_dp0.2_objective-channel_gradient-chan0.01-rayleigh-zf-tx1.0-noise0.1-spec-kl0.01_perc-pri0.5_epoch-pri20_bs-pri250_lr-pri0.005_mom-pri0.99_dp-pri0.2_seed7,rayleigh-zf-tx1.0-noise0.1_chan-layer2_mcsamples500_norm-spec_seed7_bounds.json
fcn-4,mnist,50.0,rayleigh_zf,10.0 dB,spec,channel_grad,0.001,0.01,0.1,0.015971381217241287,0.03850059999999999,0.016084639728069304,0.1307306674765202,✓,✗,0.031233954471366378,0.03939999999999999,0.10453513362409034,✓,✗,0.05742948832379624,8.304265022277832,0.022298130402674036,0.044889893382787704,600.0,0.009559907019138336,0.016084639728069304,0.009580639749765396,0.026925800000000014,0.03939999999999999,0.026900000000000035,fcn-4_mnist_learnt_gaussian_sig0.03_bounded-pmin1e-05_epoch50_bs250_lr0.001_mon0.95_dp0.2_objective-channel_gradient-chan0.1-rayleigh-zf-tx1.0-noise0.1-spec-kl0.01_perc-pri0.5_epoch-pri20_bs-pri250_lr-pri0.005_mom-pri0.99_dp-pri0.2_seed7,rayleigh-zf-tx1.0-noise0.1_chan-layer2_mcsamples500_norm-spec_seed7_bounds.json
fcn-4,mnist,50.0,rayleigh_zf,10.0 dB,spec,channel_grad,0.001,0.01,1.0,0.015616560354828835,0.038441399999999994,0.015768605470657348,0.2656547196715264,✓,✗,0.03008387366064943,0.039100000000000024,0.2397340215844018,✓,✗,0.05600457174777401,42.06640625,0.020813734787531592,0.04190155491232872,600.0,0.008881766349077225,0.015768605470657348,0.008980873227119445,0.025911266666666655,0.039100000000000024,0.026499999999999968,fcn-4_mnist_learnt_gaussian_sig0.03_bounded-pmin1e-05_epoch50_bs250_lr0.001_mon0.95_dp0.2_objective-channel_gradient-chan1.0-rayleigh-zf-tx1.0-noise0.1-spec-kl0.01_perc-pri0.5_epoch-pri20_bs-pri250_lr-pri0.005_mom-pri0.99_dp-pri0.2_seed7,rayleigh-zf-tx1.0-noise0.1_chan-layer2_mcsamples500_norm-spec_seed7_bounds.json
fcn-4,mnist,50.0,rayleigh_zf,10.0 dB,spec,channel_grad,0.001,0.1,0.01,0.016647912561893463,0.0396006,0.016784022748470306,0.10136055994077472,✓,✗,0.03268898240998329,0.040200000000000014,0.07441525155567949,✓,✗,0.05963429079507852,0.16482102870941162,0.023952361352652943,0.04822013899683952,600.0,0.010431437753140926,0.016784022748470306,0.010302814096212387,0.0285066,0.040200000000000014,0.028299999999999992,fcn-4_mnist_learnt_gaussian_sig0.03_bounded-pmin1e-05_epoch50_bs250_lr0.001_mon0.95_dp0.2_objective-channel_gradient-chan0.01-rayleigh-zf-tx1.0-noise0.1-spec-kl0.1_perc-pri0.5_epoch-pri20_bs-pri250_lr-pri0.005_mom-pri0.99_dp-pri0.2_seed7,rayleigh-zf-tx1.0-noise0.1_chan-layer2_mcsamples500_norm-spec_seed7_bounds.json
fcn-4,mnist,50.0,rayleigh_zf,10.0 dB,spec,channel_grad,0.001,0.1,0.1,0.016617311164736748,0.0395388,0.016754060983657837,0.1014980606296294,✓,✗,0.03264868779902373,0.040200000000000014,0.07459484204293612,✓,✗,0.059551906385717016,0.2412598729133606,0.02386018617615617,0.04803457483649254,600.0,0.01040711160749197,0.016754060983657837,0.010276693850755692,0.02844733333333333,0.040200000000000014,0.028299999999999992,fcn-4_mnist_learnt_gaussian_sig0.03_bounded-pmin1e-05_epoch50_bs250_lr0.001_mon0.95_dp0.2_objective-channel_gradient-chan0.1-rayleigh-zf-tx1.0-noise0.1-spec-kl0.1_perc-pri0.5_epoch-pri20_bs-pri250_lr-pri0.005_mom-pri0.99_dp-pri0.2_seed7,rayleigh-zf-tx1.0-noise0.1_chan-layer2_mcsamples500_norm-spec_seed7_bounds.json
fcn-4,mnist,50.0,rayleigh_zf,10.0 dB,spec,channel_grad,0.001,0.1,1.0,0.01640809327363968,0.039169800000000005,0.01656302362680435,0.10836111596970005,✓,✗,0.03234799398306826,0.03969999999999996,0.08164754919189605,✓,✗,0.05906156076087225,2.149286985397339,0.023424099072768722,0.04715665802359581,600.0,0.010226001031696796,0.01656302362680435,0.01007387563586235,0.02809493333333333,0.03969999999999996,0.027900000000000036,fcn-4_mnist_learnt_gaussian_sig0.03_bounded-pmin1e-05_epoch50_bs250_lr0.001_mon0.95_dp0.2_objective-channel_gradient-chan1.0-rayleigh-zf-tx1.0-noise0.1-spec-kl0.1_perc-pri0.5_epoch-pri20_bs-pri250_lr-pri0.005_mom-pri0.99_dp-pri0.2_seed7,rayleigh-zf-tx1.0-noise0.1_chan-layer2_mcsamples500_norm-spec_seed7_bounds.json
fcn-4,mnist,50.0,rayleigh_zf,10.0 dB,spec,channel_grad,0.001,1.0,0.01,0.01678348332643509,0.0398824,0.016916078329086304,0.10137872550256094,✓,✗,0.03291415362059448,0.041200000000000014,0.07424718661452762,✓,✗,0.06004569250862779,0.005810737609863281,0.0242082819959654,0.048735350370407104,600.0,0.010567672550678253,0.016916078329086304,0.010422870516777039,0.028803400000000038,0.041200000000000014,0.028299999999999992,fcn-4_mnist_learnt_gaussian_sig0.03_bounded-pmin1e-05_epoch50_bs250_lr0.001_mon0.95_dp0.2_objective-channel_gradient-chan0.01-rayleigh-zf-tx1.0-noise0.1-spec-kl1.0_perc-pri0.5_epoch-pri20_bs-pri250_lr-pri0.005_mom-pri0.99_dp-pri0.2_seed7,rayleigh-zf-tx1.0-noise0.1_chan-layer2_mcsamples500_norm-spec_seed7_bounds.json
fcn-4,mnist,50.0,rayleigh_zf,10.0 dB,spec,channel_grad,0.001,1.0,0.1,0.016776766628026962,0.039873399999999996,0.016909588873386384,0.101376736588317,✓,✗,0.032907463197413965,0.041100000000000025,0.07425027738936299,✓,✗,0.06003392239636798,0.009695619344711304,0.024202203230712215,0.04872311279177666,600.0,0.010563723742961884,0.016909588873386384,0.01041771173477173,0.0287950666666667,0.041100000000000025,0.028200000000000003,fcn-4_mnist_learnt_gaussian_sig0.03_bounded-pmin1e-05_epoch50_bs250_lr0.001_mon0.95_dp0.2_objective-channel_gradient-chan0.1-rayleigh-zf-tx1.0-noise0.1-spec-kl1.0_perc-pri0.5_epoch-pri20_bs-pri250_lr-pri0.005_mom-pri0.99_dp-pri0.2_seed7,rayleigh-zf-tx1.0-noise0.1_chan-layer2_mcsamples500_norm-spec_seed7_bounds.json
fcn-4,mnist,50.0,rayleigh_zf,10.0 dB,spec,channel_grad,0.001,1.0,1.0,0.016711672767996788,0.039731,0.01684660017490387,0.10168617948818526,✓,✗,0.03285061972463063,0.04039999999999999,0.07462391378060639,✓,✗,0.0599128854322095,0.1398334801197052,0.024101397502878794,0.048520173877477646,600.0,0.01052922010421753,0.01684660017490387,0.010369922965765,0.028707333333333366,0.04039999999999999,0.028299999999999992,fcn-4_mnist_learnt_gaussian_sig0.03_bounded-pmin1e-05_epoch50_bs250_lr0.001_mon0.95_dp0.2_objective-channel_gradient-chan1.0-rayleigh-zf-tx1.0-noise0.1-spec-kl1.0_perc-pri0.5_epoch-pri20_bs-pri250_lr-pri0.005_mom-pri0.99_dp-pri0.2_seed7,rayleigh-zf-tx1.0-noise0.1_chan-layer2_mcsamples500_norm-spec_seed7_bounds.json
