Model,Dataset,Epochs,Channel Type,Channel Param,Norm Type,Objective,Learning Rate,KL Penalty,Chan Penalty,Pop Loss CE (MC),Pop Err 01 (MC),Risk CE (LHS),Bound CE (RHS),Valid CE,Eff CE,Emp Loss CE,Risk 01 (LHS),Bound 01 (RHS),Valid 01,Eff 01,Emp Err 01,KL Term,Channel Term,Lipschitz,Dimension,Train Loss CE,Pop Loss CE,Pop Loss CE (Wired),Train Err 01,Pop Err 01,Pop Err 01 (Wired),Folder,File
cnn-4,mnist,10.0,rayleigh_zf,-10.0 dB,frob,vanilla,0.001,1.0,0.0,0.5247582793235779,0.6315707999999999,0.527199649810791,0.21120317084359566,✗,-,0.02276709188818443,0.6333,0.19900000083468689,✗,-,0.03497026189709322,38.979190826416016,0.0,0.0,9216.0,0.004839727189391851,0.527199649810791,0.0048133421689271925,0.011827159663865565,0.6333,0.011199999999999988,cnn-4_mnist_learnt_gaussian_sig0.03_bounded-pmin1e-05_epoch10_bs250_lr0.001_mon0.95_dp0.2_objective-vanilla_perc-pri0.5_epoch-pri70_bs-pri250_lr-pri0.005_mom-pri0.99_dp-pri0.2_seed7,rayleigh-zf-tx1.0-noise10.0_chan-layer2_mcsamples500_norm-frob_seed7_bounds.json
cnn-4,mnist,10.0,rayleigh_zf,-10.0 dB,frob,channel_grad,0.001,0.001,1.0,0.6930301189422607,0.8012506,0.6987736225128174,8.77028751373291,✓,✗,0.017996054028643592,0.804,8.760555267333984,✓,✗,0.02772865873662162,2119.94970703125,0.07079917072701154,0.014253065921366215,9216.0,0.002543616108596325,0.6987736225128174,0.0031682711094617845,0.007525915966386568,0.804,0.011499999999999955,cnn-4_mnist_learnt_gaussian_sig0.03_bounded-pmin1e-05_epoch10_bs250_lr0.001_mon0.95_dp0.2_objective-channel_gradient-chan1.0-rayleigh-zf-tx1.0-noise10.0-frob-kl0.001_perc-pri0.5_epoch-pri70_bs-pri250_lr-pri0.005_mom-pri0.99_dp-pri0.2_seed7,rayleigh-zf-tx1.0-noise10.0_chan-layer2_mcsamples500_norm-frob_seed7_bounds.json
cnn-4,mnist,10.0,rayleigh_zf,-10.0 dB,frob,channel_grad,0.001,0.005,1.0,0.675071656703949,0.7888334000000001,0.6807676792144776,5.43834924697876,✓,✗,0.018517636273838838,0.7884,5.427352428436279,✓,✗,0.029514639407167087,1300.94287109375,0.08065723942178203,0.016237661242485046,9216.0,0.00277732964605093,0.6807676792144776,0.0032383788377046583,0.00854984873949581,0.7884,0.011800000000000033,cnn-4_mnist_learnt_gaussian_sig0.03_bounded-pmin1e-05_epoch10_bs250_lr0.001_mon0.95_dp0.2_objective-channel_gradient-chan1.0-rayleigh-zf-tx1.0-noise10.0-frob-kl0.005_perc-pri0.5_epoch-pri70_bs-pri250_lr-pri0.005_mom-pri0.99_dp-pri0.2_seed7,rayleigh-zf-tx1.0-noise10.0_chan-layer2_mcsamples500_norm-frob_seed7_bounds.json
cnn-4,mnist,10.0,rayleigh_zf,-10.0 dB,frob,channel_grad,0.001,0.01,1.0,0.656200110912323,0.7731614,0.6627515316009521,3.6882290840148926,✓,✗,0.019097187973958304,0.7746999999999999,3.6761841773986816,✓,✗,0.031142197800543517,869.1972045898438,0.09150312597480854,0.018421120941638947,9216.0,0.0030425589065998793,0.6627515316009521,0.003344191238284111,0.009505210084033627,0.7746999999999999,0.011900000000000022,cnn-4_mnist_learnt_gaussian_sig0.03_bounded-pmin1e-05_epoch10_bs250_lr0.001_mon0.95_dp0.2_objective-channel_gradient-chan1.0-rayleigh-zf-tx1.0-noise10.0-frob-kl0.01_perc-pri0.5_epoch-pri70_bs-pri250_lr-pri0.005_mom-pri0.99_dp-pri0.2_seed7,rayleigh-zf-tx1.0-noise10.0_chan-layer2_mcsamples500_norm-frob_seed7_bounds.json
cnn-4,mnist,10.0,rayleigh_zf,-10.0 dB,frob,channel_grad,0.001,0.05,1.0,0.5779430866241455,0.6852156,0.586087703704834,1.0612865686416626,✓,✗,0.02210457139290218,0.6951,1.0487430095672607,✓,✗,0.03464814479691143,212.1465301513672,0.14345279046233683,0.02887946367263794,9216.0,0.0045017399825155735,0.586087703704834,0.004260813817381859,0.011628100840336157,0.6951,0.012399999999999967,cnn-4_mnist_learnt_gaussian_sig0.03_bounded-pmin1e-05_epoch10_bs250_lr0.001_mon0.95_dp0.2_objective-channel_gradient-chan1.0-rayleigh-zf-tx1.0-noise10.0-frob-kl0.05_perc-pri0.5_epoch-pri70_bs-pri250_lr-pri0.005_mom-pri0.99_dp-pri0.2_seed7,rayleigh-zf-tx1.0-noise10.0_chan-layer2_mcsamples500_norm-frob_seed7_bounds.json
cnn-4,mnist,10.0,rayleigh_zf,-10.0 dB,frob,channel_grad,0.001,0.1,1.0,0.5435338020324707,0.647242,0.5527599334716797,0.6790565252304077,✓,✗,0.023623408221607252,0.6562,0.6666182279586792,✓,✗,0.03606170381051038,112.5080795288086,0.16658148374933568,0.033535659313201904,9216.0,0.005284522660076618,0.5527599334716797,0.004736572131514549,0.012506487394958007,0.6562,0.012800000000000034,cnn-4_mnist_learnt_gaussian_sig0.03_bounded-pmin1e-05_epoch10_bs250_lr0.001_mon0.95_dp0.2_objective-channel_gradient-chan1.0-rayleigh-zf-tx1.0-noise10.0-frob-kl0.1_perc-pri0.5_epoch-pri70_bs-pri250_lr-pri0.005_mom-pri0.99_dp-pri0.2_seed7,rayleigh-zf-tx1.0-noise10.0_chan-layer2_mcsamples500_norm-frob_seed7_bounds.json
cnn-4,mnist,10.0,rayleigh_zf,-10.0 dB,frob,channel_grad,0.001,0.5,1.0,0.5134902000427246,0.6120988000000002,0.521504259109497,0.37653473019599915,✗,✓,0.02508822170800525,0.6206,0.36415615677833557,✗,✓,0.037466796277627286,32.0086669921875,0.19129208085733743,0.03851031884551048,9216.0,0.0060647702775895596,0.521504259109497,0.005387302860617638,0.013391193277310937,0.6206,0.013700000000000045,cnn-4_mnist_learnt_gaussian_sig0.03_bounded-pmin1e-05_epoch10_bs250_lr0.001_mon0.95_dp0.2_objective-channel_gradient-chan1.0-rayleigh-zf-tx1.0-noise10.0-frob-kl0.5_perc-pri0.5_epoch-pri70_bs-pri250_lr-pri0.005_mom-pri0.99_dp-pri0.2_seed7,rayleigh-zf-tx1.0-noise10.0_chan-layer2_mcsamples500_norm-frob_seed7_bounds.json
cnn-4,mnist,10.0,rayleigh_zf,-10.0 dB,frob,channel_grad,0.001,1.0,1.0,0.5130962133407593,0.6117336,0.5201509952545166,0.32126203179359436,✗,✓,0.025596808950480446,0.6181,0.30872055888175964,✗,✓,0.03813828680149267,16.236520767211914,0.19973740102142684,0.040210504084825516,9216.0,0.006340785883367062,0.5201509952545166,0.0056038923561573025,0.013817747899159669,0.6181,0.013800000000000034,cnn-4_mnist_learnt_gaussian_sig0.03_bounded-pmin1e-05_epoch10_bs250_lr0.001_mon0.95_dp0.2_objective-channel_gradient-chan1.0-rayleigh-zf-tx1.0-noise10.0-frob-kl1.0_perc-pri0.5_epoch-pri70_bs-pri250_lr-pri0.005_mom-pri0.99_dp-pri0.2_seed7,rayleigh-zf-tx1.0-noise10.0_chan-layer2_mcsamples500_norm-frob_seed7_bounds.json
cnn-4,mnist,20.0,rayleigh_zf,-10.0 dB,frob,vanilla,0.001,1.0,0.0,0.5355058908462524,0.6504122,0.5385932445526123,0.4923997334469475,✗,-,0.02128399821798051,0.6548,0.4801629882482854,✗,-,0.03352074341664256,108.21305847167969,0.0,0.0,9216.0,0.00409085163846612,0.5385932445526123,0.004368727654218673,0.010936403361344554,0.6548,0.011499999999999955,cnn-4_mnist_learnt_gaussian_sig0.03_bounded-pmin1e-05_epoch20_bs250_lr0.001_mon0.95_dp0.2_objective-vanilla_perc-pri0.5_epoch-pri70_bs-pri250_lr-pri0.005_mom-pri0.99_dp-pri0.2_seed7,rayleigh-zf-tx1.0-noise10.0_chan-layer2_mcsamples500_norm-frob_seed7_bounds.json
cnn-4,mnist,20.0,rayleigh_zf,-10.0 dB,frob,channel_grad,0.001,0.001,1.0,0.7061975002288818,0.8062370000000003,0.7116595268249511,13.202006340026855,✓,✗,0.017003391690770142,0.8137,13.194306373596191,✓,✗,0.024704010892671296,3208.781494140625,0.06040599026998706,0.012160743586719036,9216.0,0.002112897578626871,0.7116595268249511,0.0030688604339957236,0.005857680672268918,0.8137,0.011800000000000033,cnn-4_mnist_learnt_gaussian_sig0.03_bounded-pmin1e-05_epoch20_bs250_lr0.001_mon0.95_dp0.2_objective-channel_gradient-chan1.0-rayleigh-zf-tx1.0-noise10.0-frob-kl0.001_perc-pri0.5_epoch-pri70_bs-pri250_lr-pri0.005_mom-pri0.99_dp-pri0.2_seed7,rayleigh-zf-tx1.0-noise10.0_chan-layer2_mcsamples500_norm-frob_seed7_bounds.json
cnn-4,mnist,20.0,rayleigh_zf,-10.0 dB,frob,channel_grad,0.001,0.005,1.0,0.6774199604988098,0.7898238,0.6817795276641846,6.176027774810791,✓,✗,0.018195399717815593,0.7965,6.165794372558594,✓,✗,0.028428459925708464,1482.8773193359375,0.07667729971762098,0.01543643232434988,9216.0,0.0026323366910219193,0.6817795276641846,0.0032778173685073853,0.007923966386554631,0.7965,0.012199999999999989,cnn-4_mnist_learnt_gaussian_sig0.03_bounded-pmin1e-05_epoch20_bs250_lr0.001_mon0.95_dp0.2_objective-channel_gradient-chan1.0-rayleigh-zf-tx1.0-noise10.0-frob-kl0.005_perc-pri0.5_epoch-pri70_bs-pri250_lr-pri0.005_mom-pri0.99_dp-pri0.2_seed7,rayleigh-zf-tx1.0-noise10.0_chan-layer2_mcsamples500_norm-frob_seed7_bounds.json
cnn-4,mnist,20.0,rayleigh_zf,-10.0 dB,frob,channel_grad,0.001,0.01,1.0,0.6584097743034363,0.7757408000000001,0.661492109298706,3.840269088745117,✓,✗,0.01903752280004143,0.7823,3.8283867835998535,✓,✗,0.03091984843488582,906.9142456054688,0.08978631427533264,0.018075497820973396,9216.0,0.0030150150414556265,0.661492109298706,0.0034089572727680206,0.009373512605042027,0.7823,0.012399999999999967,cnn-4_mnist_learnt_gaussian_sig0.03_bounded-pmin1e-05_epoch20_bs250_lr0.001_mon0.95_dp0.2_objective-channel_gradient-chan1.0-rayleigh-zf-tx1.0-noise10.0-frob-kl0.01_perc-pri0.5_epoch-pri70_bs-pri250_lr-pri0.005_mom-pri0.99_dp-pri0.2_seed7,rayleigh-zf-tx1.0-noise10.0_chan-layer2_mcsamples500_norm-frob_seed7_bounds.json
cnn-4,mnist,20.0,rayleigh_zf,-10.0 dB,frob,channel_grad,0.001,0.05,1.0,0.5726227164268494,0.6841257999999999,0.5743245601654052,1.119446039199829,✓,✗,0.02180594857078027,0.6871,1.1070524454116821,✓,✗,0.03419954215805976,226.81298828125,0.1421853817855062,0.028624312952160835,9216.0,0.004351192153990269,0.5743245601654052,0.004521859437227249,0.011351731092436992,0.6871,0.012499999999999956,cnn-4_mnist_learnt_gaussian_sig0.03_bounded-pmin1e-05_epoch20_bs250_lr0.001_mon0.95_dp0.2_objective-channel_gradient-chan1.0-rayleigh-zf-tx1.0-noise10.0-frob-kl0.05_perc-pri0.5_epoch-pri70_bs-pri250_lr-pri0.005_mom-pri0.99_dp-pri0.2_seed7,rayleigh-zf-tx1.0-noise10.0_chan-layer2_mcsamples500_norm-frob_seed7_bounds.json
cnn-4,mnist,20.0,rayleigh_zf,-10.0 dB,frob,channel_grad,0.001,0.1,1.0,0.5469757318496704,0.6519579999999998,0.5486635208129883,0.7223398685455322,✓,✗,0.023070692519843783,0.656,0.7101849913597107,✓,✗,0.035225562195709714,123.94200134277344,0.16402220329776052,0.03302043303847313,9216.0,0.004996460862457752,0.5486635208129883,0.0051113530993461605,0.011985344537815149,0.656,0.012199999999999989,cnn-4_mnist_learnt_gaussian_sig0.03_bounded-pmin1e-05_epoch20_bs250_lr0.001_mon0.95_dp0.2_objective-channel_gradient-chan1.0-rayleigh-zf-tx1.0-noise10.0-frob-kl0.1_perc-pri0.5_epoch-pri70_bs-pri250_lr-pri0.005_mom-pri0.99_dp-pri0.2_seed7,rayleigh-zf-tx1.0-noise10.0_chan-layer2_mcsamples500_norm-frob_seed7_bounds.json
cnn-4,mnist,20.0,rayleigh_zf,-10.0 dB,frob,channel_grad,0.001,0.5,1.0,0.5116464495658875,0.6111750000000001,0.5148169040679932,0.34850555658340454,✗,✓,0.024787567817902822,0.6153,0.33634477853775024,✗,✓,0.036948334822101914,24.297958374023438,0.19526019148786652,0.03930916637182236,9216.0,0.005902748089283705,0.5148169040679932,0.005658105760812759,0.013063327731092464,0.6153,0.012399999999999967,cnn-4_mnist_learnt_gaussian_sig0.03_bounded-pmin1e-05_epoch20_bs250_lr0.001_mon0.95_dp0.2_objective-channel_gradient-chan1.0-rayleigh-zf-tx1.0-noise10.0-frob-kl0.5_perc-pri0.5_epoch-pri70_bs-pri250_lr-pri0.005_mom-pri0.99_dp-pri0.2_seed7,rayleigh-zf-tx1.0-noise10.0_chan-layer2_mcsamples500_norm-frob_seed7_bounds.json
cnn-4,mnist,20.0,rayleigh_zf,-10.0 dB,frob,channel_grad,0.001,1.0,1.0,0.5069662928581238,0.6055925999999999,0.5101575374603271,0.2995307743549347,✗,✓,0.025239720532914924,0.6094999999999999,0.28723737597465515,✗,✓,0.037533125501642214,10.326053619384766,0.2027406811487556,0.040815114974975586,9216.0,0.006146752275526524,0.5101575374603271,0.005787457525730133,0.01343314285714288,0.6094999999999999,0.01200000000000001,cnn-4_mnist_learnt_gaussian_sig0.03_bounded-pmin1e-05_epoch20_bs250_lr0.001_mon0.95_dp0.2_objective-channel_gradient-chan1.0-rayleigh-zf-tx1.0-noise10.0-frob-kl1.0_perc-pri0.5_epoch-pri70_bs-pri250_lr-pri0.005_mom-pri0.99_dp-pri0.2_seed7,rayleigh-zf-tx1.0-noise10.0_chan-layer2_mcsamples500_norm-frob_seed7_bounds.json
cnn-4,mnist,50.0,rayleigh_zf,-10.0 dB,frob,vanilla,0.001,1.0,0.0,0.5520254969596863,0.6815437999999999,0.5560624599456787,1.5154757895416011,✓,-,0.018903513896970862,0.6875,1.5037269158705227,✓,-,0.030652387568049257,359.51708984375,0.0,0.0,9216.0,0.0029532292392104864,0.5560624599456787,0.003776676207780838,0.009215529411764718,0.6875,0.010600000000000054,cnn-4_mnist_learnt_gaussian_sig0.03_bounded-pmin1e-05_epoch50_bs250_lr0.001_mon0.95_dp0.2_objective-vanilla_perc-pri0.5_epoch-pri70_bs-pri250_lr-pri0.005_mom-pri0.99_dp-pri0.2_seed7,rayleigh-zf-tx1.0-noise10.0_chan-layer2_mcsamples500_norm-frob_seed7_bounds.json
cnn-4,mnist,50.0,rayleigh_zf,-10.0 dB,frob,channel_grad,0.001,0.001,1.0,0.698300302028656,0.7918332,0.6987789154052735,20.74945068359375,✓,✗,0.015216698494176053,0.793,20.744922637939453,✓,✗,0.01974514023417529,5062.09228515625,0.046700118683785236,0.00940152071416378,9216.0,0.0013901448110118508,0.6987789154052735,0.002802957221865654,0.0033456134453781557,0.793,0.011399999999999966,cnn-4_mnist_learnt_gaussian_sig0.03_bounded-pmin1e-05_epoch50_bs250_lr0.001_mon0.95_dp0.2_objective-channel_gradient-chan1.0-rayleigh-zf-tx1.0-noise10.0-frob-kl0.001_perc-pri0.5_epoch-pri70_bs-pri250_lr-pri0.005_mom-pri0.99_dp-pri0.2_seed7,rayleigh-zf-tx1.0-noise10.0_chan-layer2_mcsamples500_norm-frob_seed7_bounds.json
cnn-4,mnist,50.0,rayleigh_zf,-10.0 dB,frob,channel_grad,0.001,0.005,1.0,0.6764187216758728,0.7876598000000001,0.6769965171813965,6.571965217590332,✓,✗,0.017840268462105895,0.7873,6.562069892883301,✓,✗,0.027735922968263035,1580.364013671875,0.07531995399719273,0.015163175761699677,9216.0,0.002474760403856635,0.6769965171813965,0.0030900716781616213,0.007529949579831941,0.7873,0.01200000000000001,cnn-4_mnist_learnt_gaussian_sig0.03_bounded-pmin1e-05_epoch50_bs250_lr0.001_mon0.95_dp0.2_objective-channel_gradient-chan1.0-rayleigh-zf-tx1.0-noise10.0-frob-kl0.005_perc-pri0.5_epoch-pri70_bs-pri250_lr-pri0.005_mom-pri0.99_dp-pri0.2_seed7,rayleigh-zf-tx1.0-noise10.0_chan-layer2_mcsamples500_norm-frob_seed7_bounds.json
cnn-4,mnist,50.0,rayleigh_zf,-10.0 dB,frob,channel_grad,0.001,0.01,1.0,0.6578091382980347,0.7741999999999999,0.656954002380371,3.821896553039551,✓,✗,0.018979580309932197,0.775,3.8099615573883057,✓,✗,0.030914658708657585,902.0357666015625,0.09133527063352487,0.0183873288333416,9216.0,0.002988257445394993,0.656954002380371,0.003232629969716072,0.00937062184873951,0.775,0.012599999999999945,cnn-4_mnist_learnt_gaussian_sig0.03_bounded-pmin1e-05_epoch50_bs250_lr0.001_mon0.95_dp0.2_objective-channel_gradient-chan1.0-rayleigh-zf-tx1.0-noise10.0-frob-kl0.01_perc-pri0.5_epoch-pri70_bs-pri250_lr-pri0.005_mom-pri0.99_dp-pri0.2_seed7,rayleigh-zf-tx1.0-noise10.0_chan-layer2_mcsamples500_norm-frob_seed7_bounds.json
cnn-4,mnist,50.0,rayleigh_zf,-10.0 dB,frob,channel_grad,0.001,0.05,1.0,0.579043984413147,0.6878804000000001,0.5751857757568359,1.0626806020736694,✓,✗,0.02226579352526063,0.6880999999999999,1.0501418113708496,✓,✗,0.03480457303195113,211.28334045410156,0.14821447140605631,0.029838070273399353,9216.0,0.00458347937092185,0.5751857757568359,0.004137613996863365,0.011724571428571442,0.6880999999999999,0.012599999999999945,cnn-4_mnist_learnt_gaussian_sig0.03_bounded-pmin1e-05_epoch50_bs250_lr0.001_mon0.95_dp0.2_objective-channel_gradient-chan1.0-rayleigh-zf-tx1.0-noise10.0-frob-kl0.05_perc-pri0.5_epoch-pri70_bs-pri250_lr-pri0.005_mom-pri0.99_dp-pri0.2_seed7,rayleigh-zf-tx1.0-noise10.0_chan-layer2_mcsamples500_norm-frob_seed7_bounds.json
cnn-4,mnist,50.0,rayleigh_zf,-10.0 dB,frob,channel_grad,0.001,0.1,1.0,0.550392746925354,0.6533692,0.547219705581665,0.6568753719329834,✓,✓,0.023621597083357808,0.6531,0.6446962952613831,✗,✓,0.03580064494948541,106.42794799804688,0.16948339560860662,0.034119863063097,9216.0,0.0052836439572274685,0.547219705581665,0.004789898172020912,0.0123432605042017,0.6531,0.012299999999999978,cnn-4_mnist_learnt_gaussian_sig0.03_bounded-pmin1e-05_epoch50_bs250_lr0.001_mon0.95_dp0.2_objective-channel_gradient-chan1.0-rayleigh-zf-tx1.0-noise10.0-frob-kl0.1_perc-pri0.5_epoch-pri70_bs-pri250_lr-pri0.005_mom-pri0.99_dp-pri0.2_seed7,rayleigh-zf-tx1.0-noise10.0_chan-layer2_mcsamples500_norm-frob_seed7_bounds.json
cnn-4,mnist,50.0,rayleigh_zf,-10.0 dB,frob,channel_grad,0.001,0.5,1.0,0.517187774181366,0.6154825999999999,0.513913345336914,0.34240269660949707,✗,✓,0.024799651919491954,0.6154999999999999,0.3301926851272583,✗,✓,0.0370096498580718,23.904760360717773,0.19070124708026254,0.03839137405157089,9216.0,0.0059092678129673,0.513913345336914,0.0052670598030090336,0.013102050420168087,0.6154999999999999,0.012599999999999945,cnn-4_mnist_learnt_gaussian_sig0.03_bounded-pmin1e-05_epoch50_bs250_lr0.001_mon0.95_dp0.2_objective-channel_gradient-chan1.0-rayleigh-zf-tx1.0-noise10.0-frob-kl0.5_perc-pri0.5_epoch-pri70_bs-pri250_lr-pri0.005_mom-pri0.99_dp-pri0.2_seed7,rayleigh-zf-tx1.0-noise10.0_chan-layer2_mcsamples500_norm-frob_seed7_bounds.json
cnn-4,mnist,50.0,rayleigh_zf,-10.0 dB,frob,channel_grad,0.001,1.0,1.0,0.5114045143127441,0.6097714000000001,0.5083468437194825,0.30161505937576294,✗,✓,0.02530659405550138,0.6088,0.289278507232666,✗,✓,0.03764313342737677,11.923792839050293,0.19819222885652013,0.03989943489432335,9216.0,0.006183046381920576,0.5083468437194825,0.005553687736392021,0.01350299159663868,0.6088,0.013000000000000012,cnn-4_mnist_learnt_gaussian_sig0.03_bounded-pmin1e-05_epoch50_bs250_lr0.001_mon0.95_dp0.2_objective-channel_gradient-chan1.0-rayleigh-zf-tx1.0-noise10.0-frob-kl1.0_perc-pri0.5_epoch-pri70_bs-pri250_lr-pri0.005_mom-pri0.99_dp-pri0.2_seed7,rayleigh-zf-tx1.0-noise10.0_chan-layer2_mcsamples500_norm-frob_seed7_bounds.json
cnn-4,mnist,10.0,rayleigh_zf,-10.0 dB,spec,vanilla,0.001,1.0,0.0,0.5247582793235779,0.6315707999999999,0.527199125289917,0.21120317084359566,✗,-,0.02276709188818443,0.6333,0.19900000083468689,✗,-,0.03497026189709322,38.979190826416016,0.0,0.0,9216.0,0.004839727189391851,0.527199125289917,0.0048133451491594315,0.011827159663865565,0.6333,0.011199999999999988,cnn-4_mnist_learnt_gaussian_sig0.03_bounded-pmin1e-05_epoch10_bs250_lr0.001_mon0.95_dp0.2_objective-vanilla_perc-pri0.5_epoch-pri70_bs-pri250_lr-pri0.005_mom-pri0.99_dp-pri0.2_seed7,rayleigh-zf-tx1.0-noise10.0_chan-layer2_mcsamples500_norm-spec_seed7_bounds.json
cnn-4,mnist,10.0,rayleigh_zf,-10.0 dB,spec,channel_grad,0.001,0.001,1.0,0.6949998736381531,0.8106737999999998,0.699342679977417,6.540513038635254,✓,✗,0.019201937727230868,0.8105,6.5282793045043945,✓,✗,0.03143561830357044,1576.5408935546875,0.055775840112933225,0.01122861634939909,9216.0,0.0030910458881407976,0.699342679977417,0.0034452471882104874,0.009679663865546235,0.8105,0.012199999999999989,cnn-4_mnist_learnt_gaussian_sig0.03_bounded-pmin1e-05_epoch10_bs250_lr0.001_mon0.95_dp0.2_objective-channel_gradient-chan1.0-rayleigh-zf-tx1.0-noise10.0-spec-kl0.001_perc-pri0.5_epoch-pri70_bs-pri250_lr-pri0.005_mom-pri0.99_dp-pri0.2_seed7,rayleigh-zf-tx1.0-noise10.0_chan-layer2_mcsamples500_norm-spec_seed7_bounds.json
cnn-4,mnist,10.0,rayleigh_zf,-10.0 dB,spec,channel_grad,0.001,0.005,1.0,0.6782757639884949,0.7993798000000001,0.6831688404083252,4.286661624908447,✓,✗,0.019509058788648247,0.7999,4.273277282714844,✓,✗,0.03289323373865312,1022.4822998046875,0.062401194614368945,0.012562411837279797,9216.0,0.003234367584809661,0.6831688404083252,0.003433634713292122,0.010554957983193294,0.7999,0.011900000000000022,cnn-4_mnist_learnt_gaussian_sig0.03_bounded-pmin1e-05_epoch10_bs250_lr0.001_mon0.95_dp0.2_objective-channel_gradient-chan1.0-rayleigh-zf-tx1.0-noise10.0-spec-kl0.005_perc-pri0.5_epoch-pri70_bs-pri250_lr-pri0.005_mom-pri0.99_dp-pri0.2_seed7,rayleigh-zf-tx1.0-noise10.0_chan-layer2_mcsamples500_norm-spec_seed7_bounds.json
cnn-4,mnist,10.0,rayleigh_zf,-10.0 dB,spec,channel_grad,0.001,0.01,1.0,0.6611385345458984,0.7843111999999999,0.6668571949005127,3.0705854892730713,✓,✗,0.019869791979910886,0.7845,3.0563995838165283,✓,✗,0.03405592562151643,722.3237915039062,0.070554035497178,0.014203716069459915,9216.0,0.00340470764786005,0.6668571949005127,0.0034466937184333803,0.011263596638655482,0.7845,0.01200000000000001,cnn-4_mnist_learnt_gaussian_sig0.03_bounded-pmin1e-05_epoch10_bs250_lr0.001_mon0.95_dp0.2_objective-channel_gradient-chan1.0-rayleigh-zf-tx1.0-noise10.0-spec-kl0.01_perc-pri0.5_epoch-pri70_bs-pri250_lr-pri0.005_mom-pri0.99_dp-pri0.2_seed7,rayleigh-zf-tx1.0-noise10.0_chan-layer2_mcsamples500_norm-spec_seed7_bounds.json
cnn-4,mnist,10.0,rayleigh_zf,-10.0 dB,spec,channel_grad,0.001,0.05,1.0,0.5733993649482727,0.6824409999999999,0.5812990665435791,0.8198877573013306,✓,✗,0.022532443087776292,0.6893,0.8066748380661011,✓,✗,0.03574537775821778,158.60963439941406,0.11952028455904969,0.024061447009444237,9216.0,0.004719422198832035,0.5812990665435791,0.004389487579464913,0.012308840336134472,0.6893,0.013000000000000012,cnn-4_mnist_learnt_gaussian_sig0.03_bounded-pmin1e-05_epoch10_bs250_lr0.001_mon0.95_dp0.2_objective-channel_gradient-chan1.0-rayleigh-zf-tx1.0-noise10.0-spec-kl0.05_perc-pri0.5_epoch-pri70_bs-pri250_lr-pri0.005_mom-pri0.99_dp-pri0.2_seed7,rayleigh-zf-tx1.0-noise10.0_chan-layer2_mcsamples500_norm-spec_seed7_bounds.json
cnn-4,mnist,10.0,rayleigh_zf,-10.0 dB,spec,channel_grad,0.001,0.1,1.0,0.5419806241989136,0.6454062,0.5511939048767089,0.5262932181358337,✗,✗,0.023706281865321338,0.655,0.513801097869873,✗,✗,0.036198380746358054,82.89291381835938,0.13458491746854695,0.02709421142935753,9216.0,0.0053281220607459545,0.5511939048767089,0.0047844663262367245,0.012592000000000013,0.655,0.013000000000000012,cnn-4_mnist_learnt_gaussian_sig0.03_bounded-pmin1e-05_epoch10_bs250_lr0.001_mon0.95_dp0.2_objective-channel_gradient-chan1.0-rayleigh-zf-tx1.0-noise10.0-spec-kl0.1_perc-pri0.5_epoch-pri70_bs-pri250_lr-pri0.005_mom-pri0.99_dp-pri0.2_seed7,rayleigh-zf-tx1.0-noise10.0_chan-layer2_mcsamples500_norm-spec_seed7_bounds.json
cnn-4,mnist,10.0,rayleigh_zf,-10.0 dB,spec,channel_grad,0.001,0.5,1.0,0.5127901434898376,0.6110286000000001,0.520443058013916,0.33092018961906433,✗,✓,0.025389736537835897,0.6191,0.3184812068939209,✗,✓,0.03782871525361971,29.524938583374023,0.15545538184705787,0.031295787543058395,9216.0,0.006228200625628233,0.520443058013916,0.005511106923222542,0.013620907563025227,0.6191,0.013900000000000023,cnn-4_mnist_learnt_gaussian_sig0.03_bounded-pmin1e-05_epoch10_bs250_lr0.001_mon0.95_dp0.2_objective-channel_gradient-chan1.0-rayleigh-zf-tx1.0-noise10.0-spec-kl0.5_perc-pri0.5_epoch-pri70_bs-pri250_lr-pri0.005_mom-pri0.99_dp-pri0.2_seed7,rayleigh-zf-tx1.0-noise10.0_chan-layer2_mcsamples500_norm-spec_seed7_bounds.json
cnn-4,mnist,10.0,rayleigh_zf,-10.0 dB,spec,channel_grad,0.001,1.0,1.0,0.5113003253936768,0.6107580000000001,0.5186040878295899,0.2757265269756317,✗,✓,0.025728707531713257,0.6172,0.2631062865257263,✗,✓,0.0383489514760512,14.313545227050781,0.16184174927621064,0.03258147090673447,9216.0,0.006412965711206198,0.5186040878295899,0.005639552697539329,0.013952268907563042,0.6172,0.013599999999999945,cnn-4_mnist_learnt_gaussian_sig0.03_bounded-pmin1e-05_epoch10_bs250_lr0.001_mon0.95_dp0.2_objective-channel_gradient-chan1.0-rayleigh-zf-tx1.0-noise10.0-spec-kl1.0_perc-pri0.5_epoch-pri70_bs-pri250_lr-pri0.005_mom-pri0.99_dp-pri0.2_seed7,rayleigh-zf-tx1.0-noise10.0_chan-layer2_mcsamples500_norm-spec_seed7_bounds.json
cnn-4,mnist,20.0,rayleigh_zf,-10.0 dB,spec,vanilla,0.001,1.0,0.0,0.5355058908462524,0.6504122,0.5385931968688965,0.4923997334469475,✗,-,0.02128399821798051,0.6548,0.4801629882482854,✗,-,0.03352074341664256,108.21305847167969,0.0,0.0,9216.0,0.00409085163846612,0.5385931968688965,0.004368742182850838,0.010936403361344554,0.6548,0.011499999999999955,cnn-4_mnist_learnt_gaussian_sig0.03_bounded-pmin1e-05_epoch20_bs250_lr0.001_mon0.95_dp0.2_objective-vanilla_perc-pri0.5_epoch-pri70_bs-pri250_lr-pri0.005_mom-pri0.99_dp-pri0.2_seed7,rayleigh-zf-tx1.0-noise10.0_chan-layer2_mcsamples500_norm-spec_seed7_bounds.json
cnn-4,mnist,20.0,rayleigh_zf,-10.0 dB,spec,channel_grad,0.001,0.001,1.0,0.7086872458457947,0.8170825999999998,0.714215612411499,9.25951862335205,✓,✗,0.01842418851939795,0.8221,9.249174118041992,✓,✗,0.028768648161176642,2244.685791015625,0.049757312000049014,0.01001698523759842,9216.0,0.0027350476011633873,0.714215612411499,0.0033642634749412536,0.008118722689075642,0.8221,0.011800000000000033,cnn-4_mnist_learnt_gaussian_sig0.03_bounded-pmin1e-05_epoch20_bs250_lr0.001_mon0.95_dp0.2_objective-channel_gradient-chan1.0-rayleigh-zf-tx1.0-noise10.0-spec-kl0.001_perc-pri0.5_epoch-pri70_bs-pri250_lr-pri0.005_mom-pri0.99_dp-pri0.2_seed7,rayleigh-zf-tx1.0-noise10.0_chan-layer2_mcsamples500_norm-spec_seed7_bounds.json
cnn-4,mnist,20.0,rayleigh_zf,-10.0 dB,spec,channel_grad,0.001,0.005,1.0,0.6827004551887512,0.8022518,0.6870200157165527,4.749876976013184,✓,✗,0.019280389176289235,0.8089999999999999,4.737091541290283,✓,✗,0.03206599887638392,1136.6524658203125,0.06034625738037581,0.012148718349635601,9216.0,0.0031275437213480473,0.6870200157165527,0.0034796081483364103,0.010056336134453796,0.8089999999999999,0.012599999999999945,cnn-4_mnist_learnt_gaussian_sig0.03_bounded-pmin1e-05_epoch20_bs250_lr0.001_mon0.95_dp0.2_objective-channel_gradient-chan1.0-rayleigh-zf-tx1.0-noise10.0-spec-kl0.005_perc-pri0.5_epoch-pri70_bs-pri250_lr-pri0.005_mom-pri0.99_dp-pri0.2_seed7,rayleigh-zf-tx1.0-noise10.0_chan-layer2_mcsamples500_norm-spec_seed7_bounds.json
cnn-4,mnist,20.0,rayleigh_zf,-10.0 dB,spec,channel_grad,0.001,0.01,1.0,0.665439248085022,0.7879902,0.6685441970825196,3.173750162124634,✓,✗,0.019813510398264948,0.7934,3.1596670150756836,✓,✗,0.033896436617916706,747.6914672851562,0.07031478936031804,0.014155551791191101,9216.0,0.003377922810614109,0.6685441970825196,0.0035381138324737547,0.01116598319327733,0.7934,0.012700000000000045,cnn-4_mnist_learnt_gaussian_sig0.03_bounded-pmin1e-05_epoch20_bs250_lr0.001_mon0.95_dp0.2_objective-channel_gradient-chan1.0-rayleigh-zf-tx1.0-noise10.0-spec-kl0.01_perc-pri0.5_epoch-pri70_bs-pri250_lr-pri0.005_mom-pri0.99_dp-pri0.2_seed7,rayleigh-zf-tx1.0-noise10.0_chan-layer2_mcsamples500_norm-spec_seed7_bounds.json
cnn-4,mnist,20.0,rayleigh_zf,-10.0 dB,spec,channel_grad,0.001,0.05,1.0,0.5686783194541931,0.6790387999999999,0.5709162712097168,0.9074665307998657,✓,✗,0.022440980982727413,0.6819,0.8942801356315613,✓,✗,0.03562741840350127,179.75198364257812,0.1209037356617639,0.024339959025382996,9216.0,0.004672686103731394,0.5709162712097168,0.004674974828958511,0.012235294117647082,0.6819,0.01200000000000001,cnn-4_mnist_learnt_gaussian_sig0.03_bounded-pmin1e-05_epoch20_bs250_lr0.001_mon0.95_dp0.2_objective-channel_gradient-chan1.0-rayleigh-zf-tx1.0-noise10.0-spec-kl0.05_perc-pri0.5_epoch-pri70_bs-pri250_lr-pri0.005_mom-pri0.99_dp-pri0.2_seed7,rayleigh-zf-tx1.0-noise10.0_chan-layer2_mcsamples500_norm-spec_seed7_bounds.json
cnn-4,mnist,20.0,rayleigh_zf,-10.0 dB,spec,channel_grad,0.001,0.1,1.0,0.5408880114555359,0.6467919999999999,0.5427858829498291,0.5411860942840576,✗,✗,0.023597493844292487,0.6504,0.5285564661026001,✗,✓,0.03622713536146742,86.07530975341797,0.13645694585887141,0.027471082285046577,9216.0,0.0052709272131323814,0.5427858829498291,0.0051415741443634035,0.012609882352941196,0.6504,0.011700000000000044,cnn-4_mnist_learnt_gaussian_sig0.03_bounded-pmin1e-05_epoch20_bs250_lr0.001_mon0.95_dp0.2_objective-channel_gradient-chan1.0-rayleigh-zf-tx1.0-noise10.0-spec-kl0.1_perc-pri0.5_epoch-pri70_bs-pri250_lr-pri0.005_mom-pri0.99_dp-pri0.2_seed7,rayleigh-zf-tx1.0-noise10.0_chan-layer2_mcsamples500_norm-spec_seed7_bounds.json
cnn-4,mnist,20.0,rayleigh_zf,-10.0 dB,spec,channel_grad,0.001,0.5,1.0,0.508669912815094,0.6085264000000001,0.5120058059692383,0.30272307991981506,✗,✓,0.024998137896576993,0.6118,0.2904168963432312,✗,✓,0.03730434299014029,21.659435272216797,0.15989343562026584,0.03218924254179001,9216.0,0.006015934981405735,0.5120058059692383,0.005666260421276092,0.0132883361344538,0.6118,0.012399999999999967,cnn-4_mnist_learnt_gaussian_sig0.03_bounded-pmin1e-05_epoch20_bs250_lr0.001_mon0.95_dp0.2_objective-channel_gradient-chan1.0-rayleigh-zf-tx1.0-noise10.0-spec-kl0.5_perc-pri0.5_epoch-pri70_bs-pri250_lr-pri0.005_mom-pri0.99_dp-pri0.2_seed7,rayleigh-zf-tx1.0-noise10.0_chan-layer2_mcsamples500_norm-spec_seed7_bounds.json
cnn-4,mnist,20.0,rayleigh_zf,-10.0 dB,spec,channel_grad,0.001,1.0,1.0,0.5075860619544983,0.6066520000000001,0.5105388164520264,0.25661903619766235,✗,✓,0.025380122128790983,0.6113,0.2441510409116745,✗,✓,0.03784811007342354,9.355735778808594,0.16347526246187455,0.03291032463312149,9216.0,0.00622274586930871,0.5105388164520264,0.00584859810769558,0.01363307563025212,0.6113,0.012399999999999967,cnn-4_mnist_learnt_gaussian_sig0.03_bounded-pmin1e-05_epoch20_bs250_lr0.001_mon0.95_dp0.2_objective-channel_gradient-chan1.0-rayleigh-zf-tx1.0-noise10.0-spec-kl1.0_perc-pri0.5_epoch-pri70_bs-pri250_lr-pri0.005_mom-pri0.99_dp-pri0.2_seed7,rayleigh-zf-tx1.0-noise10.0_chan-layer2_mcsamples500_norm-spec_seed7_bounds.json
cnn-4,mnist,50.0,rayleigh_zf,-10.0 dB,spec,vanilla,0.001,1.0,0.0,0.5520254969596863,0.6815437999999999,0.5560624599456787,1.5154757895416011,✓,-,0.01890351412607679,0.6875,1.5037269160996287,✓,-,0.030652387568049257,359.51708984375,0.0,0.0,9216.0,0.00295322947204113,0.5560624599456787,0.0037766087800264357,0.009215529411764718,0.6875,0.010600000000000054,cnn-4_mnist_learnt_gaussian_sig0.03_bounded-pmin1e-05_epoch50_bs250_lr0.001_mon0.95_dp0.2_objective-vanilla_perc-pri0.5_epoch-pri70_bs-pri250_lr-pri0.005_mom-pri0.99_dp-pri0.2_seed7,rayleigh-zf-tx1.0-noise10.0_chan-layer2_mcsamples500_norm-spec_seed7_bounds.json
cnn-4,mnist,50.0,rayleigh_zf,-10.0 dB,spec,channel_grad,0.001,0.001,1.0,0.7170863151550293,0.8170786,0.7168766021728515,14.075130462646484,✓,✗,0.017052764201279512,0.8158,14.067272186279297,✓,✗,0.024911805881742417,3426.90869140625,0.042821945096853754,0.008620779030025005,9216.0,0.002133794827386737,0.7168766021728515,0.0030119290575385095,0.005969478991596648,0.8158,0.012599999999999945,cnn-4_mnist_learnt_gaussian_sig0.03_bounded-pmin1e-05_epoch50_bs250_lr0.001_mon0.95_dp0.2_objective-channel_gradient-chan1.0-rayleigh-zf-tx1.0-noise10.0-spec-kl0.001_perc-pri0.5_epoch-pri70_bs-pri250_lr-pri0.005_mom-pri0.99_dp-pri0.2_seed7,rayleigh-zf-tx1.0-noise10.0_chan-layer2_mcsamples500_norm-spec_seed7_bounds.json
cnn-4,mnist,50.0,rayleigh_zf,-10.0 dB,spec,channel_grad,0.001,0.005,1.0,0.6836735010147095,0.8026153999999999,0.6831069946289062,4.934654235839844,✓,✗,0.019142148118075353,0.8029999999999999,4.921880722045898,✓,✗,0.03191560249940374,1182.02783203125,0.060029347384253647,0.012084919027984142,9216.0,0.0030633723363280296,0.6831069946289062,0.0032920926809310914,0.009966252100840347,0.8029999999999999,0.012199999999999989,cnn-4_mnist_learnt_gaussian_sig0.03_bounded-pmin1e-05_epoch50_bs250_lr0.001_mon0.95_dp0.2_objective-channel_gradient-chan1.0-rayleigh-zf-tx1.0-noise10.0-spec-kl0.005_perc-pri0.5_epoch-pri70_bs-pri250_lr-pri0.005_mom-pri0.99_dp-pri0.2_seed7,rayleigh-zf-tx1.0-noise10.0_chan-layer2_mcsamples500_norm-spec_seed7_bounds.json
cnn-4,mnist,50.0,rayleigh_zf,-10.0 dB,spec,channel_grad,0.001,0.01,1.0,0.6641773581504822,0.7863108,0.6630677700042724,3.186028242111206,✓,✗,0.019784624931510605,0.786,3.171903610229492,✓,✗,0.03390917659502352,750.4521484375,0.07130993041902749,0.014355890452861786,9216.0,0.003364257048815489,0.6630677700042724,0.003323817253112793,0.0111737142857143,0.786,0.012399999999999967,cnn-4_mnist_learnt_gaussian_sig0.03_bounded-pmin1e-05_epoch50_bs250_lr0.001_mon0.95_dp0.2_objective-channel_gradient-chan1.0-rayleigh-zf-tx1.0-noise10.0-spec-kl0.01_perc-pri0.5_epoch-pri70_bs-pri250_lr-pri0.005_mom-pri0.99_dp-pri0.2_seed7,rayleigh-zf-tx1.0-noise10.0_chan-layer2_mcsamples500_norm-spec_seed7_bounds.json
cnn-4,mnist,50.0,rayleigh_zf,-10.0 dB,spec,channel_grad,0.001,0.05,1.0,0.5754334926605225,0.6839326000000001,0.5721631050109863,0.8518319129943848,✓,✗,0.022638030344888475,0.6848000000000001,0.8387308120727539,✓,✗,0.03573908500796361,165.87770080566406,0.1217989425598954,0.024520179256796837,9216.0,0.004773539025336504,0.5721631050109863,0.004285726323723793,0.012304806722689094,0.6848000000000001,0.012499999999999956,cnn-4_mnist_learnt_gaussian_sig0.03_bounded-pmin1e-05_epoch50_bs250_lr0.001_mon0.95_dp0.2_objective-channel_gradient-chan1.0-rayleigh-zf-tx1.0-noise10.0-spec-kl0.05_perc-pri0.5_epoch-pri70_bs-pri250_lr-pri0.005_mom-pri0.99_dp-pri0.2_seed7,rayleigh-zf-tx1.0-noise10.0_chan-layer2_mcsamples500_norm-spec_seed7_bounds.json
cnn-4,mnist,50.0,rayleigh_zf,-10.0 dB,spec,channel_grad,0.001,0.1,1.0,0.5482385158538818,0.6501899999999998,0.5454351425170898,0.5823944807052612,✓,✓,0.02368600842470287,0.6496,0.5696309208869934,✗,✓,0.036449574478297296,95.24266052246094,0.140017353611346,0.02818785235285759,9216.0,0.00531737320125103,0.5454351425170898,0.004780120402574539,0.012749512605042038,0.6496,0.012599999999999945,cnn-4_mnist_learnt_gaussian_sig0.03_bounded-pmin1e-05_epoch50_bs250_lr0.001_mon0.95_dp0.2_objective-channel_gradient-chan1.0-rayleigh-zf-tx1.0-noise10.0-spec-kl0.1_perc-pri0.5_epoch-pri70_bs-pri250_lr-pri0.005_mom-pri0.99_dp-pri0.2_seed7,rayleigh-zf-tx1.0-noise10.0_chan-layer2_mcsamples500_norm-spec_seed7_bounds.json
cnn-4,mnist,50.0,rayleigh_zf,-10.0 dB,spec,channel_grad,0.001,0.5,1.0,0.5164899230003357,0.6154336,0.513007116317749,0.2758607268333435,✗,✓,0.02488495829406716,0.6147,0.2635189890861511,✗,✓,0.037226687624063164,16.524885177612305,0.1540704411230259,0.03101697564125061,9216.0,0.005955156404525042,0.513007116317749,0.005320269241929054,0.013239126050420191,0.6147,0.012800000000000034,cnn-4_mnist_learnt_gaussian_sig0.03_bounded-pmin1e-05_epoch50_bs250_lr0.001_mon0.95_dp0.2_objective-channel_gradient-chan1.0-rayleigh-zf-tx1.0-noise10.0-spec-kl0.5_perc-pri0.5_epoch-pri70_bs-pri250_lr-pri0.005_mom-pri0.99_dp-pri0.2_seed7,rayleigh-zf-tx1.0-noise10.0_chan-layer2_mcsamples500_norm-spec_seed7_bounds.json
cnn-4,mnist,50.0,rayleigh_zf,-10.0 dB,spec,channel_grad,0.001,1.0,1.0,0.5104222297668457,0.6082837999999998,0.5076008796691894,0.24281877279281616,✗,✓,0.02541200053147288,0.608,0.23037776350975037,✗,✓,0.03785300793163432,6.7882080078125,0.16015200057272497,0.03224129602313042,9216.0,0.006240272428840399,0.5076008796691894,0.005565593764185905,0.013636168067226905,0.608,0.0131,cnn-4_mnist_learnt_gaussian_sig0.03_bounded-pmin1e-05_epoch50_bs250_lr0.001_mon0.95_dp0.2_objective-channel_gradient-chan1.0-rayleigh-zf-tx1.0-noise10.0-spec-kl1.0_perc-pri0.5_epoch-pri70_bs-pri250_lr-pri0.005_mom-pri0.99_dp-pri0.2_seed7,rayleigh-zf-tx1.0-noise10.0_chan-layer2_mcsamples500_norm-spec_seed7_bounds.json
cnn-4,mnist,10.0,rayleigh_zf,-4.9996186559619025 dB,frob,vanilla,0.001,1.0,0.0,0.36026233434677124,0.46938280000000016,0.36588296890258787,0.2112556129775692,✗,-,0.022776205088648072,0.47950000000000004,0.19900911403515054,✗,-,0.03502270403106676,38.979190826416016,0.0,0.0,9216.0,0.004844416864216328,0.36588296890258787,0.004855956509709358,0.011859630252100855,0.47950000000000004,0.011499999999999955,cnn-4_mnist_learnt_gaussian_sig0.03_bounded-pmin1e-05_epoch10_bs250_lr0.001_mon0.95_dp0.2_objective-vanilla_perc-pri0.5_epoch-pri70_bs-pri250_lr-pri0.005_mom-pri0.99_dp-pri0.2_seed7,rayleigh-zf-tx1.0-noise3.162_chan-layer2_mcsamples500_norm-frob_seed7_bounds.json
cnn-4,mnist,10.0,rayleigh_zf,-4.9996186559619025 dB,frob,channel_grad,0.001,0.0001,1.0,0.5594169497489929,0.710306,0.567576789855957,6.215496008421315,✓,✗,0.01849225084364329,0.7171000000000001,6.204772286323105,✓,✗,0.02921597294185358,1500.400390625,0.043820061878764804,0.01568816602230072,9216.0,0.0027657898608595133,0.567576789855957,0.003260035067796707,0.008376605042016826,0.7171000000000001,0.011600000000000055,cnn-4_mnist_learnt_gaussian_sig0.03_bounded-pmin1e-05_epoch10_bs250_lr0.001_mon0.95_dp0.2_objective-channel_gradient-chan1.0-rayleigh-zf-tx1.0-noise3.162-frob-kl0.0001_perc-pri0.5_epoch-pri70_bs-pri250_lr-pri0.005_mom-pri0.99_dp-pri0.2_seed7,rayleigh-zf-tx1.0-noise3.162_chan-layer2_mcsamples500_norm-frob_seed7_bounds.json
cnn-4,mnist,10.0,rayleigh_zf,-4.9996186559619025 dB,frob,channel_grad,0.001,0.001,1.0,0.5532049536705017,0.7039819999999998,0.5614608287811279,5.464300661409182,✓,✗,0.018588088078558655,0.7099,5.453282952664739,✓,✗,0.02960579682300192,1315.9617919921875,0.045202316859446166,0.01618303172290325,9216.0,0.0028092951979488134,0.5614608287811279,0.0032479528337717055,0.008602890756302535,0.7099,0.011600000000000055,cnn-4_mnist_learnt_gaussian_sig0.03_bounded-pmin1e-05_epoch10_bs250_lr0.001_mon0.95_dp0.2_objective-channel_gradient-chan1.0-rayleigh-zf-tx1.0-noise3.162-frob-kl0.001_perc-pri0.5_epoch-pri70_bs-pri250_lr-pri0.005_mom-pri0.99_dp-pri0.2_seed7,rayleigh-zf-tx1.0-noise3.162_chan-layer2_mcsamples500_norm-frob_seed7_bounds.json
cnn-4,mnist,10.0,rayleigh_zf,-4.9996186559619025 dB,frob,channel_grad,0.001,0.01,1.0,0.48884567618370056,0.6300916000000002,0.49676265716552737,2.228497743282953,✓,✗,0.019783710944740053,0.6379,2.216100012537681,✓,✗,0.032181441690011976,519.3699340820312,0.058896395758743676,0.021085694432258606,9216.0,0.003363810945302248,0.49676265716552737,0.0035107161849737166,0.010125647058823547,0.6379,0.01200000000000001,cnn-4_mnist_learnt_gaussian_sig0.03_bounded-pmin1e-05_epoch10_bs250_lr0.001_mon0.95_dp0.2_objective-channel_gradient-chan1.0-rayleigh-zf-tx1.0-noise3.162-frob-kl0.01_perc-pri0.5_epoch-pri70_bs-pri250_lr-pri0.005_mom-pri0.99_dp-pri0.2_seed7,rayleigh-zf-tx1.0-noise3.162_chan-layer2_mcsamples500_norm-frob_seed7_bounds.json
cnn-4,mnist,10.0,rayleigh_zf,-4.9996186559619025 dB,frob,channel_grad,0.001,0.05,1.0,0.3913937509059906,0.5034643999999999,0.39545302391052245,0.5450255870819092,✓,✗,0.022847273985864072,0.5109,0.5327752828598022,✓,✗,0.0350975550123193,98.98344421386719,0.08872878372010706,0.03176608681678772,9216.0,0.004881031811237335,0.39545302391052245,0.004514573886990547,0.011905882352941197,0.5109,0.013000000000000012,cnn-4_mnist_learnt_gaussian_sig0.03_bounded-pmin1e-05_epoch10_bs250_lr0.001_mon0.95_dp0.2_objective-channel_gradient-chan1.0-rayleigh-zf-tx1.0-noise3.162-frob-kl0.05_perc-pri0.5_epoch-pri70_bs-pri250_lr-pri0.005_mom-pri0.99_dp-pri0.2_seed7,rayleigh-zf-tx1.0-noise3.162_chan-layer2_mcsamples500_norm-frob_seed7_bounds.json
cnn-4,mnist,10.0,rayleigh_zf,-4.9996186559619025 dB,frob,channel_grad,0.001,0.1,1.0,0.3627283275127411,0.4668128000000001,0.36557893753051757,0.3436573264737939,✗,✗,0.02388802878436105,0.47330000000000005,0.33151790127311276,✗,✓,0.03602745398504212,46.9186897277832,0.09898409500602057,0.03543762490153313,9216.0,0.0054237814620137215,0.36557893753051757,0.0048485718667507175,0.01248490756302523,0.47330000000000005,0.013000000000000012,cnn-4_mnist_learnt_gaussian_sig0.03_bounded-pmin1e-05_epoch10_bs250_lr0.001_mon0.95_dp0.2_objective-channel_gradient-chan1.0-rayleigh-zf-tx1.0-noise3.162-frob-kl0.1_perc-pri0.5_epoch-pri70_bs-pri250_lr-pri0.005_mom-pri0.99_dp-pri0.2_seed7,rayleigh-zf-tx1.0-noise3.162_chan-layer2_mcsamples500_norm-frob_seed7_bounds.json
cnn-4,mnist,10.0,rayleigh_zf,-4.9996186559619025 dB,frob,channel_grad,0.001,0.25,1.0,0.34582772850990295,0.4447804000000001,0.34874472618103025,0.2477997988462448,✗,✓,0.024794275532277765,0.44920000000000004,0.23559805750846863,✗,✓,0.03699601114361056,21.410869598388672,0.1062932587683796,0.03805440291762352,9216.0,0.005906203296035528,0.34874472618103025,0.005206629261374473,0.013093378151260526,0.44920000000000004,0.013000000000000012,cnn-4_mnist_learnt_gaussian_sig0.03_bounded-pmin1e-05_epoch10_bs250_lr0.001_mon0.95_dp0.2_objective-channel_gradient-chan1.0-rayleigh-zf-tx1.0-noise3.162-frob-kl0.25_perc-pri0.5_epoch-pri70_bs-pri250_lr-pri0.005_mom-pri0.99_dp-pri0.2_seed7,rayleigh-zf-tx1.0-noise3.162_chan-layer2_mcsamples500_norm-frob_seed7_bounds.json
cnn-4,mnist,10.0,rayleigh_zf,-4.9996186559619025 dB,frob,channel_grad,0.001,0.5,1.0,0.3404909074306488,0.4387172,0.3435219287872314,0.20696687698364258,✗,✓,0.0253112346672599,0.4424,0.1945905089378357,✗,✓,0.03768761164660768,10.408546447753906,0.10968552962152905,0.03926888108253479,9216.0,0.0061853621155023575,0.3435219287872314,0.005456037074327469,0.013531226890756315,0.4424,0.013399999999999967,cnn-4_mnist_learnt_gaussian_sig0.03_bounded-pmin1e-05_epoch10_bs250_lr0.001_mon0.95_dp0.2_objective-channel_gradient-chan1.0-rayleigh-zf-tx1.0-noise3.162-frob-kl0.5_perc-pri0.5_epoch-pri70_bs-pri250_lr-pri0.005_mom-pri0.99_dp-pri0.2_seed7,rayleigh-zf-tx1.0-noise3.162_chan-layer2_mcsamples500_norm-frob_seed7_bounds.json
cnn-4,mnist,10.0,rayleigh_zf,-4.9996186559619025 dB,frob,channel_grad,0.001,1.0,1.0,0.34127286076545715,0.4395085999999999,0.34426183700561525,0.18984735012054443,✗,✓,0.025638600501163778,0.44510000000000005,0.1773451566696167,✗,✓,0.03814080095235252,5.434632301330566,0.11241872957918903,0.04024740308523178,9216.0,0.006363593507558107,0.34426183700561525,0.0056249208748340605,0.013819361344537835,0.44510000000000005,0.013800000000000034,cnn-4_mnist_learnt_gaussian_sig0.03_bounded-pmin1e-05_epoch10_bs250_lr0.001_mon0.95_dp0.2_objective-channel_gradient-chan1.0-rayleigh-zf-tx1.0-noise3.162-frob-kl1.0_perc-pri0.5_epoch-pri70_bs-pri250_lr-pri0.005_mom-pri0.99_dp-pri0.2_seed7,rayleigh-zf-tx1.0-noise3.162_chan-layer2_mcsamples500_norm-frob_seed7_bounds.json
cnn-4,mnist,20.0,rayleigh_zf,-4.9996186559619025 dB,frob,vanilla,0.001,1.0,0.0,0.3747774064540863,0.4938033999999999,0.37149107456207275,0.49243510026491727,✓,-,0.021293302689935997,0.4897,0.4801722927202409,✗,-,0.033556110234612364,108.21305847167969,0.0,0.0,9216.0,0.004095487296581268,0.37149107456207275,0.004136032611131668,0.01095811764705884,0.4897,0.011299999999999977,cnn-4_mnist_learnt_gaussian_sig0.03_bounded-pmin1e-05_epoch20_bs250_lr0.001_mon0.95_dp0.2_objective-vanilla_perc-pri0.5_epoch-pri70_bs-pri250_lr-pri0.005_mom-pri0.99_dp-pri0.2_seed7,rayleigh-zf-tx1.0-noise3.162_chan-layer2_mcsamples500_norm-frob_seed7_bounds.json
cnn-4,mnist,20.0,rayleigh_zf,-4.9996186559619025 dB,frob,channel_grad,0.001,0.0001,1.0,0.5801428556442261,0.7240009999999999,0.5810665130615235,10.263852021168793,✓,✗,0.01753192356850499,0.73,10.255227714227205,✓,✗,0.026156230510094115,2494.496337890625,0.03685610677554211,0.013194977305829525,9216.0,0.0023398790508508682,0.5810665130615235,0.003171037882566452,0.00664752941176472,0.73,0.01200000000000001,cnn-4_mnist_learnt_gaussian_sig0.03_bounded-pmin1e-05_epoch20_bs250_lr0.001_mon0.95_dp0.2_objective-channel_gradient-chan1.0-rayleigh-zf-tx1.0-noise3.162-frob-kl0.0001_perc-pri0.5_epoch-pri70_bs-pri250_lr-pri0.005_mom-pri0.99_dp-pri0.2_seed7,rayleigh-zf-tx1.0-noise3.162_chan-layer2_mcsamples500_norm-frob_seed7_bounds.json
cnn-4,mnist,20.0,rayleigh_zf,-4.9996186559619025 dB,frob,channel_grad,0.001,0.001,1.0,0.5687702894210815,0.7143257999999999,0.5697517395019531,7.969910948138571,✓,✗,0.017818797389245453,0.7203999999999999,7.960575462763099,✓,✗,0.0271542827647172,1931.7476806640625,0.03932875422648337,0.01408021803945303,9216.0,0.00246527255512774,0.5697517395019531,0.003208396211266518,0.007202487394957999,0.7203999999999999,0.012199999999999989,cnn-4_mnist_learnt_gaussian_sig0.03_bounded-pmin1e-05_epoch20_bs250_lr0.001_mon0.95_dp0.2_objective-channel_gradient-chan1.0-rayleigh-zf-tx1.0-noise3.162-frob-kl0.001_perc-pri0.5_epoch-pri70_bs-pri250_lr-pri0.005_mom-pri0.99_dp-pri0.2_seed7,rayleigh-zf-tx1.0-noise3.162_chan-layer2_mcsamples500_norm-frob_seed7_bounds.json
cnn-4,mnist,20.0,rayleigh_zf,-4.9996186559619025 dB,frob,channel_grad,0.001,0.01,1.0,0.4888278543949127,0.629656,0.4920485496520996,2.300014156477215,✓,✗,0.019723789705042828,0.6327,2.287784480583894,✓,✗,0.031953465598364136,536.9479370117188,0.05887888858651707,0.021079426631331444,9216.0,0.003335502464324236,0.4920485496520996,0.003659854456782341,0.009989042016806733,0.6327,0.012399999999999967,cnn-4_mnist_learnt_gaussian_sig0.03_bounded-pmin1e-05_epoch20_bs250_lr0.001_mon0.95_dp0.2_objective-channel_gradient-chan1.0-rayleigh-zf-tx1.0-noise3.162-frob-kl0.01_perc-pri0.5_epoch-pri70_bs-pri250_lr-pri0.005_mom-pri0.99_dp-pri0.2_seed7,rayleigh-zf-tx1.0-noise3.162_chan-layer2_mcsamples500_norm-frob_seed7_bounds.json
cnn-4,mnist,20.0,rayleigh_zf,-4.9996186559619025 dB,frob,channel_grad,0.001,0.05,1.0,0.3868788778781891,0.4994555999999999,0.3922008991241455,0.56190025806427,✓,✗,0.022786384476556773,0.5043,0.549835741519928,✓,✗,0.034850920944393064,102.93074035644531,0.08973535507543594,0.03212645277380943,9216.0,0.00484970910474658,0.3922008991241455,0.004891195520758629,0.011753210084033641,0.5043,0.011700000000000044,cnn-4_mnist_learnt_gaussian_sig0.03_bounded-pmin1e-05_epoch20_bs250_lr0.001_mon0.95_dp0.2_objective-channel_gradient-chan1.0-rayleigh-zf-tx1.0-noise3.162-frob-kl0.05_perc-pri0.5_epoch-pri70_bs-pri250_lr-pri0.005_mom-pri0.99_dp-pri0.2_seed7,rayleigh-zf-tx1.0-noise3.162_chan-layer2_mcsamples500_norm-frob_seed7_bounds.json
cnn-4,mnist,20.0,rayleigh_zf,-4.9996186559619025 dB,frob,channel_grad,0.001,0.1,1.0,0.36441653966903687,0.46878339999999996,0.37051527500152587,0.3595592131860186,✗,✓,0.023801520273900482,0.4726,0.34755757148393324,✗,✓,0.03580316197598585,50.75628662109375,0.09944335001546695,0.03560204431414604,9216.0,0.005378162022680044,0.37051527500152587,0.005373091250658035,0.012344873949579848,0.4726,0.012499999999999956,cnn-4_mnist_learnt_gaussian_sig0.03_bounded-pmin1e-05_epoch20_bs250_lr0.001_mon0.95_dp0.2_objective-channel_gradient-chan1.0-rayleigh-zf-tx1.0-noise3.162-frob-kl0.1_perc-pri0.5_epoch-pri70_bs-pri250_lr-pri0.005_mom-pri0.99_dp-pri0.2_seed7,rayleigh-zf-tx1.0-noise3.162_chan-layer2_mcsamples500_norm-frob_seed7_bounds.json
cnn-4,mnist,20.0,rayleigh_zf,-4.9996186559619025 dB,frob,channel_grad,0.001,0.25,1.0,0.34544333815574646,0.44486539999999997,0.35119032859802246,0.24072298407554626,✗,✓,0.024674055785474613,0.45130000000000003,0.22867068648338318,✗,✓,0.03672635538964393,19.067867279052734,0.10905136937704135,0.03904184326529503,9216.0,0.005841643083840609,0.35119032859802246,0.00565888024866581,0.012923630252100863,0.45130000000000003,0.012700000000000045,cnn-4_mnist_learnt_gaussian_sig0.03_bounded-pmin1e-05_epoch20_bs250_lr0.001_mon0.95_dp0.2_objective-channel_gradient-chan1.0-rayleigh-zf-tx1.0-noise3.162-frob-kl0.25_perc-pri0.5_epoch-pri70_bs-pri250_lr-pri0.005_mom-pri0.99_dp-pri0.2_seed7,rayleigh-zf-tx1.0-noise3.162_chan-layer2_mcsamples500_norm-frob_seed7_bounds.json
cnn-4,mnist,20.0,rayleigh_zf,-4.9996186559619025 dB,frob,channel_grad,0.001,0.5,1.0,0.34088134765625,0.4390228,0.34653913974761963,0.20144465565681458,✗,✓,0.02512006633390661,0.44389999999999996,0.18920111656188965,✗,✓,0.03736359132768334,8.365508079528809,0.11282798639395557,0.04039392247796059,9216.0,0.006081774365156889,0.34653913974761963,0.005768303573131561,0.013325915966386579,0.44389999999999996,0.012199999999999989,cnn-4_mnist_learnt_gaussian_sig0.03_bounded-pmin1e-05_epoch20_bs250_lr0.001_mon0.95_dp0.2_objective-channel_gradient-chan1.0-rayleigh-zf-tx1.0-noise3.162-frob-kl0.5_perc-pri0.5_epoch-pri70_bs-pri250_lr-pri0.005_mom-pri0.99_dp-pri0.2_seed7,rayleigh-zf-tx1.0-noise3.162_chan-layer2_mcsamples500_norm-frob_seed7_bounds.json
cnn-4,mnist,20.0,rayleigh_zf,-4.9996186559619025 dB,frob,channel_grad,0.001,1.0,1.0,0.3378508388996124,0.43501000000000006,0.3436350107192993,0.18538500368595123,✗,✓,0.025412850695275525,0.43920000000000003,0.1730385571718216,✗,✓,0.03775929082041907,3.7824203968048096,0.11508301423125804,0.04120125249028206,9216.0,0.00624065613374114,0.3436350107192993,0.005863264203071594,0.013576739495798336,0.43920000000000003,0.01200000000000001,cnn-4_mnist_learnt_gaussian_sig0.03_bounded-pmin1e-05_epoch20_bs250_lr0.001_mon0.95_dp0.2_objective-channel_gradient-chan1.0-rayleigh-zf-tx1.0-noise3.162-frob-kl1.0_perc-pri0.5_epoch-pri70_bs-pri250_lr-pri0.005_mom-pri0.99_dp-pri0.2_seed7,rayleigh-zf-tx1.0-noise3.162_chan-layer2_mcsamples500_norm-frob_seed7_bounds.json
cnn-4,mnist,50.0,rayleigh_zf,-4.9996186559619025 dB,frob,vanilla,0.001,1.0,0.0,0.39829331636428833,0.5352374000000001,0.3966639995574951,1.515460296013428,✓,-,0.018897896104237893,0.531,1.5037212980777899,✓,-,0.03063689403987618,359.51708984375,0.0,0.0,9216.0,0.002950660651549697,0.3966639995574951,0.0038264863193035125,0.009206453781512615,0.531,0.012299999999999978,cnn-4_mnist_learnt_gaussian_sig0.03_bounded-pmin1e-05_epoch50_bs250_lr0.001_mon0.95_dp0.2_objective-vanilla_perc-pri0.5_epoch-pri70_bs-pri250_lr-pri0.005_mom-pri0.99_dp-pri0.2_seed7,rayleigh-zf-tx1.0-noise3.162_chan-layer2_mcsamples500_norm-frob_seed7_bounds.json
cnn-4,mnist,50.0,rayleigh_zf,-4.9996186559619025 dB,frob,channel_grad,0.001,0.0001,1.0,0.5930632948875427,0.7203025999999997,0.591057538986206,21.366659199135054,✓,✗,0.015599192468203701,0.7196,21.361323867389157,✓,✗,0.020934524214102163,5217.7470703125,0.027260430880864488,0.009759597480297089,9216.0,0.0015385461738333106,0.591057538986206,0.002792838215827942,0.003918655462184879,0.7196,0.011700000000000044,cnn-4_mnist_learnt_gaussian_sig0.03_bounded-pmin1e-05_epoch50_bs250_lr0.001_mon0.95_dp0.2_objective-channel_gradient-chan1.0-rayleigh-zf-tx1.0-noise3.162-frob-kl0.0001_perc-pri0.5_epoch-pri70_bs-pri250_lr-pri0.005_mom-pri0.99_dp-pri0.2_seed7,rayleigh-zf-tx1.0-noise3.162_chan-layer2_mcsamples500_norm-frob_seed7_bounds.json
cnn-4,mnist,50.0,rayleigh_zf,-4.9996186559619025 dB,frob,channel_grad,0.001,0.001,1.0,0.5717110633850098,0.7070203999999999,0.5691980838775634,12.173419880154468,✓,✗,0.016490163996045352,0.7088,12.166270948573722,✓,✗,0.02363909557679005,2963.714111328125,0.03336756208332363,0.01194603182375431,9216.0,0.0018979656742885709,0.5691980838775634,0.002924194000661373,0.005292773109243703,0.7088,0.012499999999999956,cnn-4_mnist_learnt_gaussian_sig0.03_bounded-pmin1e-05_epoch50_bs250_lr0.001_mon0.95_dp0.2_objective-channel_gradient-chan1.0-rayleigh-zf-tx1.0-noise3.162-frob-kl0.001_perc-pri0.5_epoch-pri70_bs-pri250_lr-pri0.005_mom-pri0.99_dp-pri0.2_seed7,rayleigh-zf-tx1.0-noise3.162_chan-layer2_mcsamples500_norm-frob_seed7_bounds.json
cnn-4,mnist,50.0,rayleigh_zf,-4.9996186559619025 dB,frob,channel_grad,0.001,0.01,1.0,0.48890000581741333,0.6283192000000004,0.4853809833526611,2.2755889267272007,✓,✗,0.019795851422147574,0.6274,2.2632966641545056,✓,✗,0.032088113994842515,530.5181884765625,0.06056834891592486,0.021684275940060616,9216.0,0.0033696317113935947,0.4853809833526611,0.0033822916448116302,0.01006978151260506,0.6274,0.01200000000000001,cnn-4_mnist_learnt_gaussian_sig0.03_bounded-pmin1e-05_epoch50_bs250_lr0.001_mon0.95_dp0.2_objective-channel_gradient-chan1.0-rayleigh-zf-tx1.0-noise3.162-frob-kl0.01_perc-pri0.5_epoch-pri70_bs-pri250_lr-pri0.005_mom-pri0.99_dp-pri0.2_seed7,rayleigh-zf-tx1.0-noise3.162_chan-layer2_mcsamples500_norm-frob_seed7_bounds.json
cnn-4,mnist,50.0,rayleigh_zf,-4.9996186559619025 dB,frob,channel_grad,0.001,0.05,1.0,0.3872973322868347,0.49851480000000004,0.38751697540283203,0.5260195136070251,✓,✓,0.023074471266135127,0.498,0.5138803720474243,✓,✓,0.035213629926685946,93.54580688476562,0.09180568614779204,0.032867658883333206,9216.0,0.004998376592993736,0.38751697540283203,0.004508133977651596,0.011977949579831953,0.498,0.012499999999999956,cnn-4_mnist_learnt_gaussian_sig0.03_bounded-pmin1e-05_epoch50_bs250_lr0.001_mon0.95_dp0.2_objective-channel_gradient-chan1.0-rayleigh-zf-tx1.0-noise3.162-frob-kl0.05_perc-pri0.5_epoch-pri70_bs-pri250_lr-pri0.005_mom-pri0.99_dp-pri0.2_seed7,rayleigh-zf-tx1.0-noise3.162_chan-layer2_mcsamples500_norm-frob_seed7_bounds.json
cnn-4,mnist,50.0,rayleigh_zf,-4.9996186559619025 dB,frob,channel_grad,0.001,0.1,1.0,0.3661329448223114,0.4704674000000001,0.36604876518249513,0.33260070733550107,✗,✓,0.02403261952718484,0.47109999999999996,0.32054128004750126,✗,✓,0.03609204681518466,43.836700439453125,0.10044505161947218,0.035960666835308075,9216.0,0.00550007913261652,0.36604876518249513,0.0049396563321352,0.012525512605042036,0.47109999999999996,0.0121,cnn-4_mnist_learnt_gaussian_sig0.03_bounded-pmin1e-05_epoch50_bs250_lr0.001_mon0.95_dp0.2_objective-channel_gradient-chan1.0-rayleigh-zf-tx1.0-noise3.162-frob-kl0.1_perc-pri0.5_epoch-pri70_bs-pri250_lr-pri0.005_mom-pri0.99_dp-pri0.2_seed7,rayleigh-zf-tx1.0-noise3.162_chan-layer2_mcsamples500_norm-frob_seed7_bounds.json
cnn-4,mnist,50.0,rayleigh_zf,-4.9996186559619025 dB,frob,channel_grad,0.001,0.25,1.0,0.3512646555900574,0.45192239999999995,0.3511210918426514,0.23103946447372437,✗,✓,0.024756197745772465,0.4525,0.21887296438217163,✗,✓,0.036922707909529104,17.065401077270508,0.10734652979024815,0.03843148797750473,9216.0,0.00588575005531311,0.3511210918426514,0.005304128676652908,0.013047193277310945,0.4525,0.012900000000000023,cnn-4_mnist_learnt_gaussian_sig0.03_bounded-pmin1e-05_epoch50_bs250_lr0.001_mon0.95_dp0.2_objective-channel_gradient-chan1.0-rayleigh-zf-tx1.0-noise3.162-frob-kl0.25_perc-pri0.5_epoch-pri70_bs-pri250_lr-pri0.005_mom-pri0.99_dp-pri0.2_seed7,rayleigh-zf-tx1.0-noise3.162_chan-layer2_mcsamples500_norm-frob_seed7_bounds.json
cnn-4,mnist,50.0,rayleigh_zf,-4.9996186559619025 dB,frob,channel_grad,0.001,0.5,1.0,0.3441985249519348,0.44311639999999997,0.34404745101928713,0.19823414087295532,✗,✓,0.025099853601310677,0.4438,0.1859719157218933,✗,✓,0.03736207141890657,8.105247497558594,0.11068150822718384,0.03962545469403267,9216.0,0.00607083085924387,0.34404745101928713,0.005463236942887306,0.01332484033613447,0.4438,0.012800000000000034,cnn-4_mnist_learnt_gaussian_sig0.03_bounded-pmin1e-05_epoch50_bs250_lr0.001_mon0.95_dp0.2_objective-channel_gradient-chan1.0-rayleigh-zf-tx1.0-noise3.162-frob-kl0.5_perc-pri0.5_epoch-pri70_bs-pri250_lr-pri0.005_mom-pri0.99_dp-pri0.2_seed7,rayleigh-zf-tx1.0-noise3.162_chan-layer2_mcsamples500_norm-frob_seed7_bounds.json
cnn-4,mnist,50.0,rayleigh_zf,-4.9996186559619025 dB,frob,channel_grad,0.001,1.0,1.0,0.3404547870159149,0.4386446000000001,0.3400881767272949,0.18424096703529358,✗,✓,0.02546951632192082,0.43910000000000005,0.17185716331005096,✗,✓,0.03785333581343936,3.700881004333496,0.11417783359579604,0.04087718576192856,9216.0,0.006271379068493843,0.3400881767272949,0.005623798817396164,0.01363650420168069,0.43910000000000005,0.012800000000000034,cnn-4_mnist_learnt_gaussian_sig0.03_bounded-pmin1e-05_epoch50_bs250_lr0.001_mon0.95_dp0.2_objective-channel_gradient-chan1.0-rayleigh-zf-tx1.0-noise3.162-frob-kl1.0_perc-pri0.5_epoch-pri70_bs-pri250_lr-pri0.005_mom-pri0.99_dp-pri0.2_seed7,rayleigh-zf-tx1.0-noise3.162_chan-layer2_mcsamples500_norm-frob_seed7_bounds.json
cnn-4,mnist,10.0,rayleigh_zf,-4.9996186559619025 dB,spec,vanilla,0.001,1.0,0.0,0.36026233434677124,0.46938280000000016,0.36588296890258787,0.2112556129775692,✗,-,0.022776205088648072,0.47950000000000004,0.19900911403515054,✗,-,0.03502270403106676,38.979190826416016,0.0,0.0,9216.0,0.004844416864216328,0.36588296890258787,0.004855956509709358,0.011859630252100855,0.47950000000000004,0.011499999999999955,cnn-4_mnist_learnt_gaussian_sig0.03_bounded-pmin1e-05_epoch10_bs250_lr0.001_mon0.95_dp0.2_objective-vanilla_perc-pri0.5_epoch-pri70_bs-pri250_lr-pri0.005_mom-pri0.99_dp-pri0.2_seed7,rayleigh-zf-tx1.0-noise3.162_chan-layer2_mcsamples500_norm-spec_seed7_bounds.json
cnn-4,mnist,10.0,rayleigh_zf,-4.9996186559619025 dB,spec,channel_grad,0.001,0.0001,1.0,0.5646441578865051,0.7272302,0.5724320888519288,5.090413432801205,✓,✗,0.019547916956339513,0.732,5.077587565992546,✓,✗,0.03237378376499925,1226.53662109375,0.03362383274673105,0.01203778013586998,9216.0,0.00325261102989316,0.5724320888519288,0.003529420867562294,0.01024127731092439,0.732,0.0121,cnn-4_mnist_learnt_gaussian_sig0.03_bounded-pmin1e-05_epoch10_bs250_lr0.001_mon0.95_dp0.2_objective-channel_gradient-chan1.0-rayleigh-zf-tx1.0-noise3.162-spec-kl0.0001_perc-pri0.5_epoch-pri70_bs-pri250_lr-pri0.005_mom-pri0.99_dp-pri0.2_seed7,rayleigh-zf-tx1.0-noise3.162_chan-layer2_mcsamples500_norm-spec_seed7_bounds.json
cnn-4,mnist,10.0,rayleigh_zf,-4.9996186559619025 dB,spec,channel_grad,0.001,0.001,1.0,0.5590917468070984,0.7213702000000001,0.5668623447418213,4.5507965256722915,✓,✗,0.01957062212266804,0.7272000000000001,4.537723224882974,✓,✗,0.03264392291198519,1094.088134765625,0.034455467650663964,0.012335516512393951,9216.0,0.0032633724622428417,0.5668623447418213,0.003499903529882431,0.010404168067226905,0.7272000000000001,0.011700000000000044,cnn-4_mnist_learnt_gaussian_sig0.03_bounded-pmin1e-05_epoch10_bs250_lr0.001_mon0.95_dp0.2_objective-channel_gradient-chan1.0-rayleigh-zf-tx1.0-noise3.162-spec-kl0.001_perc-pri0.5_epoch-pri70_bs-pri250_lr-pri0.005_mom-pri0.99_dp-pri0.2_seed7,rayleigh-zf-tx1.0-noise3.162_chan-layer2_mcsamples500_norm-spec_seed7_bounds.json
cnn-4,mnist,10.0,rayleigh_zf,-4.9996186559619025 dB,spec,channel_grad,0.001,0.01,1.0,0.4925892949104309,0.6391020000000001,0.500433349609375,1.8911051060713002,✓,✗,0.02029122197197248,0.6465000000000001,1.8772142337008588,✓,✗,0.034182094342413843,439.0505676269531,0.04740554635895128,0.01697181724011898,9216.0,0.0036061606369912624,0.500433349609375,0.0035418830811977386,0.011341109243697495,0.6465000000000001,0.012199999999999989,cnn-4_mnist_learnt_gaussian_sig0.03_bounded-pmin1e-05_epoch10_bs250_lr0.001_mon0.95_dp0.2_objective-channel_gradient-chan1.0-rayleigh-zf-tx1.0-noise3.162-spec-kl0.01_perc-pri0.5_epoch-pri70_bs-pri250_lr-pri0.005_mom-pri0.99_dp-pri0.2_seed7,rayleigh-zf-tx1.0-noise3.162_chan-layer2_mcsamples500_norm-spec_seed7_bounds.json
cnn-4,mnist,10.0,rayleigh_zf,-4.9996186559619025 dB,spec,channel_grad,0.001,0.05,1.0,0.3869341015815735,0.49885219999999997,0.39091668128967283,0.4320855140686035,✓,✗,0.023212416990378015,0.506,0.4194479286670685,✗,✗,0.03585001199500619,74.7661361694336,0.07390303392426559,0.026458270847797394,9216.0,0.005070019047707319,0.39091668128967283,0.004620053991675377,0.01237405042016808,0.506,0.013000000000000012,cnn-4_mnist_learnt_gaussian_sig0.03_bounded-pmin1e-05_epoch10_bs250_lr0.001_mon0.95_dp0.2_objective-channel_gradient-chan1.0-rayleigh-zf-tx1.0-noise3.162-spec-kl0.05_perc-pri0.5_epoch-pri70_bs-pri250_lr-pri0.005_mom-pri0.99_dp-pri0.2_seed7,rayleigh-zf-tx1.0-noise3.162_chan-layer2_mcsamples500_norm-spec_seed7_bounds.json
cnn-4,mnist,10.0,rayleigh_zf,-4.9996186559619025 dB,spec,channel_grad,0.001,0.1,1.0,0.3608502447605133,0.46490660000000006,0.36371736526489257,0.2727397102628029,✗,✗,0.02413531860098488,0.47040000000000004,0.26036246111210254,✗,✓,0.03651256775168526,33.90962219238281,0.080690660846948,0.028888331726193428,9216.0,0.005554476287215948,0.36371736526489257,0.004948219656944275,0.01278897478991599,0.47040000000000004,0.012700000000000045,cnn-4_mnist_learnt_gaussian_sig0.03_bounded-pmin1e-05_epoch10_bs250_lr0.001_mon0.95_dp0.2_objective-channel_gradient-chan1.0-rayleigh-zf-tx1.0-noise3.162-spec-kl0.1_perc-pri0.5_epoch-pri70_bs-pri250_lr-pri0.005_mom-pri0.99_dp-pri0.2_seed7,rayleigh-zf-tx1.0-noise3.162_chan-layer2_mcsamples500_norm-spec_seed7_bounds.json
cnn-4,mnist,10.0,rayleigh_zf,-4.9996186559619025 dB,spec,channel_grad,0.001,0.25,1.0,0.3467409312725067,0.4473182,0.3497664451599121,0.2130935788154602,✗,✓,0.02508995657583688,0.4534,0.2007424235343933,✗,✓,0.03744111030775465,17.734582901000977,0.08615030762421443,0.030842958018183708,9216.0,0.006065572611987591,0.3497664451599121,0.005310579389333725,0.013374991596638672,0.4534,0.013599999999999945,cnn-4_mnist_learnt_gaussian_sig0.03_bounded-pmin1e-05_epoch10_bs250_lr0.001_mon0.95_dp0.2_objective-channel_gradient-chan1.0-rayleigh-zf-tx1.0-noise3.162-spec-kl0.25_perc-pri0.5_epoch-pri70_bs-pri250_lr-pri0.005_mom-pri0.99_dp-pri0.2_seed7,rayleigh-zf-tx1.0-noise3.162_chan-layer2_mcsamples500_norm-spec_seed7_bounds.json
cnn-4,mnist,10.0,rayleigh_zf,-4.9996186559619025 dB,spec,channel_grad,0.001,0.5,1.0,0.3415968120098114,0.4405920000000001,0.344712495803833,0.17585930228233337,✗,✓,0.02529494632960878,0.4475,0.16354480385780334,✗,✓,0.03760944621341625,7.984009265899658,0.0885542530813214,0.03170360252261162,9216.0,0.00617648521438241,0.344712495803833,0.005470218136906624,0.01348147899159666,0.4475,0.013399999999999967,cnn-4_mnist_learnt_gaussian_sig0.03_bounded-pmin1e-05_epoch10_bs250_lr0.001_mon0.95_dp0.2_objective-channel_gradient-chan1.0-rayleigh-zf-tx1.0-noise3.162-spec-kl0.5_perc-pri0.5_epoch-pri70_bs-pri250_lr-pri0.005_mom-pri0.99_dp-pri0.2_seed7,rayleigh-zf-tx1.0-noise3.162_chan-layer2_mcsamples500_norm-spec_seed7_bounds.json
cnn-4,mnist,10.0,rayleigh_zf,-4.9996186559619025 dB,spec,channel_grad,0.001,1.0,1.0,0.3409562110900879,0.43949079999999985,0.3441027641296387,0.16079409420490265,✗,✓,0.02563470799457958,0.44599999999999995,0.1482940912246704,✗,✓,0.038134712276685495,3.8075993061065674,0.09001388820242663,0.03222617134451866,9216.0,0.006361556705087423,0.3441027641296387,0.005620994046330452,0.013815529411764723,0.44599999999999995,0.013599999999999945,cnn-4_mnist_learnt_gaussian_sig0.03_bounded-pmin1e-05_epoch10_bs250_lr0.001_mon0.95_dp0.2_objective-channel_gradient-chan1.0-rayleigh-zf-tx1.0-noise3.162-spec-kl1.0_perc-pri0.5_epoch-pri70_bs-pri250_lr-pri0.005_mom-pri0.99_dp-pri0.2_seed7,rayleigh-zf-tx1.0-noise3.162_chan-layer2_mcsamples500_norm-spec_seed7_bounds.json
cnn-4,mnist,20.0,rayleigh_zf,-4.9996186559619025 dB,spec,vanilla,0.001,1.0,0.0,0.3747774064540863,0.4938033999999999,0.37149107456207275,0.49243510026491727,✓,-,0.021293302689935997,0.4897,0.4801722927202409,✗,-,0.033556110234612364,108.21305847167969,0.0,0.0,9216.0,0.004095487296581268,0.37149107456207275,0.004136032611131668,0.01095811764705884,0.4897,0.011299999999999977,cnn-4_mnist_learnt_gaussian_sig0.03_bounded-pmin1e-05_epoch20_bs250_lr0.001_mon0.95_dp0.2_objective-vanilla_perc-pri0.5_epoch-pri70_bs-pri250_lr-pri0.005_mom-pri0.99_dp-pri0.2_seed7,rayleigh-zf-tx1.0-noise3.162_chan-layer2_mcsamples500_norm-spec_seed7_bounds.json
cnn-4,mnist,20.0,rayleigh_zf,-4.9996186559619025 dB,spec,channel_grad,0.001,0.0001,1.0,0.5844337344169617,0.7399121999999998,0.5860145568847657,7.553109625310985,✓,✗,0.018782808903105477,0.7475,7.542129879871157,✓,✗,0.02976255434293347,1831.3878173828125,0.029636585978254252,0.010610292665660381,9216.0,0.0028979661874473095,0.5860145568847657,0.0034441404044628144,0.008693983193277324,0.7475,0.011700000000000044,cnn-4_mnist_learnt_gaussian_sig0.03_bounded-pmin1e-05_epoch20_bs250_lr0.001_mon0.95_dp0.2_objective-channel_gradient-chan1.0-rayleigh-zf-tx1.0-noise3.162-spec-kl0.0001_perc-pri0.5_epoch-pri70_bs-pri250_lr-pri0.005_mom-pri0.99_dp-pri0.2_seed7,rayleigh-zf-tx1.0-noise3.162_chan-layer2_mcsamples500_norm-spec_seed7_bounds.json
cnn-4,mnist,20.0,rayleigh_zf,-4.9996186559619025 dB,spec,channel_grad,0.001,0.001,1.0,0.5743092894554138,0.7313097999999999,0.5757086753845215,6.010583073836559,✓,✗,0.018959213011782182,0.7383,5.998901739194934,✓,✗,0.03064054765340731,1452.9119873046875,0.03135314730621432,0.011224844492971897,9216.0,0.002978912554681301,0.5757086753845215,0.003442490100860596,0.00920873949579833,0.7383,0.0121,cnn-4_mnist_learnt_gaussian_sig0.03_bounded-pmin1e-05_epoch20_bs250_lr0.001_mon0.95_dp0.2_objective-channel_gradient-chan1.0-rayleigh-zf-tx1.0-noise3.162-spec-kl0.001_perc-pri0.5_epoch-pri70_bs-pri250_lr-pri0.005_mom-pri0.99_dp-pri0.2_seed7,rayleigh-zf-tx1.0-noise3.162_chan-layer2_mcsamples500_norm-spec_seed7_bounds.json
cnn-4,mnist,20.0,rayleigh_zf,-4.9996186559619025 dB,spec,channel_grad,0.001,0.01,1.0,0.5005639791488647,0.647857,0.5030910015106201,1.9889634310037916,✓,✗,0.020267737881277274,0.6518999999999999,1.9749806867130455,✓,✗,0.03425048217202337,463.0697326660156,0.04713765280616666,0.01687590777873993,9216.0,0.0035948401782661676,0.5030910015106201,0.0037119172513484953,0.011383126050420187,0.6518999999999999,0.012700000000000045,cnn-4_mnist_learnt_gaussian_sig0.03_bounded-pmin1e-05_epoch20_bs250_lr0.001_mon0.95_dp0.2_objective-channel_gradient-chan1.0-rayleigh-zf-tx1.0-noise3.162-spec-kl0.01_perc-pri0.5_epoch-pri70_bs-pri250_lr-pri0.005_mom-pri0.99_dp-pri0.2_seed7,rayleigh-zf-tx1.0-noise3.162_chan-layer2_mcsamples500_norm-spec_seed7_bounds.json
cnn-4,mnist,20.0,rayleigh_zf,-4.9996186559619025 dB,spec,channel_grad,0.001,0.05,1.0,0.3844701051712036,0.4961116,0.3901935577392578,0.4500388503074646,✓,✗,0.023181345915355783,0.5022,0.43751704692840576,✗,✗,0.03570316582126878,79.15010833740234,0.07410571651220971,0.026530833914875984,9216.0,0.0050538345240056515,0.3901935577392578,0.005005167052149773,0.012282487394958005,0.5022,0.011800000000000033,cnn-4_mnist_learnt_gaussian_sig0.03_bounded-pmin1e-05_epoch20_bs250_lr0.001_mon0.95_dp0.2_objective-channel_gradient-chan1.0-rayleigh-zf-tx1.0-noise3.162-spec-kl0.05_perc-pri0.5_epoch-pri70_bs-pri250_lr-pri0.005_mom-pri0.99_dp-pri0.2_seed7,rayleigh-zf-tx1.0-noise3.162_chan-layer2_mcsamples500_norm-spec_seed7_bounds.json
cnn-4,mnist,20.0,rayleigh_zf,-4.9996186559619025 dB,spec,channel_grad,0.001,0.1,1.0,0.36159753799438477,0.46629359999999986,0.3678809642791748,0.28218602445850216,✗,✓,0.024119710035351214,0.46940000000000004,0.2699182907813724,✗,✓,0.03638744371248097,35.8880500793457,0.08218520105526521,0.029423397034406662,9216.0,0.005546302068978548,0.3678809642791748,0.005373691767454147,0.012710453781512622,0.46940000000000004,0.011900000000000022,cnn-4_mnist_learnt_gaussian_sig0.03_bounded-pmin1e-05_epoch20_bs250_lr0.001_mon0.95_dp0.2_objective-channel_gradient-chan1.0-rayleigh-zf-tx1.0-noise3.162-spec-kl0.1_perc-pri0.5_epoch-pri70_bs-pri250_lr-pri0.005_mom-pri0.99_dp-pri0.2_seed7,rayleigh-zf-tx1.0-noise3.162_chan-layer2_mcsamples500_norm-spec_seed7_bounds.json
cnn-4,mnist,20.0,rayleigh_zf,-4.9996186559619025 dB,spec,channel_grad,0.001,0.25,1.0,0.34488385915756226,0.44461380000000006,0.35061309337615965,0.19658860564231873,✗,✓,0.024924938057312686,0.4504,0.18428528308868408,✗,✓,0.03722827322274427,12.985374450683594,0.08924674628717752,0.03195152431726456,9216.0,0.005976584739983082,0.35061309337615965,0.00567149855196476,0.01324026890756305,0.4504,0.012399999999999967,cnn-4_mnist_learnt_gaussian_sig0.03_bounded-pmin1e-05_epoch20_bs250_lr0.001_mon0.95_dp0.2_objective-channel_gradient-chan1.0-rayleigh-zf-tx1.0-noise3.162-spec-kl0.25_perc-pri0.5_epoch-pri70_bs-pri250_lr-pri0.005_mom-pri0.99_dp-pri0.2_seed7,rayleigh-zf-tx1.0-noise3.162_chan-layer2_mcsamples500_norm-spec_seed7_bounds.json
cnn-4,mnist,20.0,rayleigh_zf,-4.9996186559619025 dB,spec,channel_grad,0.001,0.5,1.0,0.3400266170501709,0.438238,0.34568836688995364,0.17551663517951965,✗,✓,0.025294429507503716,0.4426,0.1631273627281189,✗,✓,0.0376837084231053,7.053135871887207,0.09193759605704416,0.03291488438844681,9216.0,0.006176441442221403,0.34568836688995364,0.005796744674444199,0.013528672268907587,0.4426,0.012499999999999956,cnn-4_mnist_learnt_gaussian_sig0.03_bounded-pmin1e-05_epoch20_bs250_lr0.001_mon0.95_dp0.2_objective-channel_gradient-chan1.0-rayleigh-zf-tx1.0-noise3.162-spec-kl0.5_perc-pri0.5_epoch-pri70_bs-pri250_lr-pri0.005_mom-pri0.99_dp-pri0.2_seed7,rayleigh-zf-tx1.0-noise3.162_chan-layer2_mcsamples500_norm-spec_seed7_bounds.json
cnn-4,mnist,20.0,rayleigh_zf,-4.9996186559619025 dB,spec,channel_grad,0.001,1.0,1.0,0.3379548490047455,0.4354368000000001,0.3436535358428955,0.16062915325164795,✗,✓,0.025533689645649466,0.43920000000000003,0.14817199110984802,✗,✓,0.037990853188883233,3.085209369659424,0.09294196145664524,0.03327446058392525,9216.0,0.006306377239525318,0.3436535358428955,0.005914751067757606,0.013723966386554638,0.43920000000000003,0.012299999999999978,cnn-4_mnist_learnt_gaussian_sig0.03_bounded-pmin1e-05_epoch20_bs250_lr0.001_mon0.95_dp0.2_objective-channel_gradient-chan1.0-rayleigh-zf-tx1.0-noise3.162-spec-kl1.0_perc-pri0.5_epoch-pri70_bs-pri250_lr-pri0.005_mom-pri0.99_dp-pri0.2_seed7,rayleigh-zf-tx1.0-noise3.162_chan-layer2_mcsamples500_norm-spec_seed7_bounds.json
cnn-4,mnist,50.0,rayleigh_zf,-4.9996186559619025 dB,spec,vanilla,0.001,1.0,0.0,0.39829331636428833,0.5352374000000001,0.3966639995574951,1.515460296013428,✓,-,0.018897896104237893,0.531,1.5037212980777899,✓,-,0.03063689403987618,359.51708984375,0.0,0.0,9216.0,0.002950660651549697,0.3966639995574951,0.0038264863193035125,0.009206453781512615,0.531,0.012299999999999978,cnn-4_mnist_learnt_gaussian_sig0.03_bounded-pmin1e-05_epoch50_bs250_lr0.001_mon0.95_dp0.2_objective-vanilla_perc-pri0.5_epoch-pri70_bs-pri250_lr-pri0.005_mom-pri0.99_dp-pri0.2_seed7,rayleigh-zf-tx1.0-noise3.162_chan-layer2_mcsamples500_norm-spec_seed7_bounds.json
cnn-4,mnist,50.0,rayleigh_zf,-4.9996186559619025 dB,spec,channel_grad,0.001,0.0001,1.0,0.6080357432365417,0.7484646,0.6073359966278076,14.688015874248936,✓,✗,0.017170192521265476,0.7511,14.680088124371368,✓,✗,0.02509794239883357,3581.588134765625,0.024044571451867672,0.008608276955783367,9216.0,0.002183933975175023,0.6073359966278076,0.003042085841298103,0.0060698487394958076,0.7511,0.012199999999999989,cnn-4_mnist_learnt_gaussian_sig0.03_bounded-pmin1e-05_epoch50_bs250_lr0.001_mon0.95_dp0.2_objective-channel_gradient-chan1.0-rayleigh-zf-tx1.0-noise3.162-spec-kl0.0001_perc-pri0.5_epoch-pri70_bs-pri250_lr-pri0.005_mom-pri0.99_dp-pri0.2_seed7,rayleigh-zf-tx1.0-noise3.162_chan-layer2_mcsamples500_norm-spec_seed7_bounds.json
cnn-4,mnist,50.0,rayleigh_zf,-4.9996186559619025 dB,spec,channel_grad,0.001,0.001,1.0,0.5870835185050964,0.7354370000000001,0.5858895778656006,8.59320359891088,✓,✗,0.01793626898776523,0.7395,8.583283889086955,✓,✗,0.027855978811691072,2086.95703125,0.02828018854466539,0.010124684311449528,9216.0,0.0025171919260174036,0.5858895778656006,0.0031319014728069306,0.007597915966386568,0.7395,0.012499999999999956,cnn-4_mnist_learnt_gaussian_sig0.03_bounded-pmin1e-05_epoch50_bs250_lr0.001_mon0.95_dp0.2_objective-channel_gradient-chan1.0-rayleigh-zf-tx1.0-noise3.162-spec-kl0.001_perc-pri0.5_epoch-pri70_bs-pri250_lr-pri0.005_mom-pri0.99_dp-pri0.2_seed7,rayleigh-zf-tx1.0-noise3.162_chan-layer2_mcsamples500_norm-spec_seed7_bounds.json
cnn-4,mnist,50.0,rayleigh_zf,-4.9996186559619025 dB,spec,channel_grad,0.001,0.01,1.0,0.4988570213317871,0.6450108000000002,0.4954075336456299,1.9668005520562741,✓,✗,0.020318135472915486,0.6428,1.9527062373903878,✓,✗,0.03441245013880176,457.33551025390625,0.048222670860702914,0.017264358699321747,9216.0,0.003619036404415965,0.4954075336456299,0.003416578844189644,0.011482823529411773,0.6428,0.0121,cnn-4_mnist_learnt_gaussian_sig0.03_bounded-pmin1e-05_epoch50_bs250_lr0.001_mon0.95_dp0.2_objective-channel_gradient-chan1.0-rayleigh-zf-tx1.0-noise3.162-spec-kl0.01_perc-pri0.5_epoch-pri70_bs-pri250_lr-pri0.005_mom-pri0.99_dp-pri0.2_seed7,rayleigh-zf-tx1.0-noise3.162_chan-layer2_mcsamples500_norm-spec_seed7_bounds.json
cnn-4,mnist,50.0,rayleigh_zf,-4.9996186559619025 dB,spec,channel_grad,0.001,0.05,1.0,0.3818051517009735,0.4923539999999999,0.3821997880935669,0.4266481399536133,✓,✓,0.023441459720295398,0.49250000000000005,0.4141390323638916,✗,✓,0.03595059153277055,73.17174530029297,0.07487413309527322,0.02680593729019165,9216.0,0.005189287010580301,0.3821997880935669,0.00463925264775753,0.012437042016806735,0.49250000000000005,0.012599999999999945,cnn-4_mnist_learnt_gaussian_sig0.03_bounded-pmin1e-05_epoch50_bs250_lr0.001_mon0.95_dp0.2_objective-channel_gradient-chan1.0-rayleigh-zf-tx1.0-noise3.162-spec-kl0.05_perc-pri0.5_epoch-pri70_bs-pri250_lr-pri0.005_mom-pri0.99_dp-pri0.2_seed7,rayleigh-zf-tx1.0-noise3.162_chan-layer2_mcsamples500_norm-spec_seed7_bounds.json
cnn-4,mnist,50.0,rayleigh_zf,-4.9996186559619025 dB,spec,channel_grad,0.001,0.1,1.0,0.3642488121986389,0.46869739999999993,0.3642509698867798,0.26731056072424525,✗,✓,0.024271854923079605,0.4697,0.25491222069708186,✗,✓,0.036670194950243006,32.00912094116211,0.08286264797818542,0.029665932059288025,9216.0,0.005626933183521032,0.3642509698867798,0.005061136186122894,0.012888268907563047,0.4697,0.012399999999999967,cnn-4_mnist_learnt_gaussian_sig0.03_bounded-pmin1e-05_epoch50_bs250_lr0.001_mon0.95_dp0.2_objective-channel_gradient-chan1.0-rayleigh-zf-tx1.0-noise3.162-spec-kl0.1_perc-pri0.5_epoch-pri70_bs-pri250_lr-pri0.005_mom-pri0.99_dp-pri0.2_seed7,rayleigh-zf-tx1.0-noise3.162_chan-layer2_mcsamples500_norm-spec_seed7_bounds.json
cnn-4,mnist,50.0,rayleigh_zf,-4.9996186559619025 dB,spec,channel_grad,0.001,0.25,1.0,0.3502684533596039,0.4505205999999998,0.35002152919769286,0.195804625749588,✗,✓,0.024876876091718386,0.4498,0.18348824977874756,✗,✓,0.03719325591977566,13.472516059875488,0.08650903556627224,0.030971387401223183,9216.0,0.005950782913714647,0.35002152919769286,0.005406944081187248,0.01321788235294119,0.4498,0.012800000000000034,cnn-4_mnist_learnt_gaussian_sig0.03_bounded-pmin1e-05_epoch50_bs250_lr0.001_mon0.95_dp0.2_objective-channel_gradient-chan1.0-rayleigh-zf-tx1.0-noise3.162-spec-kl0.25_perc-pri0.5_epoch-pri70_bs-pri250_lr-pri0.005_mom-pri0.99_dp-pri0.2_seed7,rayleigh-zf-tx1.0-noise3.162_chan-layer2_mcsamples500_norm-spec_seed7_bounds.json
cnn-4,mnist,50.0,rayleigh_zf,-4.9996186559619025 dB,spec,channel_grad,0.001,0.5,1.0,0.34415873885154724,0.44309580000000004,0.3440673351287842,0.1669986993074417,✗,✓,0.025183970680228245,0.4436,0.15466509759426117,✗,✓,0.037517565637502456,5.6833391189575195,0.08917796625245665,0.031926900148391724,9216.0,0.006116486620157957,0.3440673351287842,0.005500061810016632,0.013423462184873962,0.4436,0.012900000000000023,cnn-4_mnist_learnt_gaussian_sig0.03_bounded-pmin1e-05_epoch50_bs250_lr0.001_mon0.95_dp0.2_objective-channel_gradient-chan1.0-rayleigh-zf-tx1.0-noise3.162-spec-kl0.5_perc-pri0.5_epoch-pri70_bs-pri250_lr-pri0.005_mom-pri0.99_dp-pri0.2_seed7,rayleigh-zf-tx1.0-noise3.162_chan-layer2_mcsamples500_norm-spec_seed7_bounds.json
cnn-4,mnist,50.0,rayleigh_zf,-4.9996186559619025 dB,spec,channel_grad,0.001,1.0,1.0,0.3407652974128723,0.4389406,0.340532112121582,0.15533456206321716,✗,✓,0.025478636183953948,0.43979999999999997,0.14291784167289734,✗,✓,0.037895360578115794,2.2985143661499023,0.09095453061675832,0.03256293386220932,9216.0,0.006276329979300499,0.340532112121582,0.005628059804439545,0.013663193277310935,0.43979999999999997,0.012900000000000023,cnn-4_mnist_learnt_gaussian_sig0.03_bounded-pmin1e-05_epoch50_bs250_lr0.001_mon0.95_dp0.2_objective-channel_gradient-chan1.0-rayleigh-zf-tx1.0-noise3.162-spec-kl1.0_perc-pri0.5_epoch-pri70_bs-pri250_lr-pri0.005_mom-pri0.99_dp-pri0.2_seed7,rayleigh-zf-tx1.0-noise3.162_chan-layer2_mcsamples500_norm-spec_seed7_bounds.json
cnn-4,mnist,5.0,rayleigh_zf,0.0 dB,frob,channel_grad,0.001,0.01,0.01,0.19445820152759552,0.2711866000000001,0.19754414558410643,0.12544679641723633,✗,?,0.024864508795476525,0.2742,0.11320842802524567,✗,?,0.03710287666246485,2.3869857788085938,0.06149805658947578,0.03915087878704071,9216.0,0.0059439740143716335,0.19754414558410643,0.005304878950119019,0.013160941176470604,0.2742,0.013000000000000012,cnn-4_mnist_learnt_gaussian_sig0.03_bounded-pmin1e-05_epoch5_bs250_lr0.001_mon0.95_dp0.2_objective-channel_gradient-chan0.01-rayleigh-zf-tx1.0-noise1.0-frob-kl0.01_perc-pri0.5_epoch-pri70_bs-pri250_lr-pri0.005_mom-pri0.99_dp-pri0.2_seed7,rayleigh-zf-tx1.0-noise1.0_chan-layer2_mcsamples500_norm-frob_seed7_bounds.json
cnn-4,mnist,5.0,rayleigh_zf,0.0 dB,frob,channel_grad,0.001,0.01,0.1,0.20272135734558105,0.28309600000000007,0.2049811840057373,0.15327438712120056,✗,?,0.024181773100312467,0.28569999999999995,0.14116781949996948,✗,?,0.0362883409047587,10.230437278747559,0.058119429730391324,0.03699997812509537,9216.0,0.005579104647040367,0.2049811840057373,0.005013332888484001,0.012648470588235308,0.28569999999999995,0.012399999999999967,cnn-4_mnist_learnt_gaussian_sig0.03_bounded-pmin1e-05_epoch5_bs250_lr0.001_mon0.95_dp0.2_objective-channel_gradient-chan0.1-rayleigh-zf-tx1.0-noise1.0-frob-kl0.01_perc-pri0.5_epoch-pri70_bs-pri250_lr-pri0.005_mom-pri0.99_dp-pri0.2_seed7,rayleigh-zf-tx1.0-noise1.0_chan-layer2_mcsamples500_norm-frob_seed7_bounds.json
cnn-4,mnist,5.0,rayleigh_zf,0.0 dB,frob,channel_grad,0.001,0.01,1.0,0.275433748960495,0.3888304000000001,0.2804239511489868,1.0043816566467285,✓,?,0.021211094275744982,0.3922,0.9922258853912354,✓,?,0.033366843273866985,222.99176025390625,0.0435537483598684,0.027727177366614342,9216.0,0.004054843448102474,0.2804239511489868,0.003939194604754448,0.010842621848739516,0.3922,0.011499999999999955,cnn-4_mnist_learnt_gaussian_sig0.03_bounded-pmin1e-05_epoch5_bs250_lr0.001_mon0.95_dp0.2_objective-channel_gradient-chan1.0-rayleigh-zf-tx1.0-noise1.0-frob-kl0.01_perc-pri0.5_epoch-pri70_bs-pri250_lr-pri0.005_mom-pri0.99_dp-pri0.2_seed7,rayleigh-zf-tx1.0-noise1.0_chan-layer2_mcsamples500_norm-frob_seed7_bounds.json
cnn-4,mnist,5.0,rayleigh_zf,0.0 dB,frob,channel_grad,0.001,0.1,0.01,0.19076509773731232,0.2653319999999999,0.19412903785705565,0.11921335756778717,✗,?,0.025600765918348846,0.2694,0.10676636546850204,✗,?,0.03804776404424645,0.09472513198852539,0.0636778571926347,0.04053858295083046,9216.0,0.006342888344079256,0.19412903785705565,0.005630172044038773,0.013760134453781537,0.2694,0.0131,cnn-4_mnist_learnt_gaussian_sig0.03_bounded-pmin1e-05_epoch5_bs250_lr0.001_mon0.95_dp0.2_objective-channel_gradient-chan0.01-rayleigh-zf-tx1.0-noise1.0-frob-kl0.1_perc-pri0.5_epoch-pri70_bs-pri250_lr-pri0.005_mom-pri0.99_dp-pri0.2_seed7,rayleigh-zf-tx1.0-noise1.0_chan-layer2_mcsamples500_norm-frob_seed7_bounds.json
cnn-4,mnist,5.0,rayleigh_zf,0.0 dB,frob,channel_grad,0.001,0.1,0.1,0.1922461837530136,0.26745480000000005,0.19551597833633422,0.1199548989534378,✗,?,0.02540372504654261,0.2703,0.10757571458816528,✗,?,0.03778291723660049,0.5174368619918823,0.06295853452138672,0.04008064791560173,9216.0,0.006235699634999037,0.19551597833633422,0.005542520433664322,0.013591798319327752,0.2703,0.01319999999999999,cnn-4_mnist_learnt_gaussian_sig0.03_bounded-pmin1e-05_epoch5_bs250_lr0.001_mon0.95_dp0.2_objective-channel_gradient-chan0.1-rayleigh-zf-tx1.0-noise1.0-frob-kl0.1_perc-pri0.5_epoch-pri70_bs-pri250_lr-pri0.005_mom-pri0.99_dp-pri0.2_seed7,rayleigh-zf-tx1.0-noise1.0_chan-layer2_mcsamples500_norm-frob_seed7_bounds.json
cnn-4,mnist,5.0,rayleigh_zf,0.0 dB,frob,channel_grad,0.001,0.1,1.0,0.20609617233276367,0.28809299999999993,0.20798759460449218,0.19559220969676971,✗,?,0.024194608372167983,0.2901,0.18340812623500824,✗,?,0.03637870224200014,20.604732513427734,0.05799402254096423,0.03692014142870903,9216.0,0.005585902836173773,0.20798759460449218,0.004966560378670692,0.012704873949579854,0.2901,0.012599999999999945,cnn-4_mnist_learnt_gaussian_sig0.03_bounded-pmin1e-05_epoch5_bs250_lr0.001_mon0.95_dp0.2_objective-channel_gradient-chan1.0-rayleigh-zf-tx1.0-noise1.0-frob-kl0.1_perc-pri0.5_epoch-pri70_bs-pri250_lr-pri0.005_mom-pri0.99_dp-pri0.2_seed7,rayleigh-zf-tx1.0-noise1.0_chan-layer2_mcsamples500_norm-frob_seed7_bounds.json
cnn-4,mnist,5.0,rayleigh_zf,0.0 dB,frob,channel_grad,0.001,1.0,0.01,0.19010530412197113,0.26426320000000003,0.19352259635925292,0.11969329416751862,✗,?,0.02576410221670839,0.26839999999999997,0.10719088464975357,✗,?,0.038266515820957345,0.0034322142601013184,0.06431173959638116,0.040942125022411346,9216.0,0.006432151421904564,0.19352259635925292,0.005701190233230591,0.013899563025210107,0.26839999999999997,0.0131,cnn-4_mnist_learnt_gaussian_sig0.03_bounded-pmin1e-05_epoch5_bs250_lr0.001_mon0.95_dp0.2_objective-channel_gradient-chan0.01-rayleigh-zf-tx1.0-noise1.0-frob-kl1.0_perc-pri0.5_epoch-pri70_bs-pri250_lr-pri0.005_mom-pri0.99_dp-pri0.2_seed7,rayleigh-zf-tx1.0-noise1.0_chan-layer2_mcsamples500_norm-frob_seed7_bounds.json
cnn-4,mnist,5.0,rayleigh_zf,0.0 dB,frob,channel_grad,0.001,1.0,0.1,0.1902095079421997,0.2644262,0.1936197280883789,0.11961792409420013,✗,?,0.025742784024131615,0.26880000000000004,0.10712258517742157,✗,?,0.038238129204852644,0.02688494324684143,0.06416901145689555,0.04085126146674156,9216.0,0.0064205569215118885,0.1936197280883789,0.005690276995301247,0.013881546218487414,0.26880000000000004,0.013000000000000012,cnn-4_mnist_learnt_gaussian_sig0.03_bounded-pmin1e-05_epoch5_bs250_lr0.001_mon0.95_dp0.2_objective-channel_gradient-chan0.1-rayleigh-zf-tx1.0-noise1.0-frob-kl1.0_perc-pri0.5_epoch-pri70_bs-pri250_lr-pri0.005_mom-pri0.99_dp-pri0.2_seed7,rayleigh-zf-tx1.0-noise1.0_chan-layer2_mcsamples500_norm-frob_seed7_bounds.json
cnn-4,mnist,5.0,rayleigh_zf,0.0 dB,frob,channel_grad,0.001,1.0,1.0,0.19104449450969696,0.2656924,0.19437613487243652,0.12472142279148102,✗,?,0.025603140074327232,0.2701,0.11225463449954987,✗,?,0.03806993329590393,1.503861665725708,0.06341097412159784,0.04036867991089821,9216.0,0.0063443430699408054,0.19437613487243652,0.005614110082387924,0.013774184873949604,0.2701,0.013000000000000012,cnn-4_mnist_learnt_gaussian_sig0.03_bounded-pmin1e-05_epoch5_bs250_lr0.001_mon0.95_dp0.2_objective-channel_gradient-chan1.0-rayleigh-zf-tx1.0-noise1.0-frob-kl1.0_perc-pri0.5_epoch-pri70_bs-pri250_lr-pri0.005_mom-pri0.99_dp-pri0.2_seed7,rayleigh-zf-tx1.0-noise1.0_chan-layer2_mcsamples500_norm-frob_seed7_bounds.json
cnn-4,mnist,10.0,rayleigh_zf,0.0 dB,frob,vanilla,0.001,1.0,0.0,0.20013561844825745,0.28061099999999994,0.19968565702438354,0.21219742021768934,✓,-,0.02381898301377575,0.2764,0.2000518919602782,✗,-,0.03596451127118688,38.979190826416016,0.0,0.0,9216.0,0.005387256387621164,0.19968565702438354,0.005133499950170517,0.012445512605042033,0.2764,0.011299999999999977,cnn-4_mnist_learnt_gaussian_sig0.03_bounded-pmin1e-05_epoch10_bs250_lr0.001_mon0.95_dp0.2_objective-vanilla_perc-pri0.5_epoch-pri70_bs-pri250_lr-pri0.005_mom-pri0.99_dp-pri0.2_seed7,rayleigh-zf-tx1.0-noise1.0_chan-layer2_mcsamples500_norm-frob_seed7_bounds.json
cnn-4,mnist,10.0,rayleigh_zf,0.0 dB,frob,channel_grad,0.001,0.0001,0.01,0.20298020541667938,0.2850039999999999,0.20690302848815917,0.17882183194160461,✗,✗,0.023654384118829974,0.29079999999999995,0.16665609180927277,✗,✗,0.03582012477829513,17.153541564941406,0.05587165610159733,0.035569000989198685,9216.0,0.005300858989357948,0.20690302848815917,0.004886988550424576,0.01235549579831935,0.29079999999999995,0.012599999999999945,cnn-4_mnist_learnt_gaussian_sig0.03_bounded-pmin1e-05_epoch10_bs250_lr0.001_mon0.95_dp0.2_objective-channel_gradient-chan0.01-rayleigh-zf-tx1.0-noise1.0-frob-kl0.0001_perc-pri0.5_epoch-pri70_bs-pri250_lr-pri0.005_mom-pri0.99_dp-pri0.2_seed7,rayleigh-zf-tx1.0-noise1.0_chan-layer2_mcsamples500_norm-frob_seed7_bounds.json
cnn-4,mnist,10.0,rayleigh_zf,0.0 dB,frob,channel_grad,0.001,0.0001,0.1,0.2266620248556137,0.31872599999999995,0.2305959939956665,0.3746737539768219,✓,✗,0.022412003130439305,0.3237,0.36267125606536865,✓,✗,0.034414509208603464,67.056884765625,0.049399648002196254,0.03144879266619682,9216.0,0.004657920449972153,0.2305959939956665,0.00445464514195919,0.011483966386554634,0.3237,0.012199999999999989,cnn-4_mnist_learnt_gaussian_sig0.03_bounded-pmin1e-05_epoch10_bs250_lr0.001_mon0.95_dp0.2_objective-channel_gradient-chan0.1-rayleigh-zf-tx1.0-noise1.0-frob-kl0.0001_perc-pri0.5_epoch-pri70_bs-pri250_lr-pri0.005_mom-pri0.99_dp-pri0.2_seed7,rayleigh-zf-tx1.0-noise1.0_chan-layer2_mcsamples500_norm-frob_seed7_bounds.json
cnn-4,mnist,10.0,rayleigh_zf,0.0 dB,frob,channel_grad,0.001,0.0001,1.0,0.38305309414863586,0.5417418000000003,0.387657904624939,3.9526097774505615,✓,✗,0.018968705643681742,0.5519000000000001,3.9408798217773438,✓,✗,0.030698658079818756,949.6654052734375,0.027817293650507967,0.01770903915166855,9216.0,0.0029832450672984123,0.387657904624939,0.0033199287950992583,0.00924302521008405,0.5519000000000001,0.011700000000000044,cnn-4_mnist_learnt_gaussian_sig0.03_bounded-pmin1e-05_epoch10_bs250_lr0.001_mon0.95_dp0.2_objective-channel_gradient-chan1.0-rayleigh-zf-tx1.0-noise1.0-frob-kl0.0001_perc-pri0.5_epoch-pri70_bs-pri250_lr-pri0.005_mom-pri0.99_dp-pri0.2_seed7,rayleigh-zf-tx1.0-noise1.0_chan-layer2_mcsamples500_norm-frob_seed7_bounds.json
cnn-4,mnist,10.0,rayleigh_zf,0.0 dB,frob,channel_grad,0.001,0.001,0.01,0.20178773999214172,0.2831172,0.2056800603866577,0.16841869056224823,✗,✗,0.023791885411849213,0.28900000000000003,0.1562483161687851,✗,✗,0.035962256947436,14.442392349243164,0.05639459079821218,0.035901911556720734,9216.0,0.005373177584260702,0.2056800603866577,0.004928869754076004,0.012444168067226903,0.28900000000000003,0.012599999999999945,cnn-4_mnist_learnt_gaussian_sig0.03_bounded-pmin1e-05_epoch10_bs250_lr0.001_mon0.95_dp0.2_objective-channel_gradient-chan0.01-rayleigh-zf-tx1.0-noise1.0-frob-kl0.001_perc-pri0.5_epoch-pri70_bs-pri250_lr-pri0.005_mom-pri0.99_dp-pri0.2_seed7,rayleigh-zf-tx1.0-noise1.0_chan-layer2_mcsamples500_norm-frob_seed7_bounds.json
cnn-4,mnist,10.0,rayleigh_zf,0.0 dB,frob,channel_grad,0.001,0.001,0.1,0.22348597645759583,0.3140022,0.22744741439819335,0.33390945196151733,✓,✗,0.022612126740939986,0.31930000000000003,0.321892648935318,✓,✗,0.0346289163474834,56.834022521972656,0.050155590438804444,0.03193004056811333,9216.0,0.00476020947098732,0.22744741439819335,0.004516217485070228,0.011616134453781528,0.31930000000000003,0.012199999999999989,cnn-4_mnist_learnt_gaussian_sig0.03_bounded-pmin1e-05_epoch10_bs250_lr0.001_mon0.95_dp0.2_objective-channel_gradient-chan0.1-rayleigh-zf-tx1.0-noise1.0-frob-kl0.001_perc-pri0.5_epoch-pri70_bs-pri250_lr-pri0.005_mom-pri0.99_dp-pri0.2_seed7,rayleigh-zf-tx1.0-noise1.0_chan-layer2_mcsamples500_norm-frob_seed7_bounds.json
cnn-4,mnist,10.0,rayleigh_zf,0.0 dB,frob,channel_grad,0.001,0.001,1.0,0.37130850553512573,0.5255772000000002,0.3755531072616577,3.4654273986816406,✓,✗,0.019079744796305864,0.5355,3.4535295963287354,✓,✗,0.030977544100371124,830.045654296875,0.028701507670142467,0.018271947279572487,9216.0,0.0030344936531037092,0.3755531072616577,0.003327813372015953,0.009407865546218511,0.5355,0.011399999999999966,cnn-4_mnist_learnt_gaussian_sig0.03_bounded-pmin1e-05_epoch10_bs250_lr0.001_mon0.95_dp0.2_objective-channel_gradient-chan1.0-rayleigh-zf-tx1.0-noise1.0-frob-kl0.001_perc-pri0.5_epoch-pri70_bs-pri250_lr-pri0.005_mom-pri0.99_dp-pri0.2_seed7,rayleigh-zf-tx1.0-noise1.0_chan-layer2_mcsamples500_norm-frob_seed7_bounds.json
cnn-4,mnist,10.0,rayleigh_zf,0.0 dB,frob,channel_grad,0.001,0.005,0.01,0.1980370730161667,0.2771244,0.201835036277771,0.14124178886413574,✗,✓,0.02427982904798028,0.2825,0.12903191149234772,✗,✓,0.03648971397377668,7.261782169342041,0.058004947613180195,0.03692709654569626,9216.0,0.005631193984299898,0.201835036277771,0.0050869420170784,0.01277472268907565,0.2825,0.012499999999999956,cnn-4_mnist_learnt_gaussian_sig0.03_bounded-pmin1e-05_epoch10_bs250_lr0.001_mon0.95_dp0.2_objective-channel_gradient-chan0.01-rayleigh-zf-tx1.0-noise1.0-frob-kl0.005_perc-pri0.5_epoch-pri70_bs-pri250_lr-pri0.005_mom-pri0.99_dp-pri0.2_seed7,rayleigh-zf-tx1.0-noise1.0_chan-layer2_mcsamples500_norm-frob_seed7_bounds.json
cnn-4,mnist,10.0,rayleigh_zf,0.0 dB,frob,channel_grad,0.001,0.005,0.1,0.21302933990955353,0.29851060000000007,0.2170583963394165,0.22546571493148804,✓,✗,0.023324403956951168,0.3035,0.2134116291999817,✗,✗,0.03537848593495256,29.23909568786621,0.05361809516888177,0.03413433954119682,9216.0,0.005128276068717241,0.2170583963394165,0.004747680947184562,0.012080201680672293,0.3035,0.012599999999999945,cnn-4_mnist_learnt_gaussian_sig0.03_bounded-pmin1e-05_epoch10_bs250_lr0.001_mon0.95_dp0.2_objective-channel_gradient-chan0.1-rayleigh-zf-tx1.0-noise1.0-frob-kl0.005_perc-pri0.5_epoch-pri70_bs-pri250_lr-pri0.005_mom-pri0.99_dp-pri0.2_seed7,rayleigh-zf-tx1.0-noise1.0_chan-layer2_mcsamples500_norm-frob_seed7_bounds.json
cnn-4,mnist,10.0,rayleigh_zf,0.0 dB,frob,channel_grad,0.001,0.005,1.0,0.32468435168266296,0.459149,0.3282379388809204,2.036548137664795,✓,✗,0.019814848153812736,0.4626,2.024268388748169,✓,✗,0.03209449570444593,478.5877990722656,0.03352612664631696,0.021343395113945007,9216.0,0.0033785582054406404,0.3282379388809204,0.00352148599922657,0.010073411764705895,0.4626,0.012299999999999978,cnn-4_mnist_learnt_gaussian_sig0.03_bounded-pmin1e-05_epoch10_bs250_lr0.001_mon0.95_dp0.2_objective-channel_gradient-chan1.0-rayleigh-zf-tx1.0-noise1.0-frob-kl0.005_perc-pri0.5_epoch-pri70_bs-pri250_lr-pri0.005_mom-pri0.99_dp-pri0.2_seed7,rayleigh-zf-tx1.0-noise1.0_chan-layer2_mcsamples500_norm-frob_seed7_bounds.json
cnn-4,mnist,10.0,rayleigh_zf,0.0 dB,frob,channel_grad,0.001,0.01,0.01,0.19528622925281525,0.2727145999999999,0.1990635871887207,0.12833866477012634,✗,✓,0.02467438151256025,0.27890000000000004,0.11608551442623138,✗,✓,0.03692754239364528,3.6086342334747314,0.05957791224204215,0.03792847692966461,9216.0,0.005841975100338459,0.1990635871887207,0.005224667489528656,0.01305021848739497,0.27890000000000004,0.012599999999999945,cnn-4_mnist_learnt_gaussian_sig0.03_bounded-pmin1e-05_epoch10_bs250_lr0.001_mon0.95_dp0.2_objective-channel_gradient-chan0.01-rayleigh-zf-tx1.0-noise1.0-frob-kl0.01_perc-pri0.5_epoch-pri70_bs-pri250_lr-pri0.005_mom-pri0.99_dp-pri0.2_seed7,rayleigh-zf-tx1.0-noise1.0_chan-layer2_mcsamples500_norm-frob_seed7_bounds.json
cnn-4,mnist,10.0,rayleigh_zf,0.0 dB,frob,channel_grad,0.001,0.01,0.1,0.20556016266345978,0.2874308000000001,0.20944633483886718,0.1696571409702301,✗,✗,0.023923410941002445,0.29179999999999995,0.1575423777103424,✗,✗,0.03603818870620142,14.786041259765625,0.05615416898939309,0.03574885427951813,9216.0,0.005442437250167131,0.20944633483886718,0.0049450058490037915,0.012491563025210104,0.29179999999999995,0.012599999999999945,cnn-4_mnist_learnt_gaussian_sig0.03_bounded-pmin1e-05_epoch10_bs250_lr0.001_mon0.95_dp0.2_objective-channel_gradient-chan0.1-rayleigh-zf-tx1.0-noise1.0-frob-kl0.01_perc-pri0.5_epoch-pri70_bs-pri250_lr-pri0.005_mom-pri0.99_dp-pri0.2_seed7,rayleigh-zf-tx1.0-noise1.0_chan-layer2_mcsamples500_norm-frob_seed7_bounds.json
cnn-4,mnist,10.0,rayleigh_zf,0.0 dB,frob,channel_grad,0.001,0.01,1.0,0.2862884998321533,0.40328440000000004,0.28974461555480957,1.2127922773361206,✓,✗,0.020779889645769954,0.40680000000000005,1.2004609107971191,✓,✗,0.033111368050833104,275.2947692871094,0.03869383502211351,0.024633260443806648,9216.0,0.00384300434961915,0.28974461555480957,0.0038404181599617005,0.010687394957983216,0.40680000000000005,0.012299999999999978,cnn-4_mnist_learnt_gaussian_sig0.03_bounded-pmin1e-05_epoch10_bs250_lr0.001_mon0.95_dp0.2_objective-channel_gradient-chan1.0-rayleigh-zf-tx1.0-noise1.0-frob-kl0.01_perc-pri0.5_epoch-pri70_bs-pri250_lr-pri0.005_mom-pri0.99_dp-pri0.2_seed7,rayleigh-zf-tx1.0-noise1.0_chan-layer2_mcsamples500_norm-frob_seed7_bounds.json
cnn-4,mnist,10.0,rayleigh_zf,0.0 dB,frob,channel_grad,0.001,0.02,1.0,0.24992723762989044,0.3503876,0.25409526824951173,0.6376365423202515,✓,✗,0.022053209033866927,0.3546,0.625407338142395,✓,✗,0.03428245183185942,132.3134002685547,0.04608598348333973,0.029339248314499855,9216.0,0.004475790075957775,0.25409526824951173,0.004262708127498627,0.011402823529411781,0.3546,0.012599999999999945,cnn-4_mnist_learnt_gaussian_sig0.03_bounded-pmin1e-05_epoch10_bs250_lr0.001_mon0.95_dp0.2_objective-channel_gradient-chan1.0-rayleigh-zf-tx1.0-noise1.0-frob-kl0.02_perc-pri0.5_epoch-pri70_bs-pri250_lr-pri0.005_mom-pri0.99_dp-pri0.2_seed7,rayleigh-zf-tx1.0-noise1.0_chan-layer2_mcsamples500_norm-frob_seed7_bounds.json
cnn-4,mnist,10.0,rayleigh_zf,0.0 dB,frob,channel_grad,0.001,0.03,1.0,0.23241598904132843,0.3252268,0.23642103672027587,0.43104931712150574,✓,✗,0.022790630125404658,0.3308,0.41889235377311707,✓,✗,0.03494758765876095,80.53960418701172,0.05019916199087734,0.031957779079675674,9216.0,0.004851858131587505,0.23642103672027587,0.004495014995336532,0.011813109243697498,0.3308,0.013000000000000012,cnn-4_mnist_learnt_gaussian_sig0.03_bounded-pmin1e-05_epoch10_bs250_lr0.001_mon0.95_dp0.2_objective-channel_gradient-chan1.0-rayleigh-zf-tx1.0-noise1.0-frob-kl0.03_perc-pri0.5_epoch-pri70_bs-pri250_lr-pri0.005_mom-pri0.99_dp-pri0.2_seed7,rayleigh-zf-tx1.0-noise1.0_chan-layer2_mcsamples500_norm-frob_seed7_bounds.json
cnn-4,mnist,10.0,rayleigh_zf,0.0 dB,frob,channel_grad,0.001,0.04,1.0,0.22204065322875977,0.3107004,0.22598769664764404,0.32978206872940063,✓,✗,0.023254643183394024,0.3164,0.3176444470882416,✓,✗,0.03539226676653745,55.098655700683594,0.0523494584622136,0.03332670032978058,9216.0,0.00509200943633914,0.22598769664764404,0.0046359833329916,0.012089008403361362,0.3164,0.012900000000000023,cnn-4_mnist_learnt_gaussian_sig0.03_bounded-pmin1e-05_epoch10_bs250_lr0.001_mon0.95_dp0.2_objective-channel_gradient-chan1.0-rayleigh-zf-tx1.0-noise1.0-frob-kl0.04_perc-pri0.5_epoch-pri70_bs-pri250_lr-pri0.005_mom-pri0.99_dp-pri0.2_seed7,rayleigh-zf-tx1.0-noise1.0_chan-layer2_mcsamples500_norm-frob_seed7_bounds.json
cnn-4,mnist,10.0,rayleigh_zf,0.0 dB,frob,channel_grad,0.001,0.05,1.0,0.21527664363384247,0.30096999999999996,0.21919033527374268,0.27563774585723877,✓,✗,0.023573136230933288,0.30700000000000005,0.2634924650192261,✗,✗,0.03571841146958011,41.3429069519043,0.05403660092132619,0.03440076857805252,9216.0,0.005258193239569664,0.21919033527374268,0.004746294394135475,0.012291831932773126,0.30700000000000005,0.0131,cnn-4_mnist_learnt_gaussian_sig0.03_bounded-pmin1e-05_epoch10_bs250_lr0.001_mon0.95_dp0.2_objective-channel_gradient-chan1.0-rayleigh-zf-tx1.0-noise1.0-frob-kl0.05_perc-pri0.5_epoch-pri70_bs-pri250_lr-pri0.005_mom-pri0.99_dp-pri0.2_seed7,rayleigh-zf-tx1.0-noise1.0_chan-layer2_mcsamples500_norm-frob_seed7_bounds.json
cnn-4,mnist,10.0,rayleigh_zf,0.0 dB,frob,channel_grad,0.001,0.06,1.0,0.210952028632164,0.29456039999999994,0.2147374391555786,0.24317330121994019,✓,✗,0.023816266349760924,0.3003,0.2310587763786316,✗,✗,0.03593078482243994,33.00101852416992,0.05541539535936318,0.03527853637933731,9216.0,0.005385938100516796,0.2147374391555786,0.004832716658711433,0.01242447058823531,0.3003,0.012800000000000034,cnn-4_mnist_learnt_gaussian_sig0.03_bounded-pmin1e-05_epoch10_bs250_lr0.001_mon0.95_dp0.2_objective-channel_gradient-chan1.0-rayleigh-zf-tx1.0-noise1.0-frob-kl0.06_perc-pri0.5_epoch-pri70_bs-pri250_lr-pri0.005_mom-pri0.99_dp-pri0.2_seed7,rayleigh-zf-tx1.0-noise1.0_chan-layer2_mcsamples500_norm-frob_seed7_bounds.json
cnn-4,mnist,10.0,rayleigh_zf,0.0 dB,frob,channel_grad,0.001,0.07,1.0,0.2077951282262802,0.28992840000000003,0.21161265373229982,0.222025066614151,✓,✗,0.023994062740653726,0.2952,0.20992138981819153,✗,✗,0.03609774787664155,27.52736473083496,0.05644630787815043,0.03593483567237854,9216.0,0.005479636136442423,0.21161265373229982,0.004903312399983406,0.012528941176470607,0.2952,0.012800000000000034,cnn-4_mnist_learnt_gaussian_sig0.03_bounded-pmin1e-05_epoch10_bs250_lr0.001_mon0.95_dp0.2_objective-channel_gradient-chan1.0-rayleigh-zf-tx1.0-noise1.0-frob-kl0.07_perc-pri0.5_epoch-pri70_bs-pri250_lr-pri0.005_mom-pri0.99_dp-pri0.2_seed7,rayleigh-zf-tx1.0-noise1.0_chan-layer2_mcsamples500_norm-frob_seed7_bounds.json
cnn-4,mnist,10.0,rayleigh_zf,0.0 dB,frob,channel_grad,0.001,0.08,1.0,0.2055979073047638,0.2867526,0.20943808555603027,0.20777089893817902,✗,✗,0.024125683100575026,0.29179999999999995,0.19567759335041046,✗,✗,0.03621898377620138,23.84750747680664,0.05709384223341261,0.03634706884622574,9216.0,0.0055494895204901695,0.20943808555603027,0.004946067929267883,0.012604907563025226,0.29179999999999995,0.013000000000000012,cnn-4_mnist_learnt_gaussian_sig0.03_bounded-pmin1e-05_epoch10_bs250_lr0.001_mon0.95_dp0.2_objective-channel_gradient-chan1.0-rayleigh-zf-tx1.0-noise1.0-frob-kl0.08_perc-pri0.5_epoch-pri70_bs-pri250_lr-pri0.005_mom-pri0.99_dp-pri0.2_seed7,rayleigh-zf-tx1.0-noise1.0_chan-layer2_mcsamples500_norm-frob_seed7_bounds.json
cnn-4,mnist,10.0,rayleigh_zf,0.0 dB,frob,channel_grad,0.001,0.09,1.0,0.20384882390499115,0.2841208,0.207647442817688,0.1966800093650818,✗,✗,0.024225493038526315,0.2895,0.18460151553153992,✗,✗,0.03630397582904563,21.027935028076172,0.05742881536353089,0.03656031936407089,9216.0,0.0056023970246315,0.207647442817688,0.004987381771206856,0.012658218487394974,0.2895,0.0131,cnn-4_mnist_learnt_gaussian_sig0.03_bounded-pmin1e-05_epoch10_bs250_lr0.001_mon0.95_dp0.2_objective-channel_gradient-chan1.0-rayleigh-zf-tx1.0-noise1.0-frob-kl0.09_perc-pri0.5_epoch-pri70_bs-pri250_lr-pri0.005_mom-pri0.99_dp-pri0.2_seed7,rayleigh-zf-tx1.0-noise1.0_chan-layer2_mcsamples500_norm-frob_seed7_bounds.json
cnn-4,mnist,10.0,rayleigh_zf,0.0 dB,frob,channel_grad,0.001,0.1,0.01,0.19034120440483093,0.2647940000000001,0.19426147937774657,0.11950957775115967,✗,✓,0.025626405595355294,0.26949999999999996,0.1070534735918045,✗,✓,0.0380825044387252,0.07820245623588562,0.06400678554524945,0.0407479852437973,9216.0,0.0063569555059075356,0.19426147937774657,0.005609281733632088,0.013782252100840347,0.26949999999999996,0.013399999999999967,cnn-4_mnist_learnt_gaussian_sig0.03_bounded-pmin1e-05_epoch10_bs250_lr0.001_mon0.95_dp0.2_objective-channel_gradient-chan0.01-rayleigh-zf-tx1.0-noise1.0-frob-kl0.1_perc-pri0.5_epoch-pri70_bs-pri250_lr-pri0.005_mom-pri0.99_dp-pri0.2_seed7,rayleigh-zf-tx1.0-noise1.0_chan-layer2_mcsamples500_norm-frob_seed7_bounds.json
cnn-4,mnist,10.0,rayleigh_zf,0.0 dB,frob,channel_grad,0.001,0.1,0.1,0.19139443337917328,0.2663864,0.19523946046829224,0.12010343372821808,✗,✓,0.02544141501768724,0.2722,0.10771983861923218,✗,✓,0.03782500902856925,0.4671008288860321,0.06327046376592038,0.04027922824025154,9216.0,0.006256253458559513,0.19523946046829224,0.005520220845937729,0.01361855462184876,0.2722,0.013399999999999967,cnn-4_mnist_learnt_gaussian_sig0.03_bounded-pmin1e-05_epoch10_bs250_lr0.001_mon0.95_dp0.2_objective-channel_gradient-chan0.1-rayleigh-zf-tx1.0-noise1.0-frob-kl0.1_perc-pri0.5_epoch-pri70_bs-pri250_lr-pri0.005_mom-pri0.99_dp-pri0.2_seed7,rayleigh-zf-tx1.0-noise1.0_chan-layer2_mcsamples500_norm-frob_seed7_bounds.json
cnn-4,mnist,10.0,rayleigh_zf,0.0 dB,frob,channel_grad,0.001,0.1,1.0,0.20253144204616547,0.2821932,0.20631065368652343,0.18781816959381104,✗,✗,0.024317793197457454,0.2873,0.1757277250289917,✗,✗,0.03640824166433074,18.69367790222168,0.05799227874261374,0.03691903129220009,9216.0,0.00565152196213603,0.20631065368652343,0.005023155733942986,0.0127235630252101,0.2873,0.013000000000000012,cnn-4_mnist_learnt_gaussian_sig0.03_bounded-pmin1e-05_epoch10_bs250_lr0.001_mon0.95_dp0.2_objective-channel_gradient-chan1.0-rayleigh-zf-tx1.0-noise1.0-frob-kl0.1_perc-pri0.5_epoch-pri70_bs-pri250_lr-pri0.005_mom-pri0.99_dp-pri0.2_seed7,rayleigh-zf-tx1.0-noise1.0_chan-layer2_mcsamples500_norm-frob_seed7_bounds.json
cnn-4,mnist,10.0,rayleigh_zf,0.0 dB,frob,channel_grad,0.001,0.25,1.0,0.1936011016368866,0.2691832,0.19725652933120727,0.1470412313938141,✗,✓,0.02505764374192982,0.27480000000000004,0.1348343789577484,✗,✓,0.03726449332059719,7.845931053161621,0.06064483010059632,0.03860769793391228,9216.0,0.006048091687262058,0.19725652933120727,0.005317463725805283,0.013262924369747919,0.27480000000000004,0.0131,cnn-4_mnist_learnt_gaussian_sig0.03_bounded-pmin1e-05_epoch10_bs250_lr0.001_mon0.95_dp0.2_objective-channel_gradient-chan1.0-rayleigh-zf-tx1.0-noise1.0-frob-kl0.25_perc-pri0.5_epoch-pri70_bs-pri250_lr-pri0.005_mom-pri0.99_dp-pri0.2_seed7,rayleigh-zf-tx1.0-noise1.0_chan-layer2_mcsamples500_norm-frob_seed7_bounds.json
cnn-4,mnist,10.0,rayleigh_zf,0.0 dB,frob,channel_grad,0.001,0.5,1.0,0.19114305078983307,0.2656074,0.19496326446533202,0.13161876797676086,✗,✓,0.025425156989884973,0.27159999999999995,0.11927264928817749,✗,✓,0.03777127366397793,3.5436816215515137,0.06227944794899091,0.039648327976465225,9216.0,0.006247406359761953,0.19496326446533202,0.0055231451988220215,0.013584201680672288,0.27159999999999995,0.013399999999999967,cnn-4_mnist_learnt_gaussian_sig0.03_bounded-pmin1e-05_epoch10_bs250_lr0.001_mon0.95_dp0.2_objective-channel_gradient-chan1.0-rayleigh-zf-tx1.0-noise1.0-frob-kl0.5_perc-pri0.5_epoch-pri70_bs-pri250_lr-pri0.005_mom-pri0.99_dp-pri0.2_seed7,rayleigh-zf-tx1.0-noise1.0_chan-layer2_mcsamples500_norm-frob_seed7_bounds.json
cnn-4,mnist,10.0,rayleigh_zf,0.0 dB,frob,channel_grad,0.001,1.0,0.01,0.1898219883441925,0.2639666,0.1937662720680237,0.12015561014413834,✗,✓,0.025778696692813467,0.26890000000000003,0.10764384269714355,✗,✓,0.038290464200905795,0.002445131540298462,0.06475413772689619,0.041223764419555664,9216.0,0.006440271157771349,0.1937662720680237,0.005679601803421974,0.01391495798319329,0.26890000000000003,0.013499999999999956,cnn-4_mnist_learnt_gaussian_sig0.03_bounded-pmin1e-05_epoch10_bs250_lr0.001_mon0.95_dp0.2_objective-channel_gradient-chan0.01-rayleigh-zf-tx1.0-noise1.0-frob-kl1.0_perc-pri0.5_epoch-pri70_bs-pri250_lr-pri0.005_mom-pri0.99_dp-pri0.2_seed7,rayleigh-zf-tx1.0-noise1.0_chan-layer2_mcsamples500_norm-frob_seed7_bounds.json
cnn-4,mnist,10.0,rayleigh_zf,0.0 dB,frob,channel_grad,0.001,1.0,0.1,0.18994486331939697,0.26412220000000003,0.19388643503189087,0.12011171877384186,✗,✓,0.02575931063626399,0.2692,0.10760463774204254,✗,✓,0.03826638468958481,0.02654317021369934,0.06463593979776372,0.04114851728081703,9216.0,0.006429680623114109,0.19388643503189087,0.0056730728596448895,0.013899428571428585,0.2692,0.013499999999999956,cnn-4_mnist_learnt_gaussian_sig0.03_bounded-pmin1e-05_epoch10_bs250_lr0.001_mon0.95_dp0.2_objective-channel_gradient-chan0.1-rayleigh-zf-tx1.0-noise1.0-frob-kl1.0_perc-pri0.5_epoch-pri70_bs-pri250_lr-pri0.005_mom-pri0.99_dp-pri0.2_seed7,rayleigh-zf-tx1.0-noise1.0_chan-layer2_mcsamples500_norm-frob_seed7_bounds.json
cnn-4,mnist,10.0,rayleigh_zf,0.0 dB,frob,channel_grad,0.001,1.0,1.0,0.19135339558124542,0.2659934,0.19529963731765748,0.12533994019031525,✗,✓,0.02561444806300547,0.27159999999999995,0.11289273202419281,✗,✓,0.03806165801795708,1.6279853582382202,0.06353103288252714,0.04044511169195175,9216.0,0.006350559648126364,0.19529963731765748,0.00562395229935646,0.013769075630252115,0.27159999999999995,0.013499999999999956,cnn-4_mnist_learnt_gaussian_sig0.03_bounded-pmin1e-05_epoch10_bs250_lr0.001_mon0.95_dp0.2_objective-channel_gradient-chan1.0-rayleigh-zf-tx1.0-noise1.0-frob-kl1.0_perc-pri0.5_epoch-pri70_bs-pri250_lr-pri0.005_mom-pri0.99_dp-pri0.2_seed7,rayleigh-zf-tx1.0-noise1.0_chan-layer2_mcsamples500_norm-frob_seed7_bounds.json
cnn-4,mnist,20.0,rayleigh_zf,0.0 dB,frob,vanilla,0.001,1.0,0.0,0.20832686126232147,0.29496579999999994,0.20756938457489013,0.49383811761413576,✓,-,0.022776249901156998,0.28959999999999997,0.4816552399314619,✓,-,0.03495912758383085,108.21305847167969,0.0,0.0,9216.0,0.004844462499022484,0.20756938457489013,0.004822608456015587,0.01182010084033615,0.28959999999999997,0.011299999999999977,cnn-4_mnist_learnt_gaussian_sig0.03_bounded-pmin1e-05_epoch20_bs250_lr0.001_mon0.95_dp0.2_objective-vanilla_perc-pri0.5_epoch-pri70_bs-pri250_lr-pri0.005_mom-pri0.99_dp-pri0.2_seed7,rayleigh-zf-tx1.0-noise1.0_chan-layer2_mcsamples500_norm-frob_seed7_bounds.json
cnn-4,mnist,20.0,rayleigh_zf,0.0 dB,frob,channel_grad,0.001,0.01,0.01,0.19574816524982452,0.2733762,0.1982669234275818,0.1334829330444336,✗,✓,0.024568503865519245,0.27659999999999996,0.12126289308071136,✗,✓,0.03678854139774225,4.278660774230957,0.06212580644063396,0.03955051675438881,9216.0,0.005785275716334581,0.1982669234275818,0.005594910681247711,0.012962756302521028,0.27659999999999996,0.0121,cnn-4_mnist_learnt_gaussian_sig0.03_bounded-pmin1e-05_epoch20_bs250_lr0.001_mon0.95_dp0.2_objective-channel_gradient-chan0.01-rayleigh-zf-tx1.0-noise1.0-frob-kl0.01_perc-pri0.5_epoch-pri70_bs-pri250_lr-pri0.005_mom-pri0.99_dp-pri0.2_seed7,rayleigh-zf-tx1.0-noise1.0_chan-layer2_mcsamples500_norm-frob_seed7_bounds.json
cnn-4,mnist,20.0,rayleigh_zf,0.0 dB,frob,channel_grad,0.001,0.01,0.1,0.20606639981269836,0.2885341999999999,0.2090808629989624,0.17985574901103973,✗,✓,0.023786845384915097,0.2905,0.16777415573596954,✗,✓,0.03586842976300302,17.005552291870117,0.057461415030009275,0.036581072956323624,9216.0,0.005370458588004112,0.2090808629989624,0.005290204659104347,0.012385680672268936,0.2905,0.0121,cnn-4_mnist_learnt_gaussian_sig0.03_bounded-pmin1e-05_epoch20_bs250_lr0.001_mon0.95_dp0.2_objective-channel_gradient-chan0.1-rayleigh-zf-tx1.0-noise1.0-frob-kl0.01_perc-pri0.5_epoch-pri70_bs-pri250_lr-pri0.005_mom-pri0.99_dp-pri0.2_seed7,rayleigh-zf-tx1.0-noise1.0_chan-layer2_mcsamples500_norm-frob_seed7_bounds.json
cnn-4,mnist,20.0,rayleigh_zf,0.0 dB,frob,channel_grad,0.001,0.01,1.0,0.2877824902534485,0.40530640000000007,0.2933910131454468,1.2828289270401,✓,✗,0.020679946459791015,0.4095,1.2706767320632935,✓,✗,0.03283208715766302,292.4155578613281,0.03911436252734349,0.024900976568460464,9216.0,0.0037942477501928806,0.2933910131454468,0.004038751870393753,0.010517983193277321,0.4095,0.0121,cnn-4_mnist_learnt_gaussian_sig0.03_bounded-pmin1e-05_epoch20_bs250_lr0.001_mon0.95_dp0.2_objective-channel_gradient-chan1.0-rayleigh-zf-tx1.0-noise1.0-kl0.01_perc-pri0.5_epoch-pri70_bs-pri250_lr-pri0.005_mom-pri0.99_dp-pri0.2_seed7,rayleigh-zf-tx1.0-noise1.0_chan-layer2_mcsamples500_norm-frob_seed7_bounds.json
cnn-4,mnist,20.0,rayleigh_zf,0.0 dB,frob,channel_grad,0.001,0.01,1.0,0.2877824902534485,0.40530640000000007,0.2933910131454468,1.2828289270401,✓,✗,0.020679946459791015,0.4095,1.2706767320632935,✓,✗,0.03283208715766302,292.4155578613281,0.03911436252734349,0.024900976568460464,9216.0,0.0037942477501928806,0.2933910131454468,0.004038751870393753,0.010517983193277321,0.4095,0.0121,cnn-4_mnist_learnt_gaussian_sig0.03_bounded-pmin1e-05_epoch20_bs250_lr0.001_mon0.95_dp0.2_objective-channel_gradient-chan1.0-rayleigh-zf-tx1.0-noise1.0-frob-kl0.01_perc-pri0.5_epoch-pri70_bs-pri250_lr-pri0.005_mom-pri0.99_dp-pri0.2_seed7,rayleigh-zf-tx1.0-noise1.0_chan-layer2_mcsamples500_norm-frob_seed7_bounds.json
cnn-4,mnist,20.0,rayleigh_zf,0.0 dB,frob,channel_grad,0.001,0.02,1.0,0.24677903950214386,0.34638800000000003,0.2523684024810791,0.6471450328826904,✓,✗,0.022022091745210654,0.352,0.6350816488265991,✓,✗,0.03408551057599339,134.50477600097656,0.046845088748835306,0.029822509735822678,9216.0,0.004460060503333807,0.2523684024810791,0.004588093981146813,0.01128181512605044,0.352,0.011900000000000022,cnn-4_mnist_learnt_gaussian_sig0.03_bounded-pmin1e-05_epoch20_bs250_lr0.001_mon0.95_dp0.2_objective-channel_gradient-chan1.0-rayleigh-zf-tx1.0-noise1.0-frob-kl0.02_perc-pri0.5_epoch-pri70_bs-pri250_lr-pri0.005_mom-pri0.99_dp-pri0.2_seed7,rayleigh-zf-tx1.0-noise1.0_chan-layer2_mcsamples500_norm-frob_seed7_bounds.json
cnn-4,mnist,20.0,rayleigh_zf,0.0 dB,frob,channel_grad,0.001,0.03,1.0,0.22951148450374603,0.32175480000000006,0.233947229385376,0.43899005651474,✓,✗,0.022785323276575987,0.3258,0.4269601106643677,✓,✗,0.034815248596564374,82.39107513427734,0.05071362346597706,0.03228529542684555,9216.0,0.004849111661314964,0.233947229385376,0.004872192814946175,0.011731159663865563,0.3258,0.011900000000000022,cnn-4_mnist_learnt_gaussian_sig0.03_bounded-pmin1e-05_epoch20_bs250_lr0.001_mon0.95_dp0.2_objective-channel_gradient-chan1.0-rayleigh-zf-tx1.0-noise1.0-frob-kl0.03_perc-pri0.5_epoch-pri70_bs-pri250_lr-pri0.005_mom-pri0.99_dp-pri0.2_seed7,rayleigh-zf-tx1.0-noise1.0_chan-layer2_mcsamples500_norm-frob_seed7_bounds.json
cnn-4,mnist,20.0,rayleigh_zf,0.0 dB,frob,channel_grad,0.001,0.04,1.0,0.22024209797382355,0.3082794,0.22363030910491943,0.3413529396057129,✓,✗,0.023256474320239306,0.3115,0.329330176115036,✓,✗,0.03527925653358446,57.70886993408203,0.053377187671260366,0.033980973064899445,9216.0,0.005092908162623644,0.22363030910491943,0.005056013166904449,0.012018621848739518,0.3115,0.01200000000000001,cnn-4_mnist_learnt_gaussian_sig0.03_bounded-pmin1e-05_epoch20_bs250_lr0.001_mon0.95_dp0.2_objective-channel_gradient-chan1.0-rayleigh-zf-tx1.0-noise1.0-frob-kl0.04_perc-pri0.5_epoch-pri70_bs-pri250_lr-pri0.005_mom-pri0.99_dp-pri0.2_seed7,rayleigh-zf-tx1.0-noise1.0_chan-layer2_mcsamples500_norm-frob_seed7_bounds.json
cnn-4,mnist,20.0,rayleigh_zf,0.0 dB,frob,channel_grad,0.001,0.05,1.0,0.21447356045246124,0.2996168,0.21746788024902344,0.29016706347465515,✓,✗,0.023566799526733684,0.30169999999999997,0.2781621217727661,✗,✗,0.03557175266276105,44.680152893066406,0.055088333690217574,0.03507032245397568,9216.0,0.0052548786625266075,0.21746788024902344,0.00518094003200531,0.012200470588235318,0.30169999999999997,0.01200000000000001,cnn-4_mnist_learnt_gaussian_sig0.03_bounded-pmin1e-05_epoch20_bs250_lr0.001_mon0.95_dp0.2_objective-channel_gradient-chan1.0-rayleigh-zf-tx1.0-noise1.0-frob-kl0.05_perc-pri0.5_epoch-pri70_bs-pri250_lr-pri0.005_mom-pri0.99_dp-pri0.2_seed7,rayleigh-zf-tx1.0-noise1.0_chan-layer2_mcsamples500_norm-frob_seed7_bounds.json
cnn-4,mnist,20.0,rayleigh_zf,0.0 dB,frob,channel_grad,0.001,0.06,1.0,0.2105492800474167,0.2937682000000001,0.21351990699768067,0.25690922141075134,✓,✗,0.023800588051102016,0.29569999999999996,0.24491161108016968,✗,✓,0.035798193550187235,36.25370788574219,0.05600485771855077,0.03565379977226257,9216.0,0.005377695430070162,0.21351990699768067,0.005276931077241897,0.012341714285714312,0.29569999999999996,0.012199999999999989,cnn-4_mnist_learnt_gaussian_sig0.03_bounded-pmin1e-05_epoch20_bs250_lr0.001_mon0.95_dp0.2_objective-channel_gradient-chan1.0-rayleigh-zf-tx1.0-noise1.0-frob-kl0.06_perc-pri0.5_epoch-pri70_bs-pri250_lr-pri0.005_mom-pri0.99_dp-pri0.2_seed7,rayleigh-zf-tx1.0-noise1.0_chan-layer2_mcsamples500_norm-frob_seed7_bounds.json
cnn-4,mnist,20.0,rayleigh_zf,0.0 dB,frob,channel_grad,0.001,0.07,1.0,0.20773904025554657,0.28961580000000003,0.21068944931030273,0.23223988711833954,✓,✓,0.02397635158859041,0.2905,0.2202288657426834,✗,✓,0.03598737097434613,29.98395347595215,0.05674251953084044,0.03612340986728668,9216.0,0.005470287054777145,0.21068944931030273,0.005353688448667526,0.012459764705882366,0.2905,0.012299999999999978,cnn-4_mnist_learnt_gaussian_sig0.03_bounded-pmin1e-05_epoch20_bs250_lr0.001_mon0.95_dp0.2_objective-channel_gradient-chan1.0-rayleigh-zf-tx1.0-noise1.0-frob-kl0.07_perc-pri0.5_epoch-pri70_bs-pri250_lr-pri0.005_mom-pri0.99_dp-pri0.2_seed7,rayleigh-zf-tx1.0-noise1.0_chan-layer2_mcsamples500_norm-frob_seed7_bounds.json
cnn-4,mnist,20.0,rayleigh_zf,0.0 dB,frob,channel_grad,0.001,0.08,1.0,0.20561246573925018,0.286467,0.2085503339767456,0.2140740007162094,✓,✓,0.024126441065291857,0.2882,0.20204974710941315,✗,✓,0.03615068571529802,25.351228713989258,0.05732633502624206,0.03649507835507393,9216.0,0.005549778696149588,0.2085503339767456,0.005428313091397285,0.012561949579831956,0.2882,0.012399999999999967,cnn-4_mnist_learnt_gaussian_sig0.03_bounded-pmin1e-05_epoch20_bs250_lr0.001_mon0.95_dp0.2_objective-channel_gradient-chan1.0-rayleigh-zf-tx1.0-noise1.0-frob-kl0.08_perc-pri0.5_epoch-pri70_bs-pri250_lr-pri0.005_mom-pri0.99_dp-pri0.2_seed7,rayleigh-zf-tx1.0-noise1.0_chan-layer2_mcsamples500_norm-frob_seed7_bounds.json
cnn-4,mnist,20.0,rayleigh_zf,0.0 dB,frob,channel_grad,0.001,0.09,1.0,0.20378930866718292,0.2838550000000001,0.20667383670806885,0.2005179524421692,✗,✓,0.02424309592402769,0.28690000000000004,0.18848906457424164,✗,✓,0.03627198406476992,21.82402801513672,0.05804872397378419,0.03695496544241905,9216.0,0.005611638072878122,0.20667383670806885,0.005475185438990593,0.012637983193277339,0.28690000000000004,0.012399999999999967,cnn-4_mnist_learnt_gaussian_sig0.03_bounded-pmin1e-05_epoch20_bs250_lr0.001_mon0.95_dp0.2_objective-channel_gradient-chan1.0-rayleigh-zf-tx1.0-noise1.0-frob-kl0.09_perc-pri0.5_epoch-pri70_bs-pri250_lr-pri0.005_mom-pri0.99_dp-pri0.2_seed7,rayleigh-zf-tx1.0-noise1.0_chan-layer2_mcsamples500_norm-frob_seed7_bounds.json
cnn-4,mnist,20.0,rayleigh_zf,0.0 dB,frob,channel_grad,0.001,0.1,0.01,0.19030404090881348,0.2646804,0.19261959791183472,0.12118721008300781,✗,✓,0.02560517129426505,0.2669,0.10874838382005692,✗,✓,0.03804399264552596,0.08698919415473938,0.0656870522893895,0.04181767627596855,9216.0,0.006345448084175587,0.19261959791183472,0.0059486042708158495,0.013757714285714302,0.2669,0.012700000000000045,cnn-4_mnist_learnt_gaussian_sig0.03_bounded-pmin1e-05_epoch20_bs250_lr0.001_mon0.95_dp0.2_objective-channel_gradient-chan0.01-rayleigh-zf-tx1.0-noise1.0-frob-kl0.1_perc-pri0.5_epoch-pri70_bs-pri250_lr-pri0.005_mom-pri0.99_dp-pri0.2_seed7,rayleigh-zf-tx1.0-noise1.0_chan-layer2_mcsamples500_norm-frob_seed7_bounds.json
cnn-4,mnist,20.0,rayleigh_zf,0.0 dB,frob,channel_grad,0.001,0.1,0.1,0.19132402539253235,0.2661368,0.193657386302948,0.12161800265312195,✗,✓,0.025448490386943388,0.268,0.10924161970615387,✗,✓,0.03782487787437265,0.45274144411087036,0.06484379119846599,0.0412808395922184,9216.0,0.006260085850954056,0.193657386302948,0.00588763989508152,0.013618420168067245,0.268,0.012399999999999967,cnn-4_mnist_learnt_gaussian_sig0.03_bounded-pmin1e-05_epoch20_bs250_lr0.001_mon0.95_dp0.2_objective-channel_gradient-chan0.1-rayleigh-zf-tx1.0-noise1.0-frob-kl0.1_perc-pri0.5_epoch-pri70_bs-pri250_lr-pri0.005_mom-pri0.99_dp-pri0.2_seed7,rayleigh-zf-tx1.0-noise1.0_chan-layer2_mcsamples500_norm-frob_seed7_bounds.json
cnn-4,mnist,20.0,rayleigh_zf,0.0 dB,frob,channel_grad,0.001,0.1,1.0,0.20230653882026672,0.2816645999999999,0.20510027408599854,0.1903209388256073,✗,✓,0.024348271550707627,0.28480000000000005,0.17826977372169495,✗,✓,0.03639943466849044,19.093429565429688,0.05887187286695392,0.03747899830341339,9216.0,0.00566760404035449,0.20510027408599854,0.00552520677447319,0.012717915966386573,0.28480000000000005,0.012499999999999956,cnn-4_mnist_learnt_gaussian_sig0.03_bounded-pmin1e-05_epoch20_bs250_lr0.001_mon0.95_dp0.2_objective-channel_gradient-chan1.0-rayleigh-zf-tx1.0-noise1.0-kl0.1_perc-pri0.5_epoch-pri70_bs-pri250_lr-pri0.005_mom-pri0.99_dp-pri0.2_seed7,rayleigh-zf-tx1.0-noise1.0_chan-layer2_mcsamples500_norm-frob_seed7_bounds.json
cnn-4,mnist,20.0,rayleigh_zf,0.0 dB,frob,channel_grad,0.001,0.1,1.0,0.20230653882026672,0.2816645999999999,0.20510027408599854,0.1903209388256073,✗,✓,0.024348271550707627,0.28480000000000005,0.17826977372169495,✗,✓,0.03639943466849044,19.093429565429688,0.05887187286695392,0.03747899830341339,9216.0,0.00566760404035449,0.20510027408599854,0.00552520677447319,0.012717915966386573,0.28480000000000005,0.012499999999999956,cnn-4_mnist_learnt_gaussian_sig0.03_bounded-pmin1e-05_epoch20_bs250_lr0.001_mon0.95_dp0.2_objective-channel_gradient-chan1.0-rayleigh-zf-tx1.0-noise1.0-frob-kl0.1_perc-pri0.5_epoch-pri70_bs-pri250_lr-pri0.005_mom-pri0.99_dp-pri0.2_seed7,rayleigh-zf-tx1.0-noise1.0_chan-layer2_mcsamples500_norm-frob_seed7_bounds.json
cnn-4,mnist,20.0,rayleigh_zf,0.0 dB,frob,channel_grad,0.001,0.25,1.0,0.19372548162937164,0.26914260000000007,0.19610627889633178,0.1428186148405075,✗,✓,0.02506981295859838,0.27149999999999996,0.13059765100479126,✗,✓,0.03729077183622759,6.287980079650879,0.06275624220938567,0.0399518646299839,9216.0,0.006054699886590242,0.19610627889633178,0.005763093382120133,0.01327973109243699,0.27149999999999996,0.012399999999999967,cnn-4_mnist_learnt_gaussian_sig0.03_bounded-pmin1e-05_epoch20_bs250_lr0.001_mon0.95_dp0.2_objective-channel_gradient-chan1.0-rayleigh-zf-tx1.0-noise1.0-frob-kl0.25_perc-pri0.5_epoch-pri70_bs-pri250_lr-pri0.005_mom-pri0.99_dp-pri0.2_seed7,rayleigh-zf-tx1.0-noise1.0_chan-layer2_mcsamples500_norm-frob_seed7_bounds.json
cnn-4,mnist,20.0,rayleigh_zf,0.0 dB,frob,channel_grad,0.001,0.5,1.0,0.19142775237560272,0.26588,0.19379545450210572,0.1312219500541687,✗,✓,0.025370984453714367,0.26780000000000004,0.11887316405773163,✗,✓,0.03771977792195143,2.893568754196167,0.0645882077066734,0.04111813008785248,9216.0,0.0062177772633731365,0.19379545450210572,0.005859298259019851,0.013551663865546236,0.26780000000000004,0.012399999999999967,cnn-4_mnist_learnt_gaussian_sig0.03_bounded-pmin1e-05_epoch20_bs250_lr0.001_mon0.95_dp0.2_objective-channel_gradient-chan1.0-rayleigh-zf-tx1.0-noise1.0-frob-kl0.5_perc-pri0.5_epoch-pri70_bs-pri250_lr-pri0.005_mom-pri0.99_dp-pri0.2_seed7,rayleigh-zf-tx1.0-noise1.0_chan-layer2_mcsamples500_norm-frob_seed7_bounds.json
cnn-4,mnist,20.0,rayleigh_zf,0.0 dB,frob,channel_grad,0.001,1.0,0.01,0.18974469602108002,0.26375060000000006,0.1920613408088684,0.12163221836090088,✗,✓,0.02576248438584321,0.2659,0.1091420128941536,✗,✓,0.038252688801194284,0.0031059086322784424,0.06626581779158149,0.042186129838228226,9216.0,0.006431467831134796,0.1920613408088684,0.0060067236423492435,0.013890689075630276,0.2659,0.01319999999999999,cnn-4_mnist_learnt_gaussian_sig0.03_bounded-pmin1e-05_epoch20_bs250_lr0.001_mon0.95_dp0.2_objective-channel_gradient-chan0.01-rayleigh-zf-tx1.0-noise1.0-frob-kl1.0_perc-pri0.5_epoch-pri70_bs-pri250_lr-pri0.005_mom-pri0.99_dp-pri0.2_seed7,rayleigh-zf-tx1.0-noise1.0_chan-layer2_mcsamples500_norm-frob_seed7_bounds.json
cnn-4,mnist,20.0,rayleigh_zf,0.0 dB,frob,channel_grad,0.001,1.0,0.1,0.18976867198944092,0.2637526,0.19208667278289795,0.12164323031902313,✗,✓,0.025740547017661427,0.266,0.10916297882795334,✗,✓,0.038220793186892046,0.026523709297180176,0.06621312348236628,0.042152583599090576,9216.0,0.0064192418940365314,0.19208667278289795,0.005997574329376221,0.013870521008403379,0.266,0.013000000000000012,cnn-4_mnist_learnt_gaussian_sig0.03_bounded-pmin1e-05_epoch20_bs250_lr0.001_mon0.95_dp0.2_objective-channel_gradient-chan0.1-rayleigh-zf-tx1.0-noise1.0-frob-kl1.0_perc-pri0.5_epoch-pri70_bs-pri250_lr-pri0.005_mom-pri0.99_dp-pri0.2_seed7,rayleigh-zf-tx1.0-noise1.0_chan-layer2_mcsamples500_norm-frob_seed7_bounds.json
cnn-4,mnist,20.0,rayleigh_zf,0.0 dB,frob,channel_grad,0.001,1.0,1.0,0.19005917012691498,0.2638238,0.19240953922271728,0.12589317560195923,✗,✓,0.025543174527999236,0.2659,0.11349856853485107,✗,✓,0.03793777792248799,1.335695505142212,0.06540141460857642,0.04163583368062973,9216.0,0.00631170067936182,0.19240953922271728,0.005919101089239121,0.013690285714285731,0.2659,0.012499999999999956,cnn-4_mnist_learnt_gaussian_sig0.03_bounded-pmin1e-05_epoch20_bs250_lr0.001_mon0.95_dp0.2_objective-channel_gradient-chan1.0-rayleigh-zf-tx1.0-noise1.0-frob-kl1.0_perc-pri0.5_epoch-pri70_bs-pri250_lr-pri0.005_mom-pri0.99_dp-pri0.2_seed7,rayleigh-zf-tx1.0-noise1.0_chan-layer2_mcsamples500_norm-frob_seed7_bounds.json
cnn-4,mnist,20.0,rayleigh_zf,0.0 dB,frob,channel_grad,0.001,1.0,1.0,0.19005917012691498,0.2638238,0.19240953922271728,0.12589317560195923,✗,✓,0.025543174527999236,0.2659,0.11349856853485107,✗,✓,0.03793777792248799,1.335695505142212,0.06540141460857642,0.04163583368062973,9216.0,0.00631170067936182,0.19240953922271728,0.005919101089239121,0.013690285714285731,0.2659,0.012499999999999956,cnn-4_mnist_learnt_gaussian_sig0.03_bounded-pmin1e-05_epoch20_bs250_lr0.001_mon0.95_dp0.2_objective-channel_gradient-chan1.0-rayleigh-zf-tx1.0-noise1.0-kl1.0_perc-pri0.5_epoch-pri70_bs-pri250_lr-pri0.005_mom-pri0.99_dp-pri0.2_seed7,rayleigh-zf-tx1.0-noise1.0_chan-layer2_mcsamples500_norm-frob_seed7_bounds.json
cnn-4,mnist,30.0,rayleigh_zf,0.0 dB,frob,vanilla,0.001,1.0,0.0,0.21578676998615265,0.30732240000000005,0.21749451160430908,0.3626399040222168,✓,-,0.02195039655370499,0.3106,0.3504244089126587,✓,-,0.03416590589954316,70.30809783935547,0.024341379813316084,0.015496203675866127,9216.0,0.004423805046826601,0.21749451160430908,0.004632202908396721,0.011331294117647075,0.3106,0.012499999999999956,cnn-4_mnist_learnt_gaussian_sig0.03_bounded-pmin1e-05_epoch30_bs250_lr0.001_mon0.95_dp0.2_objective-vanilla_perc-pri0.5_epoch-pri70_bs-pri250_lr-pri0.005_mom-pri0.99_dp-pri0.2_seed7,rayleigh-zf-tx1.0-noise1.0_chan-layer2_mcsamples500_norm-frob_seed7_bounds.json
cnn-4,mnist,30.0,rayleigh_zf,0.0 dB,frob,channel_grad,0.001,0.0001,0.01,0.22263924777507782,0.3170972,0.22111213207244873,0.44144755601882935,✓,✗,0.021724957324429153,0.3198,0.42927154898643494,✓,✗,0.03390094992550395,83.6817398071289,0.048816303566416155,0.031077424064278603,9216.0,0.0043105571530759335,0.22111213207244873,0.004459425434470176,0.011168672268907576,0.3198,0.01090000000000002,cnn-4_mnist_learnt_gaussian_sig0.03_bounded-pmin1e-05_epoch30_bs250_lr0.001_mon0.95_dp0.2_objective-channel_gradient-chan0.01-rayleigh-zf-tx1.0-noise1.0-frob-kl0.0001_perc-pri0.5_epoch-pri70_bs-pri250_lr-pri0.005_mom-pri0.99_dp-pri0.2_seed7,rayleigh-zf-tx1.0-noise1.0_chan-layer2_mcsamples500_norm-frob_seed7_bounds.json
cnn-4,mnist,30.0,rayleigh_zf,0.0 dB,frob,channel_grad,0.001,0.0001,0.1,0.28326424956321716,0.4038266000000001,0.2815399169921875,1.344606876373291,✓,✗,0.01992378783593248,0.39949999999999997,1.3327490091323853,✓,✗,0.03178166560677971,308.555419921875,0.03605202733450506,0.022951433435082436,9216.0,0.0034303779248148203,0.2815399169921875,0.0037081893533468246,0.009886252100840348,0.39949999999999997,0.011199999999999988,cnn-4_mnist_learnt_gaussian_sig0.03_bounded-pmin1e-05_epoch30_bs250_lr0.001_mon0.95_dp0.2_objective-channel_gradient-chan0.1-rayleigh-zf-tx1.0-noise1.0-frob-kl0.0001_perc-pri0.5_epoch-pri70_bs-pri250_lr-pri0.005_mom-pri0.99_dp-pri0.2_seed7,rayleigh-zf-tx1.0-noise1.0_chan-layer2_mcsamples500_norm-frob_seed7_bounds.json
cnn-4,mnist,30.0,rayleigh_zf,0.0 dB,frob,channel_grad,0.001,0.0001,1.0,0.4249853789806366,0.5835485999999999,0.4227154731750488,8.702075958251953,✓,✗,0.01756686579705559,0.5811999999999999,8.69325065612793,✓,✗,0.026393006204457475,2115.85791015625,0.020628528838169936,0.013132529333233833,9216.0,0.002355072647333145,0.4227154731750488,0.0031220849603414537,0.006778420168067241,0.5811999999999999,0.011199999999999988,cnn-4_mnist_learnt_gaussian_sig0.03_bounded-pmin1e-05_epoch30_bs250_lr0.001_mon0.95_dp0.2_objective-channel_gradient-chan1.0-rayleigh-zf-tx1.0-noise1.0-frob-kl0.0001_perc-pri0.5_epoch-pri70_bs-pri250_lr-pri0.005_mom-pri0.99_dp-pri0.2_seed7,rayleigh-zf-tx1.0-noise1.0_chan-layer2_mcsamples500_norm-frob_seed7_bounds.json
cnn-4,mnist,30.0,rayleigh_zf,0.0 dB,frob,channel_grad,0.001,0.001,0.01,0.2150636911392212,0.30480260000000003,0.21295700073242188,0.3145143985748291,✓,✓,0.02239257152800911,0.30600000000000005,0.3023360073566437,✗,✓,0.03457095557797668,51.727420806884766,0.051666117724043274,0.03289167210459709,9216.0,0.004648042377084494,0.21295700073242188,0.004666430875658989,0.011580436974789934,0.30600000000000005,0.01100000000000001,cnn-4_mnist_learnt_gaussian_sig0.03_bounded-pmin1e-05_epoch30_bs250_lr0.001_mon0.95_dp0.2_objective-channel_gradient-chan0.01-rayleigh-zf-tx1.0-noise1.0-frob-kl0.001_perc-pri0.5_epoch-pri70_bs-pri250_lr-pri0.005_mom-pri0.99_dp-pri0.2_seed7,rayleigh-zf-tx1.0-noise1.0_chan-layer2_mcsamples500_norm-frob_seed7_bounds.json
cnn-4,mnist,30.0,rayleigh_zf,0.0 dB,frob,channel_grad,0.001,0.001,0.1,0.26179176568984985,0.3717226,0.26100156307220457,0.8869977593421936,✓,✗,0.020712704241460024,0.37050000000000005,0.8750370740890503,✓,✗,0.03267339721876374,195.27853393554688,0.040002119734565966,0.02546614035964012,9216.0,0.0038101747632026672,0.26100156307220457,0.003983393311500549,0.010422252100840348,0.37050000000000005,0.01100000000000001,cnn-4_mnist_learnt_gaussian_sig0.03_bounded-pmin1e-05_epoch30_bs250_lr0.001_mon0.95_dp0.2_objective-channel_gradient-chan0.1-rayleigh-zf-tx1.0-noise1.0-frob-kl0.001_perc-pri0.5_epoch-pri70_bs-pri250_lr-pri0.005_mom-pri0.99_dp-pri0.2_seed7,rayleigh-zf-tx1.0-noise1.0_chan-layer2_mcsamples500_norm-frob_seed7_bounds.json
cnn-4,mnist,30.0,rayleigh_zf,0.0 dB,frob,channel_grad,0.001,0.001,1.0,0.40539613366127014,0.5621315999999998,0.4031076431274414,6.144218921661377,✓,✗,0.01798885365334641,0.5609999999999999,6.1343560218811035,✓,✗,0.02785171518552851,1488.425048828125,0.022796782628929202,0.014512882567942142,9216.0,0.002540408866479993,0.4031076431274414,0.003206048160791397,0.007595495798319341,0.5609999999999999,0.011299999999999977,cnn-4_mnist_learnt_gaussian_sig0.03_bounded-pmin1e-05_epoch30_bs250_lr0.001_mon0.95_dp0.2_objective-channel_gradient-chan1.0-rayleigh-zf-tx1.0-noise1.0-frob-kl0.001_perc-pri0.5_epoch-pri70_bs-pri250_lr-pri0.005_mom-pri0.99_dp-pri0.2_seed7,rayleigh-zf-tx1.0-noise1.0_chan-layer2_mcsamples500_norm-frob_seed7_bounds.json
cnn-4,mnist,30.0,rayleigh_zf,0.0 dB,frob,channel_grad,0.001,0.005,0.01,0.20081877708435059,0.2816656,0.19833190441131593,0.1569811850786209,✗,✓,0.023945040849202823,0.28159999999999996,0.1447693109512329,✗,✓,0.036156911575845385,11.353703498840332,0.057371942960281294,0.03652411326766014,9216.0,0.005453845951706171,0.19833190441131593,0.005167673900723457,0.012565915966386568,0.28159999999999996,0.011199999999999988,cnn-4_mnist_learnt_gaussian_sig0.03_bounded-pmin1e-05_epoch30_bs250_lr0.001_mon0.95_dp0.2_objective-channel_gradient-chan0.01-rayleigh-zf-tx1.0-noise1.0-frob-kl0.005_perc-pri0.5_epoch-pri70_bs-pri250_lr-pri0.005_mom-pri0.99_dp-pri0.2_seed7,rayleigh-zf-tx1.0-noise1.0_chan-layer2_mcsamples500_norm-frob_seed7_bounds.json
cnn-4,mnist,30.0,rayleigh_zf,0.0 dB,frob,channel_grad,0.001,0.005,0.1,0.22010529041290283,0.3092163999999999,0.21831326484680175,0.28729745745658875,✓,✗,0.022833339029769285,0.3104,0.2752571403980255,✗,✗,0.03487366192311396,45.09709167480469,0.05121467290812606,0.03260427340865135,9216.0,0.004873847588896751,0.21831326484680175,0.00472315102815628,0.011767327731092448,0.3104,0.011299999999999977,cnn-4_mnist_learnt_gaussian_sig0.03_bounded-pmin1e-05_epoch30_bs250_lr0.001_mon0.95_dp0.2_objective-channel_gradient-chan0.1-rayleigh-zf-tx1.0-noise1.0-frob-kl0.005_perc-pri0.5_epoch-pri70_bs-pri250_lr-pri0.005_mom-pri0.99_dp-pri0.2_seed7,rayleigh-zf-tx1.0-noise1.0_chan-layer2_mcsamples500_norm-frob_seed7_bounds.json
cnn-4,mnist,30.0,rayleigh_zf,0.0 dB,frob,channel_grad,0.001,0.005,1.0,0.33929842710494995,0.47781320000000005,0.3357738733291626,2.414311647415161,✓,✗,0.01945712568123554,0.47619999999999996,2.4022445678710938,✓,✗,0.03152419487324413,571.8448486328125,0.03113953086930899,0.019824041053652763,9216.0,0.0032100810203701258,0.3357738733291626,0.003540707379579544,0.009732571428571445,0.47619999999999996,0.011299999999999977,cnn-4_mnist_learnt_gaussian_sig0.03_bounded-pmin1e-05_epoch30_bs250_lr0.001_mon0.95_dp0.2_objective-channel_gradient-chan1.0-rayleigh-zf-tx1.0-noise1.0-frob-kl0.005_perc-pri0.5_epoch-pri70_bs-pri250_lr-pri0.005_mom-pri0.99_dp-pri0.2_seed7,rayleigh-zf-tx1.0-noise1.0_chan-layer2_mcsamples500_norm-frob_seed7_bounds.json
cnn-4,mnist,30.0,rayleigh_zf,0.0 dB,frob,channel_grad,0.001,0.01,0.01,0.19602659344673157,0.2738808,0.19317842721939088,0.12997040152549744,✗,✓,0.024609272999874535,0.2733,0.11772503703832626,✗,✓,0.036854630305830985,4.037827014923096,0.0595303791078106,0.037898216396570206,9216.0,0.005807018838822842,0.19317842721939088,0.0053733959794044495,0.013004436974789934,0.2733,0.011800000000000033,cnn-4_mnist_learnt_gaussian_sig0.03_bounded-pmin1e-05_epoch30_bs250_lr0.001_mon0.95_dp0.2_objective-channel_gradient-chan0.01-rayleigh-zf-tx1.0-noise1.0-frob-kl0.01_perc-pri0.5_epoch-pri70_bs-pri250_lr-pri0.005_mom-pri0.99_dp-pri0.2_seed7,rayleigh-zf-tx1.0-noise1.0_chan-layer2_mcsamples500_norm-frob_seed7_bounds.json
cnn-4,mnist,30.0,rayleigh_zf,0.0 dB,frob,channel_grad,0.001,0.01,0.1,0.2067670375108719,0.28908739999999994,0.20447256565093994,0.17681460082530975,✗,✓,0.02380730966915639,0.28800000000000003,0.16471286118030548,✗,✓,0.035909051672920286,16.648590087890625,0.055836938129740166,0.03554689884185791,9216.0,0.005381161347031593,0.20447256565093994,0.005071095749735832,0.012410890756302535,0.28800000000000003,0.011399999999999966,cnn-4_mnist_learnt_gaussian_sig0.03_bounded-pmin1e-05_epoch30_bs250_lr0.001_mon0.95_dp0.2_objective-channel_gradient-chan0.1-rayleigh-zf-tx1.0-noise1.0-frob-kl0.01_perc-pri0.5_epoch-pri70_bs-pri250_lr-pri0.005_mom-pri0.99_dp-pri0.2_seed7,rayleigh-zf-tx1.0-noise1.0_chan-layer2_mcsamples500_norm-frob_seed7_bounds.json
cnn-4,mnist,30.0,rayleigh_zf,0.0 dB,frob,channel_grad,0.001,0.01,1.0,0.28831183910369873,0.4068672,0.2863025665283203,1.245097279548645,✓,✗,0.0207103802992505,0.402,1.232765793800354,✓,✗,0.03304180082824072,283.5020751953125,0.03756218596438792,0.023912830278277397,9216.0,0.0038090187590569258,0.2863025665283203,0.003944332897663117,0.010645176470588241,0.402,0.011900000000000022,cnn-4_mnist_learnt_gaussian_sig0.03_bounded-pmin1e-05_epoch30_bs250_lr0.001_mon0.95_dp0.2_objective-channel_gradient-chan1.0-rayleigh-zf-tx1.0-noise1.0-kl0.01_perc-pri0.5_epoch-pri70_bs-pri250_lr-pri0.005_mom-pri0.99_dp-pri0.2_seed7,rayleigh-zf-tx1.0-noise1.0_chan-layer2_mcsamples500_norm-frob_seed7_bounds.json
cnn-4,mnist,30.0,rayleigh_zf,0.0 dB,frob,channel_grad,0.001,0.01,1.0,0.28831183910369873,0.4068672,0.2863025665283203,1.245097279548645,✓,✗,0.0207103802992505,0.402,1.232765793800354,✓,✗,0.03304180082824072,283.5020751953125,0.03756218596438792,0.023912830278277397,9216.0,0.0038090187590569258,0.2863025665283203,0.003944332897663117,0.010645176470588241,0.402,0.011900000000000022,cnn-4_mnist_learnt_gaussian_sig0.03_bounded-pmin1e-05_epoch30_bs250_lr0.001_mon0.95_dp0.2_objective-channel_gradient-chan1.0-rayleigh-zf-tx1.0-noise1.0-frob-kl0.01_perc-pri0.5_epoch-pri70_bs-pri250_lr-pri0.005_mom-pri0.99_dp-pri0.2_seed7,rayleigh-zf-tx1.0-noise1.0_chan-layer2_mcsamples500_norm-frob_seed7_bounds.json
cnn-4,mnist,30.0,rayleigh_zf,0.0 dB,frob,channel_grad,0.001,0.1,0.01,0.19065727293491364,0.26532339999999993,0.18734571933746338,0.11846307665109634,✗,✓,0.025622557814365208,0.26359999999999995,0.10602304339408875,✗,✓,0.038062587286112816,0.08107888698577881,0.06296845895763648,0.04008696600794792,9216.0,0.006354964338243008,0.18734571933746338,0.005646291747689247,0.013769546218487404,0.26359999999999995,0.01200000000000001,cnn-4_mnist_learnt_gaussian_sig0.03_bounded-pmin1e-05_epoch30_bs250_lr0.001_mon0.95_dp0.2_objective-channel_gradient-chan0.01-rayleigh-zf-tx1.0-noise1.0-frob-kl0.1_perc-pri0.5_epoch-pri70_bs-pri250_lr-pri0.005_mom-pri0.99_dp-pri0.2_seed7,rayleigh-zf-tx1.0-noise1.0_chan-layer2_mcsamples500_norm-frob_seed7_bounds.json
cnn-4,mnist,30.0,rayleigh_zf,0.0 dB,frob,channel_grad,0.001,0.1,0.1,0.19190524518489838,0.26710219999999996,0.1886942744255066,0.1189727783203125,✗,✓,0.02544025569985411,0.2662,0.10659588873386383,✗,✓,0.0378171375172384,0.47080597281455994,0.06213254756714322,0.03955480828881264,9216.0,0.006255554500967264,0.1886942744255066,0.005592034012079239,0.013613378151260522,0.2662,0.01200000000000001,cnn-4_mnist_learnt_gaussian_sig0.03_bounded-pmin1e-05_epoch30_bs250_lr0.001_mon0.95_dp0.2_objective-channel_gradient-chan0.1-rayleigh-zf-tx1.0-noise1.0-frob-kl0.1_perc-pri0.5_epoch-pri70_bs-pri250_lr-pri0.005_mom-pri0.99_dp-pri0.2_seed7,rayleigh-zf-tx1.0-noise1.0_chan-layer2_mcsamples500_norm-frob_seed7_bounds.json
cnn-4,mnist,30.0,rayleigh_zf,0.0 dB,frob,channel_grad,0.001,0.1,1.0,0.20491693913936615,0.2863824,0.2026803731918335,0.1795511096715927,✗,✓,0.02441320233705548,0.2844,0.16726623475551605,✗,✓,0.03669807854437017,16.711233139038086,0.057528691706638616,0.03662390261888504,9216.0,0.005702370312064886,0.2026803731918335,0.005214991420507431,0.012905747899159676,0.2844,0.011499999999999955,cnn-4_mnist_learnt_gaussian_sig0.03_bounded-pmin1e-05_epoch30_bs250_lr0.001_mon0.95_dp0.2_objective-channel_gradient-chan1.0-rayleigh-zf-tx1.0-noise1.0-frob-kl0.1_perc-pri0.5_epoch-pri70_bs-pri250_lr-pri0.005_mom-pri0.99_dp-pri0.2_seed7,rayleigh-zf-tx1.0-noise1.0_chan-layer2_mcsamples500_norm-frob_seed7_bounds.json
cnn-4,mnist,30.0,rayleigh_zf,0.0 dB,frob,channel_grad,0.001,0.1,1.0,0.20491693913936615,0.2863824,0.2026803731918335,0.1795511096715927,✗,✓,0.02441320233705548,0.2844,0.16726623475551605,✗,✓,0.03669807854437017,16.711233139038086,0.057528691706638616,0.03662390261888504,9216.0,0.005702370312064886,0.2026803731918335,0.005214991420507431,0.012905747899159676,0.2844,0.011499999999999955,cnn-4_mnist_learnt_gaussian_sig0.03_bounded-pmin1e-05_epoch30_bs250_lr0.001_mon0.95_dp0.2_objective-channel_gradient-chan1.0-rayleigh-zf-tx1.0-noise1.0-kl0.1_perc-pri0.5_epoch-pri70_bs-pri250_lr-pri0.005_mom-pri0.99_dp-pri0.2_seed7,rayleigh-zf-tx1.0-noise1.0_chan-layer2_mcsamples500_norm-frob_seed7_bounds.json
cnn-4,mnist,30.0,rayleigh_zf,0.0 dB,frob,channel_grad,0.001,1.0,0.01,0.19007150828838348,0.26433699999999993,0.18670403957366943,0.11883264780044556,✗,✓,0.025778798514113858,0.2621,0.10635492205619812,✗,✓,0.03825652538175914,0.002738058567047119,0.06346392005272268,0.04040238633751869,9216.0,0.006440375000238419,0.18670403957366943,0.005681375041604042,0.013893176470588254,0.2621,0.01200000000000001,cnn-4_mnist_learnt_gaussian_sig0.03_bounded-pmin1e-05_epoch30_bs250_lr0.001_mon0.95_dp0.2_objective-channel_gradient-chan0.01-rayleigh-zf-tx1.0-noise1.0-frob-kl1.0_perc-pri0.5_epoch-pri70_bs-pri250_lr-pri0.005_mom-pri0.99_dp-pri0.2_seed7,rayleigh-zf-tx1.0-noise1.0_chan-layer2_mcsamples500_norm-frob_seed7_bounds.json
cnn-4,mnist,30.0,rayleigh_zf,0.0 dB,frob,channel_grad,0.001,1.0,0.1,0.19015242159366608,0.2644620000000001,0.1868067741394043,0.1188417598605156,✗,✓,0.025766453803151314,0.2623,0.10636505484580994,✗,✓,0.03824315725871316,0.029006481170654297,0.06337915272753762,0.04034842178225517,9216.0,0.006433583330363035,0.1868067741394043,0.0056722845882177355,0.013884773109243714,0.2623,0.01200000000000001,cnn-4_mnist_learnt_gaussian_sig0.03_bounded-pmin1e-05_epoch30_bs250_lr0.001_mon0.95_dp0.2_objective-channel_gradient-chan0.1-rayleigh-zf-tx1.0-noise1.0-frob-kl1.0_perc-pri0.5_epoch-pri70_bs-pri250_lr-pri0.005_mom-pri0.99_dp-pri0.2_seed7,rayleigh-zf-tx1.0-noise1.0_chan-layer2_mcsamples500_norm-frob_seed7_bounds.json
cnn-4,mnist,30.0,rayleigh_zf,0.0 dB,frob,channel_grad,0.001,1.0,1.0,0.19112570583820343,0.26591459999999995,0.18799452781677245,0.12416459619998932,✗,✓,0.02565488232759622,0.2639,0.11171679198741913,✗,✓,0.03810268367713199,1.5793802738189697,0.06251309352126683,0.03979707136750221,9216.0,0.006372466683387756,0.18799452781677245,0.005596743151545525,0.01379522689075631,0.2639,0.01200000000000001,cnn-4_mnist_learnt_gaussian_sig0.03_bounded-pmin1e-05_epoch30_bs250_lr0.001_mon0.95_dp0.2_objective-channel_gradient-chan1.0-rayleigh-zf-tx1.0-noise1.0-kl1.0_perc-pri0.5_epoch-pri70_bs-pri250_lr-pri0.005_mom-pri0.99_dp-pri0.2_seed7,rayleigh-zf-tx1.0-noise1.0_chan-layer2_mcsamples500_norm-frob_seed7_bounds.json
cnn-4,mnist,30.0,rayleigh_zf,0.0 dB,frob,channel_grad,0.001,1.0,1.0,0.19112570583820343,0.26591459999999995,0.18799452781677245,0.12416459619998932,✗,✓,0.02565488232759622,0.2639,0.11171679198741913,✗,✓,0.03810268367713199,1.5793802738189697,0.06251309352126683,0.03979707136750221,9216.0,0.006372466683387756,0.18799452781677245,0.005596743151545525,0.01379522689075631,0.2639,0.01200000000000001,cnn-4_mnist_learnt_gaussian_sig0.03_bounded-pmin1e-05_epoch30_bs250_lr0.001_mon0.95_dp0.2_objective-channel_gradient-chan1.0-rayleigh-zf-tx1.0-noise1.0-frob-kl1.0_perc-pri0.5_epoch-pri70_bs-pri250_lr-pri0.005_mom-pri0.99_dp-pri0.2_seed7,rayleigh-zf-tx1.0-noise1.0_chan-layer2_mcsamples500_norm-frob_seed7_bounds.json
cnn-4,mnist,40.0,rayleigh_zf,0.0 dB,frob,vanilla,0.001,1.0,0.0,0.22193777561187744,0.31785,0.22384119033813477,0.508254138372974,✓,-,0.021313574225278405,0.31930000000000003,0.4960267987156283,✓,-,0.033540913882624014,106.12924194335938,0.024341379813316084,0.015496203675866127,9216.0,0.004105484113097191,0.22384119033813477,0.004041485488414764,0.010948840336134474,0.31930000000000003,0.011399999999999966,cnn-4_mnist_learnt_gaussian_sig0.03_bounded-pmin1e-05_epoch40_bs250_lr0.001_mon0.95_dp0.2_objective-vanilla_perc-pri0.5_epoch-pri70_bs-pri250_lr-pri0.005_mom-pri0.99_dp-pri0.2_seed7,rayleigh-zf-tx1.0-noise1.0_chan-layer2_mcsamples500_norm-frob_seed7_bounds.json
cnn-4,mnist,50.0,rayleigh_zf,0.0 dB,frob,vanilla,0.001,1.0,0.0,0.22717760503292084,0.32748079999999996,0.22492551803588867,1.5177923123150383,✓,-,0.02074200689544637,0.3228,1.5055654088689983,✓,-,0.03296891034148644,359.51708984375,0.0,0.0,9216.0,0.0038245203904807568,0.22492551803588867,0.004233711585402489,0.010601008403361353,0.3228,0.011600000000000055,cnn-4_mnist_learnt_gaussian_sig0.03_bounded-pmin1e-05_epoch50_bs250_lr0.001_mon0.95_dp0.2_objective-vanilla_perc-pri0.5_epoch-pri70_bs-pri250_lr-pri0.005_mom-pri0.99_dp-pri0.2_seed7,rayleigh-zf-tx1.0-noise1.0_chan-layer2_mcsamples500_norm-frob_seed7_bounds.json
cnn-4,mnist,50.0,rayleigh_zf,0.0 dB,frob,channel_grad,0.001,0.0001,0.01,0.23651333153247833,0.3398070000000001,0.23512542247772217,0.768465518951416,✓,✗,0.02056219890017942,0.33930000000000005,0.7563614845275879,✓,✗,0.032666228794205804,164.67636108398438,0.04640982088103863,0.029545409604907036,9216.0,0.0037370503414422274,0.23512542247772217,0.003906707838177681,0.01041781512605044,0.33930000000000005,0.012199999999999989,cnn-4_mnist_learnt_gaussian_sig0.03_bounded-pmin1e-05_epoch50_bs250_lr0.001_mon0.95_dp0.2_objective-channel_gradient-chan0.01-rayleigh-zf-tx1.0-noise1.0-frob-kl0.0001_perc-pri0.5_epoch-pri70_bs-pri250_lr-pri0.005_mom-pri0.99_dp-pri0.2_seed7,rayleigh-zf-tx1.0-noise1.0_chan-layer2_mcsamples500_norm-frob_seed7_bounds.json
cnn-4,mnist,50.0,rayleigh_zf,0.0 dB,frob,channel_grad,0.001,0.0001,0.1,0.31684619188308716,0.45247080000000006,0.31708335876464844,2.2873294353485107,✓,✗,0.018877937056926544,0.4538,2.2758162021636963,✓,✗,0.030390990677852968,540.6461791992188,0.032658531376062935,0.0207910668104887,9216.0,0.0029414899181574583,0.31708335876464844,0.0032638538628816604,0.00906184873949582,0.4538,0.012199999999999989,cnn-4_mnist_learnt_gaussian_sig0.03_bounded-pmin1e-05_epoch50_bs250_lr0.001_mon0.95_dp0.2_objective-channel_gradient-chan0.1-rayleigh-zf-tx1.0-noise1.0-frob-kl0.0001_perc-pri0.5_epoch-pri70_bs-pri250_lr-pri0.005_mom-pri0.99_dp-pri0.2_seed7,rayleigh-zf-tx1.0-noise1.0_chan-layer2_mcsamples500_norm-frob_seed7_bounds.json
cnn-4,mnist,50.0,rayleigh_zf,0.0 dB,frob,channel_grad,0.001,0.0001,1.0,0.4319632947444916,0.5834890000000001,0.4308114528656006,12.88750171661377,✓,✗,0.01658987972464361,0.5848,12.880269050598145,✓,✗,0.023822026392902606,3142.16357421875,0.018748905858613923,0.011935924179852009,9216.0,0.001939272158779204,0.4308114528656006,0.0029087085276842117,0.005388907563025213,0.5848,0.012900000000000023,cnn-4_mnist_learnt_gaussian_sig0.03_bounded-pmin1e-05_epoch50_bs250_lr0.001_mon0.95_dp0.2_objective-channel_gradient-chan1.0-rayleigh-zf-tx1.0-noise1.0-frob-kl0.0001_perc-pri0.5_epoch-pri70_bs-pri250_lr-pri0.005_mom-pri0.99_dp-pri0.2_seed7,rayleigh-zf-tx1.0-noise1.0_chan-layer2_mcsamples500_norm-frob_seed7_bounds.json
cnn-4,mnist,50.0,rayleigh_zf,0.0 dB,frob,channel_grad,0.001,0.001,0.01,0.22080352902412415,0.31426319999999996,0.21963973045349122,0.4207308292388916,✓,✓,0.02179565479518604,0.3143,0.40854158997535706,✓,✓,0.03398486881792022,78.07032775878906,0.05092414908092824,0.032419320195913315,9216.0,0.004346030298620462,0.21963973045349122,0.004287786781787872,0.011220302521008422,0.3143,0.012199999999999989,cnn-4_mnist_learnt_gaussian_sig0.03_bounded-pmin1e-05_epoch50_bs250_lr0.001_mon0.95_dp0.2_objective-channel_gradient-chan0.01-rayleigh-zf-tx1.0-noise1.0-frob-kl0.001_perc-pri0.5_epoch-pri70_bs-pri250_lr-pri0.005_mom-pri0.99_dp-pri0.2_seed7,rayleigh-zf-tx1.0-noise1.0_chan-layer2_mcsamples500_norm-frob_seed7_bounds.json
cnn-4,mnist,50.0,rayleigh_zf,0.0 dB,frob,channel_grad,0.001,0.001,0.1,0.2768072783946991,0.3933023999999999,0.2761345148086548,1.2034063339233398,✓,✗,0.020101772961446707,0.39380000000000004,1.1915168762207031,✓,✗,0.031991196511428635,273.0118713378906,0.03974780605566616,0.025304239243268967,9216.0,0.0035152100026607513,0.2761345148086548,0.0036256719380617143,0.010011697478991612,0.39380000000000004,0.012199999999999989,cnn-4_mnist_learnt_gaussian_sig0.03_bounded-pmin1e-05_epoch50_bs250_lr0.001_mon0.95_dp0.2_objective-channel_gradient-chan0.1-rayleigh-zf-tx1.0-noise1.0-frob-kl0.001_perc-pri0.5_epoch-pri70_bs-pri250_lr-pri0.005_mom-pri0.99_dp-pri0.2_seed7,rayleigh-zf-tx1.0-noise1.0_chan-layer2_mcsamples500_norm-frob_seed7_bounds.json
cnn-4,mnist,50.0,rayleigh_zf,0.0 dB,frob,channel_grad,0.001,0.001,1.0,0.40513917803764343,0.5568346000000001,0.405086612701416,7.430383205413818,✓,✗,0.017418199734738044,0.558,7.421412467956543,✓,✗,0.026388871205302675,1803.946533203125,0.022313048285166406,0.01420492772012949,9216.0,0.0022905815858393908,0.405086612701416,0.0030147099867463114,0.006776134453781521,0.558,0.012199999999999989,cnn-4_mnist_learnt_gaussian_sig0.03_bounded-pmin1e-05_epoch50_bs250_lr0.001_mon0.95_dp0.2_objective-channel_gradient-chan1.0-rayleigh-zf-tx1.0-noise1.0-frob-kl0.001_perc-pri0.5_epoch-pri70_bs-pri250_lr-pri0.005_mom-pri0.99_dp-pri0.2_seed7,rayleigh-zf-tx1.0-noise1.0_chan-layer2_mcsamples500_norm-frob_seed7_bounds.json
cnn-4,mnist,50.0,rayleigh_zf,0.0 dB,frob,channel_grad,0.001,0.005,0.01,0.20046566426753998,0.28132080000000004,0.20010368824005126,0.1595243513584137,✗,✓,0.023924195034494753,0.28090000000000004,0.14736682176589966,✗,✓,0.03608171762431374,11.663284301757812,0.05872645295820244,0.037386421114206314,9216.0,0.005442752968519926,0.20010368824005126,0.0050449524074792865,0.012518789915966406,0.28090000000000004,0.012700000000000045,cnn-4_mnist_learnt_gaussian_sig0.03_bounded-pmin1e-05_epoch50_bs250_lr0.001_mon0.95_dp0.2_objective-channel_gradient-chan0.01-rayleigh-zf-tx1.0-noise1.0-frob-kl0.005_perc-pri0.5_epoch-pri70_bs-pri250_lr-pri0.005_mom-pri0.99_dp-pri0.2_seed7,rayleigh-zf-tx1.0-noise1.0_chan-layer2_mcsamples500_norm-frob_seed7_bounds.json
cnn-4,mnist,50.0,rayleigh_zf,0.0 dB,frob,channel_grad,0.001,0.005,0.1,0.21997122466564178,0.3092356,0.21892406940460205,0.2895491123199463,✓,✓,0.0228352043987367,0.3084,0.27751806378364563,✗,✓,0.03486623870139789,45.424072265625,0.05213884507217766,0.03319261968135834,9216.0,0.004874780774116516,0.21892406940460205,0.004578137025237084,0.011762621848739508,0.3084,0.0121,cnn-4_mnist_learnt_gaussian_sig0.03_bounded-pmin1e-05_epoch50_bs250_lr0.001_mon0.95_dp0.2_objective-channel_gradient-chan0.1-rayleigh-zf-tx1.0-noise1.0-frob-kl0.005_perc-pri0.5_epoch-pri70_bs-pri250_lr-pri0.005_mom-pri0.99_dp-pri0.2_seed7,rayleigh-zf-tx1.0-noise1.0_chan-layer2_mcsamples500_norm-frob_seed7_bounds.json
cnn-4,mnist,50.0,rayleigh_zf,0.0 dB,frob,channel_grad,0.001,0.005,1.0,0.3356384336948395,0.47130639999999996,0.3360200166702271,2.410966396331787,✓,✗,0.01947331480390714,0.47309999999999997,2.398965835571289,✓,✗,0.03147409421745808,570.6810913085938,0.03259574293210079,0.020751094445586205,9216.0,0.0032175995875149965,0.3360200166702271,0.003317539766430855,0.009702588235294131,0.47309999999999997,0.011900000000000022,cnn-4_mnist_learnt_gaussian_sig0.03_bounded-pmin1e-05_epoch50_bs250_lr0.001_mon0.95_dp0.2_objective-channel_gradient-chan1.0-rayleigh-zf-tx1.0-noise1.0-frob-kl0.005_perc-pri0.5_epoch-pri70_bs-pri250_lr-pri0.005_mom-pri0.99_dp-pri0.2_seed7,rayleigh-zf-tx1.0-noise1.0_chan-layer2_mcsamples500_norm-frob_seed7_bounds.json
cnn-4,mnist,50.0,rayleigh_zf,0.0 dB,frob,channel_grad,0.001,0.01,0.01,0.19549648463726044,0.27324979999999993,0.19552948474884033,0.13138169050216675,✗,✓,0.024610203922473494,0.27290000000000003,0.119188591837883,✗,✓,0.03680330818960628,4.027618885040283,0.06103468021370407,0.03885588422417641,9216.0,0.005807484500110149,0.19552948474884033,0.005307862907648087,0.012972100840336159,0.27290000000000003,0.013000000000000012,cnn-4_mnist_learnt_gaussian_sig0.03_bounded-pmin1e-05_epoch50_bs250_lr0.001_mon0.95_dp0.2_objective-channel_gradient-chan0.01-rayleigh-zf-tx1.0-noise1.0-frob-kl0.01_perc-pri0.5_epoch-pri70_bs-pri250_lr-pri0.005_mom-pri0.99_dp-pri0.2_seed7,rayleigh-zf-tx1.0-noise1.0_chan-layer2_mcsamples500_norm-frob_seed7_bounds.json
cnn-4,mnist,50.0,rayleigh_zf,0.0 dB,frob,channel_grad,0.001,0.01,0.1,0.20585966110229492,0.28821919999999995,0.20519189834594725,0.17605337500572205,✗,✓,0.02385177091691838,0.2893,0.16402126848697662,✗,✓,0.035883871045194596,16.177547454833984,0.05702390889755132,0.03630254790186882,9216.0,0.005404717288911343,0.20519189834594725,0.004964716732501984,0.012395226890756313,0.2893,0.012599999999999945,cnn-4_mnist_learnt_gaussian_sig0.03_bounded-pmin1e-05_epoch50_bs250_lr0.001_mon0.95_dp0.2_objective-channel_gradient-chan0.1-rayleigh-zf-tx1.0-noise1.0-frob-kl0.01_perc-pri0.5_epoch-pri70_bs-pri250_lr-pri0.005_mom-pri0.99_dp-pri0.2_seed7,rayleigh-zf-tx1.0-noise1.0_chan-layer2_mcsamples500_norm-frob_seed7_bounds.json
cnn-4,mnist,50.0,rayleigh_zf,0.0 dB,frob,channel_grad,0.001,0.01,1.0,0.28734323382377625,0.40395200000000014,0.2868805885314941,1.259430170059204,✓,✗,0.020791732457073733,0.4064,1.247245192527771,✓,✗,0.032976746588184946,286.320068359375,0.040455677004189644,0.025754883885383606,9216.0,0.0038487701676785946,0.2868805885314941,0.003718503564596176,0.010605647058823553,0.4064,0.012199999999999989,cnn-4_mnist_learnt_gaussian_sig0.03_bounded-pmin1e-05_epoch50_bs250_lr0.001_mon0.95_dp0.2_objective-channel_gradient-chan1.0-rayleigh-zf-tx1.0-noise1.0-frob-kl0.01_perc-pri0.5_epoch-pri70_bs-pri250_lr-pri0.005_mom-pri0.99_dp-pri0.2_seed7,rayleigh-zf-tx1.0-noise1.0_chan-layer2_mcsamples500_norm-frob_seed7_bounds.json
cnn-4,mnist,50.0,rayleigh_zf,0.0 dB,frob,channel_grad,0.001,0.02,1.0,0.24590253829956055,0.3448049999999999,0.24471406936645507,0.6013108491897583,✓,✗,0.02230664339180459,0.3448,0.5891730785369873,✓,✗,0.034444417228301244,122.87454223632812,0.04813221088835309,0.030641917139291763,9216.0,0.004604289308190346,0.24471406936645507,0.004221057519316673,0.011502521008403379,0.3448,0.012299999999999978,cnn-4_mnist_learnt_gaussian_sig0.03_bounded-pmin1e-05_epoch50_bs250_lr0.001_mon0.95_dp0.2_objective-channel_gradient-chan1.0-rayleigh-zf-tx1.0-noise1.0-frob-kl0.02_perc-pri0.5_epoch-pri70_bs-pri250_lr-pri0.005_mom-pri0.99_dp-pri0.2_seed7,rayleigh-zf-tx1.0-noise1.0_chan-layer2_mcsamples500_norm-frob_seed7_bounds.json
cnn-4,mnist,50.0,rayleigh_zf,0.0 dB,frob,channel_grad,0.001,0.03,1.0,0.22859449684619904,0.3198018,0.22726585865020751,0.39927905797958374,✓,✗,0.02307128727948385,0.3195,0.3871520757675171,✓,✓,0.035198314810445365,72.24207305908203,0.05205272015901505,0.033137790858745575,9216.0,0.004996825009584427,0.22726585865020751,0.004526560008525848,0.011968537815126072,0.3195,0.01200000000000001,cnn-4_mnist_learnt_gaussian_sig0.03_bounded-pmin1e-05_epoch50_bs250_lr0.001_mon0.95_dp0.2_objective-channel_gradient-chan1.0-rayleigh-zf-tx1.0-noise1.0-frob-kl0.03_perc-pri0.5_epoch-pri70_bs-pri250_lr-pri0.005_mom-pri0.99_dp-pri0.2_seed7,rayleigh-zf-tx1.0-noise1.0_chan-layer2_mcsamples500_norm-frob_seed7_bounds.json
cnn-4,mnist,50.0,rayleigh_zf,0.0 dB,frob,channel_grad,0.001,0.04,1.0,0.21957996487617493,0.30673920000000005,0.21836247444152831,0.3138902485370636,✓,✓,0.02352483553287859,0.30610000000000004,0.30179375410079956,✗,✓,0.03562132219438416,50.791839599609375,0.05381108332189869,0.0342571996152401,9216.0,0.005232906900346279,0.21836247444152831,0.004695878177881241,0.012231462184873967,0.30610000000000004,0.012299999999999978,cnn-4_mnist_learnt_gaussian_sig0.03_bounded-pmin1e-05_epoch50_bs250_lr0.001_mon0.95_dp0.2_objective-channel_gradient-chan1.0-rayleigh-zf-tx1.0-noise1.0-frob-kl0.04_perc-pri0.5_epoch-pri70_bs-pri250_lr-pri0.005_mom-pri0.99_dp-pri0.2_seed7,rayleigh-zf-tx1.0-noise1.0_chan-layer2_mcsamples500_norm-frob_seed7_bounds.json
cnn-4,mnist,50.0,rayleigh_zf,0.0 dB,frob,channel_grad,0.001,0.05,1.0,0.21395054459571838,0.2985494,0.21289560794830323,0.2659083604812622,✓,✓,0.02384352722890121,0.2983,0.2538294494152069,✗,✓,0.035922435156181404,38.49922180175781,0.05571249061457307,0.03546767309308052,9216.0,0.0054001836106181145,0.21289560794830323,0.004828252643346786,0.012419294117647075,0.2983,0.0121,cnn-4_mnist_learnt_gaussian_sig0.03_bounded-pmin1e-05_epoch50_bs250_lr0.001_mon0.95_dp0.2_objective-channel_gradient-chan1.0-rayleigh-zf-tx1.0-noise1.0-frob-kl0.05_perc-pri0.5_epoch-pri70_bs-pri250_lr-pri0.005_mom-pri0.99_dp-pri0.2_seed7,rayleigh-zf-tx1.0-noise1.0_chan-layer2_mcsamples500_norm-frob_seed7_bounds.json
cnn-4,mnist,50.0,rayleigh_zf,0.0 dB,frob,channel_grad,0.001,0.06,1.0,0.21010184288024902,0.2927939999999999,0.20905587673187256,0.2369101494550705,✓,✓,0.024065515807452188,0.2924,0.22483326494693756,✗,✓,0.03614240257830546,31.082988739013672,0.056770952806629076,0.03614151105284691,9216.0,0.005517654120922089,0.20905587673187256,0.004938939213752746,0.012556840336134465,0.2924,0.0121,cnn-4_mnist_learnt_gaussian_sig0.03_bounded-pmin1e-05_epoch50_bs250_lr0.001_mon0.95_dp0.2_objective-channel_gradient-chan1.0-rayleigh-zf-tx1.0-noise1.0-frob-kl0.06_perc-pri0.5_epoch-pri70_bs-pri250_lr-pri0.005_mom-pri0.99_dp-pri0.2_seed7,rayleigh-zf-tx1.0-noise1.0_chan-layer2_mcsamples500_norm-frob_seed7_bounds.json
cnn-4,mnist,50.0,rayleigh_zf,0.0 dB,frob,channel_grad,0.001,0.07,1.0,0.20743966102600098,0.2890100000000001,0.2064220905303955,0.21659010648727417,✓,✓,0.02423629538468004,0.28959999999999997,0.20449697971343994,✗,✓,0.03632941369632947,25.86285972595215,0.05757497843466663,0.036653369665145874,9216.0,0.005608090199530125,0.2064220905303955,0.00501890555024147,0.012674151260504224,0.28959999999999997,0.012299999999999978,cnn-4_mnist_learnt_gaussian_sig0.03_bounded-pmin1e-05_epoch50_bs250_lr0.001_mon0.95_dp0.2_objective-channel_gradient-chan1.0-rayleigh-zf-tx1.0-noise1.0-frob-kl0.07_perc-pri0.5_epoch-pri70_bs-pri250_lr-pri0.005_mom-pri0.99_dp-pri0.2_seed7,rayleigh-zf-tx1.0-noise1.0_chan-layer2_mcsamples500_norm-frob_seed7_bounds.json
cnn-4,mnist,50.0,rayleigh_zf,0.0 dB,frob,channel_grad,0.001,0.08,1.0,0.20549999177455902,0.28623200000000004,0.20457079410552978,0.20161157846450806,✗,✓,0.02436306878817891,0.28659999999999997,0.1895226240158081,✗,✓,0.03645202509202429,22.018709182739258,0.058167524625165314,0.037030596286058426,9216.0,0.0056754364632070065,0.20457079410552978,0.0050825227051973345,0.012751058823529426,0.28659999999999997,0.012299999999999978,cnn-4_mnist_learnt_gaussian_sig0.03_bounded-pmin1e-05_epoch50_bs250_lr0.001_mon0.95_dp0.2_objective-channel_gradient-chan1.0-rayleigh-zf-tx1.0-noise1.0-frob-kl0.08_perc-pri0.5_epoch-pri70_bs-pri250_lr-pri0.005_mom-pri0.99_dp-pri0.2_seed7,rayleigh-zf-tx1.0-noise1.0_chan-layer2_mcsamples500_norm-frob_seed7_bounds.json
cnn-4,mnist,50.0,rayleigh_zf,0.0 dB,frob,channel_grad,0.001,0.09,1.0,0.20396383106708527,0.2840602,0.20310075283050538,0.19046102464199066,✗,✓,0.024460525487394805,0.28459999999999996,0.17836102843284607,✗,✓,0.03656051673121341,19.189138412475586,0.058460149202724965,0.03721688687801361,9216.0,0.005727407522499561,0.20310075283050538,0.005129363387823105,0.01281929411764708,0.28459999999999996,0.012299999999999978,cnn-4_mnist_learnt_gaussian_sig0.03_bounded-pmin1e-05_epoch50_bs250_lr0.001_mon0.95_dp0.2_objective-channel_gradient-chan1.0-rayleigh-zf-tx1.0-noise1.0-frob-kl0.09_perc-pri0.5_epoch-pri70_bs-pri250_lr-pri0.005_mom-pri0.99_dp-pri0.2_seed7,rayleigh-zf-tx1.0-noise1.0_chan-layer2_mcsamples500_norm-frob_seed7_bounds.json
cnn-4,mnist,50.0,rayleigh_zf,0.0 dB,frob,channel_grad,0.001,0.1,0.01,0.1903548240661621,0.2648776,0.19060683250427246,0.1200169250369072,✗,✓,0.02560896522666177,0.26380000000000003,0.10763715952634811,✗,✓,0.03798873229115747,0.08629652857780457,0.06457486004211815,0.041109632700681686,9216.0,0.006347384303808212,0.19060683250427246,0.00569235123693943,0.013722756302521023,0.26380000000000003,0.0131,cnn-4_mnist_learnt_gaussian_sig0.03_bounded-pmin1e-05_epoch50_bs250_lr0.001_mon0.95_dp0.2_objective-channel_gradient-chan0.01-rayleigh-zf-tx1.0-noise1.0-frob-kl0.1_perc-pri0.5_epoch-pri70_bs-pri250_lr-pri0.005_mom-pri0.99_dp-pri0.2_seed7,rayleigh-zf-tx1.0-noise1.0_chan-layer2_mcsamples500_norm-frob_seed7_bounds.json
cnn-4,mnist,50.0,rayleigh_zf,0.0 dB,frob,channel_grad,0.001,0.1,0.1,0.1915893703699112,0.26673220000000003,0.19177411794662474,0.12011569738388062,✗,✓,0.025431005963685315,0.2652,0.10779456049203873,✗,✓,0.037752140427518364,0.4697096347808838,0.06334494385117204,0.040326643735170364,9216.0,0.006250471342355013,0.19177411794662474,0.005610112473368645,0.013572302521008425,0.2652,0.012900000000000023,cnn-4_mnist_learnt_gaussian_sig0.03_bounded-pmin1e-05_epoch50_bs250_lr0.001_mon0.95_dp0.2_objective-channel_gradient-chan0.1-rayleigh-zf-tx1.0-noise1.0-frob-kl0.1_perc-pri0.5_epoch-pri70_bs-pri250_lr-pri0.005_mom-pri0.99_dp-pri0.2_seed7,rayleigh-zf-tx1.0-noise1.0_chan-layer2_mcsamples500_norm-frob_seed7_bounds.json
cnn-4,mnist,50.0,rayleigh_zf,0.0 dB,frob,channel_grad,0.001,0.1,1.0,0.20255489647388458,0.2819794,0.20178210735321045,0.18147003650665283,✗,✓,0.02454755276396871,0.2825,0.16936711966991425,✗,✓,0.03665046084499736,16.837785720825195,0.05897857225998335,0.037546925246715546,9216.0,0.005774068646132946,0.20178210735321045,0.005172465741634369,0.01287576470588237,0.2825,0.012299999999999978,cnn-4_mnist_learnt_gaussian_sig0.03_bounded-pmin1e-05_epoch50_bs250_lr0.001_mon0.95_dp0.2_objective-channel_gradient-chan1.0-rayleigh-zf-tx1.0-noise1.0-frob-kl0.1_perc-pri0.5_epoch-pri70_bs-pri250_lr-pri0.005_mom-pri0.99_dp-pri0.2_seed7,rayleigh-zf-tx1.0-noise1.0_chan-layer2_mcsamples500_norm-frob_seed7_bounds.json
cnn-4,mnist,50.0,rayleigh_zf,0.0 dB,frob,channel_grad,0.001,0.25,1.0,0.1957729160785675,0.2724596000000001,0.19559723138809204,0.14122895896434784,✗,✓,0.025037425340219705,0.2721,0.12902487814426422,✗,✓,0.03724151683160315,6.145430564880371,0.061797802652245305,0.039341703057289124,9216.0,0.006037143059074879,0.19559723138809204,0.005434184893965721,0.013248537815126065,0.2721,0.012900000000000023,cnn-4_mnist_learnt_gaussian_sig0.03_bounded-pmin1e-05_epoch50_bs250_lr0.001_mon0.95_dp0.2_objective-channel_gradient-chan1.0-rayleigh-zf-tx1.0-noise1.0-frob-kl0.25_perc-pri0.5_epoch-pri70_bs-pri250_lr-pri0.005_mom-pri0.99_dp-pri0.2_seed7,rayleigh-zf-tx1.0-noise1.0_chan-layer2_mcsamples500_norm-frob_seed7_bounds.json
cnn-4,mnist,50.0,rayleigh_zf,0.0 dB,frob,channel_grad,0.001,0.5,1.0,0.19295726716518402,0.26839340000000006,0.19302618503570557,0.12914788722991943,✗,✓,0.025301336428435687,0.26780000000000004,0.11686625331640244,✗,✓,0.037582963710471956,2.7670047283172607,0.06316763817996486,0.04021376743912697,9216.0,0.006180101539939642,0.19302618503570557,0.005554857850074768,0.013464941176470603,0.26780000000000004,0.013299999999999979,cnn-4_mnist_learnt_gaussian_sig0.03_bounded-pmin1e-05_epoch50_bs250_lr0.001_mon0.95_dp0.2_objective-channel_gradient-chan1.0-rayleigh-zf-tx1.0-noise1.0-frob-kl0.5_perc-pri0.5_epoch-pri70_bs-pri250_lr-pri0.005_mom-pri0.99_dp-pri0.2_seed7,rayleigh-zf-tx1.0-noise1.0_chan-layer2_mcsamples500_norm-frob_seed7_bounds.json
cnn-4,mnist,50.0,rayleigh_zf,0.0 dB,frob,channel_grad,0.001,1.0,0.01,0.18985424935817719,0.26411300000000004,0.19012069702148438,0.120401531457901,✗,✓,0.025769429376887244,0.26339999999999997,0.10795526206493378,✗,✓,0.038215699511150614,0.002798020839691162,0.0650733874134985,0.04142700508236885,9216.0,0.006435168441385031,0.19012069702148438,0.005758478119969368,0.013867226890756324,0.26339999999999997,0.01319999999999999,cnn-4_mnist_learnt_gaussian_sig0.03_bounded-pmin1e-05_epoch50_bs250_lr0.001_mon0.95_dp0.2_objective-channel_gradient-chan0.01-rayleigh-zf-tx1.0-noise1.0-frob-kl1.0_perc-pri0.5_epoch-pri70_bs-pri250_lr-pri0.005_mom-pri0.99_dp-pri0.2_seed7,rayleigh-zf-tx1.0-noise1.0_chan-layer2_mcsamples500_norm-frob_seed7_bounds.json
cnn-4,mnist,50.0,rayleigh_zf,0.0 dB,frob,channel_grad,0.001,1.0,0.1,0.1899891048669815,0.264323,0.19023741483688356,0.12038370221853256,✗,✓,0.025748729303251342,0.26349999999999996,0.10794631391763687,✗,✓,0.03818612070936357,0.025146543979644775,0.06499389244507113,0.041376397013664246,9216.0,0.006423721089959145,0.19023741483688356,0.0057493578642606735,0.013848470588235316,0.26349999999999996,0.01319999999999999,cnn-4_mnist_learnt_gaussian_sig0.03_bounded-pmin1e-05_epoch50_bs250_lr0.001_mon0.95_dp0.2_objective-channel_gradient-chan0.1-rayleigh-zf-tx1.0-noise1.0-frob-kl1.0_perc-pri0.5_epoch-pri70_bs-pri250_lr-pri0.005_mom-pri0.99_dp-pri0.2_seed7,rayleigh-zf-tx1.0-noise1.0_chan-layer2_mcsamples500_norm-frob_seed7_bounds.json
cnn-4,mnist,50.0,rayleigh_zf,0.0 dB,frob,channel_grad,0.001,1.0,1.0,0.19127817451953888,0.26618240000000004,0.19139636754989625,0.124384805560112,✗,✓,0.025566559945924928,0.26480000000000004,0.11199261248111725,✗,✓,0.03795875675752095,1.2257111072540283,0.0643210788653992,0.04094807058572769,9216.0,0.006324434652924538,0.19139636754989625,0.005666017532348633,0.013703596638655483,0.26480000000000004,0.013000000000000012,cnn-4_mnist_learnt_gaussian_sig0.03_bounded-pmin1e-05_epoch50_bs250_lr0.001_mon0.95_dp0.2_objective-channel_gradient-chan1.0-rayleigh-zf-tx1.0-noise1.0-frob-kl1.0_perc-pri0.5_epoch-pri70_bs-pri250_lr-pri0.005_mom-pri0.99_dp-pri0.2_seed7,rayleigh-zf-tx1.0-noise1.0_chan-layer2_mcsamples500_norm-frob_seed7_bounds.json
cnn-4,mnist,5.0,rayleigh_zf,0.0 dB,spec,channel_grad,0.001,0.01,0.01,0.1943672150373459,0.2710752,0.1974640369415283,0.11327424645423889,✗,?,0.024890762749883204,0.274,0.10101956129074097,✗,?,0.03714545303109963,2.2301411628723145,0.049923255641127554,0.031782131642103195,9216.0,0.005958174355328083,0.1974640369415283,0.005317247658967972,0.013187697478991617,0.274,0.013000000000000012,cnn-4_mnist_learnt_gaussian_sig0.03_bounded-pmin1e-05_epoch5_bs250_lr0.001_mon0.95_dp0.2_objective-channel_gradient-chan0.01-rayleigh-zf-tx1.0-noise1.0-spec-kl0.01_perc-pri0.5_epoch-pri70_bs-pri250_lr-pri0.005_mom-pri0.99_dp-pri0.2_seed7,rayleigh-zf-tx1.0-noise1.0_chan-layer2_mcsamples500_norm-spec_seed7_bounds.json
cnn-4,mnist,5.0,rayleigh_zf,0.0 dB,spec,channel_grad,0.001,0.01,0.1,0.2018878310918808,0.28216900000000006,0.2042701244354248,0.1326608806848526,✗,?,0.02436110253100237,0.28459999999999996,0.12043583393096924,✗,?,0.03658614821084435,7.697291851043701,0.047549647650827316,0.030271045863628387,9216.0,0.005674398969858885,0.2042701244354248,0.00509234331548214,0.012835428571428586,0.28459999999999996,0.012499999999999956,cnn-4_mnist_learnt_gaussian_sig0.03_bounded-pmin1e-05_epoch5_bs250_lr0.001_mon0.95_dp0.2_objective-channel_gradient-chan0.1-rayleigh-zf-tx1.0-noise1.0-spec-kl0.01_perc-pri0.5_epoch-pri70_bs-pri250_lr-pri0.005_mom-pri0.99_dp-pri0.2_seed7,rayleigh-zf-tx1.0-noise1.0_chan-layer2_mcsamples500_norm-spec_seed7_bounds.json
cnn-4,mnist,5.0,rayleigh_zf,0.0 dB,spec,channel_grad,0.001,0.01,1.0,0.27041301131248474,0.3836544000000001,0.27552456855773927,0.8040207028388977,✓,?,0.021645154028385773,0.3882,0.7911942005157471,✓,?,0.03447167480541087,175.4645538330078,0.036117001378077634,0.022992797195911407,9216.0,0.004270651377737522,0.27552456855773927,0.004069691523909569,0.011519327731092446,0.3882,0.01200000000000001,cnn-4_mnist_learnt_gaussian_sig0.03_bounded-pmin1e-05_epoch5_bs250_lr0.001_mon0.95_dp0.2_objective-channel_gradient-chan1.0-rayleigh-zf-tx1.0-noise1.0-spec-kl0.01_perc-pri0.5_epoch-pri70_bs-pri250_lr-pri0.005_mom-pri0.99_dp-pri0.2_seed7,rayleigh-zf-tx1.0-noise1.0_chan-layer2_mcsamples500_norm-spec_seed7_bounds.json
cnn-4,mnist,5.0,rayleigh_zf,0.0 dB,spec,channel_grad,0.001,0.1,0.01,0.19074296951293945,0.26529840000000005,0.19410966634750365,0.10680905729532242,✗,?,0.025608151679850567,0.2693,0.09435541927814484,✗,?,0.038061789159908196,0.08705854415893555,0.0512908265716604,0.032652754336595535,9216.0,0.006347037851810455,0.19410966634750365,0.005633396655321121,0.013769210084033636,0.2693,0.0131,cnn-4_mnist_learnt_gaussian_sig0.03_bounded-pmin1e-05_epoch5_bs250_lr0.001_mon0.95_dp0.2_objective-channel_gradient-chan0.01-rayleigh-zf-tx1.0-noise1.0-spec-kl0.1_perc-pri0.5_epoch-pri70_bs-pri250_lr-pri0.005_mom-pri0.99_dp-pri0.2_seed7,rayleigh-zf-tx1.0-noise1.0_chan-layer2_mcsamples500_norm-spec_seed7_bounds.json
cnn-4,mnist,5.0,rayleigh_zf,0.0 dB,spec,channel_grad,0.001,0.1,0.1,0.192022904753685,0.2671726,0.19531314373016356,0.10751309990882874,✗,?,0.025467444318038,0.2701,0.09509656578302383,✗,?,0.03788397994376028,0.3672284483909607,0.05102888816373145,0.032485999166965485,9216.0,0.006270232610404491,0.19531314373016356,0.005570900067687035,0.013655865546218508,0.2701,0.013299999999999979,cnn-4_mnist_learnt_gaussian_sig0.03_bounded-pmin1e-05_epoch5_bs250_lr0.001_mon0.95_dp0.2_objective-channel_gradient-chan0.1-rayleigh-zf-tx1.0-noise1.0-spec-kl0.1_perc-pri0.5_epoch-pri70_bs-pri250_lr-pri0.005_mom-pri0.99_dp-pri0.2_seed7,rayleigh-zf-tx1.0-noise1.0_chan-layer2_mcsamples500_norm-spec_seed7_bounds.json
cnn-4,mnist,5.0,rayleigh_zf,0.0 dB,spec,channel_grad,0.001,0.1,1.0,0.20352649688720703,0.28469440000000007,0.2057136058807373,0.16104668378829956,✗,?,0.024514563165003927,0.2862,0.14865931868553162,✗,?,0.03690191521901239,14.514871597290039,0.04778701781253305,0.030422160401940346,9216.0,0.005756390281021595,0.2057136058807373,0.005116564035415649,0.013034084033613471,0.2862,0.012800000000000034,cnn-4_mnist_learnt_gaussian_sig0.03_bounded-pmin1e-05_epoch5_bs250_lr0.001_mon0.95_dp0.2_objective-channel_gradient-chan1.0-rayleigh-zf-tx1.0-noise1.0-spec-kl0.1_perc-pri0.5_epoch-pri70_bs-pri250_lr-pri0.005_mom-pri0.99_dp-pri0.2_seed7,rayleigh-zf-tx1.0-noise1.0_chan-layer2_mcsamples500_norm-spec_seed7_bounds.json
cnn-4,mnist,5.0,rayleigh_zf,0.0 dB,spec,channel_grad,0.001,1.0,0.01,0.19010096788406372,0.2642568,0.19351791143417357,0.10721862316131592,✗,?,0.025765459509028105,0.26849999999999996,0.09471392631530762,✗,?,0.038270155679010716,0.003031134605407715,0.05183506135550937,0.032999224960803986,9216.0,0.006433052476495504,0.19351791143417357,0.005701963603496551,0.013901848739495818,0.26849999999999996,0.0131,cnn-4_mnist_learnt_gaussian_sig0.03_bounded-pmin1e-05_epoch5_bs250_lr0.001_mon0.95_dp0.2_objective-channel_gradient-chan0.01-rayleigh-zf-tx1.0-noise1.0-spec-kl1.0_perc-pri0.5_epoch-pri70_bs-pri250_lr-pri0.005_mom-pri0.99_dp-pri0.2_seed7,rayleigh-zf-tx1.0-noise1.0_chan-layer2_mcsamples500_norm-spec_seed7_bounds.json
cnn-4,mnist,5.0,rayleigh_zf,0.0 dB,spec,channel_grad,0.001,1.0,0.1,0.1901683360338211,0.2643658,0.1935787558555603,0.10722200572490692,✗,?,0.025758323644143117,0.26870000000000005,0.09471216797828674,✗,?,0.03826816621206315,0.01787179708480835,0.05177985082719782,0.032964076846838,9216.0,0.006429157219827175,0.1935787558555603,0.0056976091116666796,0.01390077310924372,0.26870000000000005,0.0131,cnn-4_mnist_learnt_gaussian_sig0.03_bounded-pmin1e-05_epoch5_bs250_lr0.001_mon0.95_dp0.2_objective-channel_gradient-chan0.1-rayleigh-zf-tx1.0-noise1.0-spec-kl1.0_perc-pri0.5_epoch-pri70_bs-pri250_lr-pri0.005_mom-pri0.99_dp-pri0.2_seed7,rayleigh-zf-tx1.0-noise1.0_chan-layer2_mcsamples500_norm-spec_seed7_bounds.json
cnn-4,mnist,5.0,rayleigh_zf,0.0 dB,spec,channel_grad,0.001,1.0,1.0,0.19071483612060547,0.2652308000000001,0.19406356811523437,0.11127287894487381,✗,?,0.02570510670203979,0.26949999999999996,0.09873595088720322,✗,?,0.03824203137905682,1.0845587253570557,0.051502124607357425,0.0327872708439827,9216.0,0.006400010082870722,0.19406356811523437,0.005660072714090347,0.013884100840336144,0.26949999999999996,0.012900000000000023,cnn-4_mnist_learnt_gaussian_sig0.03_bounded-pmin1e-05_epoch5_bs250_lr0.001_mon0.95_dp0.2_objective-channel_gradient-chan1.0-rayleigh-zf-tx1.0-noise1.0-spec-kl1.0_perc-pri0.5_epoch-pri70_bs-pri250_lr-pri0.005_mom-pri0.99_dp-pri0.2_seed7,rayleigh-zf-tx1.0-noise1.0_chan-layer2_mcsamples500_norm-spec_seed7_bounds.json
cnn-4,mnist,10.0,rayleigh_zf,0.0 dB,spec,vanilla,0.001,1.0,0.0,0.20013561844825745,0.28061099999999994,0.19968565702438354,0.21219742021768934,✓,-,0.02381898301377575,0.2764,0.2000518919602782,✗,-,0.03596451127118688,38.979190826416016,0.0,0.0,9216.0,0.005387256387621164,0.19968565702438354,0.005133499950170517,0.012445512605042033,0.2764,0.011299999999999977,cnn-4_mnist_learnt_gaussian_sig0.03_bounded-pmin1e-05_epoch10_bs250_lr0.001_mon0.95_dp0.2_objective-vanilla_perc-pri0.5_epoch-pri70_bs-pri250_lr-pri0.005_mom-pri0.99_dp-pri0.2_seed7,rayleigh-zf-tx1.0-noise1.0_chan-layer2_mcsamples500_norm-spec_seed7_bounds.json
cnn-4,mnist,10.0,rayleigh_zf,0.0 dB,spec,channel_grad,0.001,0.0001,0.0001,0.2002207487821579,0.28105640000000004,0.20409078598022462,0.15495407581329346,✗,✗,0.023837726515294488,0.28700000000000003,0.1427532136440277,✗,✗,0.03603858244960424,13.647994995117188,0.046096759337911616,0.029346108436584473,9216.0,0.005397172644734383,0.20409078598022462,0.004951673373579979,0.012491966386554641,0.28700000000000003,0.012499999999999956,cnn-4_mnist_learnt_gaussian_sig0.03_bounded-pmin1e-05_epoch10_bs250_lr0.001_mon0.95_dp0.2_objective-channel_gradient-chan0.0001-rayleigh-zf-tx1.0-noise1.0-spec-kl0.0001_perc-pri0.5_epoch-pri70_bs-pri250_lr-pri0.005_mom-pri0.99_dp-pri0.2_seed7,rayleigh-zf-tx1.0-noise1.0_chan-layer2_mcsamples500_norm-spec_seed7_bounds.json
cnn-4,mnist,10.0,rayleigh_zf,0.0 dB,spec,channel_grad,0.001,0.0001,0.001,0.2004546970129013,0.28139619999999993,0.2043271541595459,0.1558055281639099,✗,✗,0.02382412487573217,0.2875,0.14360301196575165,✗,✗,0.03602665498004663,13.873296737670898,0.04604036384595587,0.029310205951333046,9216.0,0.005390079226344824,0.2043271541595459,0.004946789517998695,0.012484571428571442,0.2875,0.012499999999999956,cnn-4_mnist_learnt_gaussian_sig0.03_bounded-pmin1e-05_epoch10_bs250_lr0.001_mon0.95_dp0.2_objective-channel_gradient-chan0.001-rayleigh-zf-tx1.0-noise1.0-spec-kl0.0001_perc-pri0.5_epoch-pri70_bs-pri250_lr-pri0.005_mom-pri0.99_dp-pri0.2_seed7,rayleigh-zf-tx1.0-noise1.0_chan-layer2_mcsamples500_norm-spec_seed7_bounds.json
cnn-4,mnist,10.0,rayleigh_zf,0.0 dB,spec,channel_grad,0.001,0.0001,0.01,0.2027016133069992,0.28464360000000005,0.20662505626678468,0.16506937024290944,✗,✗,0.023692588355658045,0.2904,0.15286695830339983,✗,✗,0.03589500029516764,16.337549209594727,0.04537557583486681,0.028886988759040833,9216.0,0.0053209359757602215,0.20662505626678468,0.004898310080170632,0.01240228571428573,0.2904,0.012599999999999945,cnn-4_mnist_learnt_gaussian_sig0.03_bounded-pmin1e-05_epoch10_bs250_lr0.001_mon0.95_dp0.2_objective-channel_gradient-chan0.01-rayleigh-zf-tx1.0-noise1.0-spec-kl0.0001_perc-pri0.5_epoch-pri70_bs-pri250_lr-pri0.005_mom-pri0.99_dp-pri0.2_seed7,rayleigh-zf-tx1.0-noise1.0_chan-layer2_mcsamples500_norm-spec_seed7_bounds.json
cnn-4,mnist,10.0,rayleigh_zf,0.0 dB,spec,channel_grad,0.001,0.0001,0.1,0.22436724603176117,0.31585699999999994,0.22834181785583496,0.31246188282966614,✓,✗,0.02265620577474961,0.3207,0.30017051100730896,✗,✗,0.03494758765876095,53.783424377441406,0.04084336492437623,0.026001693680882454,9216.0,0.004782865289598703,0.22834181785583496,0.0045262154191732405,0.011813109243697491,0.3207,0.012599999999999945,cnn-4_mnist_learnt_gaussian_sig0.03_bounded-pmin1e-05_epoch10_bs250_lr0.001_mon0.95_dp0.2_objective-channel_gradient-chan0.1-rayleigh-zf-tx1.0-noise1.0-spec-kl0.0001_perc-pri0.5_epoch-pri70_bs-pri250_lr-pri0.005_mom-pri0.99_dp-pri0.2_seed7,rayleigh-zf-tx1.0-noise1.0_chan-layer2_mcsamples500_norm-spec_seed7_bounds.json
cnn-4,mnist,10.0,rayleigh_zf,0.0 dB,spec,channel_grad,0.001,0.0001,1.0,0.39383789896965027,0.5631844000000001,0.39866502285003663,3.438143730163574,✓,✗,0.019678044248332298,0.5716,3.4246177673339844,✓,✗,0.033204230090683816,824.6524047851562,0.021209359980689853,0.013502297922968864,9216.0,0.0033138771541416645,0.39866502285003663,0.0034767940640449526,0.01074379831932775,0.5716,0.0121,cnn-4_mnist_learnt_gaussian_sig0.03_bounded-pmin1e-05_epoch10_bs250_lr0.001_mon0.95_dp0.2_objective-channel_gradient-chan1.0-rayleigh-zf-tx1.0-noise1.0-spec-kl0.0001_perc-pri0.5_epoch-pri70_bs-pri250_lr-pri0.005_mom-pri0.99_dp-pri0.2_seed7,rayleigh-zf-tx1.0-noise1.0_chan-layer2_mcsamples500_norm-spec_seed7_bounds.json
cnn-4,mnist,10.0,rayleigh_zf,0.0 dB,spec,channel_grad,0.001,0.001,0.0001,0.19928370416164398,0.2794947999999999,0.20313529968261718,0.14662578701972961,✗,✓,0.023965530439706423,0.2853,0.13442209362983704,✗,✓,0.03616923199932376,11.486679077148438,0.04646136533664353,0.029578223824501038,9216.0,0.005464576184749603,0.20313529968261718,0.004990550130605698,0.012573714285714303,0.2853,0.012499999999999956,cnn-4_mnist_learnt_gaussian_sig0.03_bounded-pmin1e-05_epoch10_bs250_lr0.001_mon0.95_dp0.2_objective-channel_gradient-chan0.0001-rayleigh-zf-tx1.0-noise1.0-spec-kl0.001_perc-pri0.5_epoch-pri70_bs-pri250_lr-pri0.005_mom-pri0.99_dp-pri0.2_seed7,rayleigh-zf-tx1.0-noise1.0_chan-layer2_mcsamples500_norm-spec_seed7_bounds.json
cnn-4,mnist,10.0,rayleigh_zf,0.0 dB,spec,channel_grad,0.001,0.001,0.001,0.19948413968086243,0.2797962,0.2033362865447998,0.14727367460727692,✗,✓,0.02395389590167867,0.28559999999999997,0.13506920635700226,✗,✓,0.03615836673201137,11.66077995300293,0.04640935859892558,0.029545115306973457,9216.0,0.005458519794046879,0.2033362865447998,0.004985971376299858,0.012566924369747915,0.28559999999999997,0.012499999999999956,cnn-4_mnist_learnt_gaussian_sig0.03_bounded-pmin1e-05_epoch10_bs250_lr0.001_mon0.95_dp0.2_objective-channel_gradient-chan0.001-rayleigh-zf-tx1.0-noise1.0-spec-kl0.001_perc-pri0.5_epoch-pri70_bs-pri250_lr-pri0.005_mom-pri0.99_dp-pri0.2_seed7,rayleigh-zf-tx1.0-noise1.0_chan-layer2_mcsamples500_norm-spec_seed7_bounds.json
cnn-4,mnist,10.0,rayleigh_zf,0.0 dB,spec,channel_grad,0.001,0.001,0.01,0.20151105523109436,0.28275820000000007,0.20539774894714355,0.15503683025902507,✗,✗,0.023829799032585922,0.28890000000000005,0.1428277843464049,✗,✗,0.03603884494520611,13.728950500488281,0.045848750835933455,0.02918822132050991,9216.0,0.0053929612040519714,0.20539774894714355,0.004940411075949669,0.012492235294117663,0.28890000000000005,0.012599999999999945,cnn-4_mnist_learnt_gaussian_sig0.03_bounded-pmin1e-05_epoch10_bs250_lr0.001_mon0.95_dp0.2_objective-channel_gradient-chan0.01-rayleigh-zf-tx1.0-noise1.0-spec-kl0.001_perc-pri0.5_epoch-pri70_bs-pri250_lr-pri0.005_mom-pri0.99_dp-pri0.2_seed7,rayleigh-zf-tx1.0-noise1.0_chan-layer2_mcsamples500_norm-spec_seed7_bounds.json
cnn-4,mnist,10.0,rayleigh_zf,0.0 dB,spec,channel_grad,0.001,0.001,0.1,0.22129903733730316,0.3112978,0.22532224655151367,0.27939650416374207,✓,✗,0.022845009505210866,0.3163,0.2671186923980713,✗,✗,0.035122811080732286,45.48889923095703,0.041465011481307705,0.026397446170449257,9216.0,0.0048799337819218636,0.22532224655151367,0.004584425315260887,0.01192161344537816,0.3163,0.012399999999999967,cnn-4_mnist_learnt_gaussian_sig0.03_bounded-pmin1e-05_epoch10_bs250_lr0.001_mon0.95_dp0.2_objective-channel_gradient-chan0.1-rayleigh-zf-tx1.0-noise1.0-spec-kl0.001_perc-pri0.5_epoch-pri70_bs-pri250_lr-pri0.005_mom-pri0.99_dp-pri0.2_seed7,rayleigh-zf-tx1.0-noise1.0_chan-layer2_mcsamples500_norm-spec_seed7_bounds.json
cnn-4,mnist,10.0,rayleigh_zf,0.0 dB,spec,channel_grad,0.001,0.001,1.0,0.3796113133430481,0.5427322,0.3838635444641113,3.0018999576568604,✓,✗,0.01968663138927844,0.5533,2.988274097442627,✓,✗,0.0333124174203804,717.4963989257812,0.022319694322000518,0.014209158718585968,9216.0,0.0033180173486471176,0.3838635444641113,0.003447458893060684,0.01080961344537817,0.5533,0.01200000000000001,cnn-4_mnist_learnt_gaussian_sig0.03_bounded-pmin1e-05_epoch10_bs250_lr0.001_mon0.95_dp0.2_objective-channel_gradient-chan1.0-rayleigh-zf-tx1.0-noise1.0-spec-kl0.001_perc-pri0.5_epoch-pri70_bs-pri250_lr-pri0.005_mom-pri0.99_dp-pri0.2_seed7,rayleigh-zf-tx1.0-noise1.0_chan-layer2_mcsamples500_norm-spec_seed7_bounds.json
cnn-4,mnist,10.0,rayleigh_zf,0.0 dB,spec,channel_grad,0.001,0.005,0.01,0.19783031940460205,0.27685820000000005,0.2016279935836792,0.12875740230083466,✗,✓,0.024310593111999717,0.2823,0.11652350425720215,✗,✓,0.036544490122979334,6.896060943603516,0.04695883648117064,0.02989492379128933,9216.0,0.005647566635161638,0.2016279935836792,0.005097004026174546,0.012809142857142878,0.2823,0.012499999999999956,cnn-4_mnist_learnt_gaussian_sig0.03_bounded-pmin1e-05_epoch10_bs250_lr0.001_mon0.95_dp0.2_objective-channel_gradient-chan0.01-rayleigh-zf-tx1.0-noise1.0-spec-kl0.005_perc-pri0.5_epoch-pri70_bs-pri250_lr-pri0.005_mom-pri0.99_dp-pri0.2_seed7,rayleigh-zf-tx1.0-noise1.0_chan-layer2_mcsamples500_norm-spec_seed7_bounds.json
cnn-4,mnist,10.0,rayleigh_zf,0.0 dB,spec,channel_grad,0.001,0.005,0.1,0.21131467819213867,0.29632939999999985,0.2153165578842163,0.19217780232429504,✗,✗,0.023518087802250336,0.30100000000000005,0.17993342876434326,✗,✗,0.03576247230667493,23.331424713134766,0.044064172181069346,0.02805212326347828,9216.0,0.005229415372014046,0.2153165578842163,0.00480014942586422,0.012319596638655483,0.30100000000000005,0.012700000000000045,cnn-4_mnist_learnt_gaussian_sig0.03_bounded-pmin1e-05_epoch10_bs250_lr0.001_mon0.95_dp0.2_objective-channel_gradient-chan0.1-rayleigh-zf-tx1.0-noise1.0-spec-kl0.005_perc-pri0.5_epoch-pri70_bs-pri250_lr-pri0.005_mom-pri0.99_dp-pri0.2_seed7,rayleigh-zf-tx1.0-noise1.0_chan-layer2_mcsamples500_norm-spec_seed7_bounds.json
cnn-4,mnist,10.0,rayleigh_zf,0.0 dB,spec,channel_grad,0.001,0.005,1.0,0.326587975025177,0.4647549999999999,0.3301521301269531,1.7191431522369385,✓,✗,0.020286115293425597,0.4678,1.7055552005767822,✓,✗,0.033874013034590394,401.9272766113281,0.027306960530227936,0.017384150996804237,9216.0,0.0036036246456205845,0.3301521301269531,0.003577512502670288,0.011152201680672283,0.4678,0.012299999999999978,cnn-4_mnist_learnt_gaussian_sig0.03_bounded-pmin1e-05_epoch10_bs250_lr0.001_mon0.95_dp0.2_objective-channel_gradient-chan1.0-rayleigh-zf-tx1.0-noise1.0-spec-kl0.005_perc-pri0.5_epoch-pri70_bs-pri250_lr-pri0.005_mom-pri0.99_dp-pri0.2_seed7,rayleigh-zf-tx1.0-noise1.0_chan-layer2_mcsamples500_norm-spec_seed7_bounds.json
cnn-4,mnist,10.0,rayleigh_zf,0.0 dB,spec,channel_grad,0.001,0.01,0.0001,0.19415239989757538,0.27108199999999993,0.19794142246246338,0.11431194841861725,✗,✓,0.02478233803562582,0.27680000000000005,0.10202087461948395,✗,✓,0.03707341291290901,2.845292091369629,0.04852165723607096,0.0308898463845253,9216.0,0.005899833049625158,0.19794142246246338,0.005267616733908654,0.013142319327731106,0.27680000000000005,0.012800000000000034,cnn-4_mnist_learnt_gaussian_sig0.03_bounded-pmin1e-05_epoch10_bs250_lr0.001_mon0.95_dp0.2_objective-channel_gradient-chan0.0001-rayleigh-zf-tx1.0-noise1.0-spec-kl0.01_perc-pri0.5_epoch-pri70_bs-pri250_lr-pri0.005_mom-pri0.99_dp-pri0.2_seed7,rayleigh-zf-tx1.0-noise1.0_chan-layer2_mcsamples500_norm-spec_seed7_bounds.json
cnn-4,mnist,10.0,rayleigh_zf,0.0 dB,spec,channel_grad,0.001,0.01,0.001,0.19423842430114746,0.2712114,0.1980265498161316,0.11445757746696472,✗,✓,0.024775171178322203,0.2771,0.10216681659221649,✗,✓,0.03706593211444445,2.8916096687316895,0.04848566945132098,0.03086693584918976,9216.0,0.005895909853279591,0.1980265498161316,0.00526464506983757,0.01313754621848741,0.2771,0.012800000000000034,cnn-4_mnist_learnt_gaussian_sig0.03_bounded-pmin1e-05_epoch10_bs250_lr0.001_mon0.95_dp0.2_objective-channel_gradient-chan0.001-rayleigh-zf-tx1.0-noise1.0-spec-kl0.01_perc-pri0.5_epoch-pri70_bs-pri250_lr-pri0.005_mom-pri0.99_dp-pri0.2_seed7,rayleigh-zf-tx1.0-noise1.0_chan-layer2_mcsamples500_norm-spec_seed7_bounds.json
cnn-4,mnist,10.0,rayleigh_zf,0.0 dB,spec,channel_grad,0.001,0.01,0.01,0.19514156877994537,0.2725198000000001,0.1989188551902771,0.11615130321978664,✗,✓,0.02469930832198917,0.27880000000000005,0.10387864092001042,✗,✓,0.03697197062176541,3.41933274269104,0.04811893636970182,0.030633466318249702,9216.0,0.005855303257703781,0.1989188551902771,0.005233033373951912,0.013078386554621867,0.27880000000000005,0.012700000000000045,cnn-4_mnist_learnt_gaussian_sig0.03_bounded-pmin1e-05_epoch10_bs250_lr0.001_mon0.95_dp0.2_objective-channel_gradient-chan0.01-rayleigh-zf-tx1.0-noise1.0-spec-kl0.01_perc-pri0.5_epoch-pri70_bs-pri250_lr-pri0.005_mom-pri0.99_dp-pri0.2_seed7,rayleigh-zf-tx1.0-noise1.0_chan-layer2_mcsamples500_norm-spec_seed7_bounds.json
cnn-4,mnist,10.0,rayleigh_zf,0.0 dB,spec,channel_grad,0.001,0.01,0.1,0.2043255865573883,0.2858554,0.20819151401519775,0.14668694655967565,✗,✗,0.02408822885749318,0.29059999999999997,0.13443105721354115,✗,✗,0.03634411820362771,11.667606353759766,0.04560899611775852,0.02903558872640133,9216.0,0.005529684945940971,0.20819151401519775,0.0049941644072532656,0.012683428571428585,0.29059999999999997,0.012700000000000045,cnn-4_mnist_learnt_gaussian_sig0.03_bounded-pmin1e-05_epoch10_bs250_lr0.001_mon0.95_dp0.2_objective-channel_gradient-chan0.1-rayleigh-zf-tx1.0-noise1.0-spec-kl0.01_perc-pri0.5_epoch-pri70_bs-pri250_lr-pri0.005_mom-pri0.99_dp-pri0.2_seed7,rayleigh-zf-tx1.0-noise1.0_chan-layer2_mcsamples500_norm-spec_seed7_bounds.json
cnn-4,mnist,10.0,rayleigh_zf,0.0 dB,spec,channel_grad,0.001,0.01,1.0,0.2842937707901001,0.40209999999999996,0.2876784086227417,0.9986439755117344,✓,✗,0.02123185901371715,0.40700000000000003,0.9854413608032466,✓,✗,0.03443447372220501,224.07984924316406,0.03230631921929857,0.020566841587424278,9216.0,0.004065099637955427,0.2876784086227417,0.0039025798439979555,0.011496201680672277,0.40700000000000003,0.012399999999999967,cnn-4_mnist_learnt_gaussian_sig0.03_bounded-pmin1e-05_epoch10_bs250_lr0.001_mon0.95_dp0.2_objective-channel_gradient-chan1.0-rayleigh-zf-tx1.0-noise1.0-spec-kl0.01_perc-pri0.5_epoch-pri70_bs-pri250_lr-pri0.005_mom-pri0.99_dp-pri0.2_seed7,rayleigh-zf-tx1.0-noise1.0_chan-layer2_mcsamples500_norm-spec_seed7_bounds.json
cnn-4,mnist,10.0,rayleigh_zf,0.0 dB,spec,channel_grad,0.001,0.02,1.0,0.24575772881507874,0.3447538,0.24996018409729004,0.5055913329124451,✓,✗,0.022469421088317697,0.35,0.4928435981273651,✓,✗,0.03521714396900316,101.55753326416016,0.038666285348844746,0.02461572177708149,9216.0,0.004687146283686161,0.24996018409729004,0.00437384881079197,0.01198010084033615,0.35,0.012800000000000034,cnn-4_mnist_learnt_gaussian_sig0.03_bounded-pmin1e-05_epoch10_bs250_lr0.001_mon0.95_dp0.2_objective-channel_gradient-chan1.0-rayleigh-zf-tx1.0-noise1.0-spec-kl0.02_perc-pri0.5_epoch-pri70_bs-pri250_lr-pri0.005_mom-pri0.99_dp-pri0.2_seed7,rayleigh-zf-tx1.0-noise1.0_chan-layer2_mcsamples500_norm-spec_seed7_bounds.json
cnn-4,mnist,10.0,rayleigh_zf,0.0 dB,spec,channel_grad,0.001,0.03,1.0,0.2292255461215973,0.321156,0.23318629264831542,0.3442316949367523,✓,✗,0.02315726016792491,0.32809999999999995,0.3316496014595032,✓,✗,0.035739347535365326,61.175533294677734,0.041643250494249454,0.026510916650295258,9216.0,0.0050413827411830425,0.23318629264831542,0.004599058628082275,0.012305075630252111,0.32809999999999995,0.012900000000000023,cnn-4_mnist_learnt_gaussian_sig0.03_bounded-pmin1e-05_epoch10_bs250_lr0.001_mon0.95_dp0.2_objective-channel_gradient-chan1.0-rayleigh-zf-tx1.0-noise1.0-spec-kl0.03_perc-pri0.5_epoch-pri70_bs-pri250_lr-pri0.005_mom-pri0.99_dp-pri0.2_seed7,rayleigh-zf-tx1.0-noise1.0_chan-layer2_mcsamples500_norm-spec_seed7_bounds.json
cnn-4,mnist,10.0,rayleigh_zf,0.0 dB,spec,channel_grad,0.001,0.04,1.0,0.21949568390846252,0.3068476,0.22340357303619385,0.26673632860183716,✓,✗,0.023606988948278382,0.3124,0.25427234172821045,✗,✗,0.03607098313424814,41.545875549316406,0.043953999820519736,0.027981985360383987,9216.0,0.005276009906083345,0.22340357303619385,0.004782990366220474,0.012512134453781527,0.3124,0.012800000000000034,cnn-4_mnist_learnt_gaussian_sig0.03_bounded-pmin1e-05_epoch10_bs250_lr0.001_mon0.95_dp0.2_objective-channel_gradient-chan1.0-rayleigh-zf-tx1.0-noise1.0-spec-kl0.04_perc-pri0.5_epoch-pri70_bs-pri250_lr-pri0.005_mom-pri0.99_dp-pri0.2_seed7,rayleigh-zf-tx1.0-noise1.0_chan-layer2_mcsamples500_norm-spec_seed7_bounds.json
cnn-4,mnist,10.0,rayleigh_zf,0.0 dB,spec,channel_grad,0.001,0.05,1.0,0.21324793994426727,0.2977444,0.21713652610778808,0.22780726850032806,✓,✗,0.023869515189373452,0.3043,0.21545283496379852,✗,✗,0.036223951175686164,31.676925659179688,0.04516177035758191,0.02875087596476078,9216.0,0.005414098966866732,0.21713652610778808,0.004886392876505852,0.012608067226890774,0.3043,0.013000000000000012,cnn-4_mnist_learnt_gaussian_sig0.03_bounded-pmin1e-05_epoch10_bs250_lr0.001_mon0.95_dp0.2_objective-channel_gradient-chan1.0-rayleigh-zf-tx1.0-noise1.0-spec-kl0.05_perc-pri0.5_epoch-pri70_bs-pri250_lr-pri0.005_mom-pri0.99_dp-pri0.2_seed7,rayleigh-zf-tx1.0-noise1.0_chan-layer2_mcsamples500_norm-spec_seed7_bounds.json
cnn-4,mnist,10.0,rayleigh_zf,0.0 dB,spec,channel_grad,0.001,0.06,1.0,0.20920537412166595,0.2919632,0.21305267810821532,0.20325201749801636,✗,✗,0.02406239049269934,0.29779999999999995,0.19094040989875793,✗,✗,0.036373997680093625,25.480358123779297,0.04575386304347603,0.0291278138756752,9216.0,0.00551591906696558,0.21305267810821532,0.004950990900397301,0.01270198319327733,0.29779999999999995,0.012800000000000034,cnn-4_mnist_learnt_gaussian_sig0.03_bounded-pmin1e-05_epoch10_bs250_lr0.001_mon0.95_dp0.2_objective-channel_gradient-chan1.0-rayleigh-zf-tx1.0-noise1.0-spec-kl0.06_perc-pri0.5_epoch-pri70_bs-pri250_lr-pri0.005_mom-pri0.99_dp-pri0.2_seed7,rayleigh-zf-tx1.0-noise1.0_chan-layer2_mcsamples500_norm-spec_seed7_bounds.json
cnn-4,mnist,10.0,rayleigh_zf,0.0 dB,spec,channel_grad,0.001,0.07,1.0,0.2061241865158081,0.28733000000000003,0.2099374532699585,0.18747153878211975,✗,✗,0.024200494845801116,0.29200000000000004,0.17522099614143372,✗,✗,0.03645102943103411,21.529573440551758,0.04602537478731569,0.029300663620233536,9216.0,0.005589002277702093,0.2099374532699585,0.005009311437606812,0.012750521008403381,0.29200000000000004,0.013000000000000012,cnn-4_mnist_learnt_gaussian_sig0.03_bounded-pmin1e-05_epoch10_bs250_lr0.001_mon0.95_dp0.2_objective-channel_gradient-chan1.0-rayleigh-zf-tx1.0-noise1.0-spec-kl0.07_perc-pri0.5_epoch-pri70_bs-pri250_lr-pri0.005_mom-pri0.99_dp-pri0.2_seed7,rayleigh-zf-tx1.0-noise1.0_chan-layer2_mcsamples500_norm-spec_seed7_bounds.json
cnn-4,mnist,10.0,rayleigh_zf,0.0 dB,spec,channel_grad,0.001,0.08,1.0,0.20408068597316742,0.28437880000000004,0.20788583755493165,0.17634624242782593,✗,✗,0.024328657174222237,0.28990000000000005,0.1640985608100891,✗,✗,0.0365763463844959,18.588987350463867,0.046779655348985844,0.029780853539705276,9216.0,0.0056572784669697285,0.20788583755493165,0.005062621459364891,0.012829243697478999,0.28990000000000005,0.013000000000000012,cnn-4_mnist_learnt_gaussian_sig0.03_bounded-pmin1e-05_epoch10_bs250_lr0.001_mon0.95_dp0.2_objective-channel_gradient-chan1.0-rayleigh-zf-tx1.0-noise1.0-spec-kl0.08_perc-pri0.5_epoch-pri70_bs-pri250_lr-pri0.005_mom-pri0.99_dp-pri0.2_seed7,rayleigh-zf-tx1.0-noise1.0_chan-layer2_mcsamples500_norm-spec_seed7_bounds.json
cnn-4,mnist,10.0,rayleigh_zf,0.0 dB,spec,channel_grad,0.001,0.09,1.0,0.20273354649543762,0.28240600000000005,0.2065194368362427,0.16495776176452637,✗,✗,0.024440010475269176,0.2873,0.15270742774009705,✗,✗,0.0366903339435936,15.687390327453613,0.04712288811457966,0.02999936230480671,9216.0,0.0057166460901498795,0.2065194368362427,0.0051037192344665526,0.01290070588235296,0.2873,0.012900000000000023,cnn-4_mnist_learnt_gaussian_sig0.03_bounded-pmin1e-05_epoch10_bs250_lr0.001_mon0.95_dp0.2_objective-channel_gradient-chan1.0-rayleigh-zf-tx1.0-noise1.0-spec-kl0.09_perc-pri0.5_epoch-pri70_bs-pri250_lr-pri0.005_mom-pri0.99_dp-pri0.2_seed7,rayleigh-zf-tx1.0-noise1.0_chan-layer2_mcsamples500_norm-spec_seed7_bounds.json
cnn-4,mnist,10.0,rayleigh_zf,0.0 dB,spec,channel_grad,0.001,0.1,0.01,0.1903398483991623,0.2648011999999999,0.19426188468933106,0.10681804058418139,✗,✓,0.02563258410949365,0.26949999999999996,0.09435416094655051,✗,✓,0.038096463747124526,0.07207304239273071,0.0513263111125911,0.03267534449696541,9216.0,0.006360357161611319,0.19426188468933106,0.005612034723162651,0.013791260504201692,0.26949999999999996,0.013499999999999956,cnn-4_mnist_learnt_gaussian_sig0.03_bounded-pmin1e-05_epoch10_bs250_lr0.001_mon0.95_dp0.2_objective-channel_gradient-chan0.01-rayleigh-zf-tx1.0-noise1.0-spec-kl0.1_perc-pri0.5_epoch-pri70_bs-pri250_lr-pri0.005_mom-pri0.99_dp-pri0.2_seed7,rayleigh-zf-tx1.0-noise1.0_chan-layer2_mcsamples500_norm-spec_seed7_bounds.json
cnn-4,mnist,10.0,rayleigh_zf,0.0 dB,spec,channel_grad,0.001,0.1,0.1,0.1913764625787735,0.26640939999999996,0.1952347993850708,0.10727249407886169,✗,✓,0.025494968202995905,0.2724,0.0948472852249013,✗,✓,0.037920177056956286,0.33443406224250793,0.05088596691905937,0.03239501267671585,9216.0,0.00628525298088789,0.1952347993850708,0.005542640015482903,0.013678991596638676,0.2724,0.013399999999999967,cnn-4_mnist_learnt_gaussian_sig0.03_bounded-pmin1e-05_epoch10_bs250_lr0.001_mon0.95_dp0.2_objective-channel_gradient-chan0.1-rayleigh-zf-tx1.0-noise1.0-spec-kl0.1_perc-pri0.5_epoch-pri70_bs-pri250_lr-pri0.005_mom-pri0.99_dp-pri0.2_seed7,rayleigh-zf-tx1.0-noise1.0_chan-layer2_mcsamples500_norm-spec_seed7_bounds.json
cnn-4,mnist,10.0,rayleigh_zf,0.0 dB,spec,channel_grad,0.001,0.1,1.0,0.2017277330160141,0.2811324,0.2054664373397827,0.15856885848816796,✗,✗,0.024496778602346676,0.2872,0.14633835178610777,✗,✗,0.03672728530440688,14.079019546508789,0.047263187810053696,0.030088679865002632,9216.0,0.005746961571276188,0.2054664373397827,0.005115567892789841,0.012924100840336156,0.2872,0.013000000000000012,cnn-4_mnist_learnt_gaussian_sig0.03_bounded-pmin1e-05_epoch10_bs250_lr0.001_mon0.95_dp0.2_objective-channel_gradient-chan1.0-rayleigh-zf-tx1.0-noise1.0-spec-kl0.1_perc-pri0.5_epoch-pri70_bs-pri250_lr-pri0.005_mom-pri0.99_dp-pri0.2_seed7,rayleigh-zf-tx1.0-noise1.0_chan-layer2_mcsamples500_norm-spec_seed7_bounds.json
cnn-4,mnist,10.0,rayleigh_zf,0.0 dB,spec,channel_grad,0.001,0.25,1.0,0.19405032694339752,0.2703366,0.1977594256401062,0.12639281153678894,✗,✓,0.02521600511263423,0.27659999999999996,0.11409410834312439,✗,✓,0.037514722795608864,5.5094709396362305,0.049284750416250606,0.03137564659118652,9216.0,0.006133685819804668,0.1977594256401062,0.005396152287721634,0.01342151260504203,0.27659999999999996,0.01319999999999999,cnn-4_mnist_learnt_gaussian_sig0.03_bounded-pmin1e-05_epoch10_bs250_lr0.001_mon0.95_dp0.2_objective-channel_gradient-chan1.0-rayleigh-zf-tx1.0-noise1.0-spec-kl0.25_perc-pri0.5_epoch-pri70_bs-pri250_lr-pri0.005_mom-pri0.99_dp-pri0.2_seed7,rayleigh-zf-tx1.0-noise1.0_chan-layer2_mcsamples500_norm-spec_seed7_bounds.json
cnn-4,mnist,10.0,rayleigh_zf,0.0 dB,spec,channel_grad,0.001,0.5,1.0,0.19149301946163177,0.2664795999999999,0.1953175902366638,0.11514437198638916,✗,✓,0.02548381661665208,0.2721,0.10276009142398834,✗,✓,0.037868094891344406,2.4887142181396484,0.05001510934148858,0.03184060752391815,9216.0,0.006279196590185165,0.1953175902366638,0.005546367168426514,0.01364584873949582,0.2721,0.013299999999999979,cnn-4_mnist_learnt_gaussian_sig0.03_bounded-pmin1e-05_epoch10_bs250_lr0.001_mon0.95_dp0.2_objective-channel_gradient-chan1.0-rayleigh-zf-tx1.0-noise1.0-spec-kl0.5_perc-pri0.5_epoch-pri70_bs-pri250_lr-pri0.005_mom-pri0.99_dp-pri0.2_seed7,rayleigh-zf-tx1.0-noise1.0_chan-layer2_mcsamples500_norm-spec_seed7_bounds.json
cnn-4,mnist,10.0,rayleigh_zf,0.0 dB,spec,channel_grad,0.001,1.0,0.01,0.18982097506523132,0.26396479999999994,0.1937650442123413,0.10729845961004475,✗,✓,0.025779570438453928,0.26890000000000003,0.09478657112524261,✗,✓,0.03829145892325607,0.0021729767322540283,0.05189710078541493,0.03303872048854828,9216.0,0.0064406790770590305,0.1937650442123413,0.005679868161678314,0.013915495798319343,0.26890000000000003,0.013499999999999956,cnn-4_mnist_learnt_gaussian_sig0.03_bounded-pmin1e-05_epoch10_bs250_lr0.001_mon0.95_dp0.2_objective-channel_gradient-chan0.01-rayleigh-zf-tx1.0-noise1.0-spec-kl1.0_perc-pri0.5_epoch-pri70_bs-pri250_lr-pri0.005_mom-pri0.99_dp-pri0.2_seed7,rayleigh-zf-tx1.0-noise1.0_chan-layer2_mcsamples500_norm-spec_seed7_bounds.json
cnn-4,mnist,10.0,rayleigh_zf,0.0 dB,spec,channel_grad,0.001,1.0,0.1,0.18993806838989258,0.2641264,0.1938769578933716,0.10724553588611072,✗,✓,0.02576657343246244,0.2692,0.09473282686433412,✗,✓,0.03827928245423905,0.017536669969558716,0.05179363151550452,0.032972849905490875,9216.0,0.00643370533362031,0.1938769578933716,0.005675861984491349,0.013907831932773129,0.2692,0.013499999999999956,cnn-4_mnist_learnt_gaussian_sig0.03_bounded-pmin1e-05_epoch10_bs250_lr0.001_mon0.95_dp0.2_objective-channel_gradient-chan0.1-rayleigh-zf-tx1.0-noise1.0-spec-kl1.0_perc-pri0.5_epoch-pri70_bs-pri250_lr-pri0.005_mom-pri0.99_dp-pri0.2_seed7,rayleigh-zf-tx1.0-noise1.0_chan-layer2_mcsamples500_norm-spec_seed7_bounds.json
cnn-4,mnist,10.0,rayleigh_zf,0.0 dB,spec,channel_grad,0.001,1.0,1.0,0.19120915234088898,0.2659694,0.19513930082321168,0.11074937134981155,✗,✓,0.025663426159705415,0.2711,0.09825830161571503,✗,✓,0.038154497589930364,1.0921311378479004,0.051035237228195474,0.032490041106939316,9216.0,0.00637731421738863,0.19513930082321168,0.005639519914984703,0.013828100840336154,0.2711,0.013399999999999967,cnn-4_mnist_learnt_gaussian_sig0.03_bounded-pmin1e-05_epoch10_bs250_lr0.001_mon0.95_dp0.2_objective-channel_gradient-chan1.0-rayleigh-zf-tx1.0-noise1.0-spec-kl1.0_perc-pri0.5_epoch-pri70_bs-pri250_lr-pri0.005_mom-pri0.99_dp-pri0.2_seed7,rayleigh-zf-tx1.0-noise1.0_chan-layer2_mcsamples500_norm-spec_seed7_bounds.json
cnn-4,mnist,20.0,rayleigh_zf,0.0 dB,spec,vanilla,0.001,1.0,0.0,0.20832686126232147,0.29496579999999994,0.20756938457489013,0.49383811761413576,✓,-,0.022776249901156998,0.28959999999999997,0.4816552399314619,✓,-,0.03495912758383085,108.21305847167969,0.0,0.0,9216.0,0.004844462499022484,0.20756938457489013,0.004822608456015587,0.01182010084033615,0.28959999999999997,0.011299999999999977,cnn-4_mnist_learnt_gaussian_sig0.03_bounded-pmin1e-05_epoch20_bs250_lr0.001_mon0.95_dp0.2_objective-vanilla_perc-pri0.5_epoch-pri70_bs-pri250_lr-pri0.005_mom-pri0.99_dp-pri0.2_seed7,rayleigh-zf-tx1.0-noise1.0_chan-layer2_mcsamples500_norm-spec_seed7_bounds.json
cnn-4,mnist,20.0,rayleigh_zf,0.0 dB,spec,channel_grad,0.001,0.0001,0.0001,0.20821571350097656,0.2943368000000001,0.2110989809036255,0.25126129388809204,✓,✓,0.022795013402146902,0.29579999999999995,0.23907452821731567,✗,✓,0.03498180169182229,37.851619720458984,0.04464989824748249,0.028425008058547974,9216.0,0.00485414732247591,0.2110989809036255,0.005059588700532913,0.011834151260504222,0.29579999999999995,0.012199999999999989,cnn-4_mnist_learnt_gaussian_sig0.03_bounded-pmin1e-05_epoch20_bs250_lr0.001_mon0.95_dp0.2_objective-channel_gradient-chan0.0001-rayleigh-zf-tx1.0-noise1.0-spec-kl0.0001_perc-pri0.5_epoch-pri70_bs-pri250_lr-pri0.005_mom-pri0.99_dp-pri0.2_seed7,rayleigh-zf-tx1.0-noise1.0_chan-layer2_mcsamples500_norm-spec_seed7_bounds.json
cnn-4,mnist,20.0,rayleigh_zf,0.0 dB,spec,channel_grad,0.001,0.0001,0.001,0.20861577987670898,0.2949357999999999,0.2115041732788086,0.25359922647476196,✓,✗,0.02277618176785261,0.29710000000000003,0.24141237139701843,✗,✓,0.034963035986185484,38.45686721801758,0.04453565604883636,0.0283522792160511,9216.0,0.004844393115490675,0.2115041732788086,0.005051080882549286,0.011822655462184898,0.29710000000000003,0.012199999999999989,cnn-4_mnist_learnt_gaussian_sig0.03_bounded-pmin1e-05_epoch20_bs250_lr0.001_mon0.95_dp0.2_objective-channel_gradient-chan0.001-rayleigh-zf-tx1.0-noise1.0-spec-kl0.0001_perc-pri0.5_epoch-pri70_bs-pri250_lr-pri0.005_mom-pri0.99_dp-pri0.2_seed7,rayleigh-zf-tx1.0-noise1.0_chan-layer2_mcsamples500_norm-spec_seed7_bounds.json
cnn-4,mnist,20.0,rayleigh_zf,0.0 dB,spec,channel_grad,0.001,0.0001,0.01,0.21277554333209991,0.3010264,0.21571033000946044,0.27955329418182373,✓,✗,0.022588156081114835,0.3034,0.2673441767692566,✗,✗,0.03479728087191724,45.09144973754883,0.04356991945631662,0.02773747220635414,9216.0,0.004747882019728422,0.21571033000946044,0.004963412508368492,0.011720000000000017,0.3034,0.012299999999999978,cnn-4_mnist_learnt_gaussian_sig0.03_bounded-pmin1e-05_epoch20_bs250_lr0.001_mon0.95_dp0.2_objective-channel_gradient-chan0.01-rayleigh-zf-tx1.0-noise1.0-spec-kl0.0001_perc-pri0.5_epoch-pri70_bs-pri250_lr-pri0.005_mom-pri0.99_dp-pri0.2_seed7,rayleigh-zf-tx1.0-noise1.0_chan-layer2_mcsamples500_norm-spec_seed7_bounds.json
cnn-4,mnist,20.0,rayleigh_zf,0.0 dB,spec,channel_grad,0.001,0.001,0.0001,0.2052111178636551,0.28931280000000004,0.20808467864990235,0.2099904865026474,✓,✓,0.023142163091358824,0.29179999999999995,0.1977994441986084,✗,✓,0.035333212014093764,27.388904571533203,0.04574151601488701,0.029119953513145447,9216.0,0.005033495835959911,0.20808467864990235,0.00515974797308445,0.012052168067226905,0.29179999999999995,0.012299999999999978,cnn-4_mnist_learnt_gaussian_sig0.03_bounded-pmin1e-05_epoch20_bs250_lr0.001_mon0.95_dp0.2_objective-channel_gradient-chan0.0001-rayleigh-zf-tx1.0-noise1.0-spec-kl0.001_perc-pri0.5_epoch-pri70_bs-pri250_lr-pri0.005_mom-pri0.99_dp-pri0.2_seed7,rayleigh-zf-tx1.0-noise1.0_chan-layer2_mcsamples500_norm-spec_seed7_bounds.json
cnn-4,mnist,20.0,rayleigh_zf,0.0 dB,spec,channel_grad,0.001,0.001,0.001,0.20551350712776184,0.28975119999999993,0.20839180946350097,0.21144245564937592,✓,✓,0.0231272382586745,0.2923,0.19925199449062347,✗,✓,0.03531770087740628,27.771703720092773,0.04564623323454818,0.02905929461121559,9216.0,0.005025784485042095,0.20839180946350097,0.0051528789103031155,0.012042554621848752,0.2923,0.012199999999999989,cnn-4_mnist_learnt_gaussian_sig0.03_bounded-pmin1e-05_epoch20_bs250_lr0.001_mon0.95_dp0.2_objective-channel_gradient-chan0.001-rayleigh-zf-tx1.0-noise1.0-spec-kl0.001_perc-pri0.5_epoch-pri70_bs-pri250_lr-pri0.005_mom-pri0.99_dp-pri0.2_seed7,rayleigh-zf-tx1.0-noise1.0_chan-layer2_mcsamples500_norm-spec_seed7_bounds.json
cnn-4,mnist,20.0,rayleigh_zf,0.0 dB,spec,channel_grad,0.001,0.001,0.01,0.2089424580335617,0.29487579999999997,0.21186261177062987,0.2304176390171051,✓,✗,0.022957328258660523,0.29710000000000003,0.21821364760398865,✗,✓,0.03516132404706307,32.651756286621094,0.04485503739806581,0.028555603697896004,9216.0,0.004937782417982817,0.21186261177062987,0.005076918751001358,0.011945613445378167,0.29710000000000003,0.012299999999999978,cnn-4_mnist_learnt_gaussian_sig0.03_bounded-pmin1e-05_epoch20_bs250_lr0.001_mon0.95_dp0.2_objective-channel_gradient-chan0.01-rayleigh-zf-tx1.0-noise1.0-spec-kl0.001_perc-pri0.5_epoch-pri70_bs-pri250_lr-pri0.005_mom-pri0.99_dp-pri0.2_seed7,rayleigh-zf-tx1.0-noise1.0_chan-layer2_mcsamples500_norm-spec_seed7_bounds.json
cnn-4,mnist,20.0,rayleigh_zf,0.0 dB,spec,channel_grad,0.001,0.01,0.0001,0.19460944831371307,0.27178320000000006,0.1970569372177124,0.11843492090702057,✗,✓,0.02467752138379112,0.275,0.10618734359741211,✗,✓,0.036925092352764026,3.4138169288635254,0.05047194939928213,0.032131440937519073,9216.0,0.005843725986778736,0.1970569372177124,0.005637030303478241,0.013048672268907595,0.275,0.012199999999999989,cnn-4_mnist_learnt_gaussian_sig0.03_bounded-pmin1e-05_epoch20_bs250_lr0.001_mon0.95_dp0.2_objective-channel_gradient-chan0.0001-rayleigh-zf-tx1.0-noise1.0-spec-kl0.01_perc-pri0.5_epoch-pri70_bs-pri250_lr-pri0.005_mom-pri0.99_dp-pri0.2_seed7,rayleigh-zf-tx1.0-noise1.0_chan-layer2_mcsamples500_norm-spec_seed7_bounds.json
cnn-4,mnist,20.0,rayleigh_zf,0.0 dB,spec,channel_grad,0.001,0.01,0.001,0.1947029083967209,0.27191360000000003,0.1971554398536682,0.11861006915569305,✗,✓,0.02467018967998039,0.2751,0.10636364668607712,✗,✓,0.03691661558758851,3.4678258895874023,0.050435089715356915,0.03210797533392906,9216.0,0.005839635152369738,0.1971554398536682,0.005633984506130218,0.013043361344537843,0.2751,0.0121,cnn-4_mnist_learnt_gaussian_sig0.03_bounded-pmin1e-05_epoch20_bs250_lr0.001_mon0.95_dp0.2_objective-channel_gradient-chan0.001-rayleigh-zf-tx1.0-noise1.0-spec-kl0.01_perc-pri0.5_epoch-pri70_bs-pri250_lr-pri0.005_mom-pri0.99_dp-pri0.2_seed7,rayleigh-zf-tx1.0-noise1.0_chan-layer2_mcsamples500_norm-spec_seed7_bounds.json
cnn-4,mnist,20.0,rayleigh_zf,0.0 dB,spec,channel_grad,0.001,0.01,0.01,0.19559776782989502,0.2732042,0.19809980392456056,0.12061464279473871,✗,✓,0.02459729142914509,0.2764,0.10837213594051884,✗,✓,0.03683979828336498,4.036391258239746,0.05019531744216502,0.031955331563949585,9216.0,0.005800604820251465,0.19809980392456056,0.005603859573602677,0.012995025210084055,0.2764,0.0121,cnn-4_mnist_learnt_gaussian_sig0.03_bounded-pmin1e-05_epoch20_bs250_lr0.001_mon0.95_dp0.2_objective-channel_gradient-chan0.01-rayleigh-zf-tx1.0-noise1.0-spec-kl0.01_perc-pri0.5_epoch-pri70_bs-pri250_lr-pri0.005_mom-pri0.99_dp-pri0.2_seed7,rayleigh-zf-tx1.0-noise1.0_chan-layer2_mcsamples500_norm-spec_seed7_bounds.json
cnn-4,mnist,20.0,rayleigh_zf,0.0 dB,spec,channel_grad,0.001,0.01,0.1,0.20472057163715363,0.2867971999999999,0.20765333175659179,0.15463922035806044,✗,✓,0.02397282136564574,0.2891,0.14238106599361544,✗,✓,0.036230975730090764,13.313582420349121,0.04695474323638485,0.029892317950725555,9216.0,0.0054686227813363075,0.20765333175659179,0.00534856766462326,0.012612369747899182,0.2891,0.012299999999999978,cnn-4_mnist_learnt_gaussian_sig0.03_bounded-pmin1e-05_epoch20_bs250_lr0.001_mon0.95_dp0.2_objective-channel_gradient-chan0.1-rayleigh-zf-tx1.0-noise1.0-spec-kl0.01_perc-pri0.5_epoch-pri70_bs-pri250_lr-pri0.005_mom-pri0.99_dp-pri0.2_seed7,rayleigh-zf-tx1.0-noise1.0_chan-layer2_mcsamples500_norm-spec_seed7_bounds.json
cnn-4,mnist,20.0,rayleigh_zf,0.0 dB,spec,channel_grad,0.001,0.01,1.0,0.28733330965042114,0.40692779999999995,0.29289889335632324,1.0509628381332907,✓,✗,0.021146895151306126,0.41200000000000003,1.0377920593669463,✓,✗,0.03431767391765046,236.86988830566406,0.032526865823092735,0.02070724591612816,9216.0,0.004023104440420866,0.29289889335632324,0.004146387055516243,0.011424403361344553,0.41200000000000003,0.012399999999999967,cnn-4_mnist_learnt_gaussian_sig0.03_bounded-pmin1e-05_epoch20_bs250_lr0.001_mon0.95_dp0.2_objective-channel_gradient-chan1.0-rayleigh-zf-tx1.0-noise1.0-spec-kl0.01_perc-pri0.5_epoch-pri70_bs-pri250_lr-pri0.005_mom-pri0.99_dp-pri0.2_seed7,rayleigh-zf-tx1.0-noise1.0_chan-layer2_mcsamples500_norm-spec_seed7_bounds.json
cnn-4,mnist,20.0,rayleigh_zf,0.0 dB,spec,channel_grad,0.001,0.02,1.0,0.2438240498304367,0.3437032,0.24921803474426268,0.52107834815979,✓,✗,0.022456616620570025,0.35009999999999997,0.5084177255630493,✓,✗,0.035117238542388726,105.30166625976562,0.038967839578360246,0.024807697162032127,9216.0,0.0046806326135993,0.24921803474426268,0.004741412773728371,0.01191831932773111,0.35009999999999997,0.012299999999999978,cnn-4_mnist_learnt_gaussian_sig0.03_bounded-pmin1e-05_epoch20_bs250_lr0.001_mon0.95_dp0.2_objective-channel_gradient-chan1.0-rayleigh-zf-tx1.0-noise1.0-spec-kl0.02_perc-pri0.5_epoch-pri70_bs-pri250_lr-pri0.005_mom-pri0.99_dp-pri0.2_seed7,rayleigh-zf-tx1.0-noise1.0_chan-layer2_mcsamples500_norm-spec_seed7_bounds.json
cnn-4,mnist,20.0,rayleigh_zf,0.0 dB,spec,channel_grad,0.001,0.03,1.0,0.22638539969921112,0.318197,0.23043630123138428,0.35783371329307556,✓,✗,0.023143790032809308,0.32130000000000003,0.3453407287597656,✓,✗,0.03563676536571639,64.31591033935547,0.042527312370403705,0.027073727920651436,9216.0,0.0050344280898571014,0.23043630123138428,0.004974642023444176,0.012241008403361365,0.32130000000000003,0.011800000000000033,cnn-4_mnist_learnt_gaussian_sig0.03_bounded-pmin1e-05_epoch20_bs250_lr0.001_mon0.95_dp0.2_objective-channel_gradient-chan1.0-rayleigh-zf-tx1.0-noise1.0-spec-kl0.03_perc-pri0.5_epoch-pri70_bs-pri250_lr-pri0.005_mom-pri0.99_dp-pri0.2_seed7,rayleigh-zf-tx1.0-noise1.0_chan-layer2_mcsamples500_norm-spec_seed7_bounds.json
cnn-4,mnist,20.0,rayleigh_zf,0.0 dB,spec,channel_grad,0.001,0.04,1.0,0.21790245175361633,0.305617,0.22100911140441895,0.2763440012931824,✓,✗,0.023534670548996457,0.30710000000000004,0.26397186517715454,✗,✗,0.03590679728665968,43.81435775756836,0.044464821555438246,0.02830718457698822,9216.0,0.0052380939014256,0.22100911140441895,0.00515149012207985,0.012409546218487418,0.30710000000000004,0.011800000000000033,cnn-4_mnist_learnt_gaussian_sig0.03_bounded-pmin1e-05_epoch20_bs250_lr0.001_mon0.95_dp0.2_objective-channel_gradient-chan1.0-rayleigh-zf-tx1.0-noise1.0-spec-kl0.04_perc-pri0.5_epoch-pri70_bs-pri250_lr-pri0.005_mom-pri0.99_dp-pri0.2_seed7,rayleigh-zf-tx1.0-noise1.0_chan-layer2_mcsamples500_norm-spec_seed7_bounds.json
cnn-4,mnist,20.0,rayleigh_zf,0.0 dB,spec,channel_grad,0.001,0.05,1.0,0.21299467980861664,0.29793260000000005,0.2159273624420166,0.232957124710083,✓,✗,0.023849640073335895,0.2995,0.22065064311027527,✗,✗,0.03615611262662786,32.827579498291016,0.04568194599069925,0.029082030057907104,9216.0,0.0054035126231610775,0.2159273624420166,0.005275102704763413,0.012565579831932792,0.2995,0.011700000000000044,cnn-4_mnist_learnt_gaussian_sig0.03_bounded-pmin1e-05_epoch20_bs250_lr0.001_mon0.95_dp0.2_objective-channel_gradient-chan1.0-rayleigh-zf-tx1.0-noise1.0-spec-kl0.05_perc-pri0.5_epoch-pri70_bs-pri250_lr-pri0.005_mom-pri0.99_dp-pri0.2_seed7,rayleigh-zf-tx1.0-noise1.0_chan-layer2_mcsamples500_norm-spec_seed7_bounds.json
cnn-4,mnist,20.0,rayleigh_zf,0.0 dB,spec,channel_grad,0.001,0.06,1.0,0.208984836935997,0.2917055999999999,0.21190450191497803,0.20797210931777954,✗,✗,0.024094828845649178,0.29259999999999997,0.19569161534309387,✗,✓,0.036375321455328916,26.455472946166992,0.04649174429347759,0.029597563669085503,9216.0,0.005533027928322554,0.21190450191497803,0.0053512945771217344,0.012702857142857162,0.29259999999999997,0.011499999999999955,cnn-4_mnist_learnt_gaussian_sig0.03_bounded-pmin1e-05_epoch20_bs250_lr0.001_mon0.95_dp0.2_objective-channel_gradient-chan1.0-rayleigh-zf-tx1.0-noise1.0-spec-kl0.06_perc-pri0.5_epoch-pri70_bs-pri250_lr-pri0.005_mom-pri0.99_dp-pri0.2_seed7,rayleigh-zf-tx1.0-noise1.0_chan-layer2_mcsamples500_norm-spec_seed7_bounds.json
cnn-4,mnist,20.0,rayleigh_zf,0.0 dB,spec,channel_grad,0.001,0.07,1.0,0.2053290456533432,0.28652219999999995,0.20814905166625977,0.189069002866745,✗,✓,0.024282676660826664,0.2895,0.17681315541267395,✗,✓,0.036538527888434424,21.58294677734375,0.04731744451577756,0.03012322075664997,9216.0,0.005632646381855011,0.20814905166625977,0.005437805131077766,0.012805445378151285,0.2895,0.011600000000000055,cnn-4_mnist_learnt_gaussian_sig0.03_bounded-pmin1e-05_epoch20_bs250_lr0.001_mon0.95_dp0.2_objective-channel_gradient-chan1.0-rayleigh-zf-tx1.0-noise1.0-spec-kl0.07_perc-pri0.5_epoch-pri70_bs-pri250_lr-pri0.005_mom-pri0.99_dp-pri0.2_seed7,rayleigh-zf-tx1.0-noise1.0_chan-layer2_mcsamples500_norm-spec_seed7_bounds.json
cnn-4,mnist,20.0,rayleigh_zf,0.0 dB,spec,channel_grad,0.001,0.08,1.0,0.20350375771522522,0.283879,0.20624928474426268,0.17663705348968506,✗,✓,0.024386965733609916,0.2864,0.1643836945295334,✗,✓,0.0366403312888227,18.378673553466797,0.04786508497291506,0.030471859499812126,9216.0,0.005688194185495377,0.20624928474426268,0.005499392375349998,0.012869243697479004,0.2864,0.011800000000000033,cnn-4_mnist_learnt_gaussian_sig0.03_bounded-pmin1e-05_epoch20_bs250_lr0.001_mon0.95_dp0.2_objective-channel_gradient-chan1.0-rayleigh-zf-tx1.0-noise1.0-spec-kl0.08_perc-pri0.5_epoch-pri70_bs-pri250_lr-pri0.005_mom-pri0.99_dp-pri0.2_seed7,rayleigh-zf-tx1.0-noise1.0_chan-layer2_mcsamples500_norm-spec_seed7_bounds.json
cnn-4,mnist,20.0,rayleigh_zf,0.0 dB,spec,channel_grad,0.001,0.09,1.0,0.20156843960285187,0.281045,0.20426781177520753,0.16753266751766205,✗,✓,0.02450852915224243,0.28380000000000005,0.15528708696365356,✗,✓,0.036754107002522476,15.970118522644043,0.04847979144647849,0.030863193795084953,9216.0,0.0057531394995749,0.20426781177520753,0.005546241626143455,0.01294097478991599,0.28380000000000005,0.011900000000000022,cnn-4_mnist_learnt_gaussian_sig0.03_bounded-pmin1e-05_epoch20_bs250_lr0.001_mon0.95_dp0.2_objective-channel_gradient-chan1.0-rayleigh-zf-tx1.0-noise1.0-spec-kl0.09_perc-pri0.5_epoch-pri70_bs-pri250_lr-pri0.005_mom-pri0.99_dp-pri0.2_seed7,rayleigh-zf-tx1.0-noise1.0_chan-layer2_mcsamples500_norm-spec_seed7_bounds.json
cnn-4,mnist,20.0,rayleigh_zf,0.0 dB,spec,channel_grad,0.001,0.1,0.01,0.19028989970684052,0.26466200000000006,0.19260462522506713,0.1079935622355704,✗,✓,0.025611369967292855,0.2669,0.09555062022479813,✗,✓,0.03805431197806512,0.08014976978302002,0.052511011431543235,0.033429548144340515,9216.0,0.006348870228976011,0.19260462522506713,0.005950742214918136,0.01376443697478994,0.2669,0.012800000000000034,cnn-4_mnist_learnt_gaussian_sig0.03_bounded-pmin1e-05_epoch20_bs250_lr0.001_mon0.95_dp0.2_objective-channel_gradient-chan0.01-rayleigh-zf-tx1.0-noise1.0-spec-kl0.1_perc-pri0.5_epoch-pri70_bs-pri250_lr-pri0.005_mom-pri0.99_dp-pri0.2_seed7,rayleigh-zf-tx1.0-noise1.0_chan-layer2_mcsamples500_norm-spec_seed7_bounds.json
cnn-4,mnist,20.0,rayleigh_zf,0.0 dB,spec,channel_grad,0.001,0.1,0.1,0.19117896258831024,0.2659582000000001,0.1935044765472412,0.1084357329391625,✗,✓,0.025502374455603993,0.2679,0.09601548149378217,✗,✓,0.037922625900984316,0.32130295038223267,0.05210036447502062,0.03316812217235565,9216.0,0.006289422977715731,0.1935044765472412,0.0059073098003864285,0.01368053781512607,0.2679,0.012499999999999956,cnn-4_mnist_learnt_gaussian_sig0.03_bounded-pmin1e-05_epoch20_bs250_lr0.001_mon0.95_dp0.2_objective-channel_gradient-chan0.1-rayleigh-zf-tx1.0-noise1.0-spec-kl0.1_perc-pri0.5_epoch-pri70_bs-pri250_lr-pri0.005_mom-pri0.99_dp-pri0.2_seed7,rayleigh-zf-tx1.0-noise1.0_chan-layer2_mcsamples500_norm-spec_seed7_bounds.json
cnn-4,mnist,20.0,rayleigh_zf,0.0 dB,spec,channel_grad,0.001,0.1,1.0,0.2000804990530014,0.2788706000000001,0.2026850700378418,0.16056850773637552,✗,✓,0.02460517559719513,0.28200000000000003,0.1483195778468653,✗,✓,0.03685410548670534,14.109435081481934,0.049011845974399476,0.031201910227537155,9216.0,0.005804775282740593,0.2026850700378418,0.00558631531894207,0.01300389915966389,0.28200000000000003,0.01200000000000001,cnn-4_mnist_learnt_gaussian_sig0.03_bounded-pmin1e-05_epoch20_bs250_lr0.001_mon0.95_dp0.2_objective-channel_gradient-chan1.0-rayleigh-zf-tx1.0-noise1.0-spec-kl0.1_perc-pri0.5_epoch-pri70_bs-pri250_lr-pri0.005_mom-pri0.99_dp-pri0.2_seed7,rayleigh-zf-tx1.0-noise1.0_chan-layer2_mcsamples500_norm-spec_seed7_bounds.json
cnn-4,mnist,20.0,rayleigh_zf,0.0 dB,spec,channel_grad,0.001,0.25,1.0,0.192899689078331,0.26799579999999995,0.1952952265739441,0.1256335973739624,✗,✓,0.02522835603197104,0.26959999999999995,0.11330612003803253,✗,✓,0.037555825019684796,4.823662281036377,0.05128422003361443,0.03264854848384857,9216.0,0.006140480283647776,0.1952952265739441,0.005783609673380851,0.01344773109243699,0.26959999999999995,0.012399999999999967,cnn-4_mnist_learnt_gaussian_sig0.03_bounded-pmin1e-05_epoch20_bs250_lr0.001_mon0.95_dp0.2_objective-channel_gradient-chan1.0-rayleigh-zf-tx1.0-noise1.0-spec-kl0.25_perc-pri0.5_epoch-pri70_bs-pri250_lr-pri0.005_mom-pri0.99_dp-pri0.2_seed7,rayleigh-zf-tx1.0-noise1.0_chan-layer2_mcsamples500_norm-spec_seed7_bounds.json
cnn-4,mnist,20.0,rayleigh_zf,0.0 dB,spec,channel_grad,0.001,0.5,1.0,0.19110433757305145,0.26550719999999994,0.19345202445983886,0.11647436022758484,✗,✓,0.025490825160160404,0.26780000000000004,0.10403739660978317,✗,✓,0.03792778587794336,2.301776885986328,0.052048577175014564,0.033135153353214264,9216.0,0.006282960996031761,0.19345202445983886,0.005876639857888222,0.013683899159663893,0.26780000000000004,0.012399999999999967,cnn-4_mnist_learnt_gaussian_sig0.03_bounded-pmin1e-05_epoch20_bs250_lr0.001_mon0.95_dp0.2_objective-channel_gradient-chan1.0-rayleigh-zf-tx1.0-noise1.0-spec-kl0.5_perc-pri0.5_epoch-pri70_bs-pri250_lr-pri0.005_mom-pri0.99_dp-pri0.2_seed7,rayleigh-zf-tx1.0-noise1.0_chan-layer2_mcsamples500_norm-spec_seed7_bounds.json
cnn-4,mnist,20.0,rayleigh_zf,0.0 dB,spec,channel_grad,0.001,1.0,0.01,0.18974587321281433,0.2637538,0.19206196069717407,0.10818002688562667,✗,✓,0.025763469092858537,0.26580000000000004,0.09568902564359288,✗,✓,0.03825447033489232,0.002836942672729492,0.05281294601975934,0.03362176567316055,9216.0,0.0064319889061152935,0.19206196069717407,0.006006897985935211,0.0138920336134454,0.26580000000000004,0.01319999999999999,cnn-4_mnist_learnt_gaussian_sig0.03_bounded-pmin1e-05_epoch20_bs250_lr0.001_mon0.95_dp0.2_objective-channel_gradient-chan0.01-rayleigh-zf-tx1.0-noise1.0-spec-kl1.0_perc-pri0.5_epoch-pri70_bs-pri250_lr-pri0.005_mom-pri0.99_dp-pri0.2_seed7,rayleigh-zf-tx1.0-noise1.0_chan-layer2_mcsamples500_norm-spec_seed7_bounds.json
cnn-4,mnist,20.0,rayleigh_zf,0.0 dB,spec,channel_grad,0.001,1.0,0.1,0.18977229297161102,0.2637652,0.1920864224433899,0.1082493490125701,✗,✓,0.02575111515325747,0.26580000000000004,0.09576001763158432,✗,✓,0.03824044653424326,0.019617438316345215,0.05282778586075543,0.03363121300935745,9216.0,0.006425187923014164,0.1920864224433899,0.006000544875860214,0.013882957983193294,0.26580000000000004,0.0131,cnn-4_mnist_learnt_gaussian_sig0.03_bounded-pmin1e-05_epoch20_bs250_lr0.001_mon0.95_dp0.2_objective-channel_gradient-chan0.1-rayleigh-zf-tx1.0-noise1.0-spec-kl1.0_perc-pri0.5_epoch-pri70_bs-pri250_lr-pri0.005_mom-pri0.99_dp-pri0.2_seed7,rayleigh-zf-tx1.0-noise1.0_chan-layer2_mcsamples500_norm-spec_seed7_bounds.json
cnn-4,mnist,20.0,rayleigh_zf,0.0 dB,spec,channel_grad,0.001,1.0,1.0,0.1901402473449707,0.26409160000000004,0.19245294332504273,0.11187911033630371,✗,✓,0.025628421722342778,0.2662,0.09940280020236969,✗,✓,0.03810473888280562,1.0140466690063477,0.05253351696327468,0.0334438756108284,9216.0,0.006358045153319836,0.19245294332504273,0.005950815603137016,0.013796369747899181,0.2662,0.012800000000000034,cnn-4_mnist_learnt_gaussian_sig0.03_bounded-pmin1e-05_epoch20_bs250_lr0.001_mon0.95_dp0.2_objective-channel_gradient-chan1.0-rayleigh-zf-tx1.0-noise1.0-spec-kl1.0_perc-pri0.5_epoch-pri70_bs-pri250_lr-pri0.005_mom-pri0.99_dp-pri0.2_seed7,rayleigh-zf-tx1.0-noise1.0_chan-layer2_mcsamples500_norm-spec_seed7_bounds.json
cnn-4,mnist,30.0,rayleigh_zf,0.0 dB,spec,vanilla,0.001,1.0,0.0,0.21578676998615265,0.30732240000000005,0.21749451160430908,0.5268827676773071,✓,-,0.02195039655370499,0.3106,0.514667272567749,✓,-,0.03416590589954316,70.30809783935547,0.18858420783778712,0.12005643546581268,9216.0,0.004423805046826601,0.21749451160430908,0.004632202908396721,0.011331294117647075,0.3106,0.012499999999999956,cnn-4_mnist_learnt_gaussian_sig0.03_bounded-pmin1e-05_epoch30_bs250_lr0.001_mon0.95_dp0.2_objective-vanilla_perc-pri0.5_epoch-pri70_bs-pri250_lr-pri0.005_mom-pri0.99_dp-pri0.2_seed7,rayleigh-zf-tx1.0-noise1.0_chan-layer2_mcsamples500_norm-spec_seed7_bounds.json
cnn-4,mnist,30.0,rayleigh_zf,0.0 dB,spec,channel_grad,0.001,0.0001,0.0001,0.21524789929389954,0.30648339999999996,0.21318213939666747,0.3645576238632202,✓,✓,0.02204456356802457,0.30910000000000004,0.35231706500053406,✓,✓,0.034285102076532084,66.5497817993164,0.041483125332965186,0.026408977806568146,9216.0,0.004471338354051113,0.21318213939666747,0.004601732641458511,0.011404571428571441,0.30910000000000004,0.011099999999999999,cnn-4_mnist_learnt_gaussian_sig0.03_bounded-pmin1e-05_epoch30_bs250_lr0.001_mon0.95_dp0.2_objective-channel_gradient-chan0.0001-rayleigh-zf-tx1.0-noise1.0-spec-kl0.0001_perc-pri0.5_epoch-pri70_bs-pri250_lr-pri0.005_mom-pri0.99_dp-pri0.2_seed7,rayleigh-zf-tx1.0-noise1.0_chan-layer2_mcsamples500_norm-spec_seed7_bounds.json
cnn-4,mnist,30.0,rayleigh_zf,0.0 dB,spec,channel_grad,0.001,0.0001,0.001,0.21582822501659393,0.30732839999999995,0.21378567218780517,0.36876457929611206,✓,✗,0.022021634358080786,0.31000000000000005,0.35652756690979004,✓,✗,0.03425864174000825,67.61518096923828,0.041367072041736924,0.0263350959867239,9216.0,0.004459836520254612,0.21378567218780517,0.004591361433267593,0.011388100840336153,0.31000000000000005,0.011099999999999999,cnn-4_mnist_learnt_gaussian_sig0.03_bounded-pmin1e-05_epoch30_bs250_lr0.001_mon0.95_dp0.2_objective-channel_gradient-chan0.001-rayleigh-zf-tx1.0-noise1.0-spec-kl0.0001_perc-pri0.5_epoch-pri70_bs-pri250_lr-pri0.005_mom-pri0.99_dp-pri0.2_seed7,rayleigh-zf-tx1.0-noise1.0_chan-layer2_mcsamples500_norm-spec_seed7_bounds.json
cnn-4,mnist,30.0,rayleigh_zf,0.0 dB,spec,channel_grad,0.001,0.0001,0.01,0.22196371853351593,0.31625580000000003,0.2203897476196289,0.4166064670535459,✓,✗,0.02179001407445133,0.3187,0.40434931872155344,✓,✗,0.034047162406443794,79.724609375,0.039983921033659886,0.025454554706811905,9216.0,0.004343188367784023,0.2203897476196289,0.004483962059020996,0.011258487394957994,0.3187,0.011099999999999999,cnn-4_mnist_learnt_gaussian_sig0.03_bounded-pmin1e-05_epoch30_bs250_lr0.001_mon0.95_dp0.2_objective-channel_gradient-chan0.01-rayleigh-zf-tx1.0-noise1.0-spec-kl0.0001_perc-pri0.5_epoch-pri70_bs-pri250_lr-pri0.005_mom-pri0.99_dp-pri0.2_seed7,rayleigh-zf-tx1.0-noise1.0_chan-layer2_mcsamples500_norm-spec_seed7_bounds.json
cnn-4,mnist,30.0,rayleigh_zf,0.0 dB,spec,channel_grad,0.001,0.0001,0.1,0.28045767545700073,0.40104320000000004,0.27877957820892335,1.1316273212432861,✓,✗,0.02022213289360396,0.39770000000000005,1.1191037893295288,✓,✗,0.03274564133468636,257.6043395996094,0.030115382883720274,0.019172048196196556,9216.0,0.0035728616639971733,0.27877957820892335,0.0037825852632522583,0.010465747899159676,0.39770000000000005,0.01100000000000001,cnn-4_mnist_learnt_gaussian_sig0.03_bounded-pmin1e-05_epoch30_bs250_lr0.001_mon0.95_dp0.2_objective-channel_gradient-chan0.1-rayleigh-zf-tx1.0-noise1.0-spec-kl0.0001_perc-pri0.5_epoch-pri70_bs-pri250_lr-pri0.005_mom-pri0.99_dp-pri0.2_seed7,rayleigh-zf-tx1.0-noise1.0_chan-layer2_mcsamples500_norm-spec_seed7_bounds.json
cnn-4,mnist,30.0,rayleigh_zf,0.0 dB,spec,channel_grad,0.001,0.0001,1.0,0.43543797731399536,0.6087516000000002,0.43248510360717773,6.549873352050781,✓,✗,0.018715039995812543,0.6068,6.538801670074463,✓,✗,0.029786771008601075,1588.9088134765625,0.016292874137891617,0.010372365824878216,9216.0,0.0028670288156718016,0.43248510360717773,0.003387052193284035,0.00870810084033615,0.6068,0.012199999999999989,cnn-4_mnist_learnt_gaussian_sig0.03_bounded-pmin1e-05_epoch30_bs250_lr0.001_mon0.95_dp0.2_objective-channel_gradient-chan1.0-rayleigh-zf-tx1.0-noise1.0-spec-kl0.0001_perc-pri0.5_epoch-pri70_bs-pri250_lr-pri0.005_mom-pri0.99_dp-pri0.2_seed7,rayleigh-zf-tx1.0-noise1.0_chan-layer2_mcsamples500_norm-spec_seed7_bounds.json
cnn-4,mnist,30.0,rayleigh_zf,0.0 dB,spec,channel_grad,0.001,0.001,0.0001,0.20953133702278137,0.2967622,0.20731570720672607,0.26345857977867126,✓,✓,0.02266841679725503,0.2984,0.25122708082199097,✗,✓,0.034899917242307545,41.15808868408203,0.043430436069130815,0.027648674324154854,9216.0,0.004789017606526613,0.20731570720672607,0.004791772738099098,0.011783596638655476,0.2984,0.01100000000000001,cnn-4_mnist_learnt_gaussian_sig0.03_bounded-pmin1e-05_epoch30_bs250_lr0.001_mon0.95_dp0.2_objective-channel_gradient-chan0.0001-rayleigh-zf-tx1.0-noise1.0-spec-kl0.001_perc-pri0.5_epoch-pri70_bs-pri250_lr-pri0.005_mom-pri0.99_dp-pri0.2_seed7,rayleigh-zf-tx1.0-noise1.0_chan-layer2_mcsamples500_norm-spec_seed7_bounds.json
cnn-4,mnist,30.0,rayleigh_zf,0.0 dB,spec,channel_grad,0.001,0.001,0.001,0.20992985367774963,0.2973478,0.20771219730377197,0.2658131420612335,✓,✓,0.0226504399490147,0.29879999999999995,0.253581166267395,✗,✓,0.03488240985415327,41.751365661621094,0.04338046863921537,0.027616864070296288,9216.0,0.004779893439263105,0.20771219730377197,0.004783306643366814,0.011772907563025226,0.29879999999999995,0.01100000000000001,cnn-4_mnist_learnt_gaussian_sig0.03_bounded-pmin1e-05_epoch30_bs250_lr0.001_mon0.95_dp0.2_objective-channel_gradient-chan0.001-rayleigh-zf-tx1.0-noise1.0-spec-kl0.001_perc-pri0.5_epoch-pri70_bs-pri250_lr-pri0.005_mom-pri0.99_dp-pri0.2_seed7,rayleigh-zf-tx1.0-noise1.0_chan-layer2_mcsamples500_norm-spec_seed7_bounds.json
cnn-4,mnist,30.0,rayleigh_zf,0.0 dB,spec,channel_grad,0.001,0.001,0.01,0.21451270580291748,0.3041139999999999,0.21238059997558595,0.29510691315028703,✓,✓,0.0224496580823996,0.30589999999999995,0.2828620749267149,✗,✓,0.034694496305971746,49.270904541015625,0.04216376259852503,0.026842284947633743,9216.0,0.004677171818912029,0.21238059997558595,0.004689358919858932,0.01165673949579833,0.30589999999999995,0.01100000000000001,cnn-4_mnist_learnt_gaussian_sig0.03_bounded-pmin1e-05_epoch30_bs250_lr0.001_mon0.95_dp0.2_objective-channel_gradient-chan0.01-rayleigh-zf-tx1.0-noise1.0-spec-kl0.001_perc-pri0.5_epoch-pri70_bs-pri250_lr-pri0.005_mom-pri0.99_dp-pri0.2_seed7,rayleigh-zf-tx1.0-noise1.0_chan-layer2_mcsamples500_norm-spec_seed7_bounds.json
cnn-4,mnist,30.0,rayleigh_zf,0.0 dB,spec,channel_grad,0.001,0.001,0.1,0.2588469386100769,0.36826659999999994,0.2579366207122803,0.743466854095459,✓,✗,0.021006162297402167,0.36760000000000004,0.7309721112251282,✓,✗,0.03350090121089053,161.5061492919922,0.033518932015203125,0.02133881486952305,9216.0,0.003953848499804735,0.2579366207122803,0.004061304032802582,0.010924302521008417,0.36760000000000004,0.011199999999999988,cnn-4_mnist_learnt_gaussian_sig0.03_bounded-pmin1e-05_epoch30_bs250_lr0.001_mon0.95_dp0.2_objective-channel_gradient-chan0.1-rayleigh-zf-tx1.0-noise1.0-spec-kl0.001_perc-pri0.5_epoch-pri70_bs-pri250_lr-pri0.005_mom-pri0.99_dp-pri0.2_seed7,rayleigh-zf-tx1.0-noise1.0_chan-layer2_mcsamples500_norm-spec_seed7_bounds.json
cnn-4,mnist,30.0,rayleigh_zf,0.0 dB,spec,channel_grad,0.001,0.001,1.0,0.41938886046409607,0.590468,0.4165761470794678,4.833481788635254,✓,✗,0.019000406406914618,0.5873999999999999,4.821324348449707,✓,✗,0.031157950414139407,1167.783935546875,0.0177652104837531,0.011309684254229069,9216.0,0.002997827250510454,0.4165761470794678,0.0034166693687438963,0.009514554621848756,0.5873999999999999,0.0121,cnn-4_mnist_learnt_gaussian_sig0.03_bounded-pmin1e-05_epoch30_bs250_lr0.001_mon0.95_dp0.2_objective-channel_gradient-chan1.0-rayleigh-zf-tx1.0-noise1.0-spec-kl0.001_perc-pri0.5_epoch-pri70_bs-pri250_lr-pri0.005_mom-pri0.99_dp-pri0.2_seed7,rayleigh-zf-tx1.0-noise1.0_chan-layer2_mcsamples500_norm-spec_seed7_bounds.json
cnn-4,mnist,30.0,rayleigh_zf,0.0 dB,spec,channel_grad,0.001,0.005,0.01,0.2005782127380371,0.28136580000000005,0.19807425737380982,0.14392484724521637,✗,✓,0.023985259967528278,0.28169999999999995,0.13168251514434814,✗,✓,0.036227594693765235,10.736242294311523,0.04676569911050963,0.029771968722343445,9216.0,0.005475015379488468,0.19807425737380982,0.0051803294569253925,0.012610352941176472,0.28169999999999995,0.011199999999999988,cnn-4_mnist_learnt_gaussian_sig0.03_bounded-pmin1e-05_epoch30_bs250_lr0.001_mon0.95_dp0.2_objective-channel_gradient-chan0.01-rayleigh-zf-tx1.0-noise1.0-spec-kl0.005_perc-pri0.5_epoch-pri70_bs-pri250_lr-pri0.005_mom-pri0.99_dp-pri0.2_seed7,rayleigh-zf-tx1.0-noise1.0_chan-layer2_mcsamples500_norm-spec_seed7_bounds.json
cnn-4,mnist,30.0,rayleigh_zf,0.0 dB,spec,channel_grad,0.001,0.005,0.1,0.2184574156999588,0.3072046,0.21653807163238525,0.2420966923236847,✓,✗,0.023063859095267147,0.3086,0.22980546951293945,✗,✓,0.03535508262847328,36.1063117980957,0.04223717182774265,0.026889018714427948,9216.0,0.004992883652448654,0.21653807163238525,0.004796097427606583,0.012065882352941183,0.3086,0.011199999999999988,cnn-4_mnist_learnt_gaussian_sig0.03_bounded-pmin1e-05_epoch30_bs250_lr0.001_mon0.95_dp0.2_objective-channel_gradient-chan0.1-rayleigh-zf-tx1.0-noise1.0-spec-kl0.005_perc-pri0.5_epoch-pri70_bs-pri250_lr-pri0.005_mom-pri0.99_dp-pri0.2_seed7,rayleigh-zf-tx1.0-noise1.0_chan-layer2_mcsamples500_norm-spec_seed7_bounds.json
cnn-4,mnist,30.0,rayleigh_zf,0.0 dB,spec,channel_grad,0.001,0.005,1.0,0.351058691740036,0.49798940000000014,0.3474487066268921,2.094092845916748,✓,✗,0.019929484458929683,0.4931,2.0802536010742188,✓,✗,0.033768847085566614,494.46148681640625,0.024592712065170344,0.015656206756830215,9216.0,0.003433029633015394,0.3474487066268921,0.0035699017345905302,0.011088000000000016,0.4931,0.0121,cnn-4_mnist_learnt_gaussian_sig0.03_bounded-pmin1e-05_epoch30_bs250_lr0.001_mon0.95_dp0.2_objective-channel_gradient-chan1.0-rayleigh-zf-tx1.0-noise1.0-spec-kl0.005_perc-pri0.5_epoch-pri70_bs-pri250_lr-pri0.005_mom-pri0.99_dp-pri0.2_seed7,rayleigh-zf-tx1.0-noise1.0_chan-layer2_mcsamples500_norm-spec_seed7_bounds.json
cnn-4,mnist,30.0,rayleigh_zf,0.0 dB,spec,channel_grad,0.001,0.01,0.0001,0.19483472406864166,0.27224220000000005,0.19189590215682983,0.11556625366210938,✗,✓,0.02472151621435852,0.2714,0.1033012866973877,✗,✓,0.036986473687899896,3.1977813243865967,0.048423861162471944,0.030827587470412254,9216.0,0.005867309868335724,0.19189590215682983,0.005416857078671455,0.013087462184873968,0.2714,0.011900000000000022,cnn-4_mnist_learnt_gaussian_sig0.03_bounded-pmin1e-05_epoch30_bs250_lr0.001_mon0.95_dp0.2_objective-channel_gradient-chan0.0001-rayleigh-zf-tx1.0-noise1.0-spec-kl0.01_perc-pri0.5_epoch-pri70_bs-pri250_lr-pri0.005_mom-pri0.99_dp-pri0.2_seed7,rayleigh-zf-tx1.0-noise1.0_chan-layer2_mcsamples500_norm-spec_seed7_bounds.json
cnn-4,mnist,30.0,rayleigh_zf,0.0 dB,spec,channel_grad,0.001,0.01,0.001,0.1949351280927658,0.2723778,0.19200395345687865,0.1160276010632515,✗,✓,0.024713304053639567,0.27149999999999996,0.1037631630897522,✗,✓,0.03697773478220992,3.2530527114868164,0.04866830307017286,0.030983204022049904,9216.0,0.0058628045953810215,0.19200395345687865,0.005413535237312317,0.013081882352941193,0.27149999999999996,0.011900000000000022,cnn-4_mnist_learnt_gaussian_sig0.03_bounded-pmin1e-05_epoch30_bs250_lr0.001_mon0.95_dp0.2_objective-channel_gradient-chan0.001-rayleigh-zf-tx1.0-noise1.0-spec-kl0.01_perc-pri0.5_epoch-pri70_bs-pri250_lr-pri0.005_mom-pri0.99_dp-pri0.2_seed7,rayleigh-zf-tx1.0-noise1.0_chan-layer2_mcsamples500_norm-spec_seed7_bounds.json
cnn-4,mnist,30.0,rayleigh_zf,0.0 dB,spec,channel_grad,0.001,0.01,0.01,0.1959153264760971,0.27375080000000007,0.19305820465087892,0.11785226100507704,✗,✓,0.024638218489475897,0.2732,0.10559088314488277,✗,✓,0.03689959634967016,3.806285858154297,0.048312538948312035,0.030756717547774315,9216.0,0.005822509527206421,0.19305820465087892,0.005383234098553657,0.013032672268907577,0.2732,0.011800000000000033,cnn-4_mnist_learnt_gaussian_sig0.03_bounded-pmin1e-05_epoch30_bs250_lr0.001_mon0.95_dp0.2_objective-channel_gradient-chan0.01-rayleigh-zf-tx1.0-noise1.0-spec-kl0.01_perc-pri0.5_epoch-pri70_bs-pri250_lr-pri0.005_mom-pri0.99_dp-pri0.2_seed7,rayleigh-zf-tx1.0-noise1.0_chan-layer2_mcsamples500_norm-spec_seed7_bounds.json
cnn-4,mnist,30.0,rayleigh_zf,0.0 dB,spec,channel_grad,0.001,0.01,0.1,0.20553849637508392,0.2874432,0.20322492122650146,0.1513463293713833,✗,✓,0.024003358109699443,0.28569999999999995,0.1390716091612824,✗,✓,0.03627807831980033,12.824708938598633,0.04561056729177565,0.029036588966846466,9216.0,0.005484758876264095,0.20322492122650146,0.0051341034471988675,0.012641815126050433,0.28569999999999995,0.011700000000000044,cnn-4_mnist_learnt_gaussian_sig0.03_bounded-pmin1e-05_epoch30_bs250_lr0.001_mon0.95_dp0.2_objective-channel_gradient-chan0.1-rayleigh-zf-tx1.0-noise1.0-spec-kl0.01_perc-pri0.5_epoch-pri70_bs-pri250_lr-pri0.005_mom-pri0.99_dp-pri0.2_seed7,rayleigh-zf-tx1.0-noise1.0_chan-layer2_mcsamples500_norm-spec_seed7_bounds.json
cnn-4,mnist,30.0,rayleigh_zf,0.0 dB,spec,channel_grad,0.001,0.01,1.0,0.28800463676452637,0.4076460000000001,0.28595309257507323,1.0401322763952312,✓,✗,0.02113404547590291,0.40349999999999997,1.0268703866562447,✓,✗,0.034395935214889296,234.61016845703125,0.0308433104391105,0.019635461270809174,9216.0,0.0040167951956391335,0.28595309257507323,0.004006335139274597,0.011472672268907571,0.40349999999999997,0.011900000000000022,cnn-4_mnist_learnt_gaussian_sig0.03_bounded-pmin1e-05_epoch30_bs250_lr0.001_mon0.95_dp0.2_objective-channel_gradient-chan1.0-rayleigh-zf-tx1.0-noise1.0-spec-kl0.01_perc-pri0.5_epoch-pri70_bs-pri250_lr-pri0.005_mom-pri0.99_dp-pri0.2_seed7,rayleigh-zf-tx1.0-noise1.0_chan-layer2_mcsamples500_norm-spec_seed7_bounds.json
cnn-4,mnist,30.0,rayleigh_zf,0.0 dB,spec,channel_grad,0.001,0.1,0.01,0.19064025580883026,0.26529820000000004,0.18732521533966065,0.10633164000077246,✗,✓,0.025628449576797187,0.26359999999999995,0.09388969728640763,✗,✓,0.03807039229116202,0.07570195198059082,0.050851167023789764,0.0323728583753109,9216.0,0.0063580735586583614,0.18732521533966065,0.005648218840360641,0.013774655462184884,0.26359999999999995,0.01200000000000001,cnn-4_mnist_learnt_gaussian_sig0.03_bounded-pmin1e-05_epoch30_bs250_lr0.001_mon0.95_dp0.2_objective-channel_gradient-chan0.01-rayleigh-zf-tx1.0-noise1.0-spec-kl0.1_perc-pri0.5_epoch-pri70_bs-pri250_lr-pri0.005_mom-pri0.99_dp-pri0.2_seed7,rayleigh-zf-tx1.0-noise1.0_chan-layer2_mcsamples500_norm-spec_seed7_bounds.json
cnn-4,mnist,30.0,rayleigh_zf,0.0 dB,spec,channel_grad,0.001,0.1,0.1,0.19174033403396606,0.2668671999999999,0.18850250244140626,0.10679885324223418,✗,✓,0.02549301358761367,0.26549999999999996,0.09439524902682372,✗,✓,0.03789661780302413,0.3544566333293915,0.0503541435321949,0.03205644339323044,9216.0,0.006284226197749376,0.18850250244140626,0.005607239902019501,0.013664000000000011,0.26549999999999996,0.01200000000000001,cnn-4_mnist_learnt_gaussian_sig0.03_bounded-pmin1e-05_epoch30_bs250_lr0.001_mon0.95_dp0.2_objective-channel_gradient-chan0.1-rayleigh-zf-tx1.0-noise1.0-spec-kl0.1_perc-pri0.5_epoch-pri70_bs-pri250_lr-pri0.005_mom-pri0.99_dp-pri0.2_seed7,rayleigh-zf-tx1.0-noise1.0_chan-layer2_mcsamples500_norm-spec_seed7_bounds.json
cnn-4,mnist,30.0,rayleigh_zf,0.0 dB,spec,channel_grad,0.001,0.1,1.0,0.20259006321430206,0.28301080000000006,0.20010011196136473,0.15463884672921147,✗,✓,0.024619219971893005,0.2813,0.14226092897734377,✗,✓,0.03699713772376069,13.057150840759277,0.04723508515375097,0.03007078915834427,9216.0,0.005812325514853001,0.20010011196136473,0.005279907211661339,0.013094050420168084,0.2813,0.011399999999999966,cnn-4_mnist_learnt_gaussian_sig0.03_bounded-pmin1e-05_epoch30_bs250_lr0.001_mon0.95_dp0.2_objective-channel_gradient-chan1.0-rayleigh-zf-tx1.0-noise1.0-spec-kl0.1_perc-pri0.5_epoch-pri70_bs-pri250_lr-pri0.005_mom-pri0.99_dp-pri0.2_seed7,rayleigh-zf-tx1.0-noise1.0_chan-layer2_mcsamples500_norm-spec_seed7_bounds.json
cnn-4,mnist,30.0,rayleigh_zf,0.0 dB,spec,channel_grad,0.001,1.0,0.01,0.19007275998592377,0.2643372,0.18670389652252198,0.10650132537503296,✗,✓,0.02577885513223605,0.2621,0.0940243220358096,✗,✓,0.03825585847145943,0.0024818480014801025,0.05113430604052344,0.032553110271692276,9216.0,0.006440432742238045,0.18670389652252198,0.005681774765253067,0.013892974789915987,0.2621,0.01200000000000001,cnn-4_mnist_learnt_gaussian_sig0.03_bounded-pmin1e-05_epoch30_bs250_lr0.001_mon0.95_dp0.2_objective-channel_gradient-chan0.01-rayleigh-zf-tx1.0-noise1.0-spec-kl1.0_perc-pri0.5_epoch-pri70_bs-pri250_lr-pri0.005_mom-pri0.99_dp-pri0.2_seed7,rayleigh-zf-tx1.0-noise1.0_chan-layer2_mcsamples500_norm-spec_seed7_bounds.json
cnn-4,mnist,30.0,rayleigh_zf,0.0 dB,spec,channel_grad,0.001,1.0,0.1,0.19016385078430176,0.26446939999999997,0.18680914640426635,0.10652936112473316,✗,✓,0.025767570465622423,0.2623,0.0940560260915962,✗,✓,0.03824090549875939,0.02123221755027771,0.05110074669978506,0.0325317457318306,9216.0,0.0064342389814555645,0.18680914640426635,0.005675943940877915,0.013883428571428585,0.2623,0.01200000000000001,cnn-4_mnist_learnt_gaussian_sig0.03_bounded-pmin1e-05_epoch30_bs250_lr0.001_mon0.95_dp0.2_objective-channel_gradient-chan0.1-rayleigh-zf-tx1.0-noise1.0-spec-kl1.0_perc-pri0.5_epoch-pri70_bs-pri250_lr-pri0.005_mom-pri0.99_dp-pri0.2_seed7,rayleigh-zf-tx1.0-noise1.0_chan-layer2_mcsamples500_norm-spec_seed7_bounds.json
cnn-4,mnist,30.0,rayleigh_zf,0.0 dB,spec,channel_grad,0.001,1.0,1.0,0.1911860555410385,0.26597999999999994,0.18796629905700685,0.11032352615159281,✗,✓,0.025681395086428346,0.264,0.0978562500078955,✗,✓,0.038148671230125664,1.109381079673767,0.05054479686795731,0.032177817076444626,9216.0,0.006386941764503717,0.18796629905700685,0.005625550821423531,0.013824537815126065,0.264,0.0121,cnn-4_mnist_learnt_gaussian_sig0.03_bounded-pmin1e-05_epoch30_bs250_lr0.001_mon0.95_dp0.2_objective-channel_gradient-chan1.0-rayleigh-zf-tx1.0-noise1.0-spec-kl1.0_perc-pri0.5_epoch-pri70_bs-pri250_lr-pri0.005_mom-pri0.99_dp-pri0.2_seed7,rayleigh-zf-tx1.0-noise1.0_chan-layer2_mcsamples500_norm-spec_seed7_bounds.json
cnn-4,mnist,40.0,rayleigh_zf,0.0 dB,spec,vanilla,0.001,1.0,0.0,0.22193777561187744,0.31785,0.22384119033813477,0.6724969663974449,✓,-,0.021313574225278405,0.31930000000000003,0.6602696267400994,✓,-,0.033540913882624014,106.12924194335938,0.18858420783778712,0.12005643546581268,9216.0,0.004105484113097191,0.22384119033813477,0.004041485488414764,0.010948840336134474,0.31930000000000003,0.011399999999999966,cnn-4_mnist_learnt_gaussian_sig0.03_bounded-pmin1e-05_epoch40_bs250_lr0.001_mon0.95_dp0.2_objective-vanilla_perc-pri0.5_epoch-pri70_bs-pri250_lr-pri0.005_mom-pri0.99_dp-pri0.2_seed7,rayleigh-zf-tx1.0-noise1.0_chan-layer2_mcsamples500_norm-spec_seed7_bounds.json
cnn-4,mnist,50.0,rayleigh_zf,0.0 dB,spec,vanilla,0.001,1.0,0.0,0.22717760503292084,0.32748079999999996,0.22492551803588867,1.5177923123150383,✓,-,0.02074200689544637,0.3228,1.5055654088689983,✓,-,0.03296891034148644,359.51708984375,0.0,0.0,9216.0,0.0038245203904807568,0.22492551803588867,0.004233711585402489,0.010601008403361353,0.3228,0.011600000000000055,cnn-4_mnist_learnt_gaussian_sig0.03_bounded-pmin1e-05_epoch50_bs250_lr0.001_mon0.95_dp0.2_objective-vanilla_perc-pri0.5_epoch-pri70_bs-pri250_lr-pri0.005_mom-pri0.99_dp-pri0.2_seed7,rayleigh-zf-tx1.0-noise1.0_chan-layer2_mcsamples500_norm-spec_seed7_bounds.json
cnn-4,mnist,50.0,rayleigh_zf,0.0 dB,spec,channel_grad,0.001,0.0001,0.0001,0.225358247756958,0.32400819999999997,0.22418830394744874,0.6296465992927551,✓,✓,0.020922567138557918,0.3236,0.6174392104148865,✓,✓,0.03312995394358175,132.07107543945312,0.04023771976539579,0.025616127997636795,9216.0,0.0039127725176513195,0.22418830394744874,0.004054876789450645,0.010698689075630263,0.3236,0.012299999999999978,cnn-4_mnist_learnt_gaussian_sig0.03_bounded-pmin1e-05_epoch50_bs250_lr0.001_mon0.95_dp0.2_objective-channel_gradient-chan0.0001-rayleigh-zf-tx1.0-noise1.0-spec-kl0.0001_perc-pri0.5_epoch-pri70_bs-pri250_lr-pri0.005_mom-pri0.99_dp-pri0.2_seed7,rayleigh-zf-tx1.0-noise1.0_chan-layer2_mcsamples500_norm-spec_seed7_bounds.json
cnn-4,mnist,50.0,rayleigh_zf,0.0 dB,spec,channel_grad,0.001,0.0001,0.001,0.22625528275966644,0.3253407999999999,0.22508976459503174,0.6379730105400085,✓,✓,0.020895884237752897,0.3248,0.6257681846618652,✓,✓,0.03310068344852886,134.16226196289062,0.040056159928414097,0.025500543415546417,9216.0,0.003899639705196023,0.22508976459503174,0.004043108969926834,0.010680806722689094,0.3248,0.012199999999999989,cnn-4_mnist_learnt_gaussian_sig0.03_bounded-pmin1e-05_epoch50_bs250_lr0.001_mon0.95_dp0.2_objective-channel_gradient-chan0.001-rayleigh-zf-tx1.0-noise1.0-spec-kl0.0001_perc-pri0.5_epoch-pri70_bs-pri250_lr-pri0.005_mom-pri0.99_dp-pri0.2_seed7,rayleigh-zf-tx1.0-noise1.0_chan-layer2_mcsamples500_norm-spec_seed7_bounds.json
cnn-4,mnist,50.0,rayleigh_zf,0.0 dB,spec,channel_grad,0.001,0.0001,0.01,0.23560385406017303,0.3387588,0.2342219114303589,0.7319264149034459,✓,✗,0.020630374167888953,0.33819999999999995,0.7197085026918771,✓,✗,0.0328482863794577,157.6739959716797,0.038275706702533524,0.0243670716881752,9216.0,0.0037701567634940147,0.2342219114303589,0.003927544876933098,0.010527798319327746,0.33819999999999995,0.012199999999999989,cnn-4_mnist_learnt_gaussian_sig0.03_bounded-pmin1e-05_epoch50_bs250_lr0.001_mon0.95_dp0.2_objective-channel_gradient-chan0.01-rayleigh-zf-tx1.0-noise1.0-spec-kl0.0001_perc-pri0.5_epoch-pri70_bs-pri250_lr-pri0.005_mom-pri0.99_dp-pri0.2_seed7,rayleigh-zf-tx1.0-noise1.0_chan-layer2_mcsamples500_norm-spec_seed7_bounds.json
cnn-4,mnist,50.0,rayleigh_zf,0.0 dB,spec,channel_grad,0.001,0.0001,0.1,0.3172129690647125,0.455635,0.31742331981658933,1.9769686460494995,✓,✗,0.019173616435782,0.4565,1.9645253419876099,✓,✗,0.031616891517566414,465.8106689453125,0.026586593335471358,0.016925550997257233,9216.0,0.0030779626686125994,0.31742331981658933,0.003286515176296234,0.009787764705882366,0.4565,0.012599999999999945,cnn-4_mnist_learnt_gaussian_sig0.03_bounded-pmin1e-05_epoch50_bs250_lr0.001_mon0.95_dp0.2_objective-channel_gradient-chan0.1-rayleigh-zf-tx1.0-noise1.0-spec-kl0.0001_perc-pri0.5_epoch-pri70_bs-pri250_lr-pri0.005_mom-pri0.99_dp-pri0.2_seed7,rayleigh-zf-tx1.0-noise1.0_chan-layer2_mcsamples500_norm-spec_seed7_bounds.json
cnn-4,mnist,50.0,rayleigh_zf,0.0 dB,spec,channel_grad,0.001,0.0001,1.0,0.44687262177467346,0.6151268000000002,0.44545583724975585,9.17861557006836,✓,✗,0.01788523598467453,0.6154999999999999,9.169013023376465,✓,✗,0.027486984769848063,2233.571533203125,0.015509338140472286,0.009873551316559315,9216.0,0.0024945861659944057,0.44545583724975585,0.003142419084906578,0.007389378151260519,0.6154999999999999,0.012700000000000045,cnn-4_mnist_learnt_gaussian_sig0.03_bounded-pmin1e-05_epoch50_bs250_lr0.001_mon0.95_dp0.2_objective-channel_gradient-chan1.0-rayleigh-zf-tx1.0-noise1.0-spec-kl0.0001_perc-pri0.5_epoch-pri70_bs-pri250_lr-pri0.005_mom-pri0.99_dp-pri0.2_seed7,rayleigh-zf-tx1.0-noise1.0_chan-layer2_mcsamples500_norm-spec_seed7_bounds.json
cnn-4,mnist,50.0,rayleigh_zf,0.0 dB,spec,channel_grad,0.001,0.001,0.0001,0.21381311118602753,0.3042962,0.2129059314727783,0.3500280976295471,✓,✓,0.022093657143459178,0.30479999999999996,0.33776700496673584,✓,✓,0.034354745815748745,62.59427261352539,0.043032273655496674,0.02739519625902176,9216.0,0.004496186506003141,0.2129059314727783,0.0044157557189464566,0.011447394957983218,0.30479999999999996,0.012199999999999989,cnn-4_mnist_learnt_gaussian_sig0.03_bounded-pmin1e-05_epoch50_bs250_lr0.001_mon0.95_dp0.2_objective-channel_gradient-chan0.0001-rayleigh-zf-tx1.0-noise1.0-spec-kl0.001_perc-pri0.5_epoch-pri70_bs-pri250_lr-pri0.005_mom-pri0.99_dp-pri0.2_seed7,rayleigh-zf-tx1.0-noise1.0_chan-layer2_mcsamples500_norm-spec_seed7_bounds.json
cnn-4,mnist,50.0,rayleigh_zf,0.0 dB,spec,channel_grad,0.001,0.001,0.001,0.2143513709306717,0.3050678,0.21342289447784424,0.35361507534980774,✓,✓,0.022073474133610965,0.30569999999999997,0.34135788679122925,✓,✓,0.034330673898368094,63.511539459228516,0.0428986302372833,0.027310116216540337,9216.0,0.004486029967665672,0.21342289447784424,0.004406096041202545,0.011432403361344557,0.30569999999999997,0.012199999999999989,cnn-4_mnist_learnt_gaussian_sig0.03_bounded-pmin1e-05_epoch50_bs250_lr0.001_mon0.95_dp0.2_objective-channel_gradient-chan0.001-rayleigh-zf-tx1.0-noise1.0-spec-kl0.001_perc-pri0.5_epoch-pri70_bs-pri250_lr-pri0.005_mom-pri0.99_dp-pri0.2_seed7,rayleigh-zf-tx1.0-noise1.0_chan-layer2_mcsamples500_norm-spec_seed7_bounds.json
cnn-4,mnist,50.0,rayleigh_zf,0.0 dB,spec,channel_grad,0.001,0.001,0.01,0.22021079063415527,0.3135706,0.2190563440322876,0.3977950861661461,✓,✓,0.02185471874475326,0.3135,0.385530131325937,✓,✓,0.03411967358496239,74.6419448852539,0.04184991985714368,0.026642486453056335,9216.0,0.004375705029815435,0.2190563440322876,0.004306520521640778,0.011302789915966404,0.3135,0.012299999999999978,cnn-4_mnist_learnt_gaussian_sig0.03_bounded-pmin1e-05_epoch50_bs250_lr0.001_mon0.95_dp0.2_objective-channel_gradient-chan0.01-rayleigh-zf-tx1.0-noise1.0-spec-kl0.001_perc-pri0.5_epoch-pri70_bs-pri250_lr-pri0.005_mom-pri0.99_dp-pri0.2_seed7,rayleigh-zf-tx1.0-noise1.0_chan-layer2_mcsamples500_norm-spec_seed7_bounds.json
cnn-4,mnist,50.0,rayleigh_zf,0.0 dB,spec,channel_grad,0.001,0.001,0.1,0.2753191292285919,0.3925910000000001,0.2746392488479614,1.032405972480774,✓,✗,0.02036999253957352,0.39339999999999997,1.0198614597320557,✓,✗,0.03291447367442303,232.5535888671875,0.03299440566371804,0.021004891023039818,9216.0,0.0036439935211092234,0.2746392488479614,0.0036658372730016707,0.010568000000000017,0.39339999999999997,0.012800000000000034,cnn-4_mnist_learnt_gaussian_sig0.03_bounded-pmin1e-05_epoch50_bs250_lr0.001_mon0.95_dp0.2_objective-channel_gradient-chan0.1-rayleigh-zf-tx1.0-noise1.0-spec-kl0.001_perc-pri0.5_epoch-pri70_bs-pri250_lr-pri0.005_mom-pri0.99_dp-pri0.2_seed7,rayleigh-zf-tx1.0-noise1.0_chan-layer2_mcsamples500_norm-spec_seed7_bounds.json
cnn-4,mnist,50.0,rayleigh_zf,0.0 dB,spec,channel_grad,0.001,0.001,1.0,0.423065721988678,0.5904312,0.4218770503997803,5.5678558349609375,✓,✗,0.018562148425158055,0.5893999999999999,5.556330680847168,✓,✗,0.03008698391686008,1347.871337890625,0.01800609018593099,0.01146303303539753,9216.0,0.002797432942315936,0.4218770503997803,0.0031934767961502076,0.00888349579831934,0.5893999999999999,0.012599999999999945,cnn-4_mnist_learnt_gaussian_sig0.03_bounded-pmin1e-05_epoch50_bs250_lr0.001_mon0.95_dp0.2_objective-channel_gradient-chan1.0-rayleigh-zf-tx1.0-noise1.0-spec-kl0.001_perc-pri0.5_epoch-pri70_bs-pri250_lr-pri0.005_mom-pri0.99_dp-pri0.2_seed7,rayleigh-zf-tx1.0-noise1.0_chan-layer2_mcsamples500_norm-spec_seed7_bounds.json
cnn-4,mnist,50.0,rayleigh_zf,0.0 dB,spec,channel_grad,0.001,0.005,0.01,0.20026655495166779,0.28105939999999996,0.1999136686325073,0.1462348848581314,✗,✓,0.023961558278468128,0.28059999999999996,0.1340407133102417,✗,✓,0.036155718901881795,11.072976112365723,0.04777290065306812,0.030413173139095306,9216.0,0.005462461616843939,0.1999136686325073,0.005057502165436744,0.01256517647058826,0.28059999999999996,0.012800000000000034,cnn-4_mnist_learnt_gaussian_sig0.03_bounded-pmin1e-05_epoch50_bs250_lr0.001_mon0.95_dp0.2_objective-channel_gradient-chan0.01-rayleigh-zf-tx1.0-noise1.0-spec-kl0.005_perc-pri0.5_epoch-pri70_bs-pri250_lr-pri0.005_mom-pri0.99_dp-pri0.2_seed7,rayleigh-zf-tx1.0-noise1.0_chan-layer2_mcsamples500_norm-spec_seed7_bounds.json
cnn-4,mnist,50.0,rayleigh_zf,0.0 dB,spec,channel_grad,0.001,0.005,0.1,0.21831868588924408,0.3072173999999999,0.21731691360473632,0.24423716962337494,✓,✓,0.023065476500493655,0.30689999999999995,0.23195001482963562,✗,✓,0.03535263069111047,36.372650146484375,0.043292790107052566,0.027561046183109283,9216.0,0.004993806127458811,0.21731691360473632,0.0046432770788669584,0.012064336134453799,0.30689999999999995,0.012299999999999978,cnn-4_mnist_learnt_gaussian_sig0.03_bounded-pmin1e-05_epoch50_bs250_lr0.001_mon0.95_dp0.2_objective-channel_gradient-chan0.1-rayleigh-zf-tx1.0-noise1.0-spec-kl0.005_perc-pri0.5_epoch-pri70_bs-pri250_lr-pri0.005_mom-pri0.99_dp-pri0.2_seed7,rayleigh-zf-tx1.0-noise1.0_chan-layer2_mcsamples500_norm-spec_seed7_bounds.json
cnn-4,mnist,50.0,rayleigh_zf,0.0 dB,spec,channel_grad,0.001,0.005,1.0,0.3503233790397644,0.4964226,0.3508554697036743,2.107358694076538,✓,✗,0.01999153862082656,0.497,2.0934371948242188,✓,✗,0.033912889960482015,497.37762451171875,0.02580898508210922,0.016430510208010674,9216.0,0.003462546970695257,0.3508554697036743,0.003345314785838127,0.011176067226890773,0.497,0.012299999999999978,cnn-4_mnist_learnt_gaussian_sig0.03_bounded-pmin1e-05_epoch50_bs250_lr0.001_mon0.95_dp0.2_objective-channel_gradient-chan1.0-rayleigh-zf-tx1.0-noise1.0-spec-kl0.005_perc-pri0.5_epoch-pri70_bs-pri250_lr-pri0.005_mom-pri0.99_dp-pri0.2_seed7,rayleigh-zf-tx1.0-noise1.0_chan-layer2_mcsamples500_norm-spec_seed7_bounds.json
cnn-4,mnist,50.0,rayleigh_zf,0.0 dB,spec,channel_grad,0.001,0.01,0.0001,0.1942758411169052,0.2714966,0.19439241886138917,0.11656273156404495,✗,✓,0.024727304253420936,0.2714,0.10433527827262878,✗,✓,0.03695475504774197,3.143704652786255,0.049672827472646286,0.03162270411849022,9216.0,0.005870310589671135,0.19439241886138917,0.0053597487509250644,0.013067495798319347,0.2714,0.0131,cnn-4_mnist_learnt_gaussian_sig0.03_bounded-pmin1e-05_epoch50_bs250_lr0.001_mon0.95_dp0.2_objective-channel_gradient-chan0.0001-rayleigh-zf-tx1.0-noise1.0-spec-kl0.01_perc-pri0.5_epoch-pri70_bs-pri250_lr-pri0.005_mom-pri0.99_dp-pri0.2_seed7,rayleigh-zf-tx1.0-noise1.0_chan-layer2_mcsamples500_norm-spec_seed7_bounds.json
cnn-4,mnist,50.0,rayleigh_zf,0.0 dB,spec,channel_grad,0.001,0.01,0.001,0.19436903297901154,0.2716196,0.19447729587554932,0.11675547063350677,✗,✓,0.02471825306937488,0.2713,0.10453134775161743,✗,✓,0.03694237377716551,3.203774929046631,0.04963270840724046,0.031597163528203964,9216.0,0.005865433253347874,0.19447729587554932,0.005355091020464897,0.01305963025210086,0.2713,0.0131,cnn-4_mnist_learnt_gaussian_sig0.03_bounded-pmin1e-05_epoch50_bs250_lr0.001_mon0.95_dp0.2_objective-channel_gradient-chan0.001-rayleigh-zf-tx1.0-noise1.0-spec-kl0.01_perc-pri0.5_epoch-pri70_bs-pri250_lr-pri0.005_mom-pri0.99_dp-pri0.2_seed7,rayleigh-zf-tx1.0-noise1.0_chan-layer2_mcsamples500_norm-spec_seed7_bounds.json
cnn-4,mnist,50.0,rayleigh_zf,0.0 dB,spec,channel_grad,0.001,0.01,0.01,0.19538943469524384,0.27310460000000003,0.19542305469512938,0.11875831049238164,✗,✓,0.024637369356130864,0.27290000000000003,0.10653905863313726,✗,✓,0.036856621215375265,3.806475877761841,0.04926078781811221,0.03136039152741432,9216.0,0.005822127219289541,0.19542305469512938,0.005317049100995064,0.01300551260504204,0.27290000000000003,0.013000000000000012,cnn-4_mnist_learnt_gaussian_sig0.03_bounded-pmin1e-05_epoch50_bs250_lr0.001_mon0.95_dp0.2_objective-channel_gradient-chan0.01-rayleigh-zf-tx1.0-noise1.0-spec-kl0.01_perc-pri0.5_epoch-pri70_bs-pri250_lr-pri0.005_mom-pri0.99_dp-pri0.2_seed7,rayleigh-zf-tx1.0-noise1.0_chan-layer2_mcsamples500_norm-spec_seed7_bounds.json
cnn-4,mnist,50.0,rayleigh_zf,0.0 dB,spec,channel_grad,0.001,0.01,0.1,0.20500878989696503,0.28721499999999994,0.2043104887008667,0.15174485633226262,✗,✓,0.02402858352438917,0.2892,0.13953636974833833,✗,✓,0.036237070108313466,12.651843070983887,0.04675582441347458,0.02976568229496479,9216.0,0.005497899372130632,0.2043104887008667,0.00502706989645958,0.012616201680672286,0.2892,0.012599999999999945,cnn-4_mnist_learnt_gaussian_sig0.03_bounded-pmin1e-05_epoch50_bs250_lr0.001_mon0.95_dp0.2_objective-channel_gradient-chan0.1-rayleigh-zf-tx1.0-noise1.0-spec-kl0.01_perc-pri0.5_epoch-pri70_bs-pri250_lr-pri0.005_mom-pri0.99_dp-pri0.2_seed7,rayleigh-zf-tx1.0-noise1.0_chan-layer2_mcsamples500_norm-spec_seed7_bounds.json
cnn-4,mnist,50.0,rayleigh_zf,0.0 dB,spec,channel_grad,0.001,0.01,1.0,0.28928303718566895,0.4090698000000001,0.28910460472106936,1.0526698966164896,✓,✗,0.02120912621897591,0.4122,1.0394349339403217,✓,✗,0.03444408889514379,237.0828094482422,0.033238262404187244,0.02116013504564762,9216.0,0.0040538073517382145,0.28910460472106936,0.003787509724497795,0.0115021848739496,0.4122,0.012399999999999967,cnn-4_mnist_learnt_gaussian_sig0.03_bounded-pmin1e-05_epoch50_bs250_lr0.001_mon0.95_dp0.2_objective-channel_gradient-chan1.0-rayleigh-zf-tx1.0-noise1.0-spec-kl0.01_perc-pri0.5_epoch-pri70_bs-pri250_lr-pri0.005_mom-pri0.99_dp-pri0.2_seed7,rayleigh-zf-tx1.0-noise1.0_chan-layer2_mcsamples500_norm-spec_seed7_bounds.json
cnn-4,mnist,50.0,rayleigh_zf,0.0 dB,spec,channel_grad,0.001,0.02,1.0,0.24433012306690216,0.3432768,0.24326660633087158,0.4906202554702759,✓,✗,0.022641157875136035,0.3436,0.4778992533683777,✓,✗,0.035362175855202335,97.62257385253906,0.039614572254514986,0.025219419971108437,9216.0,0.0047750324010849,0.24326660633087158,0.004301333427429199,0.012070252100840348,0.3436,0.012700000000000045,cnn-4_mnist_learnt_gaussian_sig0.03_bounded-pmin1e-05_epoch50_bs250_lr0.001_mon0.95_dp0.2_objective-channel_gradient-chan1.0-rayleigh-zf-tx1.0-noise1.0-spec-kl0.02_perc-pri0.5_epoch-pri70_bs-pri250_lr-pri0.005_mom-pri0.99_dp-pri0.2_seed7,rayleigh-zf-tx1.0-noise1.0_chan-layer2_mcsamples500_norm-spec_seed7_bounds.json
cnn-4,mnist,50.0,rayleigh_zf,0.0 dB,spec,channel_grad,0.001,0.03,1.0,0.2256830483675003,0.3157574000000001,0.2243581771850586,0.32669275999069214,✓,✓,0.023445889992182528,0.3164,0.31416764855384827,✗,✓,0.03597100020338749,56.66973114013672,0.04226754200706824,0.026908352971076965,9216.0,0.005191625561565161,0.2243581771850586,0.004641954228281975,0.01244974789915968,0.3164,0.012499999999999956,cnn-4_mnist_learnt_gaussian_sig0.03_bounded-pmin1e-05_epoch50_bs250_lr0.001_mon0.95_dp0.2_objective-channel_gradient-chan1.0-rayleigh-zf-tx1.0-noise1.0-spec-kl0.03_perc-pri0.5_epoch-pri70_bs-pri250_lr-pri0.005_mom-pri0.99_dp-pri0.2_seed7,rayleigh-zf-tx1.0-noise1.0_chan-layer2_mcsamples500_norm-spec_seed7_bounds.json
cnn-4,mnist,50.0,rayleigh_zf,0.0 dB,spec,channel_grad,0.001,0.04,1.0,0.21700261533260345,0.3031278,0.21587018966674804,0.25639742612838745,✓,✓,0.023915275409071585,0.30300000000000005,0.2439459264278412,✗,✓,0.036366776778524526,38.834014892578125,0.04439042631943519,0.028259823098778725,9216.0,0.005438013467937708,0.21587018966674804,0.004825519397854805,0.01269747899159666,0.30300000000000005,0.012599999999999945,cnn-4_mnist_learnt_gaussian_sig0.03_bounded-pmin1e-05_epoch50_bs250_lr0.001_mon0.95_dp0.2_objective-channel_gradient-chan1.0-rayleigh-zf-tx1.0-noise1.0-spec-kl0.04_perc-pri0.5_epoch-pri70_bs-pri250_lr-pri0.005_mom-pri0.99_dp-pri0.2_seed7,rayleigh-zf-tx1.0-noise1.0_chan-layer2_mcsamples500_norm-spec_seed7_bounds.json
cnn-4,mnist,50.0,rayleigh_zf,0.0 dB,spec,channel_grad,0.001,0.05,1.0,0.21180859208106995,0.29538359999999997,0.21074304580688477,0.22161389887332916,✓,✓,0.024155224171209945,0.2955,0.2092370241880417,✗,✓,0.0365321063602836,29.958332061767578,0.045676395679506515,0.029078496620059013,9216.0,0.005565096624195576,0.21074304580688477,0.004958676174283028,0.012801277310924394,0.2955,0.012399999999999967,cnn-4_mnist_learnt_gaussian_sig0.03_bounded-pmin1e-05_epoch50_bs250_lr0.001_mon0.95_dp0.2_objective-channel_gradient-chan1.0-rayleigh-zf-tx1.0-noise1.0-spec-kl0.05_perc-pri0.5_epoch-pri70_bs-pri250_lr-pri0.005_mom-pri0.99_dp-pri0.2_seed7,rayleigh-zf-tx1.0-noise1.0_chan-layer2_mcsamples500_norm-spec_seed7_bounds.json
cnn-4,mnist,50.0,rayleigh_zf,0.0 dB,spec,channel_grad,0.001,0.06,1.0,0.20815637707710266,0.2901096,0.2071897029876709,0.19737519323825836,✗,✓,0.024318463358226395,0.29100000000000004,0.18503572046756744,✗,✓,0.03665794316626345,23.885780334472656,0.04610294455555076,0.029350046068429947,9216.0,0.005651721730828285,0.2071897029876709,0.005058650299906731,0.012880537815126072,0.29100000000000004,0.012299999999999978,cnn-4_mnist_learnt_gaussian_sig0.03_bounded-pmin1e-05_epoch50_bs250_lr0.001_mon0.95_dp0.2_objective-channel_gradient-chan1.0-rayleigh-zf-tx1.0-noise1.0-spec-kl0.06_perc-pri0.5_epoch-pri70_bs-pri250_lr-pri0.005_mom-pri0.99_dp-pri0.2_seed7,rayleigh-zf-tx1.0-noise1.0_chan-layer2_mcsamples500_norm-spec_seed7_bounds.json
cnn-4,mnist,50.0,rayleigh_zf,0.0 dB,spec,channel_grad,0.001,0.07,1.0,0.20615284144878387,0.28743359999999996,0.20521037578582763,0.17954696714878082,✗,✓,0.024430885315755036,0.2883,0.16721248626708984,✗,✓,0.03676536270650424,19.27648162841797,0.04698466868861434,0.02991136908531189,9216.0,0.005711694713681936,0.20521037578582763,0.005131840705871582,0.01294816806722691,0.2883,0.012700000000000045,cnn-4_mnist_learnt_gaussian_sig0.03_bounded-pmin1e-05_epoch50_bs250_lr0.001_mon0.95_dp0.2_objective-channel_gradient-chan1.0-rayleigh-zf-tx1.0-noise1.0-spec-kl0.07_perc-pri0.5_epoch-pri70_bs-pri250_lr-pri0.005_mom-pri0.99_dp-pri0.2_seed7,rayleigh-zf-tx1.0-noise1.0_chan-layer2_mcsamples500_norm-spec_seed7_bounds.json
cnn-4,mnist,50.0,rayleigh_zf,0.0 dB,spec,channel_grad,0.001,0.08,1.0,0.20485039055347443,0.28577499999999995,0.20395865440368652,0.16835922002792358,✗,✓,0.024541304581019076,0.2864,0.15602444112300873,✗,✓,0.03687609091581112,16.394775390625,0.047450722204471114,0.03020806796848774,9216.0,0.005770599469542503,0.20395865440368652,0.005208314582705498,0.013017747899159687,0.2864,0.012800000000000034,cnn-4_mnist_learnt_gaussian_sig0.03_bounded-pmin1e-05_epoch50_bs250_lr0.001_mon0.95_dp0.2_objective-channel_gradient-chan1.0-rayleigh-zf-tx1.0-noise1.0-spec-kl0.08_perc-pri0.5_epoch-pri70_bs-pri250_lr-pri0.005_mom-pri0.99_dp-pri0.2_seed7,rayleigh-zf-tx1.0-noise1.0_chan-layer2_mcsamples500_norm-spec_seed7_bounds.json
cnn-4,mnist,50.0,rayleigh_zf,0.0 dB,spec,channel_grad,0.001,0.09,1.0,0.20360934734344482,0.28394120000000006,0.20281982421875,0.16032688319683075,✗,✓,0.02461341151083538,0.28459999999999996,0.14800268411636353,✗,✓,0.03693760492852215,14.317960739135742,0.047835419920103685,0.030452974140644073,9216.0,0.005809304304420948,0.20281982421875,0.005251633748412132,0.013056672268907584,0.28459999999999996,0.012700000000000045,cnn-4_mnist_learnt_gaussian_sig0.03_bounded-pmin1e-05_epoch50_bs250_lr0.001_mon0.95_dp0.2_objective-channel_gradient-chan1.0-rayleigh-zf-tx1.0-noise1.0-spec-kl0.09_perc-pri0.5_epoch-pri70_bs-pri250_lr-pri0.005_mom-pri0.99_dp-pri0.2_seed7,rayleigh-zf-tx1.0-noise1.0_chan-layer2_mcsamples500_norm-spec_seed7_bounds.json
cnn-4,mnist,50.0,rayleigh_zf,0.0 dB,spec,channel_grad,0.001,0.1,0.01,0.1903434842824936,0.26486400000000004,0.19059462547302247,0.10691210462096216,✗,✓,0.025615407273164612,0.26380000000000003,0.09452699483158747,✗,✓,0.03800051706253931,0.07985645532608032,0.05148454618371695,0.03277608007192612,9216.0,0.006351054646074772,0.19059462547302247,0.005695085227489472,0.013730016806722704,0.26380000000000003,0.0131,cnn-4_mnist_learnt_gaussian_sig0.03_bounded-pmin1e-05_epoch50_bs250_lr0.001_mon0.95_dp0.2_objective-channel_gradient-chan0.01-rayleigh-zf-tx1.0-noise1.0-spec-kl0.1_perc-pri0.5_epoch-pri70_bs-pri250_lr-pri0.005_mom-pri0.99_dp-pri0.2_seed7,rayleigh-zf-tx1.0-noise1.0_chan-layer2_mcsamples500_norm-spec_seed7_bounds.json
cnn-4,mnist,50.0,rayleigh_zf,0.0 dB,spec,channel_grad,0.001,0.1,0.1,0.19150784611701965,0.26660779999999995,0.1916850686073303,0.10715844406364627,✗,✓,0.025482048308357163,0.2652,0.09480356646463023,✗,✓,0.03783692590737321,0.35440757870674133,0.05077362651391629,0.03232349455356598,9216.0,0.006278359796851873,0.1916850686073303,0.005632414668798447,0.013625949579831946,0.2652,0.0131,cnn-4_mnist_learnt_gaussian_sig0.03_bounded-pmin1e-05_epoch50_bs250_lr0.001_mon0.95_dp0.2_objective-channel_gradient-chan0.1-rayleigh-zf-tx1.0-noise1.0-spec-kl0.1_perc-pri0.5_epoch-pri70_bs-pri250_lr-pri0.005_mom-pri0.99_dp-pri0.2_seed7,rayleigh-zf-tx1.0-noise1.0_chan-layer2_mcsamples500_norm-spec_seed7_bounds.json
cnn-4,mnist,50.0,rayleigh_zf,0.0 dB,spec,channel_grad,0.001,0.1,1.0,0.20249716937541962,0.28228279999999994,0.2018266201019287,0.15439728209994869,✗,✓,0.02469415459585211,0.2832,0.1420729824704395,✗,✓,0.03701845422536129,12.753339767456055,0.048212507535887905,0.030693035572767258,9216.0,0.005852465983480215,0.2018266201019287,0.005290714278817177,0.013107697478991613,0.2832,0.012800000000000034,cnn-4_mnist_learnt_gaussian_sig0.03_bounded-pmin1e-05_epoch50_bs250_lr0.001_mon0.95_dp0.2_objective-channel_gradient-chan1.0-rayleigh-zf-tx1.0-noise1.0-spec-kl0.1_perc-pri0.5_epoch-pri70_bs-pri250_lr-pri0.005_mom-pri0.99_dp-pri0.2_seed7,rayleigh-zf-tx1.0-noise1.0_chan-layer2_mcsamples500_norm-spec_seed7_bounds.json
cnn-4,mnist,50.0,rayleigh_zf,0.0 dB,spec,channel_grad,0.001,0.25,1.0,0.19560006260871887,0.272352,0.19551877975463866,0.12254001945257187,✗,✓,0.02517607834193739,0.2713,0.11022619158029556,✗,✓,0.03748990139035934,4.36239767074585,0.05013967389010202,0.03191990777850151,9216.0,0.006112305447459221,0.19551877975463866,0.005513425543904304,0.013405714285714299,0.2713,0.01319999999999999,cnn-4_mnist_learnt_gaussian_sig0.03_bounded-pmin1e-05_epoch50_bs250_lr0.001_mon0.95_dp0.2_objective-channel_gradient-chan1.0-rayleigh-zf-tx1.0-noise1.0-spec-kl0.25_perc-pri0.5_epoch-pri70_bs-pri250_lr-pri0.005_mom-pri0.99_dp-pri0.2_seed7,rayleigh-zf-tx1.0-noise1.0_chan-layer2_mcsamples500_norm-spec_seed7_bounds.json
cnn-4,mnist,50.0,rayleigh_zf,0.0 dB,spec,channel_grad,0.001,0.5,1.0,0.1929449588060379,0.2685224,0.1930455446243286,0.11342798173427582,✗,✓,0.025394352747273696,0.26739999999999997,0.10107952356338501,✗,✓,0.03774281458216895,1.8803160190582275,0.0509077819534574,0.03240890055894852,9216.0,0.006230491679161787,0.1930455446243286,0.005609206482768058,0.013566117647058834,0.26739999999999997,0.0131,cnn-4_mnist_learnt_gaussian_sig0.03_bounded-pmin1e-05_epoch50_bs250_lr0.001_mon0.95_dp0.2_objective-channel_gradient-chan1.0-rayleigh-zf-tx1.0-noise1.0-spec-kl0.5_perc-pri0.5_epoch-pri70_bs-pri250_lr-pri0.005_mom-pri0.99_dp-pri0.2_seed7,rayleigh-zf-tx1.0-noise1.0_chan-layer2_mcsamples500_norm-spec_seed7_bounds.json
cnn-4,mnist,50.0,rayleigh_zf,0.0 dB,spec,channel_grad,0.001,1.0,0.01,0.1898549199104309,0.26411180000000006,0.19012172222137452,0.10704143759467016,✗,✓,0.025769629824181007,0.26339999999999997,0.09459424201326627,✗,✓,0.038216825405584895,0.0025376081466674805,0.05171322368619568,0.03292166069149971,9216.0,0.006435372866690159,0.19012172222137452,0.005758630484342575,0.013867899159663886,0.26339999999999997,0.01319999999999999,cnn-4_mnist_learnt_gaussian_sig0.03_bounded-pmin1e-05_epoch50_bs250_lr0.001_mon0.95_dp0.2_objective-channel_gradient-chan0.01-rayleigh-zf-tx1.0-noise1.0-spec-kl1.0_perc-pri0.5_epoch-pri70_bs-pri250_lr-pri0.005_mom-pri0.99_dp-pri0.2_seed7,rayleigh-zf-tx1.0-noise1.0_chan-layer2_mcsamples500_norm-spec_seed7_bounds.json
cnn-4,mnist,50.0,rayleigh_zf,0.0 dB,spec,channel_grad,0.001,1.0,0.1,0.18999508023262024,0.26431799999999994,0.190246844291687,0.10701370403861052,✗,✓,0.025752268809307557,0.26359999999999995,0.09457534849811537,✗,✓,0.03819062434980271,0.018483906984329224,0.05164659069352122,0.032879240810871124,9216.0,0.006425881292670965,0.190246844291687,0.005751607194542885,0.013851159663865572,0.26359999999999995,0.01319999999999999,cnn-4_mnist_learnt_gaussian_sig0.03_bounded-pmin1e-05_epoch50_bs250_lr0.001_mon0.95_dp0.2_objective-channel_gradient-chan0.1-rayleigh-zf-tx1.0-noise1.0-spec-kl1.0_perc-pri0.5_epoch-pri70_bs-pri250_lr-pri0.005_mom-pri0.99_dp-pri0.2_seed7,rayleigh-zf-tx1.0-noise1.0_chan-layer2_mcsamples500_norm-spec_seed7_bounds.json
cnn-4,mnist,50.0,rayleigh_zf,0.0 dB,spec,channel_grad,0.001,1.0,1.0,0.19132457673549652,0.26619380000000004,0.19146324396133424,0.10966596752405167,✗,✓,0.025599131054638864,0.2651,0.09725042432546616,✗,✓,0.0380146736450105,0.77626633644104,0.05138117054056362,0.03271026909351349,9216.0,0.006342187523841858,0.19146324396133424,0.005682096257805825,0.013739226890756325,0.2651,0.013299999999999979,cnn-4_mnist_learnt_gaussian_sig0.03_bounded-pmin1e-05_epoch50_bs250_lr0.001_mon0.95_dp0.2_objective-channel_gradient-chan1.0-rayleigh-zf-tx1.0-noise1.0-spec-kl1.0_perc-pri0.5_epoch-pri70_bs-pri250_lr-pri0.005_mom-pri0.99_dp-pri0.2_seed7,rayleigh-zf-tx1.0-noise1.0_chan-layer2_mcsamples500_norm-spec_seed7_bounds.json
cnn-4,mnist,5.0,rayleigh_zf,10.0 dB,frob,channel_grad,0.001,0.01,0.01,0.04067179933190346,0.06654519999999997,0.040087944269180296,0.08204289525747299,✓,?,0.024929026568912882,0.06710000000000005,0.06978316605091095,✓,?,0.037188750036679215,2.0172407627105713,0.019517762390625394,0.03929254412651062,9216.0,0.005978819914162159,0.040087944269180296,0.005333775281906128,0.013215193277310942,0.06710000000000005,0.013000000000000012,cnn-4_mnist_learnt_gaussian_sig0.03_bounded-pmin1e-05_epoch5_bs250_lr0.001_mon0.95_dp0.2_objective-channel_gradient-chan0.01-rayleigh-zf-tx1.0-noise0.1-frob-kl0.01_perc-pri0.5_epoch-pri70_bs-pri250_lr-pri0.005_mom-pri0.99_dp-pri0.2_seed7,rayleigh-zf-tx1.0-noise0.1_chan-layer2_mcsamples500_norm-frob_seed7_bounds.json
cnn-4,mnist,5.0,rayleigh_zf,10.0 dB,frob,channel_grad,0.001,0.01,0.1,0.041312750428915024,0.0676588,0.04083404839038849,0.08867982774972916,✓,?,0.024672014919285327,0.06830000000000003,0.07649164646863937,✓,?,0.03686019799591872,3.812955379486084,0.019152277786315636,0.03855676203966141,9216.0,0.0058405292220413685,0.04083404839038849,0.005218604207038879,0.013007731092436995,0.06830000000000003,0.012800000000000034,cnn-4_mnist_learnt_gaussian_sig0.03_bounded-pmin1e-05_epoch5_bs250_lr0.001_mon0.95_dp0.2_objective-channel_gradient-chan0.1-rayleigh-zf-tx1.0-noise0.1-frob-kl0.01_perc-pri0.5_epoch-pri70_bs-pri250_lr-pri0.005_mom-pri0.99_dp-pri0.2_seed7,rayleigh-zf-tx1.0-noise0.1_chan-layer2_mcsamples500_norm-frob_seed7_bounds.json
cnn-4,mnist,5.0,rayleigh_zf,10.0 dB,frob,channel_grad,0.001,0.01,1.0,0.048467133194208145,0.0800824,0.04775231778621673,0.25306445360183716,✓,?,0.023101129913155542,0.07850000000000001,0.2410760074853897,✓,?,0.0350895957974119,45.10271453857422,0.016742775519933303,0.03370602801442146,9216.0,0.005012239795178175,0.04775231778621673,0.004606066644191742,0.011901109243697493,0.07850000000000001,0.011700000000000044,cnn-4_mnist_learnt_gaussian_sig0.03_bounded-pmin1e-05_epoch5_bs250_lr0.001_mon0.95_dp0.2_objective-channel_gradient-chan1.0-rayleigh-zf-tx1.0-noise0.1-frob-kl0.01_perc-pri0.5_epoch-pri70_bs-pri250_lr-pri0.005_mom-pri0.99_dp-pri0.2_seed7,rayleigh-zf-tx1.0-noise0.1_chan-layer2_mcsamples500_norm-frob_seed7_bounds.json
cnn-4,mnist,5.0,rayleigh_zf,10.0 dB,frob,channel_grad,0.001,0.1,0.01,0.0400148443877697,0.06525340000000002,0.03938157856464386,0.07560230046510696,✓,?,0.025616130403557244,0.0655,0.0631479024887085,✗,?,0.03807052343266435,0.07891839742660522,0.02010856656032006,0.04048193246126175,9216.0,0.006351308897137642,0.03938157856464386,0.0056366927921772,0.013774789915966411,0.0655,0.0131,cnn-4_mnist_learnt_gaussian_sig0.03_bounded-pmin1e-05_epoch5_bs250_lr0.001_mon0.95_dp0.2_objective-channel_gradient-chan0.01-rayleigh-zf-tx1.0-noise0.1-frob-kl0.1_perc-pri0.5_epoch-pri70_bs-pri250_lr-pri0.005_mom-pri0.99_dp-pri0.2_seed7,rayleigh-zf-tx1.0-noise0.1_chan-layer2_mcsamples500_norm-frob_seed7_bounds.json
cnn-4,mnist,5.0,rayleigh_zf,10.0 dB,frob,channel_grad,0.001,0.1,0.1,0.040118858218193054,0.06542379999999998,0.03949708640575409,0.07579553127288818,✓,?,0.025551011956193068,0.06559999999999999,0.06337025761604309,✗,?,0.03797629171865974,0.16151124238967896,0.020058848367071138,0.040381841361522675,9216.0,0.006315827369689941,0.03949708640575409,0.005608993023633957,0.013714823529411786,0.06559999999999999,0.01319999999999999,cnn-4_mnist_learnt_gaussian_sig0.03_bounded-pmin1e-05_epoch5_bs250_lr0.001_mon0.95_dp0.2_objective-channel_gradient-chan0.1-rayleigh-zf-tx1.0-noise0.1-frob-kl0.1_perc-pri0.5_epoch-pri70_bs-pri250_lr-pri0.005_mom-pri0.99_dp-pri0.2_seed7,rayleigh-zf-tx1.0-noise0.1_chan-layer2_mcsamples500_norm-frob_seed7_bounds.json
cnn-4,mnist,5.0,rayleigh_zf,10.0 dB,frob,channel_grad,0.001,0.1,1.0,0.04122878238558769,0.067407,0.04079267978668213,0.08556225895881653,✓,?,0.025027541701517827,0.06740000000000002,0.07327976822853088,✓,?,0.037310040607823156,2.8761911392211914,0.01940919582824955,0.03907398134469986,9216.0,0.006031898781657219,0.04079267978668213,0.005361070111393929,0.013291764705882366,0.06740000000000002,0.013000000000000012,cnn-4_mnist_learnt_gaussian_sig0.03_bounded-pmin1e-05_epoch5_bs250_lr0.001_mon0.95_dp0.2_objective-channel_gradient-chan1.0-rayleigh-zf-tx1.0-noise0.1-frob-kl0.1_perc-pri0.5_epoch-pri70_bs-pri250_lr-pri0.005_mom-pri0.99_dp-pri0.2_seed7,rayleigh-zf-tx1.0-noise0.1_chan-layer2_mcsamples500_norm-frob_seed7_bounds.json
cnn-4,mnist,5.0,rayleigh_zf,10.0 dB,frob,channel_grad,0.001,1.0,0.01,0.039915818721055984,0.06506139999999999,0.03928248584270477,0.07572171837091446,✓,?,0.02576548873146946,0.06510000000000005,0.06321817636489868,✗,?,0.03826902981454908,0.002772599458694458,0.020340342385056075,0.040948536247015,9216.0,0.006433082278817892,0.03928248584270477,0.005702044814825058,0.013901176470588257,0.06510000000000005,0.0131,cnn-4_mnist_learnt_gaussian_sig0.03_bounded-pmin1e-05_epoch5_bs250_lr0.001_mon0.95_dp0.2_objective-channel_gradient-chan0.01-rayleigh-zf-tx1.0-noise0.1-frob-kl1.0_perc-pri0.5_epoch-pri70_bs-pri250_lr-pri0.005_mom-pri0.99_dp-pri0.2_seed7,rayleigh-zf-tx1.0-noise0.1_chan-layer2_mcsamples500_norm-frob_seed7_bounds.json
cnn-4,mnist,5.0,rayleigh_zf,10.0 dB,frob,channel_grad,0.001,1.0,0.1,0.03992253914475441,0.0650736,0.039289021492004396,0.07571018487215042,✓,?,0.02575843733809104,0.06510000000000005,0.06321050971746445,✗,?,0.038258110214615726,0.006535261869430542,0.02032436365203894,0.04091636836528778,9216.0,0.006429273169487715,0.039289021492004396,0.0056984715163707735,0.013894319327731114,0.06510000000000005,0.0131,cnn-4_mnist_learnt_gaussian_sig0.03_bounded-pmin1e-05_epoch5_bs250_lr0.001_mon0.95_dp0.2_objective-channel_gradient-chan0.1-rayleigh-zf-tx1.0-noise0.1-frob-kl1.0_perc-pri0.5_epoch-pri70_bs-pri250_lr-pri0.005_mom-pri0.99_dp-pri0.2_seed7,rayleigh-zf-tx1.0-noise0.1_chan-layer2_mcsamples500_norm-frob_seed7_bounds.json
cnn-4,mnist,5.0,rayleigh_zf,10.0 dB,frob,channel_grad,0.001,1.0,1.0,0.039992209523916245,0.0651906,0.03935805857181549,0.07626785337924957,✓,?,0.025698997822005916,0.06540000000000001,0.06378218531608582,✗,?,0.038184666958641054,0.17878082394599915,0.020252290036256136,0.04077127203345299,9216.0,0.0063966792076826096,0.03935805857181549,0.005667379498481751,0.013847462184873965,0.06540000000000001,0.01319999999999999,cnn-4_mnist_learnt_gaussian_sig0.03_bounded-pmin1e-05_epoch5_bs250_lr0.001_mon0.95_dp0.2_objective-channel_gradient-chan1.0-rayleigh-zf-tx1.0-noise0.1-frob-kl1.0_perc-pri0.5_epoch-pri70_bs-pri250_lr-pri0.005_mom-pri0.99_dp-pri0.2_seed7,rayleigh-zf-tx1.0-noise0.1_chan-layer2_mcsamples500_norm-frob_seed7_bounds.json
cnn-4,mnist,10.0,rayleigh_zf,10.0 dB,frob,vanilla,0.001,1.0,0.0,0.04242916405200958,0.0699418,0.04354698061943054,0.11593759406303387,✓,-,0.02381898301377575,0.06920000000000004,0.10379206580562275,✓,-,0.03596451127118688,13.565025329589844,0.007493070021794318,0.015084812417626381,9216.0,0.005387256387621164,0.04354698061943054,0.005133499950170517,0.012445512605042033,0.06920000000000004,0.011299999999999977,cnn-4_mnist_learnt_gaussian_sig0.03_bounded-pmin1e-05_epoch10_bs250_lr0.001_mon0.95_dp0.2_objective-vanilla_perc-pri0.5_epoch-pri70_bs-pri250_lr-pri0.005_mom-pri0.99_dp-pri0.2_seed7,rayleigh-zf-tx1.0-noise0.1_chan-layer2_mcsamples500_norm-frob_seed7_bounds.json
cnn-4,mnist,10.0,rayleigh_zf,10.0 dB,frob,channel_grad,0.001,0.01,0.01,0.04087665304541588,0.06693080000000001,0.044461306929588315,0.08562163263559341,✓,✓,0.024748453061335527,0.06999999999999995,0.07334573566913605,✓,✓,0.037024349448449664,3.066258192062378,0.018978304820092225,0.03820652514696121,9216.0,0.005881721153855324,0.044461306929588315,0.005254348739981651,0.013111327731092456,0.06999999999999995,0.012800000000000034,cnn-4_mnist_learnt_gaussian_sig0.03_bounded-pmin1e-05_epoch10_bs250_lr0.001_mon0.95_dp0.2_objective-channel_gradient-chan0.01-rayleigh-zf-tx1.0-noise0.1-frob-kl0.01_perc-pri0.5_epoch-pri70_bs-pri250_lr-pri0.005_mom-pri0.99_dp-pri0.2_seed7,rayleigh-zf-tx1.0-noise0.1_chan-layer2_mcsamples500_norm-frob_seed7_bounds.json
cnn-4,mnist,10.0,rayleigh_zf,10.0 dB,frob,channel_grad,0.001,0.01,0.1,0.04170107841491699,0.068353,0.04537981152534485,0.09520482271909714,✓,✓,0.02446575658523269,0.07030000000000003,0.0830022320151329,✓,✓,0.0366683465061619,5.605069160461426,0.01855284491574559,0.03735000267624855,9216.0,0.005730323027819395,0.04537981152534485,0.005143988132476807,0.012886857142857162,0.07030000000000003,0.012499999999999956,cnn-4_mnist_learnt_gaussian_sig0.03_bounded-pmin1e-05_epoch10_bs250_lr0.001_mon0.95_dp0.2_objective-channel_gradient-chan0.1-rayleigh-zf-tx1.0-noise0.1-frob-kl0.01_perc-pri0.5_epoch-pri70_bs-pri250_lr-pri0.005_mom-pri0.99_dp-pri0.2_seed7,rayleigh-zf-tx1.0-noise0.1_chan-layer2_mcsamples500_norm-frob_seed7_bounds.json
cnn-4,mnist,10.0,rayleigh_zf,10.0 dB,frob,channel_grad,0.001,0.01,1.0,0.05037916824221611,0.0830906,0.05440856814384461,0.32513076066970825,✓,✗,0.022730672500247157,0.0867,0.31310808658599854,✓,✗,0.03475331873375105,63.06779479980469,0.015803214915758056,0.03181453421711922,9216.0,0.004821002949029207,0.05440856814384461,0.004524100571870804,0.011692840336134465,0.0867,0.012700000000000045,cnn-4_mnist_learnt_gaussian_sig0.03_bounded-pmin1e-05_epoch10_bs250_lr0.001_mon0.95_dp0.2_objective-channel_gradient-chan1.0-rayleigh-zf-tx1.0-noise0.1-frob-kl0.01_perc-pri0.5_epoch-pri70_bs-pri250_lr-pri0.005_mom-pri0.99_dp-pri0.2_seed7,rayleigh-zf-tx1.0-noise0.1_chan-layer2_mcsamples500_norm-frob_seed7_bounds.json
cnn-4,mnist,10.0,rayleigh_zf,10.0 dB,frob,channel_grad,0.001,0.1,0.01,0.03996788337826729,0.06511619999999999,0.04328546226024628,0.07574239373207092,✓,✓,0.025641567593578177,0.06740000000000002,0.06327850371599197,✗,✓,0.03810546015119502,0.0639529824256897,0.02027481940214886,0.04081662744283676,9216.0,0.006365169771015644,0.04328546226024628,0.005616801232099533,0.013797109243697491,0.06740000000000002,0.013499999999999956,cnn-4_mnist_learnt_gaussian_sig0.03_bounded-pmin1e-05_epoch10_bs250_lr0.001_mon0.95_dp0.2_objective-channel_gradient-chan0.01-rayleigh-zf-tx1.0-noise0.1-frob-kl0.1_perc-pri0.5_epoch-pri70_bs-pri250_lr-pri0.005_mom-pri0.99_dp-pri0.2_seed7,rayleigh-zf-tx1.0-noise0.1_chan-layer2_mcsamples500_norm-frob_seed7_bounds.json
cnn-4,mnist,10.0,rayleigh_zf,10.0 dB,frob,channel_grad,0.001,0.1,0.1,0.040032751858234406,0.065241,0.0433672845363617,0.07585007697343826,✓,✓,0.025580450838793446,0.06779999999999997,0.06340737640857697,✗,✓,0.038023145831074676,0.13759499788284302,0.02016417292131195,0.04059387743473053,9216.0,0.0063318354077637196,0.0433672845363617,0.005586523190140724,0.013744537815126058,0.06779999999999997,0.013399999999999967,cnn-4_mnist_learnt_gaussian_sig0.03_bounded-pmin1e-05_epoch10_bs250_lr0.001_mon0.95_dp0.2_objective-channel_gradient-chan0.1-rayleigh-zf-tx1.0-noise0.1-frob-kl0.1_perc-pri0.5_epoch-pri70_bs-pri250_lr-pri0.005_mom-pri0.99_dp-pri0.2_seed7,rayleigh-zf-tx1.0-noise0.1_chan-layer2_mcsamples500_norm-frob_seed7_bounds.json
cnn-4,mnist,10.0,rayleigh_zf,10.0 dB,frob,channel_grad,0.001,0.1,1.0,0.04076782986521721,0.06651260000000003,0.04425466060638428,0.0850258469581604,✓,✓,0.02507871315891214,0.06979999999999997,0.07278954982757568,✓,✓,0.03731500535029114,2.7675766944885254,0.019311223156611757,0.038876745849847794,9216.0,0.006059424951672554,0.04425466060638428,0.00534590557217598,0.013294924369747918,0.06979999999999997,0.0131,cnn-4_mnist_learnt_gaussian_sig0.03_bounded-pmin1e-05_epoch10_bs250_lr0.001_mon0.95_dp0.2_objective-channel_gradient-chan1.0-rayleigh-zf-tx1.0-noise0.1-frob-kl0.1_perc-pri0.5_epoch-pri70_bs-pri250_lr-pri0.005_mom-pri0.99_dp-pri0.2_seed7,rayleigh-zf-tx1.0-noise0.1_chan-layer2_mcsamples500_norm-frob_seed7_bounds.json
cnn-4,mnist,10.0,rayleigh_zf,10.0 dB,frob,channel_grad,0.001,1.0,0.01,0.03989478200674057,0.064975,0.04317983090877533,0.07588127255439758,✓,✓,0.0257804688399604,0.06720000000000004,0.0633697509765625,✗,✓,0.038291983443617186,0.0018560588359832764,0.020480679516878503,0.04123105853796005,9216.0,0.006441112142056227,0.04317983090877533,0.005680122971534729,0.013916033613445391,0.06720000000000004,0.013499999999999956,cnn-4_mnist_learnt_gaussian_sig0.03_bounded-pmin1e-05_epoch10_bs250_lr0.001_mon0.95_dp0.2_objective-channel_gradient-chan0.01-rayleigh-zf-tx1.0-noise0.1-frob-kl1.0_perc-pri0.5_epoch-pri70_bs-pri250_lr-pri0.005_mom-pri0.99_dp-pri0.2_seed7,rayleigh-zf-tx1.0-noise0.1_chan-layer2_mcsamples500_norm-frob_seed7_bounds.json
cnn-4,mnist,10.0,rayleigh_zf,10.0 dB,frob,channel_grad,0.001,1.0,0.1,0.039902251213788986,0.0649866,0.04319053590297699,0.0758734792470932,✓,✓,0.025773737576437163,0.06730000000000003,0.06336283683776855,✗,✓,0.03828437597242388,0.005440175533294678,0.020465861023074076,0.04120122641324997,9216.0,0.006437629461288452,0.04319053590297699,0.00567796528339386,0.013911126050420185,0.06730000000000003,0.013499999999999956,cnn-4_mnist_learnt_gaussian_sig0.03_bounded-pmin1e-05_epoch10_bs250_lr0.001_mon0.95_dp0.2_objective-channel_gradient-chan0.1-rayleigh-zf-tx1.0-noise0.1-frob-kl1.0_perc-pri0.5_epoch-pri70_bs-pri250_lr-pri0.005_mom-pri0.99_dp-pri0.2_seed7,rayleigh-zf-tx1.0-noise0.1_chan-layer2_mcsamples500_norm-frob_seed7_bounds.json
cnn-4,mnist,10.0,rayleigh_zf,10.0 dB,frob,channel_grad,0.001,1.0,1.0,0.03998410329222679,0.0651034,0.04330249726772308,0.07639439404010773,✓,✓,0.025717469607253445,0.06730000000000003,0.06391111761331558,✗,✓,0.03820074624545618,0.18454933166503906,0.02033919694953348,0.04094623029232025,9216.0,0.00640681991353631,0.04330249726772308,0.005658983066678047,0.013857680672268918,0.06730000000000003,0.013499999999999956,cnn-4_mnist_learnt_gaussian_sig0.03_bounded-pmin1e-05_epoch10_bs250_lr0.001_mon0.95_dp0.2_objective-channel_gradient-chan1.0-rayleigh-zf-tx1.0-noise0.1-frob-kl1.0_perc-pri0.5_epoch-pri70_bs-pri250_lr-pri0.005_mom-pri0.99_dp-pri0.2_seed7,rayleigh-zf-tx1.0-noise0.1_chan-layer2_mcsamples500_norm-frob_seed7_bounds.json
cnn-4,mnist,20.0,rayleigh_zf,10.0 dB,frob,vanilla,0.001,1.0,0.0,0.04475164785981178,0.0747486,0.04568192958831787,0.21877300302701844,✓,-,0.022776249901156998,0.07320000000000004,0.2065901253443446,✓,-,0.03495912758383085,39.0007209777832,0.007493070021794318,0.015084812417626381,9216.0,0.004844462499022484,0.04568192958831787,0.004822608456015587,0.01182010084033615,0.07320000000000004,0.011299999999999977,cnn-4_mnist_learnt_gaussian_sig0.03_bounded-pmin1e-05_epoch20_bs250_lr0.001_mon0.95_dp0.2_objective-vanilla_perc-pri0.5_epoch-pri70_bs-pri250_lr-pri0.005_mom-pri0.99_dp-pri0.2_seed7,rayleigh-zf-tx1.0-noise0.1_chan-layer2_mcsamples500_norm-frob_seed7_bounds.json
cnn-4,mnist,20.0,rayleigh_zf,10.0 dB,frob,channel_grad,0.001,0.01,0.01,0.0410747230052948,0.067168,0.043693354725837706,0.08875811100006104,✓,✓,0.02464314987825277,0.07040000000000002,0.07651914656162262,✓,✓,0.03688211775746339,3.6686601638793945,0.0197977242266835,0.03985615447163582,9216.0,0.005825120024383068,0.043693354725837706,0.005623596161603928,0.01302151260504204,0.07040000000000002,0.0121,cnn-4_mnist_learnt_gaussian_sig0.03_bounded-pmin1e-05_epoch20_bs250_lr0.001_mon0.95_dp0.2_objective-channel_gradient-chan0.01-rayleigh-zf-tx1.0-noise0.1-frob-kl0.01_perc-pri0.5_epoch-pri70_bs-pri250_lr-pri0.005_mom-pri0.99_dp-pri0.2_seed7,rayleigh-zf-tx1.0-noise0.1_chan-layer2_mcsamples500_norm-frob_seed7_bounds.json
cnn-4,mnist,20.0,rayleigh_zf,10.0 dB,frob,channel_grad,0.001,0.01,0.1,0.04190243408083916,0.06859580000000003,0.04459035694599152,0.09966599941253662,✓,✓,0.024353125082221858,0.07210000000000005,0.08748231828212738,✓,✓,0.03653681055360701,6.570587158203125,0.019203853842673906,0.03866059333086014,9216.0,0.0056701344437897205,0.04459035694599152,0.005512115359306335,0.012804168067226913,0.07210000000000005,0.012299999999999978,cnn-4_mnist_learnt_gaussian_sig0.03_bounded-pmin1e-05_epoch20_bs250_lr0.001_mon0.95_dp0.2_objective-channel_gradient-chan0.1-rayleigh-zf-tx1.0-noise0.1-frob-kl0.01_perc-pri0.5_epoch-pri70_bs-pri250_lr-pri0.005_mom-pri0.99_dp-pri0.2_seed7,rayleigh-zf-tx1.0-noise0.1_chan-layer2_mcsamples500_norm-frob_seed7_bounds.json
cnn-4,mnist,20.0,rayleigh_zf,10.0 dB,frob,channel_grad,0.001,0.01,1.0,0.05100598931312561,0.08421340000000001,0.05349673628807068,0.3557422161102295,✓,✗,0.02256532967945913,0.08660000000000001,0.34373754262924194,✓,✗,0.034570024620166506,70.56555938720703,0.01598845349015846,0.03218745067715645,9216.0,0.00473623676225543,0.05349673628807068,0.004823403805494309,0.011579966386554636,0.08660000000000001,0.0121,cnn-4_mnist_learnt_gaussian_sig0.03_bounded-pmin1e-05_epoch20_bs250_lr0.001_mon0.95_dp0.2_objective-channel_gradient-chan1.0-rayleigh-zf-tx1.0-noise0.1-frob-kl0.01_perc-pri0.5_epoch-pri70_bs-pri250_lr-pri0.005_mom-pri0.99_dp-pri0.2_seed7,rayleigh-zf-tx1.0-noise0.1_chan-layer2_mcsamples500_norm-frob_seed7_bounds.json
cnn-4,mnist,20.0,rayleigh_zf,10.0 dB,frob,channel_grad,0.001,0.1,0.01,0.040061354637145996,0.06510360000000001,0.0426182746887207,0.07625699788331985,✓,✓,0.02561814562786036,0.06810000000000005,0.06381241977214813,✗,✓,0.03806271842799981,0.0732087790966034,0.020794375261784598,0.04186258092522621,9216.0,0.006352397613227367,0.0426182746887207,0.005953368544578552,0.013769680672268931,0.06810000000000005,0.012800000000000034,cnn-4_mnist_learnt_gaussian_sig0.03_bounded-pmin1e-05_epoch20_bs250_lr0.001_mon0.95_dp0.2_objective-channel_gradient-chan0.01-rayleigh-zf-tx1.0-noise0.1-frob-kl0.1_perc-pri0.5_epoch-pri70_bs-pri250_lr-pri0.005_mom-pri0.99_dp-pri0.2_seed7,rayleigh-zf-tx1.0-noise0.1_chan-layer2_mcsamples500_norm-frob_seed7_bounds.json
cnn-4,mnist,20.0,rayleigh_zf,10.0 dB,frob,channel_grad,0.001,0.1,0.1,0.04013245552778244,0.0652362,0.042694321274757384,0.07637525349855423,✓,✓,0.0255655162325719,0.06820000000000004,0.0639476627111435,✗,✓,0.03799310522977822,0.14396116137504578,0.020693401141976132,0.04165930300951004,9216.0,0.006323853507637978,0.042694321274757384,0.005933264270424843,0.01372531092436976,0.06820000000000004,0.012599999999999945,cnn-4_mnist_learnt_gaussian_sig0.03_bounded-pmin1e-05_epoch20_bs250_lr0.001_mon0.95_dp0.2_objective-channel_gradient-chan0.1-rayleigh-zf-tx1.0-noise0.1-frob-kl0.1_perc-pri0.5_epoch-pri70_bs-pri250_lr-pri0.005_mom-pri0.99_dp-pri0.2_seed7,rayleigh-zf-tx1.0-noise0.1_chan-layer2_mcsamples500_norm-frob_seed7_bounds.json
cnn-4,mnist,20.0,rayleigh_zf,10.0 dB,frob,channel_grad,0.001,0.1,1.0,0.04089721292257309,0.06654520000000003,0.04349007606506348,0.08485646545886993,✓,✓,0.02512526187330297,0.0695,0.07258535921573639,✓,✓,0.03739636436095237,2.5563366413116455,0.01992286907152611,0.0401080921292305,9216.0,0.006084655411541462,0.04349007606506348,0.005774951726198197,0.013346487394958003,0.0695,0.012299999999999978,cnn-4_mnist_learnt_gaussian_sig0.03_bounded-pmin1e-05_epoch20_bs250_lr0.001_mon0.95_dp0.2_objective-channel_gradient-chan1.0-rayleigh-zf-tx1.0-noise0.1-frob-kl0.1_perc-pri0.5_epoch-pri70_bs-pri250_lr-pri0.005_mom-pri0.99_dp-pri0.2_seed7,rayleigh-zf-tx1.0-noise0.1_chan-layer2_mcsamples500_norm-frob_seed7_bounds.json
cnn-4,mnist,20.0,rayleigh_zf,10.0 dB,frob,channel_grad,0.001,1.0,0.01,0.03997638449072838,0.064944,0.04252301454544068,0.07632281631231308,✓,✓,0.025764374350825854,0.06799999999999995,0.063832588493824,✗,✓,0.03825460146690597,0.002460092306137085,0.02095713998413021,0.04219025373458862,9216.0,0.006432428956031799,0.04252301454544068,0.006007476896047592,0.013892168067226911,0.06799999999999995,0.01319999999999999,cnn-4_mnist_learnt_gaussian_sig0.03_bounded-pmin1e-05_epoch20_bs250_lr0.001_mon0.95_dp0.2_objective-channel_gradient-chan0.01-rayleigh-zf-tx1.0-noise0.1-frob-kl1.0_perc-pri0.5_epoch-pri70_bs-pri250_lr-pri0.005_mom-pri0.99_dp-pri0.2_seed7,rayleigh-zf-tx1.0-noise0.1_chan-layer2_mcsamples500_norm-frob_seed7_bounds.json
cnn-4,mnist,20.0,rayleigh_zf,10.0 dB,frob,channel_grad,0.001,1.0,0.1,0.03997603803873062,0.06493680000000002,0.04252426624298096,0.07633215188980103,✓,✓,0.025757201040603594,0.06799999999999995,0.0638449490070343,✗,✓,0.03824441427025492,0.006111353635787964,0.020961764286829672,0.04219956323504448,9216.0,0.006428495515137911,0.04252426624298096,0.0060045521706342695,0.013885579831932794,0.06799999999999995,0.01319999999999999,cnn-4_mnist_learnt_gaussian_sig0.03_bounded-pmin1e-05_epoch20_bs250_lr0.001_mon0.95_dp0.2_objective-channel_gradient-chan0.1-rayleigh-zf-tx1.0-noise0.1-frob-kl1.0_perc-pri0.5_epoch-pri70_bs-pri250_lr-pri0.005_mom-pri0.99_dp-pri0.2_seed7,rayleigh-zf-tx1.0-noise0.1_chan-layer2_mcsamples500_norm-frob_seed7_bounds.json
cnn-4,mnist,20.0,rayleigh_zf,10.0 dB,frob,channel_grad,0.001,1.0,1.0,0.03997261822223663,0.06485439999999998,0.04254036247730255,0.0768074169754982,✓,✓,0.025689793598990256,0.06820000000000004,0.06435006111860275,✗,✓,0.03814715188480214,0.16479083895683289,0.020886480120753326,0.042048003524541855,9216.0,0.006391641218215227,0.04254036247730255,0.0059771031141281124,0.01382346218487397,0.06820000000000004,0.012900000000000023,cnn-4_mnist_learnt_gaussian_sig0.03_bounded-pmin1e-05_epoch20_bs250_lr0.001_mon0.95_dp0.2_objective-channel_gradient-chan1.0-rayleigh-zf-tx1.0-noise0.1-frob-kl1.0_perc-pri0.5_epoch-pri70_bs-pri250_lr-pri0.005_mom-pri0.99_dp-pri0.2_seed7,rayleigh-zf-tx1.0-noise0.1_chan-layer2_mcsamples500_norm-frob_seed7_bounds.json
cnn-4,mnist,30.0,rayleigh_zf,10.0 dB,frob,vanilla,0.001,1.0,0.0,0.046839214861392975,0.07909240000000002,0.0481500893831253,0.34579160809516907,✓,-,0.02195039655370499,0.08220000000000005,0.33357611298561096,✓,-,0.03416590589954316,70.30809783935547,0.007493070021794318,0.015084812417626381,9216.0,0.004423805046826601,0.0481500893831253,0.004632202908396721,0.011331294117647075,0.08220000000000005,0.012499999999999956,cnn-4_mnist_learnt_gaussian_sig0.03_bounded-pmin1e-05_epoch30_bs250_lr0.001_mon0.95_dp0.2_objective-vanilla_perc-pri0.5_epoch-pri70_bs-pri250_lr-pri0.005_mom-pri0.99_dp-pri0.2_seed7,rayleigh-zf-tx1.0-noise0.1_chan-layer2_mcsamples500_norm-frob_seed7_bounds.json
cnn-4,mnist,30.0,rayleigh_zf,10.0 dB,frob,channel_grad,0.001,0.01,0.01,0.040973301976919174,0.06720899999999999,0.042244887351989745,0.08709922432899475,✓,✓,0.02468519553971092,0.0686,0.07483872771263123,✓,✓,0.03694568800629713,3.4509212970733643,0.01896417469787811,0.03817807883024216,9216.0,0.00584768271073699,0.042244887351989745,0.0054028905928134915,0.013061579831932789,0.0686,0.011800000000000033,cnn-4_mnist_learnt_gaussian_sig0.03_bounded-pmin1e-05_epoch30_bs250_lr0.001_mon0.95_dp0.2_objective-channel_gradient-chan0.01-rayleigh-zf-tx1.0-noise0.1-frob-kl0.01_perc-pri0.5_epoch-pri70_bs-pri250_lr-pri0.005_mom-pri0.99_dp-pri0.2_seed7,rayleigh-zf-tx1.0-noise0.1_chan-layer2_mcsamples500_norm-frob_seed7_bounds.json
cnn-4,mnist,30.0,rayleigh_zf,10.0 dB,frob,channel_grad,0.001,0.01,0.1,0.04182935878634453,0.06862099999999999,0.043045639991760254,0.09785293787717819,✓,✓,0.024387146667665654,0.07050000000000001,0.0856541320681572,✓,✓,0.0365859513825151,6.295685291290283,0.018463930251996493,0.037171002477407455,9216.0,0.0056883785873651505,0.043045639991760254,0.0052888765931129456,0.012835226890756316,0.07050000000000001,0.011399999999999966,cnn-4_mnist_learnt_gaussian_sig0.03_bounded-pmin1e-05_epoch30_bs250_lr0.001_mon0.95_dp0.2_objective-channel_gradient-chan0.1-rayleigh-zf-tx1.0-noise0.1-frob-kl0.01_perc-pri0.5_epoch-pri70_bs-pri250_lr-pri0.005_mom-pri0.99_dp-pri0.2_seed7,rayleigh-zf-tx1.0-noise0.1_chan-layer2_mcsamples500_norm-frob_seed7_bounds.json
cnn-4,mnist,30.0,rayleigh_zf,10.0 dB,frob,channel_grad,0.001,0.01,1.0,0.05099443718791008,0.08396920000000001,0.05062497854232788,0.34262603521347046,✓,✗,0.022616394719099056,0.08209999999999995,0.33057570457458496,✓,✗,0.034666716457697776,67.42750549316406,0.015586653583537027,0.03137855976819992,9216.0,0.004762380849570036,0.05062497854232788,0.004612446576356888,0.011639394957983207,0.08209999999999995,0.011299999999999977,cnn-4_mnist_learnt_gaussian_sig0.03_bounded-pmin1e-05_epoch30_bs250_lr0.001_mon0.95_dp0.2_objective-channel_gradient-chan1.0-rayleigh-zf-tx1.0-noise0.1-frob-kl0.01_perc-pri0.5_epoch-pri70_bs-pri250_lr-pri0.005_mom-pri0.99_dp-pri0.2_seed7,rayleigh-zf-tx1.0-noise0.1_chan-layer2_mcsamples500_norm-frob_seed7_bounds.json
cnn-4,mnist,30.0,rayleigh_zf,10.0 dB,frob,channel_grad,0.001,0.1,0.01,0.03996412456035614,0.0651408,0.04131558537483215,0.07539554685354233,✓,✓,0.025637649978352033,0.06699999999999995,0.06295287609100342,✗,✓,0.03808031806878928,0.06680455803871155,0.019941469908154746,0.04014553874731064,9216.0,0.006363107357174158,0.04131558537483215,0.005650974810123444,0.013780974789915978,0.06699999999999995,0.01200000000000001,cnn-4_mnist_learnt_gaussian_sig0.03_bounded-pmin1e-05_epoch30_bs250_lr0.001_mon0.95_dp0.2_objective-channel_gradient-chan0.01-rayleigh-zf-tx1.0-noise0.1-frob-kl0.1_perc-pri0.5_epoch-pri70_bs-pri250_lr-pri0.005_mom-pri0.99_dp-pri0.2_seed7,rayleigh-zf-tx1.0-noise0.1_chan-layer2_mcsamples500_norm-frob_seed7_bounds.json
cnn-4,mnist,30.0,rayleigh_zf,10.0 dB,frob,channel_grad,0.001,0.1,0.1,0.040049582719802856,0.06528660000000003,0.041390258073806765,0.07558578252792358,✓,✓,0.02557757726510459,0.06689999999999996,0.0631600022315979,✗,✓,0.03800335924487494,0.13992148637771606,0.01991016750540803,0.04008252173662186,9216.0,0.006330354604870081,0.041390258073806765,0.005633274465799332,0.013731966386554632,0.06689999999999996,0.01200000000000001,cnn-4_mnist_learnt_gaussian_sig0.03_bounded-pmin1e-05_epoch30_bs250_lr0.001_mon0.95_dp0.2_objective-channel_gradient-chan0.1-rayleigh-zf-tx1.0-noise0.1-frob-kl0.1_perc-pri0.5_epoch-pri70_bs-pri250_lr-pri0.005_mom-pri0.99_dp-pri0.2_seed7,rayleigh-zf-tx1.0-noise0.1_chan-layer2_mcsamples500_norm-frob_seed7_bounds.json
cnn-4,mnist,30.0,rayleigh_zf,10.0 dB,frob,channel_grad,0.001,0.1,1.0,0.04095999523997307,0.06685479999999998,0.04222921431064606,0.08438140898942947,✓,✓,0.025099054455579358,0.06840000000000002,0.07208489626646042,✓,✓,0.037395565946625874,2.623703718185425,0.019173589548696454,0.03859966620802879,9216.0,0.006070499308407307,0.04222921431064606,0.005483397096395492,0.01334615126050422,0.06840000000000002,0.011900000000000022,cnn-4_mnist_learnt_gaussian_sig0.03_bounded-pmin1e-05_epoch30_bs250_lr0.001_mon0.95_dp0.2_objective-channel_gradient-chan1.0-rayleigh-zf-tx1.0-noise0.1-frob-kl0.1_perc-pri0.5_epoch-pri70_bs-pri250_lr-pri0.005_mom-pri0.99_dp-pri0.2_seed7,rayleigh-zf-tx1.0-noise0.1_chan-layer2_mcsamples500_norm-frob_seed7_bounds.json
cnn-4,mnist,30.0,rayleigh_zf,10.0 dB,frob,channel_grad,0.001,1.0,0.01,0.03987480327486992,0.06495580000000001,0.0412351131439209,0.07543863356113434,✓,✓,0.025779755817054176,0.06659999999999999,0.06296133995056152,✗,✓,0.03825704990930086,0.0021460354328155518,0.020071801595921163,0.04040791839361191,9216.0,0.0064408681355416775,0.0412351131439209,0.00568210482597351,0.013893714285714304,0.06659999999999999,0.01200000000000001,cnn-4_mnist_learnt_gaussian_sig0.03_bounded-pmin1e-05_epoch30_bs250_lr0.001_mon0.95_dp0.2_objective-channel_gradient-chan0.01-rayleigh-zf-tx1.0-noise0.1-frob-kl1.0_perc-pri0.5_epoch-pri70_bs-pri250_lr-pri0.005_mom-pri0.99_dp-pri0.2_seed7,rayleigh-zf-tx1.0-noise0.1_chan-layer2_mcsamples500_norm-frob_seed7_bounds.json
cnn-4,mnist,30.0,rayleigh_zf,10.0 dB,frob,channel_grad,0.001,1.0,0.1,0.03988134115934372,0.06496559999999998,0.04123986065387726,0.07544107735157013,✓,✓,0.025776333249388706,0.06669999999999998,0.06296426057815552,✗,✓,0.03825314776346648,0.005868971347808838,0.020062939736926483,0.040390077978372574,9216.0,0.006438827142119408,0.04123986065387726,0.005679263174533844,0.013891159663865565,0.06669999999999998,0.01200000000000001,cnn-4_mnist_learnt_gaussian_sig0.03_bounded-pmin1e-05_epoch30_bs250_lr0.001_mon0.95_dp0.2_objective-channel_gradient-chan0.1-rayleigh-zf-tx1.0-noise0.1-frob-kl1.0_perc-pri0.5_epoch-pri70_bs-pri250_lr-pri0.005_mom-pri0.99_dp-pri0.2_seed7,rayleigh-zf-tx1.0-noise0.1_chan-layer2_mcsamples500_norm-frob_seed7_bounds.json
cnn-4,mnist,30.0,rayleigh_zf,10.0 dB,frob,channel_grad,0.001,1.0,1.0,0.03995129093527794,0.0650696,0.04129623770713806,0.07605043798685074,✓,✓,0.025737485101323645,0.06679999999999997,0.06357838213443756,✗,✓,0.038209545492075565,0.18765094876289368,0.01997378451321303,0.04021059349179268,9216.0,0.006417568773031235,0.04129623770713806,0.0056517343968153,0.013863327731092443,0.06679999999999997,0.0121,cnn-4_mnist_learnt_gaussian_sig0.03_bounded-pmin1e-05_epoch30_bs250_lr0.001_mon0.95_dp0.2_objective-channel_gradient-chan1.0-rayleigh-zf-tx1.0-noise0.1-frob-kl1.0_perc-pri0.5_epoch-pri70_bs-pri250_lr-pri0.005_mom-pri0.99_dp-pri0.2_seed7,rayleigh-zf-tx1.0-noise0.1_chan-layer2_mcsamples500_norm-frob_seed7_bounds.json
cnn-4,mnist,40.0,rayleigh_zf,10.0 dB,frob,vanilla,0.001,1.0,0.0,0.048956889659166336,0.08305119999999998,0.04891133606433869,0.4914058285814522,✓,-,0.021313574225278405,0.08020000000000005,0.4791784889241066,✓,-,0.033540913882624014,106.12924194335938,0.007493070021794318,0.015084812417626381,9216.0,0.004105484113097191,0.04891133606433869,0.004041485488414764,0.010948840336134474,0.08020000000000005,0.011399999999999966,cnn-4_mnist_learnt_gaussian_sig0.03_bounded-pmin1e-05_epoch40_bs250_lr0.001_mon0.95_dp0.2_objective-vanilla_perc-pri0.5_epoch-pri70_bs-pri250_lr-pri0.005_mom-pri0.99_dp-pri0.2_seed7,rayleigh-zf-tx1.0-noise0.1_chan-layer2_mcsamples500_norm-frob_seed7_bounds.json
cnn-4,mnist,50.0,rayleigh_zf,10.0 dB,frob,vanilla,0.001,1.0,0.0,0.05091330036520958,0.08703399999999999,0.05104846358299255,0.6559601544874282,✓,-,0.02074200689544637,0.08420000000000005,0.6437332510413881,✓,-,0.03296891034148644,146.57676696777344,0.007493070021794318,0.015084812417626381,9216.0,0.0038245203904807568,0.05104846358299255,0.004233711585402489,0.010601008403361353,0.08420000000000005,0.011600000000000055,cnn-4_mnist_learnt_gaussian_sig0.03_bounded-pmin1e-05_epoch50_bs250_lr0.001_mon0.95_dp0.2_objective-vanilla_perc-pri0.5_epoch-pri70_bs-pri250_lr-pri0.005_mom-pri0.99_dp-pri0.2_seed7,rayleigh-zf-tx1.0-noise0.1_chan-layer2_mcsamples500_norm-frob_seed7_bounds.json
cnn-4,mnist,50.0,rayleigh_zf,10.0 dB,frob,channel_grad,0.001,0.0001,0.01,0.05119634419679642,0.0871552,0.05495529174804688,0.6435728073120117,✓,✗,0.020804954162039466,0.09119999999999995,0.6314058899879456,✓,✗,0.0329719026550957,141.6580810546875,0.015183196588853422,0.03056633286178112,9216.0,0.003855213988572359,0.05495529174804688,0.004006536677479744,0.010602621848739505,0.09119999999999995,0.012199999999999989,cnn-4_mnist_learnt_gaussian_sig0.03_bounded-pmin1e-05_epoch50_bs250_lr0.001_mon0.95_dp0.2_objective-channel_gradient-chan0.01-rayleigh-zf-tx1.0-noise0.1-frob-kl0.0001_perc-pri0.5_epoch-pri70_bs-pri250_lr-pri0.005_mom-pri0.99_dp-pri0.2_seed7,rayleigh-zf-tx1.0-noise0.1_chan-layer2_mcsamples500_norm-frob_seed7_bounds.json
cnn-4,mnist,50.0,rayleigh_zf,10.0 dB,frob,channel_grad,0.001,0.0001,0.1,0.06178947165608406,0.10474640000000005,0.06563748717308045,1.0689995288848877,✓,✗,0.019955840858691835,0.10909999999999997,1.0570762157440186,✓,✗,0.031879196841100084,246.64048767089844,0.01311384703730336,0.026400383561849594,9216.0,0.0034455754794180393,0.06563748717308045,0.00365636982023716,0.00994447058823531,0.10909999999999997,0.012399999999999967,cnn-4_mnist_learnt_gaussian_sig0.03_bounded-pmin1e-05_epoch50_bs250_lr0.001_mon0.95_dp0.2_objective-channel_gradient-chan0.1-rayleigh-zf-tx1.0-noise0.1-frob-kl0.0001_perc-pri0.5_epoch-pri70_bs-pri250_lr-pri0.005_mom-pri0.99_dp-pri0.2_seed7,rayleigh-zf-tx1.0-noise0.1_chan-layer2_mcsamples500_norm-frob_seed7_bounds.json
cnn-4,mnist,50.0,rayleigh_zf,10.0 dB,frob,channel_grad,0.001,0.0001,1.0,0.1252979040145874,0.2075992,0.1270057201385498,5.261081218719482,✓,✗,0.017925230095215076,0.20750000000000002,5.250983238220215,✓,✗,0.028023252996447513,1275.7205810546875,0.007849762159406805,0.015802893787622452,9216.0,0.0025122601073235273,0.1270057201385498,0.0030932072550058365,0.007692840336134463,0.20750000000000002,0.012399999999999967,cnn-4_mnist_learnt_gaussian_sig0.03_bounded-pmin1e-05_epoch50_bs250_lr0.001_mon0.95_dp0.2_objective-channel_gradient-chan1.0-rayleigh-zf-tx1.0-noise0.1-frob-kl0.0001_perc-pri0.5_epoch-pri70_bs-pri250_lr-pri0.005_mom-pri0.99_dp-pri0.2_seed7,rayleigh-zf-tx1.0-noise0.1_chan-layer2_mcsamples500_norm-frob_seed7_bounds.json
cnn-4,mnist,50.0,rayleigh_zf,10.0 dB,frob,channel_grad,0.001,0.001,0.01,0.04695205017924309,0.07899039999999999,0.050343441963195804,0.34177953004837036,✓,✓,0.021997075155488995,0.08420000000000005,0.32954517006874084,✓,✓,0.03423144695356892,67.13655090332031,0.01636326997062403,0.032942019402980804,9216.0,0.0044474005699157715,0.050343441963195804,0.004373148083686829,0.011371361344537832,0.08420000000000005,0.012199999999999989,cnn-4_mnist_learnt_gaussian_sig0.03_bounded-pmin1e-05_epoch50_bs250_lr0.001_mon0.95_dp0.2_objective-channel_gradient-chan0.01-rayleigh-zf-tx1.0-noise0.1-frob-kl0.001_perc-pri0.5_epoch-pri70_bs-pri250_lr-pri0.005_mom-pri0.99_dp-pri0.2_seed7,rayleigh-zf-tx1.0-noise0.1_chan-layer2_mcsamples500_norm-frob_seed7_bounds.json
cnn-4,mnist,50.0,rayleigh_zf,10.0 dB,frob,channel_grad,0.001,0.001,0.1,0.05322019383311272,0.08928120000000002,0.05701965093612671,0.548884391784668,✓,✗,0.021249278695533252,0.0947,0.5367994904518127,✓,✗,0.033334190298866036,118.41859436035156,0.015007326899834113,0.030212277546525,9216.0,0.00407364359125495,0.05701965093612671,0.0040665239095687864,0.010822722689075635,0.0947,0.012399999999999967,cnn-4_mnist_learnt_gaussian_sig0.03_bounded-pmin1e-05_epoch50_bs250_lr0.001_mon0.95_dp0.2_objective-channel_gradient-chan0.1-rayleigh-zf-tx1.0-noise0.1-frob-kl0.001_perc-pri0.5_epoch-pri70_bs-pri250_lr-pri0.005_mom-pri0.99_dp-pri0.2_seed7,rayleigh-zf-tx1.0-noise0.1_chan-layer2_mcsamples500_norm-frob_seed7_bounds.json
cnn-4,mnist,50.0,rayleigh_zf,10.0 dB,frob,channel_grad,0.001,0.001,1.0,0.10236453264951706,0.1701842,0.10420314073562623,3.0357165336608887,✓,✗,0.0187266788500293,0.16969999999999996,3.0243585109710693,✓,✗,0.030084788728562233,729.75634765625,0.009312806227251249,0.018748247995972633,9216.0,0.002872333163395524,0.10420314073562623,0.0031973369419574737,0.008882218487394969,0.16969999999999996,0.0121,cnn-4_mnist_learnt_gaussian_sig0.03_bounded-pmin1e-05_epoch50_bs250_lr0.001_mon0.95_dp0.2_objective-channel_gradient-chan1.0-rayleigh-zf-tx1.0-noise0.1-frob-kl0.001_perc-pri0.5_epoch-pri70_bs-pri250_lr-pri0.005_mom-pri0.99_dp-pri0.2_seed7,rayleigh-zf-tx1.0-noise0.1_chan-layer2_mcsamples500_norm-frob_seed7_bounds.json
cnn-4,mnist,50.0,rayleigh_zf,10.0 dB,frob,channel_grad,0.001,0.005,0.01,0.041977059096097946,0.06920460000000003,0.04447140395641327,0.11270470917224884,✓,✓,0.02403357220337417,0.07299999999999995,0.10051849484443665,✓,✓,0.03621978269833138,9.986113548278809,0.018615756897808894,0.03747665509581566,9216.0,0.005500566679984331,0.04447140395641327,0.0050937913358211516,0.012605243697479009,0.07299999999999995,0.012900000000000023,cnn-4_mnist_learnt_gaussian_sig0.03_bounded-pmin1e-05_epoch50_bs250_lr0.001_mon0.95_dp0.2_objective-channel_gradient-chan0.01-rayleigh-zf-tx1.0-noise0.1-frob-kl0.005_perc-pri0.5_epoch-pri70_bs-pri250_lr-pri0.005_mom-pri0.99_dp-pri0.2_seed7,rayleigh-zf-tx1.0-noise0.1_chan-layer2_mcsamples500_norm-frob_seed7_bounds.json
cnn-4,mnist,50.0,rayleigh_zf,10.0 dB,frob,channel_grad,0.001,0.005,0.1,0.04365762695670128,0.07204540000000002,0.04628191292285919,0.1437312364578247,✓,✓,0.023617215202793786,0.07640000000000002,0.13162937760353088,✓,✓,0.035719067793533954,17.88201904296875,0.017908099800196895,0.036052022129297256,9216.0,0.005281354300677776,0.04628191292285919,0.004906285181641578,0.01229250420168069,0.07640000000000002,0.012399999999999967,cnn-4_mnist_learnt_gaussian_sig0.03_bounded-pmin1e-05_epoch50_bs250_lr0.001_mon0.95_dp0.2_objective-channel_gradient-chan0.1-rayleigh-zf-tx1.0-noise0.1-frob-kl0.005_perc-pri0.5_epoch-pri70_bs-pri250_lr-pri0.005_mom-pri0.99_dp-pri0.2_seed7,rayleigh-zf-tx1.0-noise0.1_chan-layer2_mcsamples500_norm-frob_seed7_bounds.json
cnn-4,mnist,50.0,rayleigh_zf,10.0 dB,frob,channel_grad,0.001,0.005,1.0,0.06120659038424492,0.1015528,0.06496281027793885,0.7455214858055115,✓,✗,0.02133359072431442,0.10650000000000004,0.7334994673728943,✓,✗,0.03335562266234328,166.80995178222656,0.01406611290851922,0.02831745520234108,9216.0,0.004115463234484196,0.06496281027793885,0.0039688218384981155,0.010835966386554636,0.10650000000000004,0.0121,cnn-4_mnist_learnt_gaussian_sig0.03_bounded-pmin1e-05_epoch50_bs250_lr0.001_mon0.95_dp0.2_objective-channel_gradient-chan1.0-rayleigh-zf-tx1.0-noise0.1-frob-kl0.005_perc-pri0.5_epoch-pri70_bs-pri250_lr-pri0.005_mom-pri0.99_dp-pri0.2_seed7,rayleigh-zf-tx1.0-noise0.1_chan-layer2_mcsamples500_norm-frob_seed7_bounds.json
cnn-4,mnist,50.0,rayleigh_zf,10.0 dB,frob,channel_grad,0.001,0.01,0.01,0.04088432714343071,0.0669608,0.04323233962059021,0.0872996523976326,✓,✓,0.024691168248366733,0.07069999999999999,0.0750804990530014,✓,✓,0.03691032644462748,3.395860195159912,0.019424760057943483,0.03910531476140022,9216.0,0.005850871559232473,0.04323233962059021,0.005343326181173324,0.013039327731092454,0.07069999999999999,0.0131,cnn-4_mnist_learnt_gaussian_sig0.03_bounded-pmin1e-05_epoch50_bs250_lr0.001_mon0.95_dp0.2_objective-channel_gradient-chan0.01-rayleigh-zf-tx1.0-noise0.1-frob-kl0.01_perc-pri0.5_epoch-pri70_bs-pri250_lr-pri0.005_mom-pri0.99_dp-pri0.2_seed7,rayleigh-zf-tx1.0-noise0.1_chan-layer2_mcsamples500_norm-frob_seed7_bounds.json
cnn-4,mnist,50.0,rayleigh_zf,10.0 dB,frob,channel_grad,0.001,0.01,0.1,0.04174163192510605,0.06845059999999999,0.04415642023086548,0.09804675728082657,✓,✓,0.02439699927717887,0.0726,0.08590768277645111,✓,✓,0.036536077378922394,6.238834381103516,0.018939720852270532,0.03812884911894798,9216.0,0.005693587940186262,0.04415642023086548,0.005211520940065384,0.012803899159663885,0.0726,0.013000000000000012,cnn-4_mnist_learnt_gaussian_sig0.03_bounded-pmin1e-05_epoch50_bs250_lr0.001_mon0.95_dp0.2_objective-channel_gradient-chan0.1-rayleigh-zf-tx1.0-noise0.1-frob-kl0.01_perc-pri0.5_epoch-pri70_bs-pri250_lr-pri0.005_mom-pri0.99_dp-pri0.2_seed7,rayleigh-zf-tx1.0-noise0.1_chan-layer2_mcsamples500_norm-frob_seed7_bounds.json
cnn-4,mnist,50.0,rayleigh_zf,10.0 dB,frob,channel_grad,0.001,0.01,1.0,0.05067509040236473,0.08360479999999999,0.05402405858039856,0.3361462950706482,✓,✓,0.022691382840535887,0.08850000000000002,0.3241615295410156,✓,✓,0.03467613354416241,65.75403594970703,0.015929397869369935,0.032068561762571335,9216.0,0.004800806287676096,0.05402405858039856,0.004467406868934631,0.011645176470588249,0.08850000000000002,0.012299999999999978,cnn-4_mnist_learnt_gaussian_sig0.03_bounded-pmin1e-05_epoch50_bs250_lr0.001_mon0.95_dp0.2_objective-channel_gradient-chan1.0-rayleigh-zf-tx1.0-noise0.1-frob-kl0.01_perc-pri0.5_epoch-pri70_bs-pri250_lr-pri0.005_mom-pri0.99_dp-pri0.2_seed7,rayleigh-zf-tx1.0-noise0.1_chan-layer2_mcsamples500_norm-frob_seed7_bounds.json
cnn-4,mnist,50.0,rayleigh_zf,10.0 dB,frob,channel_grad,0.001,0.1,0.01,0.03994685783982277,0.06498879999999999,0.042112091183662416,0.07585404813289642,✓,✓,0.025623687800720645,0.0685,0.0634666383266449,✗,✓,0.03801109890209238,0.0714564323425293,0.020450202419855658,0.041169703006744385,9216.0,0.006355633493512869,0.042112091183662416,0.005698807537555695,0.01373700840336136,0.0685,0.0131,cnn-4_mnist_learnt_gaussian_sig0.03_bounded-pmin1e-05_epoch50_bs250_lr0.001_mon0.95_dp0.2_objective-channel_gradient-chan0.01-rayleigh-zf-tx1.0-noise0.1-frob-kl0.1_perc-pri0.5_epoch-pri70_bs-pri250_lr-pri0.005_mom-pri0.99_dp-pri0.2_seed7,rayleigh-zf-tx1.0-noise0.1_chan-layer2_mcsamples500_norm-frob_seed7_bounds.json
cnn-4,mnist,50.0,rayleigh_zf,10.0 dB,frob,channel_grad,0.001,0.1,0.1,0.04002811387181282,0.06513040000000003,0.042203459143638614,0.07595822960138321,✓,✓,0.025563363047379186,0.06879999999999997,0.06359532475471497,✗,✓,0.03792626637426179,0.14649543166160583,0.020332870222470874,0.04093349352478981,9216.0,0.006322624161839485,0.042203459143638614,0.005672146379947662,0.013682823529411782,0.06879999999999997,0.0131,cnn-4_mnist_learnt_gaussian_sig0.03_bounded-pmin1e-05_epoch50_bs250_lr0.001_mon0.95_dp0.2_objective-channel_gradient-chan0.1-rayleigh-zf-tx1.0-noise0.1-frob-kl0.1_perc-pri0.5_epoch-pri70_bs-pri250_lr-pri0.005_mom-pri0.99_dp-pri0.2_seed7,rayleigh-zf-tx1.0-noise0.1_chan-layer2_mcsamples500_norm-frob_seed7_bounds.json
cnn-4,mnist,50.0,rayleigh_zf,10.0 dB,frob,channel_grad,0.001,0.1,1.0,0.04084938392043114,0.0665742,0.043098542094230655,0.08439786732196808,✓,✓,0.025119037455396603,0.07020000000000004,0.07218416035175323,✓,✓,0.037332742598398645,2.526789426803589,0.01964852523586639,0.03955579176545143,9216.0,0.00608120858669281,0.043098542094230655,0.005461549386382103,0.013306352941176491,0.07020000000000004,0.012700000000000045,cnn-4_mnist_learnt_gaussian_sig0.03_bounded-pmin1e-05_epoch50_bs250_lr0.001_mon0.95_dp0.2_objective-channel_gradient-chan1.0-rayleigh-zf-tx1.0-noise0.1-frob-kl0.1_perc-pri0.5_epoch-pri70_bs-pri250_lr-pri0.005_mom-pri0.99_dp-pri0.2_seed7,rayleigh-zf-tx1.0-noise0.1_chan-layer2_mcsamples500_norm-frob_seed7_bounds.json
cnn-4,mnist,50.0,rayleigh_zf,10.0 dB,frob,channel_grad,0.001,1.0,0.01,0.03988819569349289,0.06486099999999999,0.04202224016189575,0.07591144740581512,✓,✓,0.025771254498030034,0.06840000000000002,0.06346435844898224,✗,✓,0.038218344700996776,0.0022565126419067383,0.02058286198789255,0.04143676906824112,9216.0,0.006436063442379236,0.04202224016189575,0.0057591494172811505,0.013868974789915986,0.06840000000000002,0.01319999999999999,cnn-4_mnist_learnt_gaussian_sig0.03_bounded-pmin1e-05_epoch50_bs250_lr0.001_mon0.95_dp0.2_objective-channel_gradient-chan0.01-rayleigh-zf-tx1.0-noise0.1-frob-kl1.0_perc-pri0.5_epoch-pri70_bs-pri250_lr-pri0.005_mom-pri0.99_dp-pri0.2_seed7,rayleigh-zf-tx1.0-noise0.1_chan-layer2_mcsamples500_norm-frob_seed7_bounds.json
cnn-4,mnist,50.0,rayleigh_zf,10.0 dB,frob,channel_grad,0.001,1.0,0.1,0.039897721260786057,0.06487379999999998,0.042033398151397706,0.07590057700872421,✓,✓,0.025764257461003588,0.06840000000000002,0.06345655024051666,✗,✓,0.03820828845915229,0.005546778440475464,0.02056861898754132,0.04140809550881386,9216.0,0.0064323097467422485,0.042033398151397706,0.005756236985325814,0.01386252100840338,0.06840000000000002,0.01319999999999999,cnn-4_mnist_learnt_gaussian_sig0.03_bounded-pmin1e-05_epoch50_bs250_lr0.001_mon0.95_dp0.2_objective-channel_gradient-chan0.1-rayleigh-zf-tx1.0-noise0.1-frob-kl1.0_perc-pri0.5_epoch-pri70_bs-pri250_lr-pri0.005_mom-pri0.99_dp-pri0.2_seed7,rayleigh-zf-tx1.0-noise0.1_chan-layer2_mcsamples500_norm-frob_seed7_bounds.json
cnn-4,mnist,50.0,rayleigh_zf,10.0 dB,frob,channel_grad,0.001,1.0,1.0,0.03999217972159386,0.0650316,0.042142897844314575,0.07639076560735703,✓,✓,0.025701038074795093,0.06879999999999997,0.06396840512752533,✗,✓,0.038123398539826436,0.14764022827148438,0.020563600536592563,0.04139799252152443,9216.0,0.006397793535143137,0.042142897844314575,0.005728159099817276,0.013808268907563048,0.06879999999999997,0.01319999999999999,cnn-4_mnist_learnt_gaussian_sig0.03_bounded-pmin1e-05_epoch50_bs250_lr0.001_mon0.95_dp0.2_objective-channel_gradient-chan1.0-rayleigh-zf-tx1.0-noise0.1-frob-kl1.0_perc-pri0.5_epoch-pri70_bs-pri250_lr-pri0.005_mom-pri0.99_dp-pri0.2_seed7,rayleigh-zf-tx1.0-noise0.1_chan-layer2_mcsamples500_norm-frob_seed7_bounds.json
cnn-4,mnist,5.0,rayleigh_zf,10.0 dB,spec,channel_grad,0.001,0.01,0.01,0.04066846892237663,0.06654260000000001,0.04008338451385498,0.07818320393562317,✓,?,0.024937844732788223,0.06710000000000005,0.06591363251209259,✗,?,0.03720741806067749,1.9712226390838623,0.015827272762655078,0.03186296671628952,9216.0,0.005983460694551468,0.04008338451385498,0.005337737873196602,0.013227092436974808,0.06710000000000005,0.0131,cnn-4_mnist_learnt_gaussian_sig0.03_bounded-pmin1e-05_epoch5_bs250_lr0.001_mon0.95_dp0.2_objective-channel_gradient-chan0.01-rayleigh-zf-tx1.0-noise0.1-spec-kl0.01_perc-pri0.5_epoch-pri70_bs-pri250_lr-pri0.005_mom-pri0.99_dp-pri0.2_seed7,rayleigh-zf-tx1.0-noise0.1_chan-layer2_mcsamples500_norm-spec_seed7_bounds.json
cnn-4,mnist,5.0,rayleigh_zf,10.0 dB,spec,channel_grad,0.001,0.01,0.1,0.04126980900764465,0.06760999999999999,0.04077025055885315,0.08287210762500763,✓,?,0.02474635014457401,0.06810000000000005,0.07063576579093933,✓,?,0.03698270033329758,3.227458953857422,0.015612337985885362,0.03143026679754257,9216.0,0.00588054396212101,0.04077025055885315,0.005253791809082031,0.013085042016806747,0.06810000000000005,0.013000000000000012,cnn-4_mnist_learnt_gaussian_sig0.03_bounded-pmin1e-05_epoch5_bs250_lr0.001_mon0.95_dp0.2_objective-channel_gradient-chan0.1-rayleigh-zf-tx1.0-noise0.1-spec-kl0.01_perc-pri0.5_epoch-pri70_bs-pri250_lr-pri0.005_mom-pri0.99_dp-pri0.2_seed7,rayleigh-zf-tx1.0-noise0.1_chan-layer2_mcsamples500_norm-spec_seed7_bounds.json
cnn-4,mnist,5.0,rayleigh_zf,10.0 dB,spec,channel_grad,0.001,0.01,1.0,0.047842055559158325,0.07915039999999998,0.04717552959918976,0.20309464633464813,✓,?,0.023443047101090027,0.07830000000000004,0.19082148373126984,✓,?,0.03571622250093779,33.44569396972656,0.013735936030362734,0.02765275351703167,9216.0,0.005190179217606783,0.04717552959918976,0.004754183813929558,0.012290554621848755,0.07830000000000004,0.0121,cnn-4_mnist_learnt_gaussian_sig0.03_bounded-pmin1e-05_epoch5_bs250_lr0.001_mon0.95_dp0.2_objective-channel_gradient-chan1.0-rayleigh-zf-tx1.0-noise0.1-spec-kl0.01_perc-pri0.5_epoch-pri70_bs-pri250_lr-pri0.005_mom-pri0.99_dp-pri0.2_seed7,rayleigh-zf-tx1.0-noise0.1_chan-layer2_mcsamples500_norm-spec_seed7_bounds.json
cnn-4,mnist,5.0,rayleigh_zf,10.0 dB,spec,channel_grad,0.001,0.1,0.01,0.04001399502158165,0.0652538,0.03938093483448028,0.07172436267137527,✓,?,0.02561835887529418,0.0655,0.05926775932312012,✗,?,0.03807496176226465,0.0767102837562561,0.016235205097906366,0.03268420323729515,9216.0,0.00635261507704854,0.03938093483448028,0.005637644603848457,0.013777411764705908,0.0655,0.0131,cnn-4_mnist_learnt_gaussian_sig0.03_bounded-pmin1e-05_epoch5_bs250_lr0.001_mon0.95_dp0.2_objective-channel_gradient-chan0.01-rayleigh-zf-tx1.0-noise0.1-spec-kl0.1_perc-pri0.5_epoch-pri70_bs-pri250_lr-pri0.005_mom-pri0.99_dp-pri0.2_seed7,rayleigh-zf-tx1.0-noise0.1_chan-layer2_mcsamples500_norm-spec_seed7_bounds.json
cnn-4,mnist,5.0,rayleigh_zf,10.0 dB,spec,channel_grad,0.001,0.1,0.1,0.04010995849967003,0.0654124,0.03948850035667419,0.0718252956867218,✓,?,0.02557530171310452,0.0655,0.05937877669930458,✗,?,0.038021823111805284,0.12979981303215027,0.016172539227191213,0.03255804628133774,9216.0,0.00632900046184659,0.03948850035667419,0.005618913471698761,0.013743663865546242,0.0655,0.0131,cnn-4_mnist_learnt_gaussian_sig0.03_bounded-pmin1e-05_epoch5_bs250_lr0.001_mon0.95_dp0.2_objective-channel_gradient-chan0.1-rayleigh-zf-tx1.0-noise0.1-spec-kl0.1_perc-pri0.5_epoch-pri70_bs-pri250_lr-pri0.005_mom-pri0.99_dp-pri0.2_seed7,rayleigh-zf-tx1.0-noise0.1_chan-layer2_mcsamples500_norm-spec_seed7_bounds.json
cnn-4,mnist,5.0,rayleigh_zf,10.0 dB,spec,channel_grad,0.001,0.1,1.0,0.04107978940010071,0.06717540000000002,0.040617159008979796,0.07858764380216599,✓,?,0.025181620683781793,0.06789999999999996,0.06621125340461731,✗,?,0.03755801196567206,1.9693679809570312,0.0158886914224781,0.03198661282658577,9216.0,0.006115057040005922,0.040617159008979796,0.005434796214103699,0.01344900840336136,0.06789999999999996,0.0131,cnn-4_mnist_learnt_gaussian_sig0.03_bounded-pmin1e-05_epoch5_bs250_lr0.001_mon0.95_dp0.2_objective-channel_gradient-chan1.0-rayleigh-zf-tx1.0-noise0.1-spec-kl0.1_perc-pri0.5_epoch-pri70_bs-pri250_lr-pri0.005_mom-pri0.99_dp-pri0.2_seed7,rayleigh-zf-tx1.0-noise0.1_chan-layer2_mcsamples500_norm-spec_seed7_bounds.json
cnn-4,mnist,5.0,rayleigh_zf,10.0 dB,spec,channel_grad,0.001,1.0,0.01,0.039915505796670914,0.0650602,0.039282229542732236,0.07177527993917465,✓,?,0.025766299472207956,0.06510000000000005,0.05927116051316261,✗,?,0.03827041794137111,0.0026429593563079834,0.01639304389236644,0.03300195932388306,9216.0,0.006433425936847925,0.039282229542732236,0.005702299624681472,0.013902117647058844,0.06510000000000005,0.0131,cnn-4_mnist_learnt_gaussian_sig0.03_bounded-pmin1e-05_epoch5_bs250_lr0.001_mon0.95_dp0.2_objective-channel_gradient-chan0.01-rayleigh-zf-tx1.0-noise0.1-spec-kl1.0_perc-pri0.5_epoch-pri70_bs-pri250_lr-pri0.005_mom-pri0.99_dp-pri0.2_seed7,rayleigh-zf-tx1.0-noise0.1_chan-layer2_mcsamples500_norm-spec_seed7_bounds.json
cnn-4,mnist,5.0,rayleigh_zf,10.0 dB,spec,channel_grad,0.001,1.0,0.1,0.03992117941379547,0.0650726,0.0392884761095047,0.0717780739068985,✓,?,0.025763564979087494,0.06510000000000005,0.05927201732993126,✗,?,0.03826961990514844,0.004860818386077881,0.01638757762979173,0.0329909548163414,9216.0,0.006432086694985628,0.0392884761095047,0.005700876191258431,0.013901781512605063,0.06510000000000005,0.0131,cnn-4_mnist_learnt_gaussian_sig0.03_bounded-pmin1e-05_epoch5_bs250_lr0.001_mon0.95_dp0.2_objective-channel_gradient-chan0.1-rayleigh-zf-tx1.0-noise0.1-spec-kl1.0_perc-pri0.5_epoch-pri70_bs-pri250_lr-pri0.005_mom-pri0.99_dp-pri0.2_seed7,rayleigh-zf-tx1.0-noise0.1_chan-layer2_mcsamples500_norm-spec_seed7_bounds.json
cnn-4,mnist,5.0,rayleigh_zf,10.0 dB,spec,channel_grad,0.001,1.0,1.0,0.03997734189033508,0.0651682,0.03935146927833557,0.07224444299936295,✓,?,0.025742079662628207,0.06530000000000002,0.05972602963447571,✗,?,0.03826049308690058,0.12140893936157227,0.01638727045322186,0.032990336418151855,9216.0,0.006420321762561798,0.03935146927833557,0.005687499791383744,0.013895798319327746,0.06530000000000002,0.0131,cnn-4_mnist_learnt_gaussian_sig0.03_bounded-pmin1e-05_epoch5_bs250_lr0.001_mon0.95_dp0.2_objective-channel_gradient-chan1.0-rayleigh-zf-tx1.0-noise0.1-spec-kl1.0_perc-pri0.5_epoch-pri70_bs-pri250_lr-pri0.005_mom-pri0.99_dp-pri0.2_seed7,rayleigh-zf-tx1.0-noise0.1_chan-layer2_mcsamples500_norm-spec_seed7_bounds.json
cnn-4,mnist,10.0,rayleigh_zf,10.0 dB,spec,vanilla,0.001,1.0,0.0,0.04242916405200958,0.0699418,0.04354698061943054,0.16605425361260961,✓,-,0.02381898301377575,0.06920000000000004,0.1539087253551985,✓,-,0.03596451127118688,13.565025329589844,0.05760972957137006,0.11597809195518494,9216.0,0.005387256387621164,0.04354698061943054,0.005133499950170517,0.012445512605042033,0.06920000000000004,0.011299999999999977,cnn-4_mnist_learnt_gaussian_sig0.03_bounded-pmin1e-05_epoch10_bs250_lr0.001_mon0.95_dp0.2_objective-vanilla_perc-pri0.5_epoch-pri70_bs-pri250_lr-pri0.005_mom-pri0.99_dp-pri0.2_seed7,rayleigh-zf-tx1.0-noise0.1_chan-layer2_mcsamples500_norm-spec_seed7_bounds.json
cnn-4,mnist,10.0,rayleigh_zf,10.0 dB,spec,channel_grad,0.001,0.0001,0.0001,0.04229618236422539,0.0697992,0.04603825211524963,0.12338075786828995,✓,✓,0.023838602505978766,0.07240000000000002,0.11117945611476898,✓,✓,0.03603990644041801,13.63436222076416,0.01457777655086277,0.02934752032160759,9216.0,0.005397581961005926,0.04603825211524963,0.004951954632997513,0.01249284033613447,0.07240000000000002,0.012499999999999956,cnn-4_mnist_learnt_gaussian_sig0.03_bounded-pmin1e-05_epoch10_bs250_lr0.001_mon0.95_dp0.2_objective-channel_gradient-chan0.0001-rayleigh-zf-tx1.0-noise0.1-spec-kl0.0001_perc-pri0.5_epoch-pri70_bs-pri250_lr-pri0.005_mom-pri0.99_dp-pri0.2_seed7,rayleigh-zf-tx1.0-noise0.1_chan-layer2_mcsamples500_norm-spec_seed7_bounds.json
cnn-4,mnist,10.0,rayleigh_zf,10.0 dB,spec,channel_grad,0.001,0.0001,0.001,0.04231327399611473,0.06983019999999998,0.0460562139749527,0.1236196905374527,✓,✓,0.023834855858870064,0.07240000000000002,0.11141940951347351,✓,✓,0.03603513546413523,13.695465087890625,0.014572028092945253,0.029335947707295418,9216.0,0.005395697429776192,0.0460562139749527,0.004950513318181038,0.012489882352941196,0.07240000000000002,0.012499999999999956,cnn-4_mnist_learnt_gaussian_sig0.03_bounded-pmin1e-05_epoch10_bs250_lr0.001_mon0.95_dp0.2_objective-channel_gradient-chan0.001-rayleigh-zf-tx1.0-noise0.1-spec-kl0.0001_perc-pri0.5_epoch-pri70_bs-pri250_lr-pri0.005_mom-pri0.99_dp-pri0.2_seed7,rayleigh-zf-tx1.0-noise0.1_chan-layer2_mcsamples500_norm-spec_seed7_bounds.json
cnn-4,mnist,10.0,rayleigh_zf,10.0 dB,spec,channel_grad,0.001,0.0001,0.01,0.042519461363554,0.07018,0.046278220415115354,0.1265096515417099,✓,✗,0.02379250319676217,0.0726,0.11430869996547699,✓,✗,0.035993466083676394,14.43091106414795,0.014501210940360906,0.02919338084757328,9216.0,0.005373323801904917,0.046278220415115354,0.004935728013515472,0.012463596638655478,0.0726,0.012499999999999956,cnn-4_mnist_learnt_gaussian_sig0.03_bounded-pmin1e-05_epoch10_bs250_lr0.001_mon0.95_dp0.2_objective-channel_gradient-chan0.01-rayleigh-zf-tx1.0-noise0.1-spec-kl0.0001_perc-pri0.5_epoch-pri70_bs-pri250_lr-pri0.005_mom-pri0.99_dp-pri0.2_seed7,rayleigh-zf-tx1.0-noise0.1_chan-layer2_mcsamples500_norm-spec_seed7_bounds.json
cnn-4,mnist,10.0,rayleigh_zf,10.0 dB,spec,channel_grad,0.001,0.001,0.0001,0.04205245524644852,0.0693112,0.04577744007110596,0.11480192095041275,✓,✓,0.02396647949264517,0.07140000000000002,0.10259897261857986,✓,✓,0.03616942886063894,11.472819328308105,0.014693875415814904,0.02958124689757824,9216.0,0.005465060006827116,0.04577744007110596,0.004990875720977783,0.012573915966386571,0.07140000000000002,0.012499999999999956,cnn-4_mnist_learnt_gaussian_sig0.03_bounded-pmin1e-05_epoch10_bs250_lr0.001_mon0.95_dp0.2_objective-channel_gradient-chan0.0001-rayleigh-zf-tx1.0-noise0.1-spec-kl0.001_perc-pri0.5_epoch-pri70_bs-pri250_lr-pri0.005_mom-pri0.99_dp-pri0.2_seed7,rayleigh-zf-tx1.0-noise0.1_chan-layer2_mcsamples500_norm-spec_seed7_bounds.json
cnn-4,mnist,10.0,rayleigh_zf,10.0 dB,spec,channel_grad,0.001,0.001,0.001,0.0420699380338192,0.06934080000000001,0.0457957923412323,0.11501200497150421,✓,✓,0.02396271663908073,0.07140000000000002,0.10280880331993103,✓,✓,0.03616591647918961,11.526832580566406,0.014686965793454049,0.029567336663603783,9216.0,0.0054631587117910385,0.0457957923412323,0.0049894053488969805,0.012571764705882373,0.07140000000000002,0.012499999999999956,cnn-4_mnist_learnt_gaussian_sig0.03_bounded-pmin1e-05_epoch10_bs250_lr0.001_mon0.95_dp0.2_objective-channel_gradient-chan0.001-rayleigh-zf-tx1.0-noise0.1-spec-kl0.001_perc-pri0.5_epoch-pri70_bs-pri250_lr-pri0.005_mom-pri0.99_dp-pri0.2_seed7,rayleigh-zf-tx1.0-noise0.1_chan-layer2_mcsamples500_norm-spec_seed7_bounds.json
cnn-4,mnist,10.0,rayleigh_zf,10.0 dB,spec,channel_grad,0.001,0.001,0.01,0.04224843531847,0.0696474,0.04598403573036194,0.11739138513803482,✓,✓,0.02392355809768151,0.07189999999999996,0.10518725216388702,✓,✓,0.03612769661231825,12.131996154785156,0.014634000965916931,0.029460709542036057,9216.0,0.0054425871931016445,0.04598403573036194,0.004975767806172371,0.0125475630252101,0.07189999999999996,0.012499999999999956,cnn-4_mnist_learnt_gaussian_sig0.03_bounded-pmin1e-05_epoch10_bs250_lr0.001_mon0.95_dp0.2_objective-channel_gradient-chan0.01-rayleigh-zf-tx1.0-noise0.1-spec-kl0.001_perc-pri0.5_epoch-pri70_bs-pri250_lr-pri0.005_mom-pri0.99_dp-pri0.2_seed7,rayleigh-zf-tx1.0-noise0.1_chan-layer2_mcsamples500_norm-spec_seed7_bounds.json
cnn-4,mnist,10.0,rayleigh_zf,10.0 dB,spec,channel_grad,0.001,0.01,0.0001,0.04079088568687439,0.0667848,0.04436086416244507,0.0811331570148468,✓,✓,0.024782614409457972,0.06979999999999997,0.06884109973907471,✗,✓,0.037074670642767885,2.842026948928833,0.015354933272638942,0.030912067741155624,9216.0,0.0059001147747039795,0.04436086416244507,0.005267860740423203,0.013143126050420182,0.06979999999999997,0.012800000000000034,cnn-4_mnist_learnt_gaussian_sig0.03_bounded-pmin1e-05_epoch10_bs250_lr0.001_mon0.95_dp0.2_objective-channel_gradient-chan0.0001-rayleigh-zf-tx1.0-noise0.1-spec-kl0.01_perc-pri0.5_epoch-pri70_bs-pri250_lr-pri0.005_mom-pri0.99_dp-pri0.2_seed7,rayleigh-zf-tx1.0-noise0.1_chan-layer2_mcsamples500_norm-spec_seed7_bounds.json
cnn-4,mnist,10.0,rayleigh_zf,10.0 dB,spec,channel_grad,0.001,0.01,0.001,0.040798161178827286,0.06679819999999999,0.04436923265457153,0.08117293566465378,✓,✓,0.024780490972571855,0.06979999999999997,0.06888094544410706,✗,✓,0.037072483165704245,2.85599684715271,0.0153398640413332,0.0308817308396101,9216.0,0.005898916628211737,0.04436923265457153,0.005266908928751946,0.013141848739495813,0.06979999999999997,0.012800000000000034,cnn-4_mnist_learnt_gaussian_sig0.03_bounded-pmin1e-05_epoch10_bs250_lr0.001_mon0.95_dp0.2_objective-channel_gradient-chan0.001-rayleigh-zf-tx1.0-noise0.1-spec-kl0.01_perc-pri0.5_epoch-pri70_bs-pri250_lr-pri0.005_mom-pri0.99_dp-pri0.2_seed7,rayleigh-zf-tx1.0-noise0.1_chan-layer2_mcsamples500_norm-spec_seed7_bounds.json
cnn-4,mnist,10.0,rayleigh_zf,10.0 dB,spec,channel_grad,0.001,0.01,0.01,0.04086888208985329,0.06691780000000001,0.04445143342018128,0.08173247734580875,✓,✓,0.024757082459186838,0.06999999999999995,0.06944680321914869,✗,✓,0.03704275658584691,3.0097010135650635,0.01530163906299678,0.030804777517914772,9216.0,0.0058861686848104,0.04445143342018128,0.005257096141576767,0.013122957983193295,0.06999999999999995,0.012800000000000034,cnn-4_mnist_learnt_gaussian_sig0.03_bounded-pmin1e-05_epoch10_bs250_lr0.001_mon0.95_dp0.2_objective-channel_gradient-chan0.01-rayleigh-zf-tx1.0-noise0.1-spec-kl0.01_perc-pri0.5_epoch-pri70_bs-pri250_lr-pri0.005_mom-pri0.99_dp-pri0.2_seed7,rayleigh-zf-tx1.0-noise0.1_chan-layer2_mcsamples500_norm-spec_seed7_bounds.json
cnn-4,mnist,10.0,rayleigh_zf,10.0 dB,spec,channel_grad,0.001,0.01,0.1,0.04159221798181534,0.0681744,0.045259726047515866,0.08892280800270409,✓,✓,0.024535692342785,0.07040000000000002,0.0766653209558819,✓,✓,0.0367931793896072,4.893185138702393,0.015052255174100424,0.030302725732326508,9216.0,0.005767778493463993,0.045259726047515866,0.005166520550847054,0.012965579831932797,0.07040000000000002,0.012700000000000045,cnn-4_mnist_learnt_gaussian_sig0.03_bounded-pmin1e-05_epoch10_bs250_lr0.001_mon0.95_dp0.2_objective-channel_gradient-chan0.1-rayleigh-zf-tx1.0-noise0.1-spec-kl0.01_perc-pri0.5_epoch-pri70_bs-pri250_lr-pri0.005_mom-pri0.99_dp-pri0.2_seed7,rayleigh-zf-tx1.0-noise0.1_chan-layer2_mcsamples500_norm-spec_seed7_bounds.json
cnn-4,mnist,10.0,rayleigh_zf,10.0 dB,spec,channel_grad,0.001,0.01,1.0,0.04958710819482803,0.0818408,0.053555911779403685,0.2609540847539978,✓,✗,0.023048140073510033,0.08550000000000002,0.24858622698433808,✓,✗,0.03541599784316974,47.83839797973633,0.013137616212243157,0.026448234915733337,9216.0,0.004984847269952297,0.053555911779403685,0.004614128172397614,0.012103663865546243,0.08550000000000002,0.012900000000000023,cnn-4_mnist_learnt_gaussian_sig0.03_bounded-pmin1e-05_epoch10_bs250_lr0.001_mon0.95_dp0.2_objective-channel_gradient-chan1.0-rayleigh-zf-tx1.0-noise0.1-spec-kl0.01_perc-pri0.5_epoch-pri70_bs-pri250_lr-pri0.005_mom-pri0.99_dp-pri0.2_seed7,rayleigh-zf-tx1.0-noise0.1_chan-layer2_mcsamples500_norm-spec_seed7_bounds.json
cnn-4,mnist,10.0,rayleigh_zf,10.0 dB,spec,channel_grad,0.001,0.1,0.01,0.03996826335787773,0.0651176,0.04328574538230896,0.07171498862374072,✓,✓,0.025643063327465323,0.06740000000000002,0.05924762899018407,✗,✓,0.038110422961021975,0.06225329637527466,0.016249388883497144,0.03271275758743286,9216.0,0.006366211920976639,0.04328574538230896,0.005617644265294075,0.01380026890756304,0.06740000000000002,0.013499999999999956,cnn-4_mnist_learnt_gaussian_sig0.03_bounded-pmin1e-05_epoch10_bs250_lr0.001_mon0.95_dp0.2_objective-channel_gradient-chan0.01-rayleigh-zf-tx1.0-noise0.1-spec-kl0.1_perc-pri0.5_epoch-pri70_bs-pri250_lr-pri0.005_mom-pri0.99_dp-pri0.2_seed7,rayleigh-zf-tx1.0-noise0.1_chan-layer2_mcsamples500_norm-spec_seed7_bounds.json
cnn-4,mnist,10.0,rayleigh_zf,10.0 dB,spec,channel_grad,0.001,0.1,0.1,0.0400371290743351,0.06524760000000002,0.043370798230171204,0.07181268042270059,✓,✓,0.0255990342476289,0.06769999999999998,0.05935634227827874,✗,✓,0.03805537239205074,0.11248853802680969,0.016197046736175457,0.03260738402605057,9216.0,0.006342088803648949,0.043370798230171204,0.005594711750745773,0.01376504201680673,0.06769999999999998,0.013399999999999967,cnn-4_mnist_learnt_gaussian_sig0.03_bounded-pmin1e-05_epoch10_bs250_lr0.001_mon0.95_dp0.2_objective-channel_gradient-chan0.1-rayleigh-zf-tx1.0-noise0.1-spec-kl0.1_perc-pri0.5_epoch-pri70_bs-pri250_lr-pri0.005_mom-pri0.99_dp-pri0.2_seed7,rayleigh-zf-tx1.0-noise0.1_chan-layer2_mcsamples500_norm-spec_seed7_bounds.json
cnn-4,mnist,10.0,rayleigh_zf,10.0 dB,spec,channel_grad,0.001,0.1,1.0,0.040804896503686905,0.06663459999999999,0.044289198517799375,0.07813055255303777,✓,✓,0.02520896726764844,0.06979999999999997,0.06579037548519502,✗,✓,0.0375491443354912,1.8958449363708496,0.015740624913954736,0.03168852999806404,9216.0,0.00612989254295826,0.044289198517799375,0.005404715985059738,0.01344329411764708,0.06979999999999997,0.013399999999999967,cnn-4_mnist_learnt_gaussian_sig0.03_bounded-pmin1e-05_epoch10_bs250_lr0.001_mon0.95_dp0.2_objective-channel_gradient-chan1.0-rayleigh-zf-tx1.0-noise0.1-spec-kl0.1_perc-pri0.5_epoch-pri70_bs-pri250_lr-pri0.005_mom-pri0.99_dp-pri0.2_seed7,rayleigh-zf-tx1.0-noise0.1_chan-layer2_mcsamples500_norm-spec_seed7_bounds.json
cnn-4,mnist,10.0,rayleigh_zf,10.0 dB,spec,channel_grad,0.001,1.0,0.01,0.039894793182611465,0.0649738,0.0431797593832016,0.07181362597744768,✓,✓,0.025780598513598006,0.06720000000000004,0.0593017052809392,✗,✓,0.03829251921010649,0.0017815232276916504,0.016412804968207784,0.03304174169898033,9216.0,0.006441244389861822,0.0431797593832016,0.005680208653211593,0.013916100840336147,0.06720000000000004,0.013499999999999956,cnn-4_mnist_learnt_gaussian_sig0.03_bounded-pmin1e-05_epoch10_bs250_lr0.001_mon0.95_dp0.2_objective-channel_gradient-chan0.01-rayleigh-zf-tx1.0-noise0.1-spec-kl1.0_perc-pri0.5_epoch-pri70_bs-pri250_lr-pri0.005_mom-pri0.99_dp-pri0.2_seed7,rayleigh-zf-tx1.0-noise0.1_chan-layer2_mcsamples500_norm-spec_seed7_bounds.json
cnn-4,mnist,10.0,rayleigh_zf,10.0 dB,spec,channel_grad,0.001,1.0,0.1,0.039902299642562866,0.06499060000000002,0.04318987429141998,0.07181252632639115,✓,✓,0.025776413610672556,0.06730000000000003,0.05930079300810368,✗,✓,0.03828814692896003,0.004058539867401123,0.016406781716792523,0.03302961587905884,9216.0,0.006438909098505974,0.04318987429141998,0.005678803473711014,0.01391354621848741,0.06730000000000003,0.013499999999999956,cnn-4_mnist_learnt_gaussian_sig0.03_bounded-pmin1e-05_epoch10_bs250_lr0.001_mon0.95_dp0.2_objective-channel_gradient-chan0.1-rayleigh-zf-tx1.0-noise0.1-spec-kl1.0_perc-pri0.5_epoch-pri70_bs-pri250_lr-pri0.005_mom-pri0.99_dp-pri0.2_seed7,rayleigh-zf-tx1.0-noise0.1_chan-layer2_mcsamples500_norm-spec_seed7_bounds.json
cnn-4,mnist,10.0,rayleigh_zf,10.0 dB,spec,channel_grad,0.001,1.0,1.0,0.039985258132219315,0.06511920000000002,0.04329832196235657,0.07215058284311412,✓,✓,0.02573762847580904,0.06710000000000005,0.05964988541479985,✗,✓,0.03823832590412332,0.11534607410430908,0.016340329802330637,0.03289583697915077,9216.0,0.006417714990675449,0.04329832196235657,0.00566583126783371,0.013881747899159675,0.06710000000000005,0.013499999999999956,cnn-4_mnist_learnt_gaussian_sig0.03_bounded-pmin1e-05_epoch10_bs250_lr0.001_mon0.95_dp0.2_objective-channel_gradient-chan1.0-rayleigh-zf-tx1.0-noise0.1-spec-kl1.0_perc-pri0.5_epoch-pri70_bs-pri250_lr-pri0.005_mom-pri0.99_dp-pri0.2_seed7,rayleigh-zf-tx1.0-noise0.1_chan-layer2_mcsamples500_norm-spec_seed7_bounds.json
cnn-4,mnist,20.0,rayleigh_zf,10.0 dB,spec,vanilla,0.001,1.0,0.0,0.04475164785981178,0.0747486,0.04568192958831787,0.2688896625765942,✓,-,0.022776249901156998,0.07320000000000004,0.25670678489392035,✓,-,0.03495912758383085,39.0007209777832,0.05760972957137006,0.11597809195518494,9216.0,0.004844462499022484,0.04568192958831787,0.004822608456015587,0.01182010084033615,0.07320000000000004,0.011299999999999977,cnn-4_mnist_learnt_gaussian_sig0.03_bounded-pmin1e-05_epoch20_bs250_lr0.001_mon0.95_dp0.2_objective-vanilla_perc-pri0.5_epoch-pri70_bs-pri250_lr-pri0.005_mom-pri0.99_dp-pri0.2_seed7,rayleigh-zf-tx1.0-noise0.1_chan-layer2_mcsamples500_norm-spec_seed7_bounds.json
cnn-4,mnist,20.0,rayleigh_zf,10.0 dB,spec,channel_grad,0.001,0.0001,0.0001,0.044653695076704025,0.0743156,0.04753630757331848,0.22053022682666779,✓,✓,0.022796534546457678,0.07750000000000001,0.20834317803382874,✓,✓,0.03498358592757618,37.805416107177734,0.014105641536816335,0.028397032991051674,9216.0,0.004854971542954445,0.04753630757331848,0.005060126632452011,0.011835495798319348,0.07750000000000001,0.012199999999999989,cnn-4_mnist_learnt_gaussian_sig0.03_bounded-pmin1e-05_epoch20_bs250_lr0.001_mon0.95_dp0.2_objective-channel_gradient-chan0.0001-rayleigh-zf-tx1.0-noise0.1-spec-kl0.0001_perc-pri0.5_epoch-pri70_bs-pri250_lr-pri0.005_mom-pri0.99_dp-pri0.2_seed7,rayleigh-zf-tx1.0-noise0.1_chan-layer2_mcsamples500_norm-spec_seed7_bounds.json
cnn-4,mnist,20.0,rayleigh_zf,10.0 dB,spec,channel_grad,0.001,0.0001,0.001,0.0446908138692379,0.07437319999999999,0.047576329112052916,0.22128620743751526,✓,✓,0.022790730266914576,0.07750000000000001,0.20909976959228516,✓,✓,0.034977159521036624,37.990272521972656,0.014113382016284856,0.02841261588037014,9216.0,0.004851960111409426,0.047576329112052916,0.005057502910494805,0.011831327731092455,0.07750000000000001,0.012199999999999989,cnn-4_mnist_learnt_gaussian_sig0.03_bounded-pmin1e-05_epoch20_bs250_lr0.001_mon0.95_dp0.2_objective-channel_gradient-chan0.001-rayleigh-zf-tx1.0-noise0.1-spec-kl0.0001_perc-pri0.5_epoch-pri70_bs-pri250_lr-pri0.005_mom-pri0.99_dp-pri0.2_seed7,rayleigh-zf-tx1.0-noise0.1_chan-layer2_mcsamples500_norm-spec_seed7_bounds.json
cnn-4,mnist,20.0,rayleigh_zf,10.0 dB,spec,channel_grad,0.001,0.0001,0.01,0.04507995769381523,0.07504540000000001,0.04798591434955597,0.22919446229934692,✓,✗,0.022730158575984535,0.07799999999999996,0.2170017659664154,✓,✗,0.034922854630863,39.97057342529297,0.013991382030360901,0.028167009353637695,9216.0,0.004820721223950386,0.04798591434955597,0.005030548945069313,0.011797915966386577,0.07799999999999996,0.012199999999999989,cnn-4_mnist_learnt_gaussian_sig0.03_bounded-pmin1e-05_epoch20_bs250_lr0.001_mon0.95_dp0.2_objective-channel_gradient-chan0.01-rayleigh-zf-tx1.0-noise0.1-spec-kl0.0001_perc-pri0.5_epoch-pri70_bs-pri250_lr-pri0.005_mom-pri0.99_dp-pri0.2_seed7,rayleigh-zf-tx1.0-noise0.1_chan-layer2_mcsamples500_norm-spec_seed7_bounds.json
cnn-4,mnist,20.0,rayleigh_zf,10.0 dB,spec,channel_grad,0.001,0.001,0.0001,0.043790075927972794,0.07263040000000001,0.046601906418800354,0.17860029637813568,✓,✓,0.023143223640683247,0.07579999999999998,0.16640923917293549,✓,✓,0.03533427388821089,27.360319137573242,0.01446695242574449,0.029124412685632706,9216.0,0.00503409281373024,0.046601906418800354,0.005160362645983696,0.012052773109243714,0.07579999999999998,0.012299999999999978,cnn-4_mnist_learnt_gaussian_sig0.03_bounded-pmin1e-05_epoch20_bs250_lr0.001_mon0.95_dp0.2_objective-channel_gradient-chan0.0001-rayleigh-zf-tx1.0-noise0.1-spec-kl0.001_perc-pri0.5_epoch-pri70_bs-pri250_lr-pri0.005_mom-pri0.99_dp-pri0.2_seed7,rayleigh-zf-tx1.0-noise0.1_chan-layer2_mcsamples500_norm-spec_seed7_bounds.json
cnn-4,mnist,20.0,rayleigh_zf,10.0 dB,spec,channel_grad,0.001,0.001,0.001,0.043818067759275436,0.07267459999999999,0.046631845831871035,0.17907242476940155,✓,✓,0.023138453511235103,0.07589999999999997,0.16688330471515656,✓,✓,0.035327574420624314,27.4802188873291,0.014456302095937871,0.029102971777319908,9216.0,0.005031650420278311,0.046631845831871035,0.005158145353198052,0.01204880672268909,0.07589999999999997,0.012299999999999978,cnn-4_mnist_learnt_gaussian_sig0.03_bounded-pmin1e-05_epoch20_bs250_lr0.001_mon0.95_dp0.2_objective-channel_gradient-chan0.001-rayleigh-zf-tx1.0-noise0.1-spec-kl0.001_perc-pri0.5_epoch-pri70_bs-pri250_lr-pri0.005_mom-pri0.99_dp-pri0.2_seed7,rayleigh-zf-tx1.0-noise0.1_chan-layer2_mcsamples500_norm-spec_seed7_bounds.json
cnn-4,mnist,20.0,rayleigh_zf,10.0 dB,spec,channel_grad,0.001,0.001,0.01,0.04412468895316124,0.0731914,0.04696035087108612,0.18491414189338684,✓,✓,0.023083837236408077,0.07650000000000001,0.1727217733860016,✓,✓,0.0352762021092827,28.9343204498291,0.014413056816191434,0.029015911743044853,9216.0,0.005003325175493956,0.04696035087108612,0.005134494975209236,0.012016941176470607,0.07650000000000001,0.012199999999999989,cnn-4_mnist_learnt_gaussian_sig0.03_bounded-pmin1e-05_epoch20_bs250_lr0.001_mon0.95_dp0.2_objective-channel_gradient-chan0.01-rayleigh-zf-tx1.0-noise0.1-spec-kl0.001_perc-pri0.5_epoch-pri70_bs-pri250_lr-pri0.005_mom-pri0.99_dp-pri0.2_seed7,rayleigh-zf-tx1.0-noise0.1_chan-layer2_mcsamples500_norm-spec_seed7_bounds.json
cnn-4,mnist,20.0,rayleigh_zf,10.0 dB,spec,channel_grad,0.001,0.01,0.0001,0.040987178683280945,0.0670222,0.04360058903694153,0.0839090496301651,✓,✓,0.024678286441105795,0.07020000000000004,0.07166191190481186,✓,✓,0.03692542035542121,3.4099535942077637,0.015961521876917996,0.032133232802152634,9216.0,0.005844022613018751,0.04360058903694153,0.00563729852437973,0.013049008403361373,0.07020000000000004,0.012199999999999989,cnn-4_mnist_learnt_gaussian_sig0.03_bounded-pmin1e-05_epoch20_bs250_lr0.001_mon0.95_dp0.2_objective-channel_gradient-chan0.0001-rayleigh-zf-tx1.0-noise0.1-spec-kl0.01_perc-pri0.5_epoch-pri70_bs-pri250_lr-pri0.005_mom-pri0.99_dp-pri0.2_seed7,rayleigh-zf-tx1.0-noise0.1_chan-layer2_mcsamples500_norm-spec_seed7_bounds.json
cnn-4,mnist,20.0,rayleigh_zf,10.0 dB,spec,channel_grad,0.001,0.01,0.001,0.04099563881754875,0.06703459999999997,0.04360942244529724,0.08397039771080017,✓,✓,0.02467610441581577,0.07020000000000004,0.07172286510467529,✓,✓,0.03692363772924519,3.4262583255767822,0.015958096673117796,0.03212633728981018,9216.0,0.005842764861881733,0.04360942244529724,0.005636342614889145,0.013047663865546249,0.07020000000000004,0.012199999999999989,cnn-4_mnist_learnt_gaussian_sig0.03_bounded-pmin1e-05_epoch20_bs250_lr0.001_mon0.95_dp0.2_objective-channel_gradient-chan0.001-rayleigh-zf-tx1.0-noise0.1-spec-kl0.01_perc-pri0.5_epoch-pri70_bs-pri250_lr-pri0.005_mom-pri0.99_dp-pri0.2_seed7,rayleigh-zf-tx1.0-noise0.1_chan-layer2_mcsamples500_norm-spec_seed7_bounds.json
cnn-4,mnist,20.0,rayleigh_zf,10.0 dB,spec,channel_grad,0.001,0.01,0.01,0.041066974401474,0.0671578,0.043684327602386476,0.08464110704562215,✓,✓,0.024652354452845863,0.07040000000000002,0.07239512298633376,✓,✓,0.03689833851213427,3.5971875190734863,0.015956283221078792,0.03212268650531769,9216.0,0.0058301533572375774,0.043684327602386476,0.005626500397920608,0.013031865546218513,0.07040000000000002,0.0121,cnn-4_mnist_learnt_gaussian_sig0.03_bounded-pmin1e-05_epoch20_bs250_lr0.001_mon0.95_dp0.2_objective-channel_gradient-chan0.01-rayleigh-zf-tx1.0-noise0.1-spec-kl0.01_perc-pri0.5_epoch-pri70_bs-pri250_lr-pri0.005_mom-pri0.99_dp-pri0.2_seed7,rayleigh-zf-tx1.0-noise0.1_chan-layer2_mcsamples500_norm-spec_seed7_bounds.json
cnn-4,mnist,20.0,rayleigh_zf,10.0 dB,spec,channel_grad,0.001,0.01,0.1,0.04180051013827324,0.06844460000000002,0.044476178288459775,0.0925782907506389,✓,✓,0.024432084520443098,0.07220000000000004,0.08034282749362251,✓,✓,0.03666754777745951,5.689808368682861,0.015581168816349673,0.03136751800775528,9216.0,0.005712433718144894,0.044476178288459775,0.005536454543471336,0.01288652100840338,0.07220000000000004,0.0121,cnn-4_mnist_learnt_gaussian_sig0.03_bounded-pmin1e-05_epoch20_bs250_lr0.001_mon0.95_dp0.2_objective-channel_gradient-chan0.1-rayleigh-zf-tx1.0-noise0.1-spec-kl0.01_perc-pri0.5_epoch-pri70_bs-pri250_lr-pri0.005_mom-pri0.99_dp-pri0.2_seed7,rayleigh-zf-tx1.0-noise0.1_chan-layer2_mcsamples500_norm-spec_seed7_bounds.json
cnn-4,mnist,20.0,rayleigh_zf,10.0 dB,spec,channel_grad,0.001,0.01,1.0,0.05018261820077896,0.0829362,0.052746927738189696,0.28732984794999405,✓,✗,0.022907488204073206,0.08550000000000002,0.2749049890865151,✓,✗,0.03533234706755216,54.28047180175781,0.0132973739350343,0.02676985412836075,9216.0,0.004912151955068111,0.052746927738189696,0.004913545399904251,0.012051764705882376,0.08550000000000002,0.0121,cnn-4_mnist_learnt_gaussian_sig0.03_bounded-pmin1e-05_epoch20_bs250_lr0.001_mon0.95_dp0.2_objective-channel_gradient-chan1.0-rayleigh-zf-tx1.0-noise0.1-spec-kl0.01_perc-pri0.5_epoch-pri70_bs-pri250_lr-pri0.005_mom-pri0.99_dp-pri0.2_seed7,rayleigh-zf-tx1.0-noise0.1_chan-layer2_mcsamples500_norm-spec_seed7_bounds.json
cnn-4,mnist,20.0,rayleigh_zf,10.0 dB,spec,channel_grad,0.001,0.1,0.01,0.04006144031882286,0.06510540000000001,0.042618191242218016,0.07207424028311302,✓,✓,0.025620235281131682,0.06810000000000005,0.059628248055342184,✗,✓,0.038066227508902525,0.07110026478767395,0.016616718397687396,0.03345225378870964,9216.0,0.006353562232106924,0.042618191242218016,0.00595429353415966,0.013771831932773133,0.06810000000000005,0.012800000000000034,cnn-4_mnist_learnt_gaussian_sig0.03_bounded-pmin1e-05_epoch20_bs250_lr0.001_mon0.95_dp0.2_objective-channel_gradient-chan0.01-rayleigh-zf-tx1.0-noise0.1-spec-kl0.1_perc-pri0.5_epoch-pri70_bs-pri250_lr-pri0.005_mom-pri0.99_dp-pri0.2_seed7,rayleigh-zf-tx1.0-noise0.1_chan-layer2_mcsamples500_norm-spec_seed7_bounds.json
cnn-4,mnist,20.0,rayleigh_zf,10.0 dB,spec,channel_grad,0.001,0.1,0.1,0.040128495544195175,0.06522619999999998,0.04268781542778015,0.0721749227522641,✓,✓,0.02558444665416961,0.06810000000000005,0.05973516314467206,✗,✓,0.03802420626176166,0.11747866868972778,0.016570083072904782,0.0333583690226078,9216.0,0.006333977449685335,0.04268781542778015,0.005939753353595733,0.013745142857142874,0.06810000000000005,0.012599999999999945,cnn-4_mnist_learnt_gaussian_sig0.03_bounded-pmin1e-05_epoch20_bs250_lr0.001_mon0.95_dp0.2_objective-channel_gradient-chan0.1-rayleigh-zf-tx1.0-noise0.1-spec-kl0.1_perc-pri0.5_epoch-pri70_bs-pri250_lr-pri0.005_mom-pri0.99_dp-pri0.2_seed7,rayleigh-zf-tx1.0-noise0.1_chan-layer2_mcsamples500_norm-spec_seed7_bounds.json
cnn-4,mnist,20.0,rayleigh_zf,10.0 dB,spec,channel_grad,0.001,0.1,1.0,0.04080070182681084,0.0663774,0.04338692426681519,0.0781037132275841,✓,✓,0.025262615414825478,0.06940000000000002,0.06572974445331768,✗,✓,0.037636584189091896,1.753231167793274,0.016208564007084394,0.032630570232868195,9216.0,0.006158982403576374,0.04338692426681519,0.005818378552794457,0.013498689075630264,0.06940000000000002,0.012399999999999967,cnn-4_mnist_learnt_gaussian_sig0.03_bounded-pmin1e-05_epoch20_bs250_lr0.001_mon0.95_dp0.2_objective-channel_gradient-chan1.0-rayleigh-zf-tx1.0-noise0.1-spec-kl0.1_perc-pri0.5_epoch-pri70_bs-pri250_lr-pri0.005_mom-pri0.99_dp-pri0.2_seed7,rayleigh-zf-tx1.0-noise0.1_chan-layer2_mcsamples500_norm-spec_seed7_bounds.json
cnn-4,mnist,20.0,rayleigh_zf,10.0 dB,spec,channel_grad,0.001,1.0,0.01,0.03997661918401718,0.06494399999999997,0.04252296090126038,0.07206860223437841,✓,✓,0.025764535530932338,0.06789999999999996,0.0595775415577504,✗,✓,0.038255596207560354,0.002384394407272339,0.016702243016400314,0.03362442925572395,9216.0,0.006432593334466219,0.04252296090126038,0.006007498502731324,0.013892705882352962,0.06789999999999996,0.01319999999999999,cnn-4_mnist_learnt_gaussian_sig0.03_bounded-pmin1e-05_epoch20_bs250_lr0.001_mon0.95_dp0.2_objective-channel_gradient-chan0.01-rayleigh-zf-tx1.0-noise0.1-spec-kl1.0_perc-pri0.5_epoch-pri70_bs-pri250_lr-pri0.005_mom-pri0.99_dp-pri0.2_seed7,rayleigh-zf-tx1.0-noise0.1_chan-layer2_mcsamples500_norm-spec_seed7_bounds.json
cnn-4,mnist,20.0,rayleigh_zf,10.0 dB,spec,channel_grad,0.001,1.0,0.1,0.03997813165187836,0.06494280000000001,0.04252554774284363,0.07207600079986193,✓,✓,0.025760202654720375,0.06799999999999995,0.05958656444744871,✗,✓,0.03824963900713359,0.004919767379760742,0.01670524816549352,0.033630479127168655,9216.0,0.006430107168853283,0.04252554774284363,0.006005056574940682,0.013889008403361366,0.06799999999999995,0.01319999999999999,cnn-4_mnist_learnt_gaussian_sig0.03_bounded-pmin1e-05_epoch20_bs250_lr0.001_mon0.95_dp0.2_objective-channel_gradient-chan0.1-rayleigh-zf-tx1.0-noise0.1-spec-kl1.0_perc-pri0.5_epoch-pri70_bs-pri250_lr-pri0.005_mom-pri0.99_dp-pri0.2_seed7,rayleigh-zf-tx1.0-noise0.1_chan-layer2_mcsamples500_norm-spec_seed7_bounds.json
cnn-4,mnist,20.0,rayleigh_zf,10.0 dB,spec,channel_grad,0.001,1.0,1.0,0.0399906150996685,0.06490819999999999,0.04255072772502899,0.0724639533239768,✓,✓,0.025722137092594542,0.06789999999999996,0.05998441497034174,✗,✓,0.038201675446229606,0.11717244982719421,0.016682894593420906,0.033585477620363235,9216.0,0.006409164052456617,0.04255072772502899,0.0059868164360523226,0.01385815126050422,0.06789999999999996,0.013000000000000012,cnn-4_mnist_learnt_gaussian_sig0.03_bounded-pmin1e-05_epoch20_bs250_lr0.001_mon0.95_dp0.2_objective-channel_gradient-chan1.0-rayleigh-zf-tx1.0-noise0.1-spec-kl1.0_perc-pri0.5_epoch-pri70_bs-pri250_lr-pri0.005_mom-pri0.99_dp-pri0.2_seed7,rayleigh-zf-tx1.0-noise0.1_chan-layer2_mcsamples500_norm-spec_seed7_bounds.json
cnn-4,mnist,30.0,rayleigh_zf,10.0 dB,spec,vanilla,0.001,1.0,0.0,0.046839214861392975,0.07909240000000002,0.0481500893831253,0.39590826630592346,✓,-,0.02195039655370499,0.08220000000000005,0.38369277119636536,✓,-,0.03416590589954316,70.30809783935547,0.05760972957137006,0.11597809195518494,9216.0,0.004423805046826601,0.0481500893831253,0.004632202908396721,0.011331294117647075,0.08220000000000005,0.012499999999999956,cnn-4_mnist_learnt_gaussian_sig0.03_bounded-pmin1e-05_epoch30_bs250_lr0.001_mon0.95_dp0.2_objective-vanilla_perc-pri0.5_epoch-pri70_bs-pri250_lr-pri0.005_mom-pri0.99_dp-pri0.2_seed7,rayleigh-zf-tx1.0-noise0.1_chan-layer2_mcsamples500_norm-spec_seed7_bounds.json
cnn-4,mnist,30.0,rayleigh_zf,10.0 dB,spec,channel_grad,0.001,0.0001,0.0001,0.046568918973207474,0.0784648,0.04704436361789703,0.33576563000679016,✓,✓,0.02204696209136823,0.07850000000000001,0.32352402806282043,✓,✓,0.03428855207038676,66.44245147705078,0.01312586578321492,0.026424579322338104,9216.0,0.004472571890801191,0.04704436361789703,0.004603162035346031,0.011406655462184886,0.07850000000000001,0.011099999999999999,cnn-4_mnist_learnt_gaussian_sig0.03_bounded-pmin1e-05_epoch30_bs250_lr0.001_mon0.95_dp0.2_objective-channel_gradient-chan0.0001-rayleigh-zf-tx1.0-noise0.1-spec-kl0.0001_perc-pri0.5_epoch-pri70_bs-pri250_lr-pri0.005_mom-pri0.99_dp-pri0.2_seed7,rayleigh-zf-tx1.0-noise0.1_chan-layer2_mcsamples500_norm-spec_seed7_bounds.json
cnn-4,mnist,30.0,rayleigh_zf,10.0 dB,spec,channel_grad,0.001,0.0001,0.001,0.04663374647498131,0.07858240000000001,0.0470932811498642,0.33723393082618713,✓,✓,0.022038905724645612,0.07850000000000001,0.3249960243701935,✓,✓,0.03427681127334438,66.80948638916016,0.013107516609318227,0.026387639343738556,9216.0,0.004468478262424469,0.0470932811498642,0.004599723964929581,0.01139946218487396,0.07850000000000001,0.011099999999999999,cnn-4_mnist_learnt_gaussian_sig0.03_bounded-pmin1e-05_epoch30_bs250_lr0.001_mon0.95_dp0.2_objective-channel_gradient-chan0.001-rayleigh-zf-tx1.0-noise0.1-spec-kl0.0001_perc-pri0.5_epoch-pri70_bs-pri250_lr-pri0.005_mom-pri0.99_dp-pri0.2_seed7,rayleigh-zf-tx1.0-noise0.1_chan-layer2_mcsamples500_norm-spec_seed7_bounds.json
cnn-4,mnist,30.0,rayleigh_zf,10.0 dB,spec,channel_grad,0.001,0.0001,0.01,0.04720918461680412,0.0795686,0.04753319025039673,0.3514409065246582,✓,✗,0.021965124516038846,0.0797,0.3391987383365631,✓,✗,0.03420729618405571,70.33673095703125,0.012984101020527092,0.026139182969927788,9216.0,0.004431306850165129,0.04753319025039673,0.00456603541970253,0.011356773109243708,0.0797,0.011099999999999999,cnn-4_mnist_learnt_gaussian_sig0.03_bounded-pmin1e-05_epoch30_bs250_lr0.001_mon0.95_dp0.2_objective-channel_gradient-chan0.01-rayleigh-zf-tx1.0-noise0.1-spec-kl0.0001_perc-pri0.5_epoch-pri70_bs-pri250_lr-pri0.005_mom-pri0.99_dp-pri0.2_seed7,rayleigh-zf-tx1.0-noise0.1_chan-layer2_mcsamples500_norm-spec_seed7_bounds.json
cnn-4,mnist,30.0,rayleigh_zf,10.0 dB,spec,channel_grad,0.001,0.001,0.0001,0.04484565183520317,0.07504099999999998,0.045696336030960086,0.23359429836273193,✓,✓,0.022669527905829684,0.07489999999999997,0.22136284410953522,✓,✓,0.034900979349217376,41.1162223815918,0.013736015600197098,0.027652913704514503,9216.0,0.004789665807038546,0.045696336030960086,0.004792416095733642,0.01178420168067228,0.07489999999999997,0.01100000000000001,cnn-4_mnist_learnt_gaussian_sig0.03_bounded-pmin1e-05_epoch30_bs250_lr0.001_mon0.95_dp0.2_objective-channel_gradient-chan0.0001-rayleigh-zf-tx1.0-noise0.1-spec-kl0.001_perc-pri0.5_epoch-pri70_bs-pri250_lr-pri0.005_mom-pri0.99_dp-pri0.2_seed7,rayleigh-zf-tx1.0-noise0.1_chan-layer2_mcsamples500_norm-spec_seed7_bounds.json
cnn-4,mnist,30.0,rayleigh_zf,10.0 dB,spec,channel_grad,0.001,0.001,0.001,0.04488085210323334,0.0750998,0.04572558403015137,0.23433314263820648,✓,✓,0.022663860438157192,0.07489999999999997,0.22210152447223663,✓,✓,0.0348954718455478,41.30127716064453,0.013724880449539237,0.02763049677014351,9216.0,0.004786794073879719,0.04572558403015137,0.004789822176098824,0.01178097478991598,0.07489999999999997,0.01100000000000001,cnn-4_mnist_learnt_gaussian_sig0.03_bounded-pmin1e-05_epoch30_bs250_lr0.001_mon0.95_dp0.2_objective-channel_gradient-chan0.001-rayleigh-zf-tx1.0-noise0.1-spec-kl0.001_perc-pri0.5_epoch-pri70_bs-pri250_lr-pri0.005_mom-pri0.99_dp-pri0.2_seed7,rayleigh-zf-tx1.0-noise0.1_chan-layer2_mcsamples500_norm-spec_seed7_bounds.json
cnn-4,mnist,30.0,rayleigh_zf,10.0 dB,spec,channel_grad,0.001,0.001,0.01,0.04530183598399162,0.07581940000000001,0.046080946922302246,0.2433047592639923,✓,✓,0.022598810621016933,0.07550000000000001,0.23106896877288818,✓,✓,0.034834606584744826,43.5390510559082,0.01362169780421184,0.027422772720456123,9216.0,0.0047534154728055,0.046080946922302246,0.004760251939296722,0.011743260504201688,0.07550000000000001,0.01100000000000001,cnn-4_mnist_learnt_gaussian_sig0.03_bounded-pmin1e-05_epoch30_bs250_lr0.001_mon0.95_dp0.2_objective-channel_gradient-chan0.01-rayleigh-zf-tx1.0-noise0.1-spec-kl0.001_perc-pri0.5_epoch-pri70_bs-pri250_lr-pri0.005_mom-pri0.99_dp-pri0.2_seed7,rayleigh-zf-tx1.0-noise0.1_chan-layer2_mcsamples500_norm-spec_seed7_bounds.json
cnn-4,mnist,30.0,rayleigh_zf,10.0 dB,spec,channel_grad,0.001,0.01,0.0001,0.04087856411933899,0.0670616,0.04215686619281769,0.08244270086288452,✓,✓,0.02472227531541959,0.0686,0.07017824053764343,✓,✓,0.0369867360836144,3.1943676471710205,0.015313982564860221,0.030829627066850662,9216.0,0.005867600440979004,0.04215686619281769,0.005417123436927795,0.01308773109243699,0.0686,0.011900000000000022,cnn-4_mnist_learnt_gaussian_sig0.03_bounded-pmin1e-05_epoch30_bs250_lr0.001_mon0.95_dp0.2_objective-channel_gradient-chan0.0001-rayleigh-zf-tx1.0-noise0.1-spec-kl0.01_perc-pri0.5_epoch-pri70_bs-pri250_lr-pri0.005_mom-pri0.99_dp-pri0.2_seed7,rayleigh-zf-tx1.0-noise0.1_chan-layer2_mcsamples500_norm-spec_seed7_bounds.json
cnn-4,mnist,30.0,rayleigh_zf,10.0 dB,spec,channel_grad,0.001,0.01,0.001,0.04088746756315231,0.06707499999999998,0.042164912819862364,0.08259350061416626,✓,✓,0.024719463520023882,0.0686,0.07032987475395203,✓,✓,0.036983093927446344,3.2112910747528076,0.015399340642059355,0.031001467257738113,9216.0,0.005866183899343014,0.042164912819862364,0.005416246876120567,0.013085445378151279,0.0686,0.011900000000000022,cnn-4_mnist_learnt_gaussian_sig0.03_bounded-pmin1e-05_epoch30_bs250_lr0.001_mon0.95_dp0.2_objective-channel_gradient-chan0.001-rayleigh-zf-tx1.0-noise0.1-spec-kl0.01_perc-pri0.5_epoch-pri70_bs-pri250_lr-pri0.005_mom-pri0.99_dp-pri0.2_seed7,rayleigh-zf-tx1.0-noise0.1_chan-layer2_mcsamples500_norm-spec_seed7_bounds.json
cnn-4,mnist,30.0,rayleigh_zf,10.0 dB,spec,channel_grad,0.001,0.01,0.01,0.040966346859931946,0.0672002,0.04223937392234802,0.08322001420664665,✓,✓,0.024695063549799064,0.0686,0.07095416490134582,✓,✓,0.036960912855099906,3.380357265472412,0.015357821842672497,0.030917882919311523,9216.0,0.005852909293025732,0.04223937392234802,0.005406145751476288,0.01307139495798321,0.0686,0.011900000000000022,cnn-4_mnist_learnt_gaussian_sig0.03_bounded-pmin1e-05_epoch30_bs250_lr0.001_mon0.95_dp0.2_objective-channel_gradient-chan0.01-rayleigh-zf-tx1.0-noise0.1-spec-kl0.01_perc-pri0.5_epoch-pri70_bs-pri250_lr-pri0.005_mom-pri0.99_dp-pri0.2_seed7,rayleigh-zf-tx1.0-noise0.1_chan-layer2_mcsamples500_norm-spec_seed7_bounds.json
cnn-4,mnist,30.0,rayleigh_zf,10.0 dB,spec,channel_grad,0.001,0.01,0.1,0.04174870625138283,0.06849440000000002,0.04297861754894257,0.0909957087313275,✓,✓,0.024468857955366918,0.07030000000000003,0.07873847372007696,✓,✓,0.036726092966617455,5.41474723815918,0.015062973970973819,0.030324304476380348,9216.0,0.005732034333050251,0.04297861754894257,0.005314823985099792,0.012923361344537825,0.07030000000000003,0.011499999999999955,cnn-4_mnist_learnt_gaussian_sig0.03_bounded-pmin1e-05_epoch30_bs250_lr0.001_mon0.95_dp0.2_objective-channel_gradient-chan0.1-rayleigh-zf-tx1.0-noise0.1-spec-kl0.01_perc-pri0.5_epoch-pri70_bs-pri250_lr-pri0.005_mom-pri0.99_dp-pri0.2_seed7,rayleigh-zf-tx1.0-noise0.1_chan-layer2_mcsamples500_norm-spec_seed7_bounds.json
cnn-4,mnist,30.0,rayleigh_zf,10.0 dB,spec,channel_grad,0.001,0.01,1.0,0.05040920898318291,0.0830694,0.050164210796356204,0.2799875138885883,✓,✗,0.022943023789652996,0.08120000000000005,0.26756962060803025,✓,✗,0.03536091707021103,52.57987976074219,0.01286910780618037,0.02590768225491047,9216.0,0.004930462688207626,0.050164210796356204,0.004711812362074852,0.012069445378151272,0.08120000000000005,0.011399999999999966,cnn-4_mnist_learnt_gaussian_sig0.03_bounded-pmin1e-05_epoch30_bs250_lr0.001_mon0.95_dp0.2_objective-channel_gradient-chan1.0-rayleigh-zf-tx1.0-noise0.1-spec-kl0.01_perc-pri0.5_epoch-pri70_bs-pri250_lr-pri0.005_mom-pri0.99_dp-pri0.2_seed7,rayleigh-zf-tx1.0-noise0.1_chan-layer2_mcsamples500_norm-spec_seed7_bounds.json
cnn-4,mnist,30.0,rayleigh_zf,10.0 dB,spec,channel_grad,0.001,0.1,0.01,0.03996355086565018,0.06514020000000001,0.04131486415863037,0.07155077262458957,✓,✓,0.025639555133163513,0.06699999999999995,0.059106566208977196,✗,✓,0.038083761548775893,0.06528371572494507,0.016099462661403167,0.03241093084216118,9216.0,0.006364083848893642,0.04131486415863037,0.005651494488120079,0.013783058823529424,0.06699999999999995,0.01200000000000001,cnn-4_mnist_learnt_gaussian_sig0.03_bounded-pmin1e-05_epoch30_bs250_lr0.001_mon0.95_dp0.2_objective-channel_gradient-chan0.01-rayleigh-zf-tx1.0-noise0.1-spec-kl0.1_perc-pri0.5_epoch-pri70_bs-pri250_lr-pri0.005_mom-pri0.99_dp-pri0.2_seed7,rayleigh-zf-tx1.0-noise0.1_chan-layer2_mcsamples500_norm-spec_seed7_bounds.json
cnn-4,mnist,30.0,rayleigh_zf,10.0 dB,spec,channel_grad,0.001,0.1,0.1,0.04004410281777382,0.06527580000000001,0.041385522484779357,0.07170684770291275,✓,✓,0.02559410207374461,0.06689999999999996,0.05927171493620981,✗,✓,0.03802923484044756,0.11885073781013489,0.016091377996139487,0.0323946550488472,9216.0,0.00633947504684329,0.041385522484779357,0.005638156086206436,0.013748369747899173,0.06689999999999996,0.01200000000000001,cnn-4_mnist_learnt_gaussian_sig0.03_bounded-pmin1e-05_epoch30_bs250_lr0.001_mon0.95_dp0.2_objective-channel_gradient-chan0.1-rayleigh-zf-tx1.0-noise0.1-spec-kl0.1_perc-pri0.5_epoch-pri70_bs-pri250_lr-pri0.005_mom-pri0.99_dp-pri0.2_seed7,rayleigh-zf-tx1.0-noise0.1_chan-layer2_mcsamples500_norm-spec_seed7_bounds.json
cnn-4,mnist,30.0,rayleigh_zf,10.0 dB,spec,channel_grad,0.001,0.1,1.0,0.04082336649298668,0.0666216,0.042104083299636844,0.07838299182325992,✓,✓,0.025222070284331048,0.06820000000000004,0.06603228892621266,✗,✓,0.03757277318137831,2.009645938873291,0.015504844691042803,0.03121386468410492,9216.0,0.006136970594525337,0.042104083299636844,0.0055092133581638334,0.013458352941176487,0.06820000000000004,0.011900000000000022,cnn-4_mnist_learnt_gaussian_sig0.03_bounded-pmin1e-05_epoch30_bs250_lr0.001_mon0.95_dp0.2_objective-channel_gradient-chan1.0-rayleigh-zf-tx1.0-noise0.1-spec-kl0.1_perc-pri0.5_epoch-pri70_bs-pri250_lr-pri0.005_mom-pri0.99_dp-pri0.2_seed7,rayleigh-zf-tx1.0-noise0.1_chan-layer2_mcsamples500_norm-spec_seed7_bounds.json
cnn-4,mnist,30.0,rayleigh_zf,10.0 dB,spec,channel_grad,0.001,1.0,0.01,0.03987499326467514,0.0649566,0.04123500883579254,0.07153819256756559,✓,✓,0.025779770428175378,0.06659999999999999,0.05906104421832553,✗,✓,0.03825691877741544,0.0020783543586730957,0.016171760182998946,0.032556477934122086,9216.0,0.006440883036702871,0.04123500883579254,0.00568220429122448,0.013893579831932795,0.06659999999999999,0.01200000000000001,cnn-4_mnist_learnt_gaussian_sig0.03_bounded-pmin1e-05_epoch30_bs250_lr0.001_mon0.95_dp0.2_objective-channel_gradient-chan0.01-rayleigh-zf-tx1.0-noise0.1-spec-kl1.0_perc-pri0.5_epoch-pri70_bs-pri250_lr-pri0.005_mom-pri0.99_dp-pri0.2_seed7,rayleigh-zf-tx1.0-noise0.1_chan-layer2_mcsamples500_norm-spec_seed7_bounds.json
cnn-4,mnist,30.0,rayleigh_zf,10.0 dB,spec,channel_grad,0.001,1.0,0.1,0.03988318890333176,0.064966,0.041241627931594846,0.07154119454519885,✓,✓,0.025776511322688146,0.06659999999999999,0.059064820368576076,✗,✓,0.038252885499310926,0.0046302080154418945,0.016168377539807825,0.0325496681034565,9216.0,0.006439008750021458,0.041241627931594846,0.005680443719029427,0.01389089075630254,0.06659999999999999,0.01200000000000001,cnn-4_mnist_learnt_gaussian_sig0.03_bounded-pmin1e-05_epoch30_bs250_lr0.001_mon0.95_dp0.2_objective-channel_gradient-chan0.1-rayleigh-zf-tx1.0-noise0.1-spec-kl1.0_perc-pri0.5_epoch-pri70_bs-pri250_lr-pri0.005_mom-pri0.99_dp-pri0.2_seed7,rayleigh-zf-tx1.0-noise0.1_chan-layer2_mcsamples500_norm-spec_seed7_bounds.json
cnn-4,mnist,30.0,rayleigh_zf,10.0 dB,spec,channel_grad,0.001,1.0,1.0,0.03996831551194191,0.06508320000000001,0.041313889622688296,0.07191854711245782,✓,✓,0.0257426328877008,0.0665,0.059444551295479306,✗,✓,0.03821662870467932,0.13015836477279663,0.016069520347685707,0.032350651919841766,9216.0,0.00642040278762579,0.041313889622688296,0.005662519857287407,0.013867697478991605,0.0665,0.0121,cnn-4_mnist_learnt_gaussian_sig0.03_bounded-pmin1e-05_epoch30_bs250_lr0.001_mon0.95_dp0.2_objective-channel_gradient-chan1.0-rayleigh-zf-tx1.0-noise0.1-spec-kl1.0_perc-pri0.5_epoch-pri70_bs-pri250_lr-pri0.005_mom-pri0.99_dp-pri0.2_seed7,rayleigh-zf-tx1.0-noise0.1_chan-layer2_mcsamples500_norm-spec_seed7_bounds.json
cnn-4,mnist,40.0,rayleigh_zf,10.0 dB,spec,vanilla,0.001,1.0,0.0,0.048956889659166336,0.08305119999999998,0.04891133606433869,0.5415224881310279,✓,-,0.021313574225278405,0.08020000000000005,0.5292951484736823,✓,-,0.033540913882624014,106.12924194335938,0.05760972957137006,0.11597809195518494,9216.0,0.004105484113097191,0.04891133606433869,0.004041485488414764,0.010948840336134474,0.08020000000000005,0.011399999999999966,cnn-4_mnist_learnt_gaussian_sig0.03_bounded-pmin1e-05_epoch40_bs250_lr0.001_mon0.95_dp0.2_objective-vanilla_perc-pri0.5_epoch-pri70_bs-pri250_lr-pri0.005_mom-pri0.99_dp-pri0.2_seed7,rayleigh-zf-tx1.0-noise0.1_chan-layer2_mcsamples500_norm-spec_seed7_bounds.json
cnn-4,mnist,50.0,rayleigh_zf,10.0 dB,spec,vanilla,0.001,1.0,0.0,0.05091330036520958,0.08703399999999999,0.05104846358299255,0.706076814037004,✓,-,0.02074200689544637,0.08420000000000005,0.6938499105909639,✓,-,0.03296891034148644,146.57676696777344,0.05760972957137006,0.11597809195518494,9216.0,0.0038245203904807568,0.05104846358299255,0.004233711585402489,0.010601008403361353,0.08420000000000005,0.011600000000000055,cnn-4_mnist_learnt_gaussian_sig0.03_bounded-pmin1e-05_epoch50_bs250_lr0.001_mon0.95_dp0.2_objective-vanilla_perc-pri0.5_epoch-pri70_bs-pri250_lr-pri0.005_mom-pri0.99_dp-pri0.2_seed7,rayleigh-zf-tx1.0-noise0.1_chan-layer2_mcsamples500_norm-spec_seed7_bounds.json
cnn-4,mnist,50.0,rayleigh_zf,10.0 dB,spec,channel_grad,0.001,0.0001,0.0001,0.05004245787858963,0.08523760000000004,0.053739458322525024,0.6010116338729858,✓,✓,0.020926302435182953,0.08960000000000001,0.5888032913208008,✓,✓,0.033134600389841645,131.79306030273438,0.012733097978024483,0.02563387155532837,9216.0,0.0039146398194134235,0.053739458322525024,0.0040559589862823485,0.010701512605042032,0.08960000000000001,0.012199999999999989,cnn-4_mnist_learnt_gaussian_sig0.03_bounded-pmin1e-05_epoch50_bs250_lr0.001_mon0.95_dp0.2_objective-channel_gradient-chan0.0001-rayleigh-zf-tx1.0-noise0.1-spec-kl0.0001_perc-pri0.5_epoch-pri70_bs-pri250_lr-pri0.005_mom-pri0.99_dp-pri0.2_seed7,rayleigh-zf-tx1.0-noise0.1_chan-layer2_mcsamples500_norm-spec_seed7_bounds.json
cnn-4,mnist,50.0,rayleigh_zf,10.0 dB,spec,channel_grad,0.001,0.0001,0.001,0.05014913156628609,0.0854186,0.05385107398033142,0.6041052341461182,✓,✓,0.020916179794940842,0.08989999999999998,0.5919000506401062,✓,✓,0.033121395568359746,132.56045532226562,0.01270703423111697,0.025581400841474533,9216.0,0.003909656777977943,0.05385107398033142,0.004052172601222992,0.010693310924369764,0.08989999999999998,0.012299999999999978,cnn-4_mnist_learnt_gaussian_sig0.03_bounded-pmin1e-05_epoch50_bs250_lr0.001_mon0.95_dp0.2_objective-channel_gradient-chan0.001-rayleigh-zf-tx1.0-noise0.1-spec-kl0.0001_perc-pri0.5_epoch-pri70_bs-pri250_lr-pri0.005_mom-pri0.99_dp-pri0.2_seed7,rayleigh-zf-tx1.0-noise0.1_chan-layer2_mcsamples500_norm-spec_seed7_bounds.json
cnn-4,mnist,50.0,rayleigh_zf,10.0 dB,spec,channel_grad,0.001,0.0001,0.01,0.05111856013536453,0.0870772,0.05487297773361206,0.6325587519286454,✓,✗,0.02082829045610115,0.09099999999999997,0.6203500196282538,✓,✗,0.0330370227564928,139.59939575195312,0.01250855375590931,0.025181826204061508,9216.0,0.0038666322361677885,0.05487297773361206,0.004013822600245476,0.010642218487394972,0.09099999999999997,0.012199999999999989,cnn-4_mnist_learnt_gaussian_sig0.03_bounded-pmin1e-05_epoch50_bs250_lr0.001_mon0.95_dp0.2_objective-channel_gradient-chan0.01-rayleigh-zf-tx1.0-noise0.1-spec-kl0.0001_perc-pri0.5_epoch-pri70_bs-pri250_lr-pri0.005_mom-pri0.99_dp-pri0.2_seed7,rayleigh-zf-tx1.0-noise0.1_chan-layer2_mcsamples500_norm-spec_seed7_bounds.json
cnn-4,mnist,50.0,rayleigh_zf,10.0 dB,spec,channel_grad,0.001,0.0001,0.1,0.06124411150813103,0.104127,0.0650729238986969,0.9705546498298645,✓,✗,0.020113001305786533,0.10840000000000005,0.9582948684692383,✓,✗,0.03237278602224222,222.9564666748047,0.010864901892978346,0.021872878074645996,9216.0,0.0035205883905291557,0.0650729238986969,0.0036929108202457426,0.01024073949579834,0.10840000000000005,0.012499999999999956,cnn-4_mnist_learnt_gaussian_sig0.03_bounded-pmin1e-05_epoch50_bs250_lr0.001_mon0.95_dp0.2_objective-channel_gradient-chan0.1-rayleigh-zf-tx1.0-noise0.1-spec-kl0.0001_perc-pri0.5_epoch-pri70_bs-pri250_lr-pri0.005_mom-pri0.99_dp-pri0.2_seed7,rayleigh-zf-tx1.0-noise0.1_chan-layer2_mcsamples500_norm-spec_seed7_bounds.json
cnn-4,mnist,50.0,rayleigh_zf,10.0 dB,spec,channel_grad,0.001,0.0001,1.0,0.13645219802856445,0.22872239999999996,0.13799067735671997,4.3294830322265625,✓,✗,0.018689533358194683,0.22799999999999998,4.3175435066223145,✓,✗,0.030629180116862994,1047.29931640625,0.0061716380535833965,0.012424547225236893,9216.0,0.0028553633019328117,0.13799067735671997,0.003214787319302559,0.009201949579831942,0.22799999999999998,0.012199999999999989,cnn-4_mnist_learnt_gaussian_sig0.03_bounded-pmin1e-05_epoch50_bs250_lr0.001_mon0.95_dp0.2_objective-channel_gradient-chan1.0-rayleigh-zf-tx1.0-noise0.1-spec-kl0.0001_perc-pri0.5_epoch-pri70_bs-pri250_lr-pri0.005_mom-pri0.99_dp-pri0.2_seed7,rayleigh-zf-tx1.0-noise0.1_chan-layer2_mcsamples500_norm-spec_seed7_bounds.json
cnn-4,mnist,50.0,rayleigh_zf,10.0 dB,spec,channel_grad,0.001,0.001,0.0001,0.04628530144691467,0.07787419999999999,0.04955942928791046,0.3203398585319519,✓,✓,0.022095104729882173,0.08320000000000005,0.308078408241272,✓,✓,0.03435654227002602,62.528358459472656,0.013611333370670557,0.027401907369494438,9216.0,0.004496935289353132,0.04955942928791046,0.004416488856077194,0.01144826890756305,0.08320000000000005,0.012199999999999989,cnn-4_mnist_learnt_gaussian_sig0.03_bounded-pmin1e-05_epoch50_bs250_lr0.001_mon0.95_dp0.2_objective-channel_gradient-chan0.0001-rayleigh-zf-tx1.0-noise0.1-spec-kl0.001_perc-pri0.5_epoch-pri70_bs-pri250_lr-pri0.005_mom-pri0.99_dp-pri0.2_seed7,rayleigh-zf-tx1.0-noise0.1_chan-layer2_mcsamples500_norm-spec_seed7_bounds.json
cnn-4,mnist,50.0,rayleigh_zf,10.0 dB,spec,channel_grad,0.001,0.001,0.001,0.04633694887161255,0.07795579999999999,0.04961874186992645,0.3215036690235138,✓,✓,0.022088598159895043,0.08330000000000004,0.309242308139801,✓,✓,0.03434997085666558,62.81861877441406,0.013596739707909741,0.02737252786755562,9216.0,0.00449369428679347,0.04961874186992645,0.004413428530097008,0.011444436974789937,0.08330000000000004,0.012199999999999989,cnn-4_mnist_learnt_gaussian_sig0.03_bounded-pmin1e-05_epoch50_bs250_lr0.001_mon0.95_dp0.2_objective-channel_gradient-chan0.001-rayleigh-zf-tx1.0-noise0.1-spec-kl0.001_perc-pri0.5_epoch-pri70_bs-pri250_lr-pri0.005_mom-pri0.99_dp-pri0.2_seed7,rayleigh-zf-tx1.0-noise0.1_chan-layer2_mcsamples500_norm-spec_seed7_bounds.json
cnn-4,mnist,50.0,rayleigh_zf,10.0 dB,spec,channel_grad,0.001,0.001,0.01,0.04690529778599739,0.078924,0.0502875030040741,0.33497146901388,✓,✓,0.022016397698440465,0.08420000000000005,0.3227068056751028,✓,✓,0.03428106103721763,66.16478729248047,0.013472766205047422,0.027122948318719864,9216.0,0.0044571636244654655,0.0502875030040741,0.004379359632730484,0.011401882352941197,0.08420000000000005,0.012199999999999989,cnn-4_mnist_learnt_gaussian_sig0.03_bounded-pmin1e-05_epoch50_bs250_lr0.001_mon0.95_dp0.2_objective-channel_gradient-chan0.01-rayleigh-zf-tx1.0-noise0.1-spec-kl0.001_perc-pri0.5_epoch-pri70_bs-pri250_lr-pri0.005_mom-pri0.99_dp-pri0.2_seed7,rayleigh-zf-tx1.0-noise0.1_chan-layer2_mcsamples500_norm-spec_seed7_bounds.json
cnn-4,mnist,50.0,rayleigh_zf,10.0 dB,spec,channel_grad,0.001,0.001,0.1,0.052844833582639694,0.08882000000000001,0.05662052631378174,0.4979449510574341,✓,✗,0.02139368880966844,0.0937,0.4856049716472626,✓,✗,0.03373368106801967,106.46098327636719,0.012485104710768238,0.0251346193253994,9216.0,0.004145209677517414,0.05662052631378174,0.004105653986334801,0.011066487394958002,0.0937,0.012199999999999989,cnn-4_mnist_learnt_gaussian_sig0.03_bounded-pmin1e-05_epoch50_bs250_lr0.001_mon0.95_dp0.2_objective-channel_gradient-chan0.1-rayleigh-zf-tx1.0-noise0.1-spec-kl0.001_perc-pri0.5_epoch-pri70_bs-pri250_lr-pri0.005_mom-pri0.99_dp-pri0.2_seed7,rayleigh-zf-tx1.0-noise0.1_chan-layer2_mcsamples500_norm-spec_seed7_bounds.json
cnn-4,mnist,50.0,rayleigh_zf,10.0 dB,spec,channel_grad,0.001,0.001,1.0,0.11110813915729523,0.1864452,0.11306916475296021,2.6191165447235107,✓,✗,0.019233112897959745,0.18369999999999997,2.6060590744018555,✓,✗,0.03229049677207217,627.6260986328125,0.0074519490715792835,0.01500202901661396,9216.0,0.0031055808067321777,0.11306916475296021,0.003236079216003418,0.01019132773109246,0.18369999999999997,0.011900000000000022,cnn-4_mnist_learnt_gaussian_sig0.03_bounded-pmin1e-05_epoch50_bs250_lr0.001_mon0.95_dp0.2_objective-channel_gradient-chan1.0-rayleigh-zf-tx1.0-noise0.1-spec-kl0.001_perc-pri0.5_epoch-pri70_bs-pri250_lr-pri0.005_mom-pri0.99_dp-pri0.2_seed7,rayleigh-zf-tx1.0-noise0.1_chan-layer2_mcsamples500_norm-spec_seed7_bounds.json
cnn-4,mnist,50.0,rayleigh_zf,10.0 dB,spec,channel_grad,0.001,0.005,0.01,0.04196755588054657,0.06919799999999998,0.044461500644683835,0.10848088562488556,✓,✓,0.02404556134095798,0.07299999999999995,0.09628354012966156,✓,✓,0.036242901994332256,9.81589412689209,0.015063732660092175,0.030325831845402718,9216.0,0.005506984889507294,0.044461500644683835,0.00509796179831028,0.012619764705882369,0.07299999999999995,0.012900000000000023,cnn-4_mnist_learnt_gaussian_sig0.03_bounded-pmin1e-05_epoch50_bs250_lr0.001_mon0.95_dp0.2_objective-channel_gradient-chan0.01-rayleigh-zf-tx1.0-noise0.1-spec-kl0.005_perc-pri0.5_epoch-pri70_bs-pri250_lr-pri0.005_mom-pri0.99_dp-pri0.2_seed7,rayleigh-zf-tx1.0-noise0.1_chan-layer2_mcsamples500_norm-spec_seed7_bounds.json
cnn-4,mnist,50.0,rayleigh_zf,10.0 dB,spec,channel_grad,0.001,0.005,0.1,0.04352083429694176,0.07186340000000001,0.04614649415016174,0.13165447115898132,✓,✓,0.023720259305961843,0.07609999999999995,0.11944839358329773,✓,✓,0.03592634172321786,15.662731170654297,0.014684275222775772,0.02956192009150982,9216.0,0.005335476715117693,0.04614649415016174,0.004941369593143463,0.012421848739495815,0.07609999999999995,0.012599999999999945,cnn-4_mnist_learnt_gaussian_sig0.03_bounded-pmin1e-05_epoch50_bs250_lr0.001_mon0.95_dp0.2_objective-channel_gradient-chan0.1-rayleigh-zf-tx1.0-noise0.1-spec-kl0.005_perc-pri0.5_epoch-pri70_bs-pri250_lr-pri0.005_mom-pri0.99_dp-pri0.2_seed7,rayleigh-zf-tx1.0-noise0.1_chan-layer2_mcsamples500_norm-spec_seed7_bounds.json
cnn-4,mnist,50.0,rayleigh_zf,10.0 dB,spec,channel_grad,0.001,0.005,1.0,0.06132402643561363,0.1020764,0.0650550365447998,0.6193576455116272,✓,✗,0.02168284512927148,0.1069,0.6066508293151855,✓,✗,0.03438963829571599,136.23439025878906,0.011692454076826172,0.023538880050182343,9216.0,0.004289441276341677,0.0650550365447998,0.0040273316204547886,0.011468638655462205,0.1069,0.012299999999999978,cnn-4_mnist_learnt_gaussian_sig0.03_bounded-pmin1e-05_epoch50_bs250_lr0.001_mon0.95_dp0.2_objective-channel_gradient-chan1.0-rayleigh-zf-tx1.0-noise0.1-spec-kl0.005_perc-pri0.5_epoch-pri70_bs-pri250_lr-pri0.005_mom-pri0.99_dp-pri0.2_seed7,rayleigh-zf-tx1.0-noise0.1_chan-layer2_mcsamples500_norm-spec_seed7_bounds.json
cnn-4,mnist,50.0,rayleigh_zf,10.0 dB,spec,channel_grad,0.001,0.01,0.0001,0.04079444333910942,0.06680520000000001,0.04313272535800934,0.08258169144392014,✓,✓,0.024728127308173684,0.07040000000000002,0.07035493850708008,✗,✓,0.03695488624726616,3.1393723487854004,0.015709346567204456,0.03162556141614914,9216.0,0.005870666354894638,0.04313272535800934,0.005360069125890732,0.01306763025210086,0.07040000000000002,0.0131,cnn-4_mnist_learnt_gaussian_sig0.03_bounded-pmin1e-05_epoch50_bs250_lr0.001_mon0.95_dp0.2_objective-channel_gradient-chan0.0001-rayleigh-zf-tx1.0-noise0.1-spec-kl0.01_perc-pri0.5_epoch-pri70_bs-pri250_lr-pri0.005_mom-pri0.99_dp-pri0.2_seed7,rayleigh-zf-tx1.0-noise0.1_chan-layer2_mcsamples500_norm-spec_seed7_bounds.json
cnn-4,mnist,50.0,rayleigh_zf,10.0 dB,spec,channel_grad,0.001,0.01,0.001,0.040800776332616806,0.06681440000000002,0.04314046204090118,0.08267989754676819,✓,✓,0.024723540583125706,0.07040000000000002,0.07045389711856842,✓,✓,0.036949527028973465,3.1660540103912354,0.01570397282769296,0.031614743173122406,9216.0,0.005868406966328621,0.04314046204090118,0.0053575213998556135,0.013064067226890774,0.07040000000000002,0.0131,cnn-4_mnist_learnt_gaussian_sig0.03_bounded-pmin1e-05_epoch50_bs250_lr0.001_mon0.95_dp0.2_objective-channel_gradient-chan0.001-rayleigh-zf-tx1.0-noise0.1-spec-kl0.01_perc-pri0.5_epoch-pri70_bs-pri250_lr-pri0.005_mom-pri0.99_dp-pri0.2_seed7,rayleigh-zf-tx1.0-noise0.1_chan-layer2_mcsamples500_norm-spec_seed7_bounds.json
cnn-4,mnist,50.0,rayleigh_zf,10.0 dB,spec,channel_grad,0.001,0.01,0.01,0.040877923369407654,0.0669574,0.04322513341903687,0.08328574615498308,✓,✓,0.02470031549293499,0.0706,0.07106057569196542,✓,✓,0.03692548595595266,3.329317331314087,0.015667350348811414,0.031541015952825546,9216.0,0.005855846684426069,0.04322513341903687,0.005346675589680672,0.01304907563025212,0.0706,0.0131,cnn-4_mnist_learnt_gaussian_sig0.03_bounded-pmin1e-05_epoch50_bs250_lr0.001_mon0.95_dp0.2_objective-channel_gradient-chan0.01-rayleigh-zf-tx1.0-noise0.1-spec-kl0.01_perc-pri0.5_epoch-pri70_bs-pri250_lr-pri0.005_mom-pri0.99_dp-pri0.2_seed7,rayleigh-zf-tx1.0-noise0.1_chan-layer2_mcsamples500_norm-spec_seed7_bounds.json
cnn-4,mnist,50.0,rayleigh_zf,10.0 dB,spec,channel_grad,0.001,0.01,0.1,0.04167388752102852,0.06836539999999999,0.04408954977989197,0.09116139987321428,✓,✓,0.024474962907633905,0.07240000000000002,0.07895576455401787,✓,✓,0.03668059822683031,5.396283149719238,0.015349539178053538,0.030901208519935608,9216.0,0.005735357291996479,0.04408954977989197,0.005238172039389611,0.012894588235294128,0.07240000000000002,0.013000000000000012,cnn-4_mnist_learnt_gaussian_sig0.03_bounded-pmin1e-05_epoch50_bs250_lr0.001_mon0.95_dp0.2_objective-channel_gradient-chan0.1-rayleigh-zf-tx1.0-noise0.1-spec-kl0.01_perc-pri0.5_epoch-pri70_bs-pri250_lr-pri0.005_mom-pri0.99_dp-pri0.2_seed7,rayleigh-zf-tx1.0-noise0.1_chan-layer2_mcsamples500_norm-spec_seed7_bounds.json
cnn-4,mnist,50.0,rayleigh_zf,10.0 dB,spec,channel_grad,0.001,0.01,1.0,0.050201620906591415,0.0829602,0.05353240370750427,0.2717758132786627,✓,✓,0.023012270345390322,0.08750000000000002,0.25938998252358314,✓,✓,0.0353981011004699,50.465232849121094,0.013253233032035946,0.026680991053581238,9216.0,0.004966194275766611,0.05353240370750427,0.004570318758487702,0.01209257142857144,0.08750000000000002,0.012499999999999956,cnn-4_mnist_learnt_gaussian_sig0.03_bounded-pmin1e-05_epoch50_bs250_lr0.001_mon0.95_dp0.2_objective-channel_gradient-chan1.0-rayleigh-zf-tx1.0-noise0.1-spec-kl0.01_perc-pri0.5_epoch-pri70_bs-pri250_lr-pri0.005_mom-pri0.99_dp-pri0.2_seed7,rayleigh-zf-tx1.0-noise0.1_chan-layer2_mcsamples500_norm-spec_seed7_bounds.json
cnn-4,mnist,50.0,rayleigh_zf,10.0 dB,spec,channel_grad,0.001,0.1,0.01,0.039946768432855606,0.06498880000000001,0.042111778259277345,0.07170256002928285,✓,✓,0.025626276368826372,0.0685,0.059313167890021425,✗,✓,0.03801566850808781,0.06957647204399109,0.016301818002498247,0.03281830623745918,9216.0,0.0063568237237632275,0.042111778259277345,0.005699696764349937,0.013739764705882371,0.0685,0.0131,cnn-4_mnist_learnt_gaussian_sig0.03_bounded-pmin1e-05_epoch50_bs250_lr0.001_mon0.95_dp0.2_objective-channel_gradient-chan0.01-rayleigh-zf-tx1.0-noise0.1-spec-kl0.1_perc-pri0.5_epoch-pri70_bs-pri250_lr-pri0.005_mom-pri0.99_dp-pri0.2_seed7,rayleigh-zf-tx1.0-noise0.1_chan-layer2_mcsamples500_norm-spec_seed7_bounds.json
cnn-4,mnist,50.0,rayleigh_zf,10.0 dB,spec,channel_grad,0.001,0.1,0.1,0.040028154850006104,0.0651276,0.04220128357410431,0.07179560006088434,✓,✓,0.0255835107174351,0.06889999999999996,0.05941697590627465,✗,✓,0.037962134872044806,0.12153884768486023,0.016236256159904483,0.03268631920218468,9216.0,0.00633350620046258,0.04220128357410431,0.00568048357963562,0.013705613445378167,0.06889999999999996,0.0131,cnn-4_mnist_learnt_gaussian_sig0.03_bounded-pmin1e-05_epoch50_bs250_lr0.001_mon0.95_dp0.2_objective-channel_gradient-chan0.1-rayleigh-zf-tx1.0-noise0.1-spec-kl0.1_perc-pri0.5_epoch-pri70_bs-pri250_lr-pri0.005_mom-pri0.99_dp-pri0.2_seed7,rayleigh-zf-tx1.0-noise0.1_chan-layer2_mcsamples500_norm-spec_seed7_bounds.json
cnn-4,mnist,50.0,rayleigh_zf,10.0 dB,spec,channel_grad,0.001,0.1,1.0,0.04086506739258766,0.06666300000000001,0.04311583042144775,0.0784337970827294,✓,✓,0.025212961101707055,0.07069999999999999,0.06613554542837337,✗,✓,0.0375112127560631,1.935727834701538,0.015918979772451988,0.032047588378190994,9216.0,0.006132031790912151,0.04311583042144775,0.005508009344339371,0.013419361344537832,0.07069999999999999,0.012900000000000023,cnn-4_mnist_learnt_gaussian_sig0.03_bounded-pmin1e-05_epoch50_bs250_lr0.001_mon0.95_dp0.2_objective-channel_gradient-chan1.0-rayleigh-zf-tx1.0-noise0.1-spec-kl0.1_perc-pri0.5_epoch-pri70_bs-pri250_lr-pri0.005_mom-pri0.99_dp-pri0.2_seed7,rayleigh-zf-tx1.0-noise0.1_chan-layer2_mcsamples500_norm-spec_seed7_bounds.json
cnn-4,mnist,50.0,rayleigh_zf,10.0 dB,spec,channel_grad,0.001,1.0,0.01,0.03988828510046005,0.0648614,0.042022311687469484,0.07168520122694724,✓,✓,0.02577133577270791,0.06840000000000002,0.05923806116478544,✗,✓,0.03821847583486972,0.002184927463531494,0.01635677670204764,0.0329289473593235,9216.0,0.006436146330088377,0.042022311687469484,0.00575922317802906,0.013869109243697499,0.06840000000000002,0.01319999999999999,cnn-4_mnist_learnt_gaussian_sig0.03_bounded-pmin1e-05_epoch50_bs250_lr0.001_mon0.95_dp0.2_objective-channel_gradient-chan0.01-rayleigh-zf-tx1.0-noise0.1-spec-kl1.0_perc-pri0.5_epoch-pri70_bs-pri250_lr-pri0.005_mom-pri0.99_dp-pri0.2_seed7,rayleigh-zf-tx1.0-noise0.1_chan-layer2_mcsamples500_norm-spec_seed7_bounds.json
cnn-4,mnist,50.0,rayleigh_zf,10.0 dB,spec,channel_grad,0.001,1.0,0.1,0.03989849612116814,0.0648758,0.04203402698040008,0.07164700527240084,✓,✓,0.025765545349949587,0.06840000000000002,0.059201682530992124,✗,✓,0.03821086809135832,0.004375100135803223,0.01631724714851989,0.03284936770796776,9216.0,0.006433140020817518,0.04203402698040008,0.005756973102688789,0.013864201680672287,0.06840000000000002,0.01319999999999999,cnn-4_mnist_learnt_gaussian_sig0.03_bounded-pmin1e-05_epoch50_bs250_lr0.001_mon0.95_dp0.2_objective-channel_gradient-chan0.1-rayleigh-zf-tx1.0-noise0.1-spec-kl1.0_perc-pri0.5_epoch-pri70_bs-pri250_lr-pri0.005_mom-pri0.99_dp-pri0.2_seed7,rayleigh-zf-tx1.0-noise0.1_chan-layer2_mcsamples500_norm-spec_seed7_bounds.json
cnn-4,mnist,50.0,rayleigh_zf,10.0 dB,spec,channel_grad,0.001,1.0,1.0,0.03999936953186989,0.0650492,0.04215081036090851,0.07193162504429025,✓,✓,0.02571304895785143,0.06910000000000005,0.05950003626044176,✗,✓,0.03814463774169992,0.09857267141342163,0.016283537295668334,0.03278150409460068,9216.0,0.006404244340956211,0.04215081036090851,0.005734413117170334,0.013821848739495822,0.06910000000000005,0.0131,cnn-4_mnist_learnt_gaussian_sig0.03_bounded-pmin1e-05_epoch50_bs250_lr0.001_mon0.95_dp0.2_objective-channel_gradient-chan1.0-rayleigh-zf-tx1.0-noise0.1-spec-kl1.0_perc-pri0.5_epoch-pri70_bs-pri250_lr-pri0.005_mom-pri0.99_dp-pri0.2_seed7,rayleigh-zf-tx1.0-noise0.1_chan-layer2_mcsamples500_norm-spec_seed7_bounds.json
