Model,Dataset,Epochs,Channel Type,Channel Param,Norm Type,Objective,Learning Rate,KL Penalty,Chan Penalty,Pop Loss CE (MC),Pop Err 01 (MC),Risk CE (LHS),Bound CE (RHS),Valid CE,Eff CE,Emp Loss CE,Risk 01 (LHS),Bound 01 (RHS),Valid 01,Eff 01,Emp Err 01,KL Term,Channel Term,Lipschitz,Dimension,Train Loss CE,Pop Loss CE,Pop Loss CE (Wired),Train Err 01,Pop Err 01,Pop Err 01 (Wired),Folder,File
cnn-9,cifar10,5.0,bec,outage 0.1,frob,vanilla,0.001,1.0,0.0,0.09038608521223068,0.2896430000000001,0.09045379161834717,1.1973819922917164,✓,-,0.13587178551409745,0.2964,0.9873814244528123,✓,-,0.3458723533530013,176.48338317871094,0.04351871714733184,0.0015182452043518424,8192.0,0.08872807025909424,0.09045379161834717,0.09326362013816833,0.27784832323232356,0.2964,0.28459999999999996,cnn-9_cifar10_learnt_gaussian_sig0.03_bounded-pmin1e-05_epoch5_bs250_lr0.001_mon0.95_dp0.2_objective-vanilla_perc-pri0.5_epoch-pri70_bs-pri250_lr-pri0.005_mom-pri0.99_dp-pri0.2_seed7,bec-outage0.1_chan-layer4_mcsamples500_norm-frob_seed7_bounds.json
cnn-9,cifar10,5.0,bec,outage 0.1,frob,channel_grad,0.001,0.01,0.01,0.08348794281482697,0.289384,0.0833075225353241,7.565353870391846,✓,✓,0.12715394911468453,0.2873,7.347198009490967,✓,✓,0.3453097743630398,355.6639709472656,5.610732986565511,0.1957426369190216,8192.0,0.08145977556705475,0.0833075225353241,0.08515685796737671,0.27731854545454576,0.2873,0.28990000000000005,cnn-9_cifar10_learnt_gaussian_sig0.03_bounded-pmin1e-05_epoch5_bs250_lr0.001_mon0.95_dp0.2_objective-channel_gradient-chan0.01-bec-outage0.1-frob-kl0.01_perc-pri0.5_epoch-pri70_bs-pri250_lr-pri0.005_mom-pri0.99_dp-pri0.2_seed7,bec-outage0.1_chan-layer4_mcsamples500_norm-frob_seed7_bounds.json
cnn-9,cifar10,5.0,bec,outage 0.1,frob,channel_grad,0.001,0.01,0.1,0.07238101959228516,0.28344660000000005,0.07216817140579224,14.927056312561035,✓,✓,0.11117002105632369,0.28180000000000005,14.704448699951172,✓,✓,0.33377808477204285,2496.080078125,3.411735213363004,0.1190258115530014,8192.0,0.06833427399396896,0.07216817140579224,0.0710513710975647,0.26643644444444453,0.28180000000000005,0.27849999999999997,cnn-9_cifar10_learnt_gaussian_sig0.03_bounded-pmin1e-05_epoch5_bs250_lr0.001_mon0.95_dp0.2_objective-channel_gradient-chan0.1-bec-outage0.1-frob-kl0.01_perc-pri0.5_epoch-pri70_bs-pri250_lr-pri0.005_mom-pri0.99_dp-pri0.2_seed7,bec-outage0.1_chan-layer4_mcsamples500_norm-frob_seed7_bounds.json
cnn-9,cifar10,5.0,bec,outage 0.1,frob,channel_grad,0.001,0.01,1.0,0.0893581435084343,0.3277928000000001,0.08934980630874634,117.19546508789062,✓,✓,0.1325514102644866,0.3308,116.94611358642578,✓,✗,0.3819005354263153,25558.298828125,2.494633351937934,0.08703071624040604,8192.0,0.08595092594623566,0.08934980630874634,0.08813627362251282,0.31213648484848544,0.3308,0.3238,cnn-9_cifar10_learnt_gaussian_sig0.03_bounded-pmin1e-05_epoch5_bs250_lr0.001_mon0.95_dp0.2_objective-channel_gradient-chan1.0-bec-outage0.1-frob-kl0.01_perc-pri0.5_epoch-pri70_bs-pri250_lr-pri0.005_mom-pri0.99_dp-pri0.2_seed7,bec-outage0.1_chan-layer4_mcsamples500_norm-frob_seed7_bounds.json
cnn-9,cifar10,5.0,bec,outage 0.1,frob,channel_grad,0.001,0.1,0.01,0.10711882263422012,0.29558799999999996,0.10689594745635986,8.847675323486328,✓,✗,0.1584777502932857,0.29690000000000005,8.650806427001953,✓,✗,0.355346871588453,23.514175415039062,8.368437106407248,0.29195114970207214,8192.0,0.10788573324680328,0.10689594745635986,0.1114434003829956,0.2868244040404045,0.29690000000000005,0.29490000000000005,cnn-9_cifar10_learnt_gaussian_sig0.03_bounded-pmin1e-05_epoch5_bs250_lr0.001_mon0.95_dp0.2_objective-channel_gradient-chan0.01-bec-outage0.1-frob-kl0.1_perc-pri0.5_epoch-pri70_bs-pri250_lr-pri0.005_mom-pri0.99_dp-pri0.2_seed7,bec-outage0.1_chan-layer4_mcsamples500_norm-frob_seed7_bounds.json
cnn-9,cifar10,5.0,bec,outage 0.1,frob,channel_grad,0.001,0.1,0.1,0.08461493998765945,0.29199959999999997,0.08458688855171204,7.7829766273498535,✓,✓,0.12920179047431368,0.28959999999999997,7.563117027282715,✓,✗,0.3490612517383424,385.55389404296875,5.690932834882994,0.1985405832529068,8192.0,0.08316027373075485,0.08458688855171204,0.0864407777786255,0.2808661010101015,0.28959999999999997,0.2903,cnn-9_cifar10_learnt_gaussian_sig0.03_bounded-pmin1e-05_epoch5_bs250_lr0.001_mon0.95_dp0.2_objective-channel_gradient-chan0.1-bec-outage0.1-frob-kl0.1_perc-pri0.5_epoch-pri70_bs-pri250_lr-pri0.005_mom-pri0.99_dp-pri0.2_seed7,bec-outage0.1_chan-layer4_mcsamples500_norm-frob_seed7_bounds.json
cnn-9,cifar10,5.0,bec,outage 0.1,frob,channel_grad,0.001,0.1,1.0,0.07305919378995895,0.285165,0.07305247783660888,19.9013729095459,✓,✓,0.11244602663821439,0.2833,19.676010131835938,✓,✓,0.33780864480404726,3625.19091796875,3.332485503049442,0.11626101285219193,8192.0,0.06937222182750702,0.07305247783660888,0.07187829613685608,0.27023684848484875,0.2833,0.27949999999999997,cnn-9_cifar10_learnt_gaussian_sig0.03_bounded-pmin1e-05_epoch5_bs250_lr0.001_mon0.95_dp0.2_objective-channel_gradient-chan1.0-bec-outage0.1-frob-kl0.1_perc-pri0.5_epoch-pri70_bs-pri250_lr-pri0.005_mom-pri0.99_dp-pri0.2_seed7,bec-outage0.1_chan-layer4_mcsamples500_norm-frob_seed7_bounds.json
cnn-9,cifar10,5.0,bec,outage 0.1,frob,channel_grad,0.001,1.0,0.01,0.11761035025119781,0.29952819999999997,0.11700886487960815,9.79050064086914,✓,✗,0.1718058185647345,0.2996,9.601749420166016,✓,✗,0.36055683630694635,0.7928059101104736,9.407665550936896,0.3282068967819214,8192.0,0.11936456710100174,0.11700886487960815,0.12243937253952027,0.2917751919191923,0.2996,0.29479999999999995,cnn-9_cifar10_learnt_gaussian_sig0.03_bounded-pmin1e-05_epoch5_bs250_lr0.001_mon0.95_dp0.2_objective-channel_gradient-chan0.01-bec-outage0.1-frob-kl1.0_perc-pri0.5_epoch-pri70_bs-pri250_lr-pri0.005_mom-pri0.99_dp-pri0.2_seed7,bec-outage0.1_chan-layer4_mcsamples500_norm-frob_seed7_bounds.json
cnn-9,cifar10,5.0,bec,outage 0.1,frob,channel_grad,0.001,1.0,0.1,0.11056862026453018,0.29759640000000004,0.11032766103744507,9.2008056640625,✓,✗,0.1628950325270575,0.29710000000000003,9.005910873413086,✓,✗,0.3577897475563354,30.620290756225586,8.687344339031025,0.30307692289352417,8192.0,0.11167586594820023,0.11032766103744507,0.11479862928390502,0.2891429494949499,0.29710000000000003,0.29610000000000003,cnn-9_cifar10_learnt_gaussian_sig0.03_bounded-pmin1e-05_epoch5_bs250_lr0.001_mon0.95_dp0.2_objective-channel_gradient-chan0.1-bec-outage0.1-frob-kl1.0_perc-pri0.5_epoch-pri70_bs-pri250_lr-pri0.005_mom-pri0.99_dp-pri0.2_seed7,bec-outage0.1_chan-layer4_mcsamples500_norm-frob_seed7_bounds.json
cnn-9,cifar10,5.0,bec,outage 0.1,frob,channel_grad,0.001,1.0,1.0,0.08566247671842575,0.29567780000000005,0.08567532300949096,9.72484016418457,✓,✓,0.1311556186152527,0.29379999999999995,9.501914978027344,✓,✗,0.35408114113760725,789.4349365234375,5.8215658119714275,0.20309799909591675,8192.0,0.08478733152151108,0.08567532300949096,0.08720003962516784,0.28562311111111155,0.29379999999999995,0.29369999999999996,cnn-9_cifar10_learnt_gaussian_sig0.03_bounded-pmin1e-05_epoch5_bs250_lr0.001_mon0.95_dp0.2_objective-channel_gradient-chan1.0-bec-outage0.1-frob-kl1.0_perc-pri0.5_epoch-pri70_bs-pri250_lr-pri0.005_mom-pri0.99_dp-pri0.2_seed7,bec-outage0.1_chan-layer4_mcsamples500_norm-frob_seed7_bounds.json
cnn-9,cifar10,10.0,bec,outage 0.1,frob,vanilla,0.001,1.0,0.0,0.08171838521957397,0.28600899999999996,0.08180580139160157,2.2050740508478435,✓,-,0.12353750562684003,0.2921,1.98933823815049,✓,-,0.3392733183241933,403.2857666015625,0.04351871714733184,0.0015182452043518424,8192.0,0.0784660279750824,0.08180580139160157,0.08321919441223144,0.27161826262626304,0.2921,0.28090000000000004,cnn-9_cifar10_learnt_gaussian_sig0.03_bounded-pmin1e-05_epoch10_bs250_lr0.001_mon0.95_dp0.2_objective-vanilla_perc-pri0.5_epoch-pri70_bs-pri250_lr-pri0.005_mom-pri0.99_dp-pri0.2_seed7,bec-outage0.1_chan-layer4_mcsamples500_norm-frob_seed7_bounds.json
cnn-9,cifar10,10.0,bec,outage 0.1,frob,channel_grad,0.001,0.01,0.01,0.0817752406001091,0.2885119999999999,0.08135235905647278,7.5994086265563965,✓,✗,0.12463152311771421,0.2892,7.380687236785889,✓,✗,0.3433527718205637,423.72637939453125,5.342360538295931,0.18637987971305847,8192.0,0.07937075197696686,0.08135235905647278,0.08423969149589539,0.2754694949494953,0.2892,0.2885,cnn-9_cifar10_learnt_gaussian_sig0.03_bounded-pmin1e-05_epoch10_bs250_lr0.001_mon0.95_dp0.2_objective-channel_gradient-chan0.01-bec-outage0.1-frob-kl0.01_perc-pri0.5_epoch-pri70_bs-pri250_lr-pri0.005_mom-pri0.99_dp-pri0.2_seed7,bec-outage0.1_chan-layer4_mcsamples500_norm-frob_seed7_bounds.json
cnn-9,cifar10,10.0,bec,outage 0.1,frob,channel_grad,0.001,0.01,0.1,0.07193823158740997,0.2819738000000001,0.07136636972427368,16.747718811035156,✓,✓,0.11022572210403427,0.281,16.526948928833008,✓,✓,0.3309951962361649,2920.535400390625,3.336958562274465,0.1164170652627945,8192.0,0.06756816804409027,0.07136636972427368,0.07174695134162903,0.2638175353535356,0.281,0.2823,cnn-9_cifar10_learnt_gaussian_sig0.03_bounded-pmin1e-05_epoch10_bs250_lr0.001_mon0.95_dp0.2_objective-channel_gradient-chan0.1-bec-outage0.1-frob-kl0.01_perc-pri0.5_epoch-pri70_bs-pri250_lr-pri0.005_mom-pri0.99_dp-pri0.2_seed7,bec-outage0.1_chan-layer4_mcsamples500_norm-frob_seed7_bounds.json
cnn-9,cifar10,10.0,bec,outage 0.1,frob,channel_grad,0.001,0.01,1.0,0.11011947691440582,0.44474059999999993,0.10978281497955322,135.77342224121094,✓,✗,0.15861332288379854,0.4397,135.42034912109375,✓,✗,0.5116757708949696,29784.9453125,2.040682229586256,0.0711936429142952,8192.0,0.10800240188837051,0.10978281497955322,0.10944627523422241,0.4389555555555549,0.4397,0.44999999999999996,cnn-9_cifar10_learnt_gaussian_sig0.03_bounded-pmin1e-05_epoch10_bs250_lr0.001_mon0.95_dp0.2_objective-channel_gradient-chan1.0-bec-outage0.1-frob-kl0.01_perc-pri0.5_epoch-pri70_bs-pri250_lr-pri0.005_mom-pri0.99_dp-pri0.2_seed7,bec-outage0.1_chan-layer4_mcsamples500_norm-frob_seed7_bounds.json
cnn-9,cifar10,10.0,bec,outage 0.1,frob,channel_grad,0.001,0.1,0.01,0.10693899542093277,0.2959832,0.10616620779037475,8.814011573791504,✓,✗,0.15831523570302408,0.2924,8.616933822631836,✓,✗,0.35539277870835734,23.95101547241211,8.332773081659484,0.29070693254470825,8192.0,0.10774592310190201,0.10616620779037475,0.11370145082473755,0.28686917171717213,0.2924,0.29710000000000003,cnn-9_cifar10_learnt_gaussian_sig0.03_bounded-pmin1e-05_epoch10_bs250_lr0.001_mon0.95_dp0.2_objective-channel_gradient-chan0.01-bec-outage0.1-frob-kl0.1_perc-pri0.5_epoch-pri70_bs-pri250_lr-pri0.005_mom-pri0.99_dp-pri0.2_seed7,bec-outage0.1_chan-layer4_mcsamples500_norm-frob_seed7_bounds.json
cnn-9,cifar10,10.0,bec,outage 0.1,frob,channel_grad,0.001,0.1,0.1,0.08450936526060104,0.29251540000000004,0.08413938879966736,7.770349502563477,✓,✗,0.1291149163982549,0.29490000000000005,7.550078392028809,✓,✗,0.34938585609920564,398.2767333984375,5.621082635463245,0.19610370695590973,8192.0,0.08308906108140945,0.08413938879966736,0.08731324076652527,0.28117624242424283,0.29490000000000005,0.29269999999999996,cnn-9_cifar10_learnt_gaussian_sig0.03_bounded-pmin1e-05_epoch10_bs250_lr0.001_mon0.95_dp0.2_objective-channel_gradient-chan0.1-bec-outage0.1-frob-kl0.1_perc-pri0.5_epoch-pri70_bs-pri250_lr-pri0.005_mom-pri0.99_dp-pri0.2_seed7,bec-outage0.1_chan-layer4_mcsamples500_norm-frob_seed7_bounds.json
cnn-9,cifar10,10.0,bec,outage 0.1,frob,channel_grad,0.001,0.1,1.0,0.07300280779600143,0.2858766,0.07243162989616395,19.83770179748535,✓,✓,0.11260483522690425,0.2865,19.611154556274414,✓,✓,0.33915182205843736,3611.314453125,3.3295261723413425,0.11615777015686035,8192.0,0.06950151920318604,0.07243162989616395,0.07314160466194153,0.27150270707070745,0.2865,0.28600000000000003,cnn-9_cifar10_learnt_gaussian_sig0.03_bounded-pmin1e-05_epoch10_bs250_lr0.001_mon0.95_dp0.2_objective-channel_gradient-chan1.0-bec-outage0.1-frob-kl0.1_perc-pri0.5_epoch-pri70_bs-pri250_lr-pri0.005_mom-pri0.99_dp-pri0.2_seed7,bec-outage0.1_chan-layer4_mcsamples500_norm-frob_seed7_bounds.json
cnn-9,cifar10,10.0,bec,outage 0.1,frob,channel_grad,0.001,1.0,0.01,0.11759384721517563,0.29978119999999997,0.11647043228149415,9.772082328796387,✓,✗,0.17175884168915503,0.29700000000000004,9.583518981933594,✓,✗,0.3603225254299313,0.8299809694290161,9.389314582539294,0.3275666832923889,8192.0,0.11932533234357834,0.11647043228149415,0.12549777030944825,0.2915515959595965,0.29700000000000004,0.3006,cnn-9_cifar10_learnt_gaussian_sig0.03_bounded-pmin1e-05_epoch10_bs250_lr0.001_mon0.95_dp0.2_objective-channel_gradient-chan0.01-bec-outage0.1-frob-kl1.0_perc-pri0.5_epoch-pri70_bs-pri250_lr-pri0.005_mom-pri0.99_dp-pri0.2_seed7,bec-outage0.1_chan-layer4_mcsamples500_norm-frob_seed7_bounds.json
cnn-9,cifar10,10.0,bec,outage 0.1,frob,channel_grad,0.001,1.0,0.1,0.11040498316287994,0.296581,0.1094433307647705,9.183976173400879,✓,✗,0.1627668549880634,0.2925,8.990241050720215,✓,✗,0.35650215569937616,30.878345489501953,8.670648904417735,0.30249446630477905,8192.0,0.11156681925058365,0.1094433307647705,0.11777154207229615,0.2879221818181824,0.2925,0.2973,cnn-9_cifar10_learnt_gaussian_sig0.03_bounded-pmin1e-05_epoch10_bs250_lr0.001_mon0.95_dp0.2_objective-channel_gradient-chan0.1-bec-outage0.1-frob-kl1.0_perc-pri0.5_epoch-pri70_bs-pri250_lr-pri0.005_mom-pri0.99_dp-pri0.2_seed7,bec-outage0.1_chan-layer4_mcsamples500_norm-frob_seed7_bounds.json
cnn-9,cifar10,10.0,bec,outage 0.1,frob,channel_grad,0.001,1.0,1.0,0.0857459008693695,0.29567200000000005,0.0847762405872345,9.555811882019043,✓,✗,0.13063525208896914,0.29259999999999997,9.333454132080078,✓,✗,0.35299318557615506,773.5991821289062,5.724444580286294,0.1997097134590149,8192.0,0.0843532532453537,0.0847762405872345,0.08848373889923096,0.2845949090909095,0.29259999999999997,0.2963,cnn-9_cifar10_learnt_gaussian_sig0.03_bounded-pmin1e-05_epoch10_bs250_lr0.001_mon0.95_dp0.2_objective-channel_gradient-chan1.0-bec-outage0.1-frob-kl1.0_perc-pri0.5_epoch-pri70_bs-pri250_lr-pri0.005_mom-pri0.99_dp-pri0.2_seed7,bec-outage0.1_chan-layer4_mcsamples500_norm-frob_seed7_bounds.json
cnn-9,cifar10,20.0,bec,outage 0.1,frob,vanilla,0.001,1.0,0.0,0.07634871453046799,0.2793592000000001,0.07642717957496643,3.737416047593392,✓,-,0.1148897754081969,0.28290000000000004,3.5240518125708733,✓,-,0.3282540104307153,748.391845703125,0.04351871714733184,0.0015182452043518424,8192.0,0.07136441022157669,0.07642717957496643,0.07680779099464416,0.2612414545454548,0.28290000000000004,0.2753,cnn-9_cifar10_learnt_gaussian_sig0.03_bounded-pmin1e-05_epoch20_bs250_lr0.001_mon0.95_dp0.2_objective-vanilla_perc-pri0.5_epoch-pri70_bs-pri250_lr-pri0.005_mom-pri0.99_dp-pri0.2_seed7,bec-outage0.1_chan-layer4_mcsamples500_norm-frob_seed7_bounds.json
cnn-9,cifar10,20.0,bec,outage 0.1,frob,channel_grad,0.001,0.01,0.01,0.0814586728811264,0.28781359999999995,0.08112390041351318,7.676985740661621,✓,✗,0.12412727944549383,0.2874,7.4586286544799805,✓,✗,0.3424845193276951,440.7513732910156,5.34466786376106,0.18646037578582764,8192.0,0.07895313948392868,0.08112390041351318,0.08307324051856994,0.2746458181818185,0.2874,0.2851,cnn-9_cifar10_learnt_gaussian_sig0.03_bounded-pmin1e-05_epoch20_bs250_lr0.001_mon0.95_dp0.2_objective-channel_gradient-chan0.01-bec-outage0.1-frob-kl0.01_perc-pri0.5_epoch-pri70_bs-pri250_lr-pri0.005_mom-pri0.99_dp-pri0.2_seed7,bec-outage0.1_chan-layer4_mcsamples500_norm-frob_seed7_bounds.json
cnn-9,cifar10,20.0,bec,outage 0.1,frob,channel_grad,0.001,0.01,0.1,0.07161208242177963,0.2807698,0.07088983654975892,17.635204315185547,✓,✓,0.10969452745533183,0.2771,17.415725708007812,✓,✗,0.32917181126003525,3118.36962890625,3.3415251617210466,0.11657638102769852,8192.0,0.06713829934597015,0.07088983654975892,0.07068673372268677,0.2621022222222224,0.2771,0.2773,cnn-9_cifar10_learnt_gaussian_sig0.03_bounded-pmin1e-05_epoch20_bs250_lr0.001_mon0.95_dp0.2_objective-channel_gradient-chan0.1-bec-outage0.1-frob-kl0.01_perc-pri0.5_epoch-pri70_bs-pri250_lr-pri0.005_mom-pri0.99_dp-pri0.2_seed7,bec-outage0.1_chan-layer4_mcsamples500_norm-frob_seed7_bounds.json
cnn-9,cifar10,20.0,bec,outage 0.1,frob,channel_grad,0.001,0.01,1.0,0.11169811338186264,0.4603032,0.1113246202468872,138.28756713867188,✓,✗,0.1604490000508883,0.45920000000000005,137.92074584960938,✓,✗,0.5272790490953025,30340.248046875,2.0558545389480374,0.07172296196222305,8192.0,0.1095757931470871,0.1113246202468872,0.11054831743240356,0.45453002020201944,0.45920000000000005,0.4596,cnn-9_cifar10_learnt_gaussian_sig0.03_bounded-pmin1e-05_epoch20_bs250_lr0.001_mon0.95_dp0.2_objective-channel_gradient-chan1.0-bec-outage0.1-frob-kl0.01_perc-pri0.5_epoch-pri70_bs-pri250_lr-pri0.005_mom-pri0.99_dp-pri0.2_seed7,bec-outage0.1_chan-layer4_mcsamples500_norm-frob_seed7_bounds.json
cnn-9,cifar10,20.0,bec,outage 0.1,frob,channel_grad,0.001,0.1,0.01,0.10671483725309372,0.295825,0.10593193769454956,8.821368217468262,✓,✗,0.15802422233312002,0.29379999999999995,8.624055862426758,✓,✗,0.35533628021173413,24.839092254638672,8.336214849263708,0.2908270061016083,8192.0,0.10749697685241699,0.10593193769454956,0.1118626356124878,0.28681268686868727,0.29379999999999995,0.29369999999999996,cnn-9_cifar10_learnt_gaussian_sig0.03_bounded-pmin1e-05_epoch20_bs250_lr0.001_mon0.95_dp0.2_objective-channel_gradient-chan0.01-bec-outage0.1-frob-kl0.1_perc-pri0.5_epoch-pri70_bs-pri250_lr-pri0.005_mom-pri0.99_dp-pri0.2_seed7,bec-outage0.1_chan-layer4_mcsamples500_norm-frob_seed7_bounds.json
cnn-9,cifar10,20.0,bec,outage 0.1,frob,channel_grad,0.001,0.1,0.1,0.08430586010217667,0.2924422000000001,0.08390601873397827,7.8029632568359375,✓,✗,0.1287651777493627,0.2923,7.582711696624756,✓,✗,0.34901641279409107,398.79461669921875,5.6517497330328235,0.1971735954284668,8192.0,0.08279819786548615,0.08390601873397827,0.0860906720161438,0.28082262626262666,0.2923,0.28769999999999996,cnn-9_cifar10_learnt_gaussian_sig0.03_bounded-pmin1e-05_epoch20_bs250_lr0.001_mon0.95_dp0.2_objective-channel_gradient-chan0.1-bec-outage0.1-frob-kl0.1_perc-pri0.5_epoch-pri70_bs-pri250_lr-pri0.005_mom-pri0.99_dp-pri0.2_seed7,bec-outage0.1_chan-layer4_mcsamples500_norm-frob_seed7_bounds.json
cnn-9,cifar10,20.0,bec,outage 0.1,frob,channel_grad,0.001,0.1,1.0,0.0734153538942337,0.28780360000000005,0.07269446849822998,20.343997955322266,✓,✓,0.11229047695278736,0.2844,20.11861228942871,✓,✗,0.3376757909721514,3713.49658203125,3.3803255601989926,0.11793001741170883,8192.0,0.06924635171890259,0.07269446849822998,0.07232502698898316,0.2701088484848488,0.2844,0.2823,cnn-9_cifar10_learnt_gaussian_sig0.03_bounded-pmin1e-05_epoch20_bs250_lr0.001_mon0.95_dp0.2_objective-channel_gradient-chan1.0-bec-outage0.1-frob-kl0.1_perc-pri0.5_epoch-pri70_bs-pri250_lr-pri0.005_mom-pri0.99_dp-pri0.2_seed7,bec-outage0.1_chan-layer4_mcsamples500_norm-frob_seed7_bounds.json
cnn-9,cifar10,20.0,bec,outage 0.1,frob,channel_grad,0.001,1.0,0.01,0.1174813061952591,0.2996365999999999,0.11685184240341187,9.787826538085938,✓,✗,0.17159801210703,0.29790000000000005,9.59907341003418,✓,✗,0.3603514975803285,0.9146854281425476,9.404651761880627,0.3281017541885376,8192.0,0.11918647587299347,0.11685184240341187,0.12345967292785645,0.29157769696969743,0.29790000000000005,0.29800000000000004,cnn-9_cifar10_learnt_gaussian_sig0.03_bounded-pmin1e-05_epoch20_bs250_lr0.001_mon0.95_dp0.2_objective-channel_gradient-chan0.01-bec-outage0.1-frob-kl1.0_perc-pri0.5_epoch-pri70_bs-pri250_lr-pri0.005_mom-pri0.99_dp-pri0.2_seed7,bec-outage0.1_chan-layer4_mcsamples500_norm-frob_seed7_bounds.json
cnn-9,cifar10,20.0,bec,outage 0.1,frob,channel_grad,0.001,1.0,0.1,0.10997837036848068,0.29685599999999995,0.10921963453292846,9.147684097290039,✓,✗,0.16218187266039535,0.29579999999999995,8.953299522399902,✓,✗,0.35656632884624845,30.91435432434082,8.634131485319855,0.30122047662734985,8192.0,0.11106301099061966,0.10921963453292846,0.11551631689071655,0.28798117171717214,0.29579999999999995,0.29410000000000003,cnn-9_cifar10_learnt_gaussian_sig0.03_bounded-pmin1e-05_epoch20_bs250_lr0.001_mon0.95_dp0.2_objective-channel_gradient-chan0.1-bec-outage0.1-frob-kl1.0_perc-pri0.5_epoch-pri70_bs-pri250_lr-pri0.005_mom-pri0.99_dp-pri0.2_seed7,bec-outage0.1_chan-layer4_mcsamples500_norm-frob_seed7_bounds.json
cnn-9,cifar10,20.0,bec,outage 0.1,frob,channel_grad,0.001,1.0,1.0,0.08686373382806778,0.2968548,0.08645068407058716,9.618481636047363,✓,✗,0.1322509123008434,0.29500000000000004,9.396600723266602,✓,✗,0.3541316717072802,754.2930908203125,5.872315012723903,0.20486849546432495,8192.0,0.08570043742656708,0.08645068407058716,0.08869399428367615,0.28567296969697015,0.29500000000000004,0.29279999999999995,cnn-9_cifar10_learnt_gaussian_sig0.03_bounded-pmin1e-05_epoch20_bs250_lr0.001_mon0.95_dp0.2_objective-channel_gradient-chan1.0-bec-outage0.1-frob-kl1.0_perc-pri0.5_epoch-pri70_bs-pri250_lr-pri0.005_mom-pri0.99_dp-pri0.2_seed7,bec-outage0.1_chan-layer4_mcsamples500_norm-frob_seed7_bounds.json
cnn-9,cifar10,30.0,bec,outage 0.1,frob,channel_grad,0.001,0.01,0.01,0.08133251965045929,0.2877278,0.08080354928970337,7.67266845703125,✓,?,0.12395872563237233,0.28879999999999995,7.454155921936035,✓,?,0.3424715869506416,446.2567443847656,5.315743006208562,0.18545126914978027,8192.0,0.07881469279527664,0.08080354928970337,0.0824734926223755,0.2746376565656569,0.28879999999999995,0.28159999999999996,cnn-9_cifar10_learnt_gaussian_sig0.03_bounded-pmin1e-05_epoch30_bs250_lr0.001_mon0.95_dp0.2_objective-channel_gradient-chan0.01-bec-outage0.1-frob-kl0.01_perc-pri0.5_epoch-pri70_bs-pri250_lr-pri0.005_mom-pri0.99_dp-pri0.2_seed7,bec-outage0.1_chan-layer4_mcsamples500_norm-frob_seed7_bounds.json
cnn-9,cifar10,30.0,bec,outage 0.1,frob,channel_grad,0.001,0.01,0.1,0.07161422818899155,0.28080199999999994,0.07143144607543946,17.728858947753906,✓,?,0.10960290811792293,0.2821,17.509424209594727,✓,?,0.3290382123066372,3143.076904296875,3.3248188354381223,0.11599354445934296,8192.0,0.06706281006336212,0.07143144607543946,0.07061803340911865,0.2619800404040407,0.2821,0.2782,cnn-9_cifar10_learnt_gaussian_sig0.03_bounded-pmin1e-05_epoch30_bs250_lr0.001_mon0.95_dp0.2_objective-channel_gradient-chan0.1-bec-outage0.1-frob-kl0.01_perc-pri0.5_epoch-pri70_bs-pri250_lr-pri0.005_mom-pri0.99_dp-pri0.2_seed7,bec-outage0.1_chan-layer4_mcsamples500_norm-frob_seed7_bounds.json
cnn-9,cifar10,30.0,bec,outage 0.1,frob,channel_grad,0.001,0.01,1.0,0.11148647218942642,0.46274040000000005,0.11152710914611816,137.7600555419922,✓,?,0.16044102142680533,0.4648,137.3894500732422,✓,?,0.5310450731449123,30240.35546875,1.971303788955148,0.06877322494983673,8192.0,0.10956913232803345,0.11152710914611816,0.11041455268859864,0.45830335353535306,0.4648,0.45830000000000004,cnn-9_cifar10_learnt_gaussian_sig0.03_bounded-pmin1e-05_epoch30_bs250_lr0.001_mon0.95_dp0.2_objective-channel_gradient-chan1.0-bec-outage0.1-frob-kl0.01_perc-pri0.5_epoch-pri70_bs-pri250_lr-pri0.005_mom-pri0.99_dp-pri0.2_seed7,bec-outage0.1_chan-layer4_mcsamples500_norm-frob_seed7_bounds.json
cnn-9,cifar10,30.0,bec,outage 0.1,frob,channel_grad,0.001,0.1,0.01,0.10703694075345993,0.2953507999999999,0.10629713535308838,8.774273872375488,✓,?,0.15838295961705864,0.29510000000000003,8.577921867370605,✓,?,0.35473499522226415,23.94205665588379,8.293733920698198,0.2893449664115906,8192.0,0.10780508816242218,0.10629713535308838,0.11129798889160156,0.28624387878787927,0.29510000000000003,0.29069999999999996,cnn-9_cifar10_learnt_gaussian_sig0.03_bounded-pmin1e-05_epoch30_bs250_lr0.001_mon0.95_dp0.2_objective-channel_gradient-chan0.01-bec-outage0.1-frob-kl0.1_perc-pri0.5_epoch-pri70_bs-pri250_lr-pri0.005_mom-pri0.99_dp-pri0.2_seed7,bec-outage0.1_chan-layer4_mcsamples500_norm-frob_seed7_bounds.json
cnn-9,cifar10,30.0,bec,outage 0.1,frob,channel_grad,0.001,0.1,0.1,0.084811732172966,0.2927410000000001,0.08425797820091248,7.785374641418457,✓,?,0.129355246761092,0.29469999999999996,7.565248012542725,✓,?,0.34948217569777706,388.7578125,5.678581681518469,0.1981096863746643,8192.0,0.08328870683908463,0.08425797820091248,0.08605110049247741,0.2812644848484854,0.29469999999999996,0.2852,cnn-9_cifar10_learnt_gaussian_sig0.03_bounded-pmin1e-05_epoch30_bs250_lr0.001_mon0.95_dp0.2_objective-channel_gradient-chan0.1-bec-outage0.1-frob-kl0.1_perc-pri0.5_epoch-pri70_bs-pri250_lr-pri0.005_mom-pri0.99_dp-pri0.2_seed7,bec-outage0.1_chan-layer4_mcsamples500_norm-frob_seed7_bounds.json
cnn-9,cifar10,30.0,bec,outage 0.1,frob,channel_grad,0.001,0.1,1.0,0.07281956821680069,0.28528319999999996,0.07239624857902527,19.884016036987305,✓,?,0.11165223372628423,0.2834,19.659753799438477,✓,?,0.3359130499147618,3608.705078125,3.390749101600516,0.11829366534948349,8192.0,0.06872615218162537,0.07239624857902527,0.07177485823631287,0.2684492121212126,0.2834,0.28380000000000005,cnn-9_cifar10_learnt_gaussian_sig0.03_bounded-pmin1e-05_epoch30_bs250_lr0.001_mon0.95_dp0.2_objective-channel_gradient-chan1.0-bec-outage0.1-frob-kl0.1_perc-pri0.5_epoch-pri70_bs-pri250_lr-pri0.005_mom-pri0.99_dp-pri0.2_seed7,bec-outage0.1_chan-layer4_mcsamples500_norm-frob_seed7_bounds.json
cnn-9,cifar10,30.0,bec,outage 0.1,frob,channel_grad,0.001,1.0,0.01,0.1175740584731102,0.2995702,0.1168829083442688,9.739925384521484,✓,?,0.171791458324037,0.2985,9.551542282104492,✓,?,0.3601748195404733,0.8296425342559814,9.35730759604263,0.32645004987716675,8192.0,0.11935286968946457,0.1168829083442688,0.122680401802063,0.29141195959596006,0.2985,0.29579999999999995,cnn-9_cifar10_learnt_gaussian_sig0.03_bounded-pmin1e-05_epoch30_bs250_lr0.001_mon0.95_dp0.2_objective-channel_gradient-chan0.01-bec-outage0.1-frob-kl1.0_perc-pri0.5_epoch-pri70_bs-pri250_lr-pri0.005_mom-pri0.99_dp-pri0.2_seed7,bec-outage0.1_chan-layer4_mcsamples500_norm-frob_seed7_bounds.json
cnn-9,cifar10,30.0,bec,outage 0.1,frob,channel_grad,0.001,1.0,0.1,0.1103396788239479,0.29720740000000007,0.10980106592178344,9.12663459777832,✓,?,0.1628916952674157,0.2945,8.932294845581055,✓,?,0.3572320546001738,26.449604034423828,8.632383692686885,0.30115950107574463,8192.0,0.11167412251234055,0.10980106592178344,0.11479237079620361,0.288615757575758,0.2945,0.29269999999999996,cnn-9_cifar10_learnt_gaussian_sig0.03_bounded-pmin1e-05_epoch30_bs250_lr0.001_mon0.95_dp0.2_objective-channel_gradient-chan0.1-bec-outage0.1-frob-kl1.0_perc-pri0.5_epoch-pri70_bs-pri250_lr-pri0.005_mom-pri0.99_dp-pri0.2_seed7,bec-outage0.1_chan-layer4_mcsamples500_norm-frob_seed7_bounds.json
cnn-9,cifar10,30.0,bec,outage 0.1,frob,channel_grad,0.001,1.0,1.0,0.08709125220775604,0.2994216,0.0867487907409668,9.579405784606934,✓,?,0.13239812794016356,0.30210000000000004,9.35523509979248,✓,?,0.3565691767919532,746.380859375,5.86618663327672,0.20465469360351562,8192.0,0.08582431823015213,0.0867487907409668,0.08748953342437744,0.2879843232323237,0.30210000000000004,0.2891,cnn-9_cifar10_learnt_gaussian_sig0.03_bounded-pmin1e-05_epoch30_bs250_lr0.001_mon0.95_dp0.2_objective-channel_gradient-chan1.0-bec-outage0.1-frob-kl1.0_perc-pri0.5_epoch-pri70_bs-pri250_lr-pri0.005_mom-pri0.99_dp-pri0.2_seed7,bec-outage0.1_chan-layer4_mcsamples500_norm-frob_seed7_bounds.json
cnn-9,cifar10,50.0,bec,outage 0.1,frob,vanilla,0.001,1.0,0.0,0.07190541923046112,0.2669012000000001,0.0720065176486969,7.665559470547203,✓,-,0.1053844420140904,0.26680000000000004,7.465125037574856,✓,-,0.30581887498643767,1631.76806640625,0.04351871714733184,0.0015182452043518424,8192.0,0.06365515291690826,0.0720065176486969,0.07216920256614685,0.24025276767676754,0.26680000000000004,0.2612,cnn-9_cifar10_learnt_gaussian_sig0.03_bounded-pmin1e-05_epoch50_bs250_lr0.001_mon0.95_dp0.2_objective-vanilla_perc-pri0.5_epoch-pri70_bs-pri250_lr-pri0.005_mom-pri0.99_dp-pri0.2_seed7,bec-outage0.1_chan-layer4_mcsamples500_norm-frob_seed7_bounds.json
cnn-9,cifar10,50.0,bec,outage 0.1,frob,channel_grad,0.001,0.01,0.01,0.08149269968271255,0.2880750000000001,0.0815462589263916,7.662010192871094,✓,✗,0.12405607588208749,0.28469999999999995,7.4432525634765625,✓,✗,0.34281393646999825,441.49554443359375,5.326034993325884,0.18581032752990723,8192.0,0.07889489084482193,0.0815462589263916,0.08356989622116089,0.2749604040404042,0.28469999999999995,0.2812,cnn-9_cifar10_learnt_gaussian_sig0.03_bounded-pmin1e-05_epoch50_bs250_lr0.001_mon0.95_dp0.2_objective-channel_gradient-chan0.01-bec-outage0.1-frob-kl0.01_perc-pri0.5_epoch-pri70_bs-pri250_lr-pri0.005_mom-pri0.99_dp-pri0.2_seed7,bec-outage0.1_chan-layer4_mcsamples500_norm-frob_seed7_bounds.json
cnn-9,cifar10,50.0,bec,outage 0.1,frob,channel_grad,0.001,0.01,0.1,0.07186860591173172,0.28143599999999996,0.07206533551216125,17.782854080200195,✓,✓,0.10977837891959775,0.28390000000000004,17.563058853149414,✓,✗,0.32957438489616925,3157.653564453125,3.313089575053463,0.1155843436717987,8192.0,0.06720565259456635,0.07206533551216125,0.07098422050476075,0.26248315151515156,0.28390000000000004,0.2781,cnn-9_cifar10_learnt_gaussian_sig0.03_bounded-pmin1e-05_epoch50_bs250_lr0.001_mon0.95_dp0.2_objective-channel_gradient-chan0.1-bec-outage0.1-frob-kl0.01_perc-pri0.5_epoch-pri70_bs-pri250_lr-pri0.005_mom-pri0.99_dp-pri0.2_seed7,bec-outage0.1_chan-layer4_mcsamples500_norm-frob_seed7_bounds.json
cnn-9,cifar10,50.0,bec,outage 0.1,frob,channel_grad,0.001,0.01,1.0,0.112522654235363,0.47015299999999977,0.11258738040924073,138.83261108398438,✓,✗,0.16135203859071495,0.4706,138.4561309814453,✓,✗,0.5378317039566491,30469.25390625,2.0133958208460934,0.07024169713258743,8192.0,0.11034998297691345,0.11258738040924073,0.11187448501586914,0.46511507070707,0.4706,0.4688,cnn-9_cifar10_learnt_gaussian_sig0.03_bounded-pmin1e-05_epoch50_bs250_lr0.001_mon0.95_dp0.2_objective-channel_gradient-chan1.0-bec-outage0.1-frob-kl0.01_perc-pri0.5_epoch-pri70_bs-pri250_lr-pri0.005_mom-pri0.99_dp-pri0.2_seed7,bec-outage0.1_chan-layer4_mcsamples500_norm-frob_seed7_bounds.json
cnn-9,cifar10,50.0,bec,outage 0.1,frob,channel_grad,0.001,0.1,0.01,0.10700511932373047,0.2956684,0.10671206712722778,8.806403160095215,✓,✗,0.15830703266154267,0.29690000000000005,8.609522819519043,✓,✗,0.3551871224648344,24.117929458618164,8.32462440427634,0.290422648191452,8192.0,0.10773903131484985,0.10671206712722778,0.11272789239883423,0.2866717575757579,0.29690000000000005,0.29179999999999995,cnn-9_cifar10_learnt_gaussian_sig0.03_bounded-pmin1e-05_epoch50_bs250_lr0.001_mon0.95_dp0.2_objective-channel_gradient-chan0.01-bec-outage0.1-frob-kl0.1_perc-pri0.5_epoch-pri70_bs-pri250_lr-pri0.005_mom-pri0.99_dp-pri0.2_seed7,bec-outage0.1_chan-layer4_mcsamples500_norm-frob_seed7_bounds.json
cnn-9,cifar10,50.0,bec,outage 0.1,frob,channel_grad,0.001,0.1,0.1,0.08447155356407166,0.29365,0.08457649946212768,7.788550853729248,✓,✗,0.12893852075340184,0.28990000000000005,7.566889762878418,✓,✗,0.35059987958322836,397.97625732421875,5.639413956143075,0.19674323499202728,8192.0,0.08294201642274857,0.08457649946212768,0.08692960739135742,0.2823239595959601,0.28990000000000005,0.28900000000000003,cnn-9_cifar10_learnt_gaussian_sig0.03_bounded-pmin1e-05_epoch50_bs250_lr0.001_mon0.95_dp0.2_objective-channel_gradient-chan0.1-bec-outage0.1-frob-kl0.1_perc-pri0.5_epoch-pri70_bs-pri250_lr-pri0.005_mom-pri0.99_dp-pri0.2_seed7,bec-outage0.1_chan-layer4_mcsamples500_norm-frob_seed7_bounds.json
cnn-9,cifar10,50.0,bec,outage 0.1,frob,channel_grad,0.001,0.1,1.0,0.0734170526266098,0.28681540000000005,0.0735759675502777,19.54221534729004,✓,✗,0.1121820955737113,0.28559999999999997,19.316547393798828,✓,✗,0.337850068433345,3544.376953125,3.334695017050019,0.1163380965590477,8192.0,0.06915691494941711,0.0735759675502777,0.0722000002861023,0.27027636363636404,0.28559999999999997,0.28190000000000004,cnn-9_cifar10_learnt_gaussian_sig0.03_bounded-pmin1e-05_epoch50_bs250_lr0.001_mon0.95_dp0.2_objective-channel_gradient-chan1.0-bec-outage0.1-frob-kl0.1_perc-pri0.5_epoch-pri70_bs-pri250_lr-pri0.005_mom-pri0.99_dp-pri0.2_seed7,bec-outage0.1_chan-layer4_mcsamples500_norm-frob_seed7_bounds.json
cnn-9,cifar10,50.0,bec,outage 0.1,frob,channel_grad,0.001,1.0,0.01,0.11752811819314957,0.2996422000000001,0.11744115352630616,9.721526145935059,✓,✗,0.17164450842472265,0.30110000000000003,9.532808303833008,✓,✗,0.3603617853934574,0.8442361354827881,9.338655077889683,0.3257993161678314,8192.0,0.11922519654035568,0.11744115352630616,0.12417962551116943,0.29158909090909146,0.30110000000000003,0.2974,cnn-9_cifar10_learnt_gaussian_sig0.03_bounded-pmin1e-05_epoch50_bs250_lr0.001_mon0.95_dp0.2_objective-channel_gradient-chan0.01-bec-outage0.1-frob-kl1.0_perc-pri0.5_epoch-pri70_bs-pri250_lr-pri0.005_mom-pri0.99_dp-pri0.2_seed7,bec-outage0.1_chan-layer4_mcsamples500_norm-frob_seed7_bounds.json
cnn-9,cifar10,50.0,bec,outage 0.1,frob,channel_grad,0.001,1.0,0.1,0.10990120470523834,0.2966330000000001,0.109596848487854,9.087067604064941,✓,✗,0.16200398886023648,0.29800000000000004,8.89256477355957,✓,✗,0.35650675630473383,29.437746047973633,8.5801779980736,0.2993381917476654,8192.0,0.11091025918722153,0.109596848487854,0.11591103076934814,0.2879272727272732,0.29800000000000004,0.2953,cnn-9_cifar10_learnt_gaussian_sig0.03_bounded-pmin1e-05_epoch50_bs250_lr0.001_mon0.95_dp0.2_objective-channel_gradient-chan0.1-bec-outage0.1-frob-kl1.0_perc-pri0.5_epoch-pri70_bs-pri250_lr-pri0.005_mom-pri0.99_dp-pri0.2_seed7,bec-outage0.1_chan-layer4_mcsamples500_norm-frob_seed7_bounds.json
cnn-9,cifar10,50.0,bec,outage 0.1,frob,channel_grad,0.001,1.0,1.0,0.08575659245252609,0.29647619999999997,0.08601160049438476,9.86784553527832,✓,✗,0.1310299408807536,0.29769999999999996,9.644850730895996,✓,✗,0.35402406318030133,831.9609375,5.774445032141995,0.20145408809185028,8192.0,0.08468253165483475,0.08601160049438476,0.08871934413909913,0.2855720404040409,0.29769999999999996,0.2933,cnn-9_cifar10_learnt_gaussian_sig0.03_bounded-pmin1e-05_epoch50_bs250_lr0.001_mon0.95_dp0.2_objective-channel_gradient-chan1.0-bec-outage0.1-frob-kl1.0_perc-pri0.5_epoch-pri70_bs-pri250_lr-pri0.005_mom-pri0.99_dp-pri0.2_seed7,bec-outage0.1_chan-layer4_mcsamples500_norm-frob_seed7_bounds.json
cnn-9,cifar10,5.0,bec,outage 0.1,spec,vanilla,0.001,1.0,0.0,0.09038608521223068,0.2896430000000001,0.09045379161834717,1.1726027202793818,✓,-,0.13587178551409745,0.2964,0.9626021524404779,✓,-,0.3458723533530013,176.48338317871094,0.018739445134997368,0.018739445134997368,8192.0,0.08872807025909424,0.09045379161834717,0.09326362013816833,0.27784832323232356,0.2964,0.28459999999999996,cnn-9_cifar10_learnt_gaussian_sig0.03_bounded-pmin1e-05_epoch5_bs250_lr0.001_mon0.95_dp0.2_objective-vanilla_perc-pri0.5_epoch-pri70_bs-pri250_lr-pri0.005_mom-pri0.99_dp-pri0.2_seed7,bec-outage0.1_chan-layer4_mcsamples500_norm-spec_seed7_bounds.json
cnn-9,cifar10,5.0,bec,outage 0.1,spec,channel_grad,0.0005,0.001,1.0,0.08174200356006622,0.28897900000000004,0.0814581036567688,2.39957332611084,✓,✓,0.12487902232916277,0.2853,2.1797358989715576,✓,✓,0.344716397135268,436.7828369140625,0.08277150243520737,0.08277150243520737,8192.0,0.07957565784454346,0.0814581036567688,0.08322287201881409,0.2767549090909095,0.2853,0.2865,cnn-9_cifar10_learnt_gaussian_sig0.03_bounded-pmin1e-05_epoch5_bs250_lr0.0005_mon0.95_dp0.2_objective-channel_gradient-chan1.0-bec-outage0.1-spec-kl0.001_perc-pri0.5_epoch-pri70_bs-pri250_lr-pri0.005_mom-pri0.99_dp-pri0.2_seed7,bec-outage0.1_chan-layer4_mcsamples500_norm-spec_seed7_bounds.json
cnn-9,cifar10,5.0,bec,outage 0.1,spec,channel_grad,0.0005,0.005,1.0,0.08320067077875137,0.28920139999999994,0.08294550180435181,2.124699831008911,✓,✓,0.12690553272290606,0.2853,1.906332015991211,✓,✓,0.34527314813956306,374.4598693847656,0.08605780452489853,0.08605780452489853,8192.0,0.08125367760658264,0.08294550180435181,0.08493980765342712,0.2772842020202024,0.2853,0.2874,cnn-9_cifar10_learnt_gaussian_sig0.03_bounded-pmin1e-05_epoch5_bs250_lr0.0005_mon0.95_dp0.2_objective-channel_gradient-chan1.0-bec-outage0.1-spec-kl0.005_perc-pri0.5_epoch-pri70_bs-pri250_lr-pri0.005_mom-pri0.99_dp-pri0.2_seed7,bec-outage0.1_chan-layer4_mcsamples500_norm-spec_seed7_bounds.json
cnn-9,cifar10,5.0,bec,outage 0.1,spec,channel_grad,0.0005,0.02,1.0,0.08863865584135056,0.29010860000000005,0.08840404152870178,1.441034197807312,✓,✓,0.13427840413433492,0.28900000000000003,1.2281330823898315,✓,✗,0.3471794806208322,218.72952270507812,0.09693319350481033,0.09693319350481033,8192.0,0.08739469200372696,0.08840404152870178,0.09124292135238647,0.2790849292929297,0.28900000000000003,0.28959999999999997,cnn-9_cifar10_learnt_gaussian_sig0.03_bounded-pmin1e-05_epoch5_bs250_lr0.0005_mon0.95_dp0.2_objective-channel_gradient-chan1.0-bec-outage0.1-spec-kl0.02_perc-pri0.5_epoch-pri70_bs-pri250_lr-pri0.005_mom-pri0.99_dp-pri0.2_seed7,bec-outage0.1_chan-layer4_mcsamples500_norm-spec_seed7_bounds.json
cnn-9,cifar10,5.0,bec,outage 0.1,spec,channel_grad,0.0005,0.03,1.0,0.09184980392456055,0.29067840000000006,0.09168188571929932,1.1853886842727661,✓,✗,0.13856544902911877,0.2903,0.9755020141601562,✓,✗,0.3484521646621481,159.8378448486328,0.1033867597579956,0.1033867597579956,8192.0,0.09098909050226212,0.09168188571929932,0.09487752914428711,0.28029026262626305,0.2903,0.29100000000000004,cnn-9_cifar10_learnt_gaussian_sig0.03_bounded-pmin1e-05_epoch5_bs250_lr0.0005_mon0.95_dp0.2_objective-channel_gradient-chan1.0-bec-outage0.1-spec-kl0.03_perc-pri0.5_epoch-pri70_bs-pri250_lr-pri0.005_mom-pri0.99_dp-pri0.2_seed7,bec-outage0.1_chan-layer4_mcsamples500_norm-spec_seed7_bounds.json
cnn-9,cifar10,5.0,bec,outage 0.1,spec,channel_grad,0.0005,0.04,1.0,0.09462079405784607,0.29125700000000004,0.09450552463531495,1.0167343616485596,✓,✗,0.14223513705711965,0.2915,0.8095579147338867,✓,✗,0.3494115268015901,120.7782211303711,0.1084529459476471,0.1084529459476471,8192.0,0.09407741576433182,0.09450552463531495,0.09793685674667359,0.28119854545454587,0.2915,0.2921,cnn-9_cifar10_learnt_gaussian_sig0.03_bounded-pmin1e-05_epoch5_bs250_lr0.0005_mon0.95_dp0.2_objective-channel_gradient-chan1.0-bec-outage0.1-spec-kl0.04_perc-pri0.5_epoch-pri70_bs-pri250_lr-pri0.005_mom-pri0.99_dp-pri0.2_seed7,bec-outage0.1_chan-layer4_mcsamples500_norm-spec_seed7_bounds.json
cnn-9,cifar10,5.0,bec,outage 0.1,spec,channel_grad,0.0005,0.05,1.0,0.09702496230602264,0.29181979999999996,0.09692425131797791,0.9001410007476807,✓,✗,0.145378769442424,0.29179999999999995,0.6951581835746765,✓,✗,0.3503616213154354,93.61611938476562,0.11238212138414383,0.11238212138414383,8192.0,0.09673339873552322,0.09692425131797791,0.1005704402923584,0.28209696969697023,0.29179999999999995,0.2923,cnn-9_cifar10_learnt_gaussian_sig0.03_bounded-pmin1e-05_epoch5_bs250_lr0.0005_mon0.95_dp0.2_objective-channel_gradient-chan1.0-bec-outage0.1-spec-kl0.05_perc-pri0.5_epoch-pri70_bs-pri250_lr-pri0.005_mom-pri0.99_dp-pri0.2_seed7,bec-outage0.1_chan-layer4_mcsamples500_norm-spec_seed7_bounds.json
cnn-9,cifar10,5.0,bec,outage 0.1,spec,channel_grad,0.0005,0.06,1.0,0.09901385009288788,0.29224220000000006,0.09889834523200988,0.8195738196372986,✓,✗,0.14799319902479594,0.2921,0.6164312958717346,✓,✗,0.35113575083387116,74.73006439208984,0.11550179868936539,0.11550179868936539,8192.0,0.09894807636737823,0.09889834523200988,0.10275834798812866,0.28283151515151567,0.2921,0.29259999999999997,cnn-9_cifar10_learnt_gaussian_sig0.03_bounded-pmin1e-05_epoch5_bs250_lr0.0005_mon0.95_dp0.2_objective-channel_gradient-chan1.0-bec-outage0.1-spec-kl0.06_perc-pri0.5_epoch-pri70_bs-pri250_lr-pri0.005_mom-pri0.99_dp-pri0.2_seed7,bec-outage0.1_chan-layer4_mcsamples500_norm-spec_seed7_bounds.json
cnn-9,cifar10,5.0,bec,outage 0.1,spec,channel_grad,0.0005,0.07,1.0,0.10072749108076096,0.29264060000000014,0.10060192346572876,0.7618110775947571,✓,✗,0.15020657676355947,0.29300000000000004,0.5602865815162659,✓,✗,0.35173107723230457,61.04726791381836,0.11833506077528,0.11833506077528,8192.0,0.10082817077636719,0.10060192346572876,0.1046473503112793,0.2833988686868691,0.29300000000000004,0.2942,cnn-9_cifar10_learnt_gaussian_sig0.03_bounded-pmin1e-05_epoch5_bs250_lr0.0005_mon0.95_dp0.2_objective-channel_gradient-chan1.0-bec-outage0.1-spec-kl0.07_perc-pri0.5_epoch-pri70_bs-pri250_lr-pri0.005_mom-pri0.99_dp-pri0.2_seed7,bec-outage0.1_chan-layer4_mcsamples500_norm-spec_seed7_bounds.json
cnn-9,cifar10,5.0,bec,outage 0.1,spec,channel_grad,0.0005,0.08,1.0,0.10216569155454636,0.2930222,0.10203804969787597,0.7186325788497925,✓,✗,0.15207656433406952,0.2933,0.5184168219566345,✓,✗,0.3522922853899193,50.71726608276367,0.12079250067472458,0.12079250067472458,8192.0,0.1024191603064537,0.10203804969787597,0.10622771978378295,0.2839286464646469,0.2933,0.29379999999999995,cnn-9_cifar10_learnt_gaussian_sig0.03_bounded-pmin1e-05_epoch5_bs250_lr0.0005_mon0.95_dp0.2_objective-channel_gradient-chan1.0-bec-outage0.1-spec-kl0.08_perc-pri0.5_epoch-pri70_bs-pri250_lr-pri0.005_mom-pri0.99_dp-pri0.2_seed7,bec-outage0.1_chan-layer4_mcsamples500_norm-spec_seed7_bounds.json
cnn-9,cifar10,5.0,bec,outage 0.1,spec,channel_grad,0.0005,0.09,1.0,0.10340631008148193,0.29341579999999995,0.1032762885093689,0.686168909072876,✓,✗,0.15368827223074144,0.29369999999999996,0.48703256249427795,✓,✗,0.3528245991331145,42.96815490722656,0.12245163321495056,0.12245163321495056,8192.0,0.10379230976104736,0.1032762885093689,0.10754873752593994,0.28443264646464694,0.29369999999999996,0.29400000000000004,cnn-9_cifar10_learnt_gaussian_sig0.03_bounded-pmin1e-05_epoch5_bs250_lr0.0005_mon0.95_dp0.2_objective-channel_gradient-chan1.0-bec-outage0.1-spec-kl0.09_perc-pri0.5_epoch-pri70_bs-pri250_lr-pri0.005_mom-pri0.99_dp-pri0.2_seed7,bec-outage0.1_chan-layer4_mcsamples500_norm-spec_seed7_bounds.json
cnn-9,cifar10,5.0,bec,outage 0.1,spec,channel_grad,0.001,0.001,1.0,0.07599309086799622,0.28592740000000005,0.0756488561630249,4.327329158782959,✓,✓,0.1166103474849833,0.2841,4.104397296905518,✓,✓,0.3395421538760567,872.1889038085938,0.06850612908601761,0.06850612908601761,8192.0,0.07277065515518188,0.0756488561630249,0.07617003321647645,0.271871757575758,0.2841,0.2823,cnn-9_cifar10_learnt_gaussian_sig0.03_bounded-pmin1e-05_epoch5_bs250_lr0.001_mon0.95_dp0.2_objective-channel_gradient-chan1.0-bec-outage0.1-spec-kl0.001_perc-pri0.5_epoch-pri70_bs-pri250_lr-pri0.005_mom-pri0.99_dp-pri0.2_seed7,bec-outage0.1_chan-layer4_mcsamples500_norm-spec_seed7_bounds.json
cnn-9,cifar10,5.0,bec,outage 0.1,spec,channel_grad,0.001,0.005,1.0,0.07799472659826279,0.28667139999999997,0.07772535681724549,3.3842358589172363,✓,✓,0.11958000261122032,0.2833,3.1625261306762695,✓,✓,0.3412899011787609,659.60498046875,0.07436954230070114,0.07436954230070114,8192.0,0.07520635426044464,0.07772535681724549,0.07880104780197143,0.27351749494949534,0.2833,0.28500000000000003,cnn-9_cifar10_learnt_gaussian_sig0.03_bounded-pmin1e-05_epoch5_bs250_lr0.001_mon0.95_dp0.2_objective-channel_gradient-chan1.0-bec-outage0.1-spec-kl0.005_perc-pri0.5_epoch-pri70_bs-pri250_lr-pri0.005_mom-pri0.99_dp-pri0.2_seed7,bec-outage0.1_chan-layer4_mcsamples500_norm-spec_seed7_bounds.json
cnn-9,cifar10,5.0,bec,outage 0.1,spec,channel_grad,0.001,0.01,0.01,0.09736534208059311,0.29136600000000007,0.09719300270080566,0.8608689308166504,✓,✗,0.1452160055281309,0.29269999999999996,0.6568496227264404,✓,✗,0.3492352614703641,84.70845031738281,0.11407267302274704,0.11407267302274704,8192.0,0.09659597277641296,0.09719300270080566,0.10096892118453979,0.2810341010101014,0.29269999999999996,0.2911,cnn-9_cifar10_learnt_gaussian_sig0.03_bounded-pmin1e-05_epoch5_bs250_lr0.001_mon0.95_dp0.2_objective-channel_gradient-chan0.01-bec-outage0.1-spec-kl0.01_perc-pri0.5_epoch-pri70_bs-pri250_lr-pri0.005_mom-pri0.99_dp-pri0.2_seed7,bec-outage0.1_chan-layer4_mcsamples500_norm-spec_seed7_bounds.json
cnn-9,cifar10,5.0,bec,outage 0.1,spec,channel_grad,0.001,0.01,0.1,0.09434698522090912,0.29051199999999994,0.09419001936912537,0.9959807991981506,✓,✗,0.14133375365231643,0.29190000000000005,0.7893335223197937,✓,✗,0.3479810270189405,116.42084503173828,0.1086166724562645,0.1086166724562645,8192.0,0.09331720322370529,0.09419001936912537,0.09767187237739564,0.2798426666666671,0.29190000000000005,0.2903,cnn-9_cifar10_learnt_gaussian_sig0.03_bounded-pmin1e-05_epoch5_bs250_lr0.001_mon0.95_dp0.2_objective-channel_gradient-chan0.1-bec-outage0.1-spec-kl0.01_perc-pri0.5_epoch-pri70_bs-pri250_lr-pri0.005_mom-pri0.99_dp-pri0.2_seed7,bec-outage0.1_chan-layer4_mcsamples500_norm-spec_seed7_bounds.json
cnn-9,cifar10,5.0,bec,outage 0.1,spec,channel_grad,0.001,0.01,1.0,0.08071219176054001,0.28763019999999995,0.08044840693473816,2.6027121543884277,✓,✓,0.12343177359409209,0.2861,2.3830008506774902,✓,✓,0.34314305846138976,482.95159912109375,0.08101055026054382,0.08101055026054382,8192.0,0.07837888598442078,0.08044840693473816,0.08212705850601196,0.2752686060606064,0.2861,0.28680000000000005,cnn-9_cifar10_learnt_gaussian_sig0.03_bounded-pmin1e-05_epoch5_bs250_lr0.001_mon0.95_dp0.2_objective-channel_gradient-chan1.0-bec-outage0.1-spec-kl0.01_perc-pri0.5_epoch-pri70_bs-pri250_lr-pri0.005_mom-pri0.99_dp-pri0.2_seed7,bec-outage0.1_chan-layer4_mcsamples500_norm-spec_seed7_bounds.json
cnn-9,cifar10,5.0,bec,outage 0.1,spec,channel_grad,0.001,0.02,1.0,0.08577293902635574,0.28917079999999995,0.08549124598503113,1.756758451461792,✓,✓,0.13042986413752766,0.2874,1.5412726402282715,✓,✓,0.34591577827482634,290.80987548828125,0.09156827628612518,0.09156827628612518,8192.0,0.08418292552232742,0.08549124598503113,0.08800883293151855,0.27789018181818226,0.2874,0.28859999999999997,cnn-9_cifar10_learnt_gaussian_sig0.03_bounded-pmin1e-05_epoch5_bs250_lr0.001_mon0.95_dp0.2_objective-channel_gradient-chan1.0-bec-outage0.1-spec-kl0.02_perc-pri0.5_epoch-pri70_bs-pri250_lr-pri0.005_mom-pri0.99_dp-pri0.2_seed7,bec-outage0.1_chan-layer4_mcsamples500_norm-spec_seed7_bounds.json
cnn-9,cifar10,5.0,bec,outage 0.1,spec,channel_grad,0.001,0.03,1.0,0.09022358059883118,0.29033400000000004,0.08996634483337403,1.3227061033248901,✓,✓,0.13643939298129562,0.2884,1.1112300157546997,✓,✗,0.34791553142179615,191.31015014648438,0.10049230605363846,0.10049230605363846,8192.0,0.08920390158891678,0.08996634483337403,0.09302573204040528,0.27978246464646506,0.2884,0.29000000000000004,cnn-9_cifar10_learnt_gaussian_sig0.03_bounded-pmin1e-05_epoch5_bs250_lr0.001_mon0.95_dp0.2_objective-channel_gradient-chan1.0-bec-outage0.1-spec-kl0.03_perc-pri0.5_epoch-pri70_bs-pri250_lr-pri0.005_mom-pri0.99_dp-pri0.2_seed7,bec-outage0.1_chan-layer4_mcsamples500_norm-spec_seed7_bounds.json
cnn-9,cifar10,5.0,bec,outage 0.1,spec,channel_grad,0.001,0.04,1.0,0.09369724243879318,0.2911242,0.09348406195640564,1.0912731885910034,✓,✗,0.14103703771683923,0.29069999999999996,0.8831092119216919,✓,✗,0.3492009577606605,137.7899169921875,0.10712368786334991,0.10712368786334991,8192.0,0.09306782484054565,0.09348406195640564,0.09689364433288575,0.28100226262626316,0.29069999999999996,0.2914,cnn-9_cifar10_learnt_gaussian_sig0.03_bounded-pmin1e-05_epoch5_bs250_lr0.001_mon0.95_dp0.2_objective-channel_gradient-chan1.0-bec-outage0.1-spec-kl0.04_perc-pri0.5_epoch-pri70_bs-pri250_lr-pri0.005_mom-pri0.99_dp-pri0.2_seed7,bec-outage0.1_chan-layer4_mcsamples500_norm-spec_seed7_bounds.json
cnn-9,cifar10,5.0,bec,outage 0.1,spec,channel_grad,0.001,0.05,1.0,0.09651453793048859,0.29172560000000014,0.096368008852005,0.9426805377006531,✓,✗,0.14472421342197422,0.2921,0.7371963262557983,✓,✗,0.35020845042347415,103.28370666503906,0.11184005439281464,0.11184005439281464,8192.0,0.09618005901575089,0.096368008852005,0.09998467564582825,0.2819519191919196,0.2921,0.2924,cnn-9_cifar10_learnt_gaussian_sig0.03_bounded-pmin1e-05_epoch5_bs250_lr0.001_mon0.95_dp0.2_objective-channel_gradient-chan1.0-bec-outage0.1-spec-kl0.05_perc-pri0.5_epoch-pri70_bs-pri250_lr-pri0.005_mom-pri0.99_dp-pri0.2_seed7,bec-outage0.1_chan-layer4_mcsamples500_norm-spec_seed7_bounds.json
cnn-9,cifar10,5.0,bec,outage 0.1,spec,channel_grad,0.001,0.06,1.0,0.09882612526416779,0.2922548000000001,0.09868289828300476,0.8475121259689331,✓,✗,0.14773995688596198,0.2924,0.6441843509674072,✓,✗,0.3510677064369617,81.04832458496094,0.11525199562311172,0.11525199562311172,8192.0,0.09873297810554504,0.09868289828300476,0.102534818649292,0.2827684040404045,0.2924,0.29410000000000003,cnn-9_cifar10_learnt_gaussian_sig0.03_bounded-pmin1e-05_epoch5_bs250_lr0.001_mon0.95_dp0.2_objective-channel_gradient-chan1.0-bec-outage0.1-spec-kl0.06_perc-pri0.5_epoch-pri70_bs-pri250_lr-pri0.005_mom-pri0.99_dp-pri0.2_seed7,bec-outage0.1_chan-layer4_mcsamples500_norm-spec_seed7_bounds.json
cnn-9,cifar10,5.0,bec,outage 0.1,spec,channel_grad,0.001,0.07,1.0,0.10062789171934128,0.2927522,0.10047223567962646,0.7815749049186707,✓,✗,0.15009374729453728,0.29259999999999997,0.5798771381378174,✓,✗,0.3517915743883115,65.49929809570312,0.11812834441661835,0.11812834441661835,8192.0,0.10073237866163254,0.10047223567962646,0.10449041128158569,0.2834536565656571,0.29259999999999997,0.2932,cnn-9_cifar10_learnt_gaussian_sig0.03_bounded-pmin1e-05_epoch5_bs250_lr0.001_mon0.95_dp0.2_objective-channel_gradient-chan1.0-bec-outage0.1-spec-kl0.07_perc-pri0.5_epoch-pri70_bs-pri250_lr-pri0.005_mom-pri0.99_dp-pri0.2_seed7,bec-outage0.1_chan-layer4_mcsamples500_norm-spec_seed7_bounds.json
cnn-9,cifar10,5.0,bec,outage 0.1,spec,channel_grad,0.001,0.08,1.0,0.10214479267597198,0.2931668,0.10199497938156128,0.7352321147918701,✓,✗,0.15207224276405212,0.29300000000000004,0.5349354147911072,✓,✗,0.35236892153869775,54.47819519042969,0.12049603462219238,0.12049603462219238,8192.0,0.1024145856499672,0.10199497938156128,0.10618263483047485,0.28400129292929327,0.29300000000000004,0.2933,cnn-9_cifar10_learnt_gaussian_sig0.03_bounded-pmin1e-05_epoch5_bs250_lr0.001_mon0.95_dp0.2_objective-channel_gradient-chan1.0-bec-outage0.1-spec-kl0.08_perc-pri0.5_epoch-pri70_bs-pri250_lr-pri0.005_mom-pri0.99_dp-pri0.2_seed7,bec-outage0.1_chan-layer4_mcsamples500_norm-spec_seed7_bounds.json
cnn-9,cifar10,5.0,bec,outage 0.1,spec,channel_grad,0.001,0.09,1.0,0.10348951071500778,0.29358259999999997,0.10333811044692993,0.7004261016845703,✓,✗,0.15382048056105935,0.2931,0.5012731552124023,✓,✗,0.3529734533817748,46.02656555175781,0.12288235127925873,0.12288235127925873,8192.0,0.10390516370534897,0.10333811044692993,0.1076189398765564,0.28457309090909133,0.2931,0.29410000000000003,cnn-9_cifar10_learnt_gaussian_sig0.03_bounded-pmin1e-05_epoch5_bs250_lr0.001_mon0.95_dp0.2_objective-channel_gradient-chan1.0-bec-outage0.1-spec-kl0.09_perc-pri0.5_epoch-pri70_bs-pri250_lr-pri0.005_mom-pri0.99_dp-pri0.2_seed7,bec-outage0.1_chan-layer4_mcsamples500_norm-spec_seed7_bounds.json
cnn-9,cifar10,5.0,bec,outage 0.1,spec,channel_grad,0.001,0.1,0.01,0.11396461725234985,0.29738820000000005,0.11351587772369384,0.5354230403900146,✓,✗,0.1670729449226302,0.29910000000000003,0.3445938527584076,✓,✗,0.3579021623003925,4.217618942260742,0.13992589712142944,0.13992589712142944,8192.0,0.11527492851018906,0.11351587772369384,0.11873120069503784,0.28924937373737425,0.29910000000000003,0.29410000000000003,cnn-9_cifar10_learnt_gaussian_sig0.03_bounded-pmin1e-05_epoch5_bs250_lr0.001_mon0.95_dp0.2_objective-channel_gradient-chan0.01-bec-outage0.1-spec-kl0.1_perc-pri0.5_epoch-pri70_bs-pri250_lr-pri0.005_mom-pri0.99_dp-pri0.2_seed7,bec-outage0.1_chan-layer4_mcsamples500_norm-spec_seed7_bounds.json
cnn-9,cifar10,5.0,bec,outage 0.1,spec,channel_grad,0.001,0.1,0.1,0.11282282322645187,0.2968697999999999,0.11244138479232788,0.5411699414253235,✓,✗,0.1656467653503121,0.2984,0.3495539724826813,✓,✗,0.35726274458165297,6.1636271476745605,0.13760939240455627,0.13760939240455627,8192.0,0.11404544860124588,0.11244138479232788,0.11756953001022338,0.2886437171717177,0.2984,0.2944,cnn-9_cifar10_learnt_gaussian_sig0.03_bounded-pmin1e-05_epoch5_bs250_lr0.001_mon0.95_dp0.2_objective-channel_gradient-chan0.1-bec-outage0.1-spec-kl0.1_perc-pri0.5_epoch-pri70_bs-pri250_lr-pri0.005_mom-pri0.99_dp-pri0.2_seed7,bec-outage0.1_chan-layer4_mcsamples500_norm-spec_seed7_bounds.json
cnn-9,cifar10,5.0,bec,outage 0.1,spec,channel_grad,0.001,0.1,1.0,0.1045694574713707,0.2937878,0.10441546440124512,0.6762306690216064,✓,✗,0.1552002682901505,0.2945,0.4781465530395508,✓,✗,0.3532843631486884,40.132808685302734,0.12473365664482117,0.12473365664482117,8192.0,0.10508254915475845,0.10441546440124512,0.10883967876434326,0.2848686060606065,0.2945,0.2935,cnn-9_cifar10_learnt_gaussian_sig0.03_bounded-pmin1e-05_epoch5_bs250_lr0.001_mon0.95_dp0.2_objective-channel_gradient-chan1.0-bec-outage0.1-spec-kl0.1_perc-pri0.5_epoch-pri70_bs-pri250_lr-pri0.005_mom-pri0.99_dp-pri0.2_seed7,bec-outage0.1_chan-layer4_mcsamples500_norm-spec_seed7_bounds.json
cnn-9,cifar10,5.0,bec,outage 0.1,spec,channel_grad,0.001,1.0,0.01,0.11859621852636337,0.29992099999999994,0.1179157018661499,0.5275359153747559,✓,✗,0.17302520613059133,0.30010000000000003,0.3395228385925293,✓,✗,0.3610383106311726,0.14916741847991943,0.14709730446338654,0.14709730446338654,8192.0,0.1204221248626709,0.1179157018661499,0.12349035739898681,0.2922307070707076,0.30010000000000003,0.29590000000000005,cnn-9_cifar10_learnt_gaussian_sig0.03_bounded-pmin1e-05_epoch5_bs250_lr0.001_mon0.95_dp0.2_objective-channel_gradient-chan0.01-bec-outage0.1-spec-kl1.0_perc-pri0.5_epoch-pri70_bs-pri250_lr-pri0.005_mom-pri0.99_dp-pri0.2_seed7,bec-outage0.1_chan-layer4_mcsamples500_norm-spec_seed7_bounds.json
cnn-9,cifar10,5.0,bec,outage 0.1,spec,channel_grad,0.001,1.0,0.1,0.11844092607498169,0.29979459999999997,0.1177698016166687,0.5273496508598328,✓,✗,0.17283092324260643,0.29990000000000006,0.3392624855041504,✓,✗,0.3609180787222417,0.2090906798839569,0.14676325023174286,0.14676325023174286,8192.0,0.120254747569561,0.1177698016166687,0.12333453893661499,0.29211547474747523,0.29990000000000006,0.2952,cnn-9_cifar10_learnt_gaussian_sig0.03_bounded-pmin1e-05_epoch5_bs250_lr0.001_mon0.95_dp0.2_objective-channel_gradient-chan0.1-bec-outage0.1-spec-kl1.0_perc-pri0.5_epoch-pri70_bs-pri250_lr-pri0.005_mom-pri0.99_dp-pri0.2_seed7,bec-outage0.1_chan-layer4_mcsamples500_norm-spec_seed7_bounds.json
cnn-9,cifar10,5.0,bec,outage 0.1,spec,channel_grad,0.001,1.0,1.0,0.11700960248708725,0.2991476000000001,0.11642507314682007,0.5314574837684631,✓,✗,0.17104624695117945,0.2996,0.3424282670021057,✓,✗,0.3600754977319971,1.7911639213562012,0.14463843405246735,0.14463843405246735,8192.0,0.11870703846216202,0.11642507314682007,0.12180128097534179,0.29131393939393996,0.2996,0.29490000000000005,cnn-9_cifar10_learnt_gaussian_sig0.03_bounded-pmin1e-05_epoch5_bs250_lr0.001_mon0.95_dp0.2_objective-channel_gradient-chan1.0-bec-outage0.1-spec-kl1.0_perc-pri0.5_epoch-pri70_bs-pri250_lr-pri0.005_mom-pri0.99_dp-pri0.2_seed7,bec-outage0.1_chan-layer4_mcsamples500_norm-spec_seed7_bounds.json
cnn-9,cifar10,10.0,bec,outage 0.1,spec,vanilla,0.001,1.0,0.0,0.08171838521957397,0.28600899999999996,0.08180580139160157,2.180294778835509,✓,-,0.12353750562684003,0.2921,1.9645589661381555,✓,-,0.3392733183241933,403.2857666015625,0.018739445134997368,0.018739445134997368,8192.0,0.0784660279750824,0.08180580139160157,0.08321919441223144,0.27161826262626304,0.2921,0.28090000000000004,cnn-9_cifar10_learnt_gaussian_sig0.03_bounded-pmin1e-05_epoch10_bs250_lr0.001_mon0.95_dp0.2_objective-vanilla_perc-pri0.5_epoch-pri70_bs-pri250_lr-pri0.005_mom-pri0.99_dp-pri0.2_seed7,bec-outage0.1_chan-layer4_mcsamples500_norm-spec_seed7_bounds.json
cnn-9,cifar10,10.0,bec,outage 0.1,spec,channel_grad,0.0005,0.001,1.0,0.07612577825784683,0.28653880000000004,0.07551005482673645,4.201920032501221,✓,✓,0.11658187879428324,0.28569999999999995,3.9790570735931396,✓,✗,0.3394448436436067,844.1405029296875,0.06863076239824295,0.06863076239824295,8192.0,0.07274819910526276,0.07551005482673645,0.07716280221939087,0.27177672727272756,0.28569999999999995,0.2882,cnn-9_cifar10_learnt_gaussian_sig0.03_bounded-pmin1e-05_epoch10_bs250_lr0.0005_mon0.95_dp0.2_objective-channel_gradient-chan1.0-bec-outage0.1-spec-kl0.001_perc-pri0.5_epoch-pri70_bs-pri250_lr-pri0.005_mom-pri0.99_dp-pri0.2_seed7,bec-outage0.1_chan-layer4_mcsamples500_norm-spec_seed7_bounds.json
cnn-9,cifar10,10.0,bec,outage 0.1,spec,channel_grad,0.0005,0.005,1.0,0.07813915610313416,0.28736559999999994,0.07749981880187988,3.285332441329956,✓,✓,0.11957827899150936,0.28759999999999997,3.0636489391326904,✓,✗,0.341261644783017,637.5025024414062,0.07433930039405823,0.07433930039405823,8192.0,0.07520454376935959,0.07749981880187988,0.07965912818908691,0.27349244444444476,0.28759999999999997,0.2895,cnn-9_cifar10_learnt_gaussian_sig0.03_bounded-pmin1e-05_epoch10_bs250_lr0.0005_mon0.95_dp0.2_objective-channel_gradient-chan1.0-bec-outage0.1-spec-kl0.005_perc-pri0.5_epoch-pri70_bs-pri250_lr-pri0.005_mom-pri0.99_dp-pri0.2_seed7,bec-outage0.1_chan-layer4_mcsamples500_norm-spec_seed7_bounds.json
cnn-9,cifar10,10.0,bec,outage 0.1,spec,channel_grad,0.0005,0.02,1.0,0.08587109297513962,0.28989119999999996,0.08529178500175476,1.7092446088790894,✓,✗,0.13049386025921517,0.2894,1.4935100078582764,✓,✗,0.34622838906934983,280.1140441894531,0.09157493710517883,0.09157493710517883,8192.0,0.08423560857772827,0.08529178500175476,0.08916139006614685,0.27818666666666697,0.2894,0.2913,cnn-9_cifar10_learnt_gaussian_sig0.03_bounded-pmin1e-05_epoch10_bs250_lr0.0005_mon0.95_dp0.2_objective-channel_gradient-chan1.0-bec-outage0.1-spec-kl0.02_perc-pri0.5_epoch-pri70_bs-pri250_lr-pri0.005_mom-pri0.99_dp-pri0.2_seed7,bec-outage0.1_chan-layer4_mcsamples500_norm-spec_seed7_bounds.json
cnn-9,cifar10,10.0,bec,outage 0.1,spec,channel_grad,0.0005,0.03,1.0,0.09015366435050964,0.2908348,0.08956276774406433,1.2960268259048462,✓,✗,0.13631639022370134,0.2904,1.0843212604522705,✓,✗,0.3480219316616806,185.4502716064453,0.09991277754306793,0.09991277754306793,8192.0,0.08910165727138519,0.08956276774406433,0.09426106810569763,0.2798817777777782,0.2904,0.29159999999999997,cnn-9_cifar10_learnt_gaussian_sig0.03_bounded-pmin1e-05_epoch10_bs250_lr0.0005_mon0.95_dp0.2_objective-channel_gradient-chan1.0-bec-outage0.1-spec-kl0.03_perc-pri0.5_epoch-pri70_bs-pri250_lr-pri0.005_mom-pri0.99_dp-pri0.2_seed7,bec-outage0.1_chan-layer4_mcsamples500_norm-spec_seed7_bounds.json
cnn-9,cifar10,10.0,bec,outage 0.1,spec,channel_grad,0.0005,0.04,1.0,0.09351029247045517,0.2915148,0.09291669726371765,1.0658916234970093,✓,✗,0.140800479355863,0.29069999999999996,0.8574040532112122,✓,✗,0.3492880688927308,132.34507751464844,0.10600517690181732,0.10600517690181732,8192.0,0.09286920726299286,0.09291669726371765,0.09828214645385742,0.2810803232323236,0.29069999999999996,0.2913,cnn-9_cifar10_learnt_gaussian_sig0.03_bounded-pmin1e-05_epoch10_bs250_lr0.0005_mon0.95_dp0.2_objective-channel_gradient-chan1.0-bec-outage0.1-spec-kl0.04_perc-pri0.5_epoch-pri70_bs-pri250_lr-pri0.005_mom-pri0.99_dp-pri0.2_seed7,bec-outage0.1_chan-layer4_mcsamples500_norm-spec_seed7_bounds.json
cnn-9,cifar10,10.0,bec,outage 0.1,spec,channel_grad,0.0005,0.05,1.0,0.09620063751935959,0.2922784,0.09558380842208862,0.9243829250335693,✓,✗,0.14437551691310213,0.2895,0.7183099985122681,✓,✗,0.3504484040848392,99.35295104980469,0.11088130623102188,0.11088130623102188,8192.0,0.09588446468114853,0.09558380842208862,0.1014711856842041,0.28218076767676803,0.2895,0.29169999999999996,cnn-9_cifar10_learnt_gaussian_sig0.03_bounded-pmin1e-05_epoch10_bs250_lr0.0005_mon0.95_dp0.2_objective-channel_gradient-chan1.0-bec-outage0.1-spec-kl0.05_perc-pri0.5_epoch-pri70_bs-pri250_lr-pri0.005_mom-pri0.99_dp-pri0.2_seed7,bec-outage0.1_chan-layer4_mcsamples500_norm-spec_seed7_bounds.json
cnn-9,cifar10,10.0,bec,outage 0.1,spec,channel_grad,0.0005,0.06,1.0,0.09838519990444183,0.2929346,0.09773268103599549,0.8316049575805664,✓,✗,0.1472549356840619,0.2891,0.6275030970573425,✓,✗,0.35135676043858066,77.5472412109375,0.114713154733181,0.114713154733181,8192.0,0.09832191467285156,0.09773268103599549,0.10401971340179443,0.2830395151515156,0.2891,0.29190000000000005,cnn-9_cifar10_learnt_gaussian_sig0.03_bounded-pmin1e-05_epoch10_bs250_lr0.0005_mon0.95_dp0.2_objective-channel_gradient-chan1.0-bec-outage0.1-spec-kl0.06_perc-pri0.5_epoch-pri70_bs-pri250_lr-pri0.005_mom-pri0.99_dp-pri0.2_seed7,bec-outage0.1_chan-layer4_mcsamples500_norm-spec_seed7_bounds.json
cnn-9,cifar10,10.0,bec,outage 0.1,spec,channel_grad,0.0005,0.07,1.0,0.10020323097705841,0.2933322000000001,0.099550861120224,0.7686949968338013,✓,✗,0.14961913980123803,0.29000000000000004,0.5663564205169678,✓,✗,0.3519577387720135,62.65776824951172,0.11779000610113144,0.11779000610113144,8192.0,0.10032825171947479,0.099550861120224,0.10614708662033082,0.2836131717171721,0.29000000000000004,0.2925,cnn-9_cifar10_learnt_gaussian_sig0.03_bounded-pmin1e-05_epoch10_bs250_lr0.0005_mon0.95_dp0.2_objective-channel_gradient-chan1.0-bec-outage0.1-spec-kl0.07_perc-pri0.5_epoch-pri70_bs-pri250_lr-pri0.005_mom-pri0.99_dp-pri0.2_seed7,bec-outage0.1_chan-layer4_mcsamples500_norm-spec_seed7_bounds.json
cnn-9,cifar10,10.0,bec,outage 0.1,spec,channel_grad,0.0005,0.08,1.0,0.1017560139298439,0.29375039999999997,0.10107258558273316,0.7224535942077637,✓,✗,0.151623131809805,0.28879999999999995,0.5215049982070923,✓,✗,0.35257179445918324,51.54454040527344,0.12063440680503845,0.12063440680503845,8192.0,0.10203345119953156,0.10107258558273316,0.10791581869125366,0.28419539393939447,0.28879999999999995,0.2933,cnn-9_cifar10_learnt_gaussian_sig0.03_bounded-pmin1e-05_epoch10_bs250_lr0.0005_mon0.95_dp0.2_objective-channel_gradient-chan1.0-bec-outage0.1-spec-kl0.08_perc-pri0.5_epoch-pri70_bs-pri250_lr-pri0.005_mom-pri0.99_dp-pri0.2_seed7,bec-outage0.1_chan-layer4_mcsamples500_norm-spec_seed7_bounds.json
cnn-9,cifar10,10.0,bec,outage 0.1,spec,channel_grad,0.0005,0.09,1.0,0.10304105281829834,0.2941902,0.1023360013961792,0.6878334283828735,✓,✗,0.1532845226383066,0.2912,0.4879596531391144,✓,✗,0.3531583033326963,43.2388916015625,0.1225716844201088,0.1225716844201088,8192.0,0.1034480556845665,0.1023360013961792,0.10939171314239501,0.2847473131313136,0.2912,0.29379999999999995,cnn-9_cifar10_learnt_gaussian_sig0.03_bounded-pmin1e-05_epoch10_bs250_lr0.0005_mon0.95_dp0.2_objective-channel_gradient-chan1.0-bec-outage0.1-spec-kl0.09_perc-pri0.5_epoch-pri70_bs-pri250_lr-pri0.005_mom-pri0.99_dp-pri0.2_seed7,bec-outage0.1_chan-layer4_mcsamples500_norm-spec_seed7_bounds.json
cnn-9,cifar10,10.0,bec,outage 0.1,spec,channel_grad,0.001,0.0001,0.0001,0.08191503584384918,0.2860114,0.08128467798233033,2.218930244445801,✓,✗,0.12369658443498223,0.28480000000000005,2.003469228744507,✓,✗,0.33915783299852653,397.0321350097656,0.08545759320259094,0.08545759320259094,8192.0,0.07859817892313004,0.08128467798233033,0.0846688687801361,0.2715093333333336,0.28480000000000005,0.28790000000000004,cnn-9_cifar10_learnt_gaussian_sig0.03_bounded-pmin1e-05_epoch10_bs250_lr0.001_mon0.95_dp0.2_objective-channel_gradient-chan0.0001-bec-outage0.1-spec-kl0.0001_perc-pri0.5_epoch-pri70_bs-pri250_lr-pri0.005_mom-pri0.99_dp-pri0.2_seed7,bec-outage0.1_chan-layer4_mcsamples500_norm-spec_seed7_bounds.json
cnn-9,cifar10,10.0,bec,outage 0.1,spec,channel_grad,0.001,0.0001,0.001,0.0818854570388794,0.28601419999999994,0.08125399947166442,2.2234206199645996,✓,✗,0.12365625048038205,0.28500000000000003,2.0079195499420166,✓,✗,0.33915709995705234,398.03240966796875,0.08547511696815491,0.08547511696815491,8192.0,0.07856500893831253,0.08125399947166442,0.08462892174720764,0.2715085252525255,0.28500000000000003,0.2873,cnn-9_cifar10_learnt_gaussian_sig0.03_bounded-pmin1e-05_epoch10_bs250_lr0.001_mon0.95_dp0.2_objective-channel_gradient-chan0.001-bec-outage0.1-spec-kl0.0001_perc-pri0.5_epoch-pri70_bs-pri250_lr-pri0.005_mom-pri0.99_dp-pri0.2_seed7,bec-outage0.1_chan-layer4_mcsamples500_norm-spec_seed7_bounds.json
cnn-9,cifar10,10.0,bec,outage 0.1,spec,channel_grad,0.001,0.0001,0.01,0.08159999549388885,0.2859418000000001,0.08097057938575744,2.268439769744873,✓,✓,0.123284237672312,0.2851,2.052694320678711,✓,✓,0.3390298073609891,408.2994384765625,0.08470617234706879,0.08470617234706879,8192.0,0.07825703918933868,0.08097057938575744,0.08426330089569092,0.27138658585858627,0.2851,0.28800000000000003,cnn-9_cifar10_learnt_gaussian_sig0.03_bounded-pmin1e-05_epoch10_bs250_lr0.001_mon0.95_dp0.2_objective-channel_gradient-chan0.01-bec-outage0.1-spec-kl0.0001_perc-pri0.5_epoch-pri70_bs-pri250_lr-pri0.005_mom-pri0.99_dp-pri0.2_seed7,bec-outage0.1_chan-layer4_mcsamples500_norm-spec_seed7_bounds.json
cnn-9,cifar10,10.0,bec,outage 0.1,spec,channel_grad,0.001,0.001,0.0001,0.08328045159578323,0.28657160000000004,0.0826546847820282,1.995129942893982,✓,✗,0.125645807814044,0.28559999999999997,1.7805529832839966,✓,✗,0.3402227257760736,346.1212463378906,0.08827266842126846,0.08827266842126846,8192.0,0.08021053671836853,0.0826546847820282,0.08633692264556884,0.2725119191919196,0.28559999999999997,0.2884,cnn-9_cifar10_learnt_gaussian_sig0.03_bounded-pmin1e-05_epoch10_bs250_lr0.001_mon0.95_dp0.2_objective-channel_gradient-chan0.0001-bec-outage0.1-spec-kl0.001_perc-pri0.5_epoch-pri70_bs-pri250_lr-pri0.005_mom-pri0.99_dp-pri0.2_seed7,bec-outage0.1_chan-layer4_mcsamples500_norm-spec_seed7_bounds.json
cnn-9,cifar10,10.0,bec,outage 0.1,spec,channel_grad,0.001,0.001,0.001,0.08323978632688522,0.28654659999999993,0.08261374235153199,1.999925971031189,✓,✗,0.1255948894426805,0.2854,1.7853307723999023,✓,✗,0.3401900591069415,347.2098693847656,0.08823290467262268,0.08823290467262268,8192.0,0.08016804605722427,0.08261374235153199,0.0862866222858429,0.2724820202020205,0.2854,0.2881,cnn-9_cifar10_learnt_gaussian_sig0.03_bounded-pmin1e-05_epoch10_bs250_lr0.001_mon0.95_dp0.2_objective-channel_gradient-chan0.001-bec-outage0.1-spec-kl0.001_perc-pri0.5_epoch-pri70_bs-pri250_lr-pri0.005_mom-pri0.99_dp-pri0.2_seed7,bec-outage0.1_chan-layer4_mcsamples500_norm-spec_seed7_bounds.json
cnn-9,cifar10,10.0,bec,outage 0.1,spec,channel_grad,0.001,0.001,0.01,0.08294274657964706,0.2864978,0.08232144117355347,2.0392355918884277,✓,✗,0.12520995993404838,0.2852,1.8243499994277954,✓,✗,0.34009562877240873,356.17645263671875,0.0875372514128685,0.0875372514128685,8192.0,0.07984989136457443,0.08232144117355347,0.08592205047607422,0.27239014141414175,0.2852,0.2883,cnn-9_cifar10_learnt_gaussian_sig0.03_bounded-pmin1e-05_epoch10_bs250_lr0.001_mon0.95_dp0.2_objective-channel_gradient-chan0.01-bec-outage0.1-spec-kl0.001_perc-pri0.5_epoch-pri70_bs-pri250_lr-pri0.005_mom-pri0.99_dp-pri0.2_seed7,bec-outage0.1_chan-layer4_mcsamples500_norm-spec_seed7_bounds.json
cnn-9,cifar10,10.0,bec,outage 0.1,spec,channel_grad,0.001,0.001,1.0,0.07299937307834625,0.28128939999999997,0.07240673303604125,6.815586566925049,✓,✓,0.11165371912146531,0.2813,6.595813274383545,✓,✓,0.3314270534792416,1432.2227783203125,0.060331348329782486,0.060331348329782486,8192.0,0.06872770935297012,0.07240673303604125,0.0735137939453125,0.2642248080808083,0.2813,0.2791,cnn-9_cifar10_learnt_gaussian_sig0.03_bounded-pmin1e-05_epoch10_bs250_lr0.001_mon0.95_dp0.2_objective-channel_gradient-chan1.0-bec-outage0.1-spec-kl0.001_perc-pri0.5_epoch-pri70_bs-pri250_lr-pri0.005_mom-pri0.99_dp-pri0.2_seed7,bec-outage0.1_chan-layer4_mcsamples500_norm-spec_seed7_bounds.json
cnn-9,cifar10,10.0,bec,outage 0.1,spec,channel_grad,0.001,0.005,1.0,0.0757354274392128,0.28412740000000003,0.07506739497184753,4.393520355224609,✓,✓,0.11595108977273434,0.28290000000000004,4.172957420349121,✓,✓,0.3365136460059719,887.6563110351562,0.0685536116361618,0.0685536116361618,8192.0,0.0722309872508049,0.07506739497184753,0.07696881294250488,0.26901252525252556,0.28290000000000004,0.2833,cnn-9_cifar10_learnt_gaussian_sig0.03_bounded-pmin1e-05_epoch10_bs250_lr0.001_mon0.95_dp0.2_objective-channel_gradient-chan1.0-bec-outage0.1-spec-kl0.005_perc-pri0.5_epoch-pri70_bs-pri250_lr-pri0.005_mom-pri0.99_dp-pri0.2_seed7,bec-outage0.1_chan-layer4_mcsamples500_norm-spec_seed7_bounds.json
cnn-9,cifar10,10.0,bec,outage 0.1,spec,channel_grad,0.001,0.01,0.0001,0.09454978257417679,0.2908761999999999,0.09389796257019042,0.9802054762840271,✓,✗,0.14137670642410816,0.28700000000000003,0.7738074660301208,✓,✗,0.3477746572994107,112.84601593017578,0.10903484374284744,0.10903484374284744,8192.0,0.09335342794656754,0.09389796257019042,0.09979749321937562,0.2796511515151519,0.28700000000000003,0.2923,cnn-9_cifar10_learnt_gaussian_sig0.03_bounded-pmin1e-05_epoch10_bs250_lr0.001_mon0.95_dp0.2_objective-channel_gradient-chan0.0001-bec-outage0.1-spec-kl0.01_perc-pri0.5_epoch-pri70_bs-pri250_lr-pri0.005_mom-pri0.99_dp-pri0.2_seed7,bec-outage0.1_chan-layer4_mcsamples500_norm-spec_seed7_bounds.json
cnn-9,cifar10,10.0,bec,outage 0.1,spec,channel_grad,0.001,0.01,0.001,0.0945136770606041,0.29084979999999994,0.09386300444602966,0.9818657636642456,✓,✗,0.14132899020209566,0.2871,0.7754300832748413,✓,✗,0.34776463355087817,113.21568298339844,0.109051913022995,0.109051913022995,8192.0,0.09331399947404861,0.09386300444602966,0.09975699782371521,0.2796400808080812,0.2871,0.2922,cnn-9_cifar10_learnt_gaussian_sig0.03_bounded-pmin1e-05_epoch10_bs250_lr0.001_mon0.95_dp0.2_objective-channel_gradient-chan0.001-bec-outage0.1-spec-kl0.01_perc-pri0.5_epoch-pri70_bs-pri250_lr-pri0.005_mom-pri0.99_dp-pri0.2_seed7,bec-outage0.1_chan-layer4_mcsamples500_norm-spec_seed7_bounds.json
cnn-9,cifar10,10.0,bec,outage 0.1,spec,channel_grad,0.001,0.01,0.01,0.0941995233297348,0.2907508,0.0935496747493744,0.9971450545200651,✓,✗,0.14092372317802648,0.2873,0.7904567335843675,✓,✗,0.34761204411372393,116.78837585449219,0.10850627720355988,0.10850627720355988,8192.0,0.09297192841768265,0.0935496747493744,0.09937527179718017,0.27949583838383874,0.2873,0.2922,cnn-9_cifar10_learnt_gaussian_sig0.03_bounded-pmin1e-05_epoch10_bs250_lr0.001_mon0.95_dp0.2_objective-channel_gradient-chan0.01-bec-outage0.1-spec-kl0.01_perc-pri0.5_epoch-pri70_bs-pri250_lr-pri0.005_mom-pri0.99_dp-pri0.2_seed7,bec-outage0.1_chan-layer4_mcsamples500_norm-spec_seed7_bounds.json
cnn-9,cifar10,10.0,bec,outage 0.1,spec,channel_grad,0.001,0.01,0.1,0.09132912009954453,0.28995659999999995,0.09072765111923217,1.1605779088761181,✓,✗,0.13720942136901237,0.28779999999999994,0.9513709057189823,✓,✗,0.34641642452614807,154.82125854492188,0.10304652899503708,0.10304652899503708,8192.0,0.08984943479299545,0.09072765111923217,0.09591723680496216,0.27836387878787927,0.28779999999999994,0.28969999999999996,cnn-9_cifar10_learnt_gaussian_sig0.03_bounded-pmin1e-05_epoch10_bs250_lr0.001_mon0.95_dp0.2_objective-channel_gradient-chan0.1-bec-outage0.1-spec-kl0.01_perc-pri0.5_epoch-pri70_bs-pri250_lr-pri0.005_mom-pri0.99_dp-pri0.2_seed7,bec-outage0.1_chan-layer4_mcsamples500_norm-spec_seed7_bounds.json
cnn-9,cifar10,10.0,bec,outage 0.1,spec,channel_grad,0.001,0.01,1.0,0.07934726029634476,0.286842,0.07876127362251281,2.964116177508817,✓,✓,0.12129200002444694,0.28779999999999994,2.7443432883670185,✓,✗,0.34106488916624533,565.047119140625,0.07735051214694977,0.07735051214694977,8192.0,0.07661429047584534,0.07876127362251281,0.08138279318809509,0.2733060202020206,0.28779999999999994,0.28890000000000005,cnn-9_cifar10_learnt_gaussian_sig0.03_bounded-pmin1e-05_epoch10_bs250_lr0.001_mon0.95_dp0.2_objective-channel_gradient-chan1.0-bec-outage0.1-spec-kl0.01_perc-pri0.5_epoch-pri70_bs-pri250_lr-pri0.005_mom-pri0.99_dp-pri0.2_seed7,bec-outage0.1_chan-layer4_mcsamples500_norm-spec_seed7_bounds.json
cnn-9,cifar10,10.0,bec,outage 0.1,spec,channel_grad,0.001,0.02,1.0,0.08537328988313675,0.28965019999999997,0.08484883904457093,1.7985132932662964,✓,✗,0.12985345902352322,0.28969999999999996,1.582375168800354,✓,✗,0.34599157384681667,300.3410949707031,0.09062229841947556,0.09062229841947556,8192.0,0.08370286971330643,0.08484883904457093,0.08864018917083741,0.27796169696969736,0.28969999999999996,0.29090000000000005,cnn-9_cifar10_learnt_gaussian_sig0.03_bounded-pmin1e-05_epoch10_bs250_lr0.001_mon0.95_dp0.2_objective-channel_gradient-chan1.0-bec-outage0.1-spec-kl0.02_perc-pri0.5_epoch-pri70_bs-pri250_lr-pri0.005_mom-pri0.99_dp-pri0.2_seed7,bec-outage0.1_chan-layer4_mcsamples500_norm-spec_seed7_bounds.json
cnn-9,cifar10,10.0,bec,outage 0.1,spec,channel_grad,0.001,0.03,1.0,0.08994215726852417,0.2908132,0.089389967918396,1.338564395904541,✓,✗,0.13612407203749732,0.29069999999999996,1.1266142129898071,✓,✗,0.3480741756805428,195.03329467773438,0.09954153001308441,0.09954153001308441,8192.0,0.08893914520740509,0.089389967918396,0.09407119154930114,0.27993341414141454,0.29069999999999996,0.2915,cnn-9_cifar10_learnt_gaussian_sig0.03_bounded-pmin1e-05_epoch10_bs250_lr0.001_mon0.95_dp0.2_objective-channel_gradient-chan1.0-bec-outage0.1-spec-kl0.03_perc-pri0.5_epoch-pri70_bs-pri250_lr-pri0.005_mom-pri0.99_dp-pri0.2_seed7,bec-outage0.1_chan-layer4_mcsamples500_norm-spec_seed7_bounds.json
cnn-9,cifar10,10.0,bec,outage 0.1,spec,channel_grad,0.001,0.04,1.0,0.09341228753328323,0.2914893999999999,0.09285524487495422,1.0966780185699463,✓,✗,0.14072893240159762,0.29069999999999996,0.8880695700645447,✓,✗,0.34933743827687924,139.23614501953125,0.10592441260814667,0.10592441260814667,8192.0,0.09280828386545181,0.09285524487495422,0.09818637371063232,0.28112880808080853,0.29069999999999996,0.29179999999999995,cnn-9_cifar10_learnt_gaussian_sig0.03_bounded-pmin1e-05_epoch10_bs250_lr0.001_mon0.95_dp0.2_objective-channel_gradient-chan1.0-bec-outage0.1-spec-kl0.04_perc-pri0.5_epoch-pri70_bs-pri250_lr-pri0.005_mom-pri0.99_dp-pri0.2_seed7,bec-outage0.1_chan-layer4_mcsamples500_norm-spec_seed7_bounds.json
cnn-9,cifar10,10.0,bec,outage 0.1,spec,channel_grad,0.001,0.05,1.0,0.09607504308223724,0.2924464,0.09550027251243591,0.9495758414268494,✓,✗,0.1442543643247415,0.29079999999999995,0.7431545853614807,✓,✗,0.35067561405501996,104.95327758789062,0.11080162972211838,0.11080162972211838,8192.0,0.09578195959329605,0.09550027251243591,0.10132507085800171,0.28239555555555607,0.29079999999999995,0.29179999999999995,cnn-9_cifar10_learnt_gaussian_sig0.03_bounded-pmin1e-05_epoch10_bs250_lr0.001_mon0.95_dp0.2_objective-channel_gradient-chan1.0-bec-outage0.1-spec-kl0.05_perc-pri0.5_epoch-pri70_bs-pri250_lr-pri0.005_mom-pri0.99_dp-pri0.2_seed7,bec-outage0.1_chan-layer4_mcsamples500_norm-spec_seed7_bounds.json
cnn-9,cifar10,10.0,bec,outage 0.1,spec,channel_grad,0.001,0.06,1.0,0.0982607901096344,0.2931464,0.09763056635856629,0.854840874671936,✓,✗,0.14713760562573422,0.28900000000000003,0.6503767967224121,✓,✗,0.351601729242213,82.66937255859375,0.11479724943637848,0.11479724943637848,8192.0,0.09822331368923187,0.09763056635856629,0.10385980606079101,0.2832740202020205,0.28900000000000003,0.2924,cnn-9_cifar10_learnt_gaussian_sig0.03_bounded-pmin1e-05_epoch10_bs250_lr0.001_mon0.95_dp0.2_objective-channel_gradient-chan1.0-bec-outage0.1-spec-kl0.06_perc-pri0.5_epoch-pri70_bs-pri250_lr-pri0.005_mom-pri0.99_dp-pri0.2_seed7,bec-outage0.1_chan-layer4_mcsamples500_norm-spec_seed7_bounds.json
cnn-9,cifar10,10.0,bec,outage 0.1,spec,channel_grad,0.001,0.07,1.0,0.10010137408971786,0.29373120000000014,0.09947853684425353,0.7889134883880615,✓,✗,0.14953235049945734,0.29100000000000004,0.5860263109207153,✓,✗,0.35241948159944875,67.05610656738281,0.11787670850753784,0.11787670850753784,8192.0,0.100254587829113,0.09947853684425353,0.1059954285621643,0.28405115151515187,0.29100000000000004,0.29400000000000004,cnn-9_cifar10_learnt_gaussian_sig0.03_bounded-pmin1e-05_epoch10_bs250_lr0.001_mon0.95_dp0.2_objective-channel_gradient-chan1.0-bec-outage0.1-spec-kl0.07_perc-pri0.5_epoch-pri70_bs-pri250_lr-pri0.005_mom-pri0.99_dp-pri0.2_seed7,bec-outage0.1_chan-layer4_mcsamples500_norm-spec_seed7_bounds.json
cnn-9,cifar10,10.0,bec,outage 0.1,spec,channel_grad,0.001,0.08,1.0,0.10170850902795792,0.29406219999999994,0.10109444856643676,0.739793062210083,✓,✗,0.1516115290816758,0.29059999999999997,0.5385234951972961,✓,✗,0.35288107114633677,55.39604949951172,0.12044007331132889,0.12044007331132889,8192.0,0.10202298313379288,0.10109444856643676,0.10784884691238403,0.2844890505050509,0.29059999999999997,0.2945,cnn-9_cifar10_learnt_gaussian_sig0.03_bounded-pmin1e-05_epoch10_bs250_lr0.001_mon0.95_dp0.2_objective-channel_gradient-chan1.0-bec-outage0.1-spec-kl0.08_perc-pri0.5_epoch-pri70_bs-pri250_lr-pri0.005_mom-pri0.99_dp-pri0.2_seed7,bec-outage0.1_chan-layer4_mcsamples500_norm-spec_seed7_bounds.json
cnn-9,cifar10,10.0,bec,outage 0.1,spec,channel_grad,0.001,0.09,1.0,0.10303709656000137,0.29426579999999997,0.10235176086425782,0.7040925621986389,✓,✗,0.15330452750295107,0.29100000000000004,0.5041555166244507,✓,✗,0.35324163740738956,46.8683967590332,0.12251586467027664,0.12251586467027664,8192.0,0.10346561670303345,0.10235176086425782,0.10938378572463989,0.28482739393939444,0.29100000000000004,0.2945,cnn-9_cifar10_learnt_gaussian_sig0.03_bounded-pmin1e-05_epoch10_bs250_lr0.001_mon0.95_dp0.2_objective-channel_gradient-chan1.0-bec-outage0.1-spec-kl0.09_perc-pri0.5_epoch-pri70_bs-pri250_lr-pri0.005_mom-pri0.99_dp-pri0.2_seed7,bec-outage0.1_chan-layer4_mcsamples500_norm-spec_seed7_bounds.json
cnn-9,cifar10,10.0,bec,outage 0.1,spec,channel_grad,0.001,0.1,0.01,0.11389237642288208,0.2978191999999999,0.11287733316421508,0.5357786199270402,✓,✗,0.1669826913062472,0.2952,0.34493343451916403,✓,✗,0.3578278767141234,4.290190696716309,0.14003118872642517,0.14003118872642517,8192.0,0.11519698798656464,0.11287733316421508,0.12143628597259522,0.28917915151515194,0.2952,0.2984,cnn-9_cifar10_learnt_gaussian_sig0.03_bounded-pmin1e-05_epoch10_bs250_lr0.001_mon0.95_dp0.2_objective-channel_gradient-chan0.01-bec-outage0.1-spec-kl0.1_perc-pri0.5_epoch-pri70_bs-pri250_lr-pri0.005_mom-pri0.99_dp-pri0.2_seed7,bec-outage0.1_chan-layer4_mcsamples500_norm-spec_seed7_bounds.json
cnn-9,cifar10,10.0,bec,outage 0.1,spec,channel_grad,0.001,0.1,0.1,0.1127513200044632,0.2973231999999999,0.11177557706832886,0.5416336743674067,✓,✗,0.16555646464656038,0.2946,0.3499512941333645,✓,✗,0.35723884488060254,6.161839962005615,0.13810500502586365,0.13810500502586365,8192.0,0.11396750807762146,0.11177557706832886,0.12020732164382934,0.28862327272727306,0.2946,0.2975,cnn-9_cifar10_learnt_gaussian_sig0.03_bounded-pmin1e-05_epoch10_bs250_lr0.001_mon0.95_dp0.2_objective-channel_gradient-chan0.1-bec-outage0.1-spec-kl0.1_perc-pri0.5_epoch-pri70_bs-pri250_lr-pri0.005_mom-pri0.99_dp-pri0.2_seed7,bec-outage0.1_chan-layer4_mcsamples500_norm-spec_seed7_bounds.json
cnn-9,cifar10,10.0,bec,outage 0.1,spec,channel_grad,0.001,0.1,1.0,0.10413134098052979,0.2945203999999999,0.10342289209365844,0.6774448395733909,✓,✗,0.1546996293325646,0.29169999999999996,0.4785533971871974,✓,✗,0.35359107171875803,40.41800308227539,0.12436572462320328,0.12436572462320328,8192.0,0.10465532541275024,0.10342289209365844,0.11064585447311401,0.2851595151515155,0.29169999999999996,0.2944,cnn-9_cifar10_learnt_gaussian_sig0.03_bounded-pmin1e-05_epoch10_bs250_lr0.001_mon0.95_dp0.2_objective-channel_gradient-chan1.0-bec-outage0.1-spec-kl0.1_perc-pri0.5_epoch-pri70_bs-pri250_lr-pri0.005_mom-pri0.99_dp-pri0.2_seed7,bec-outage0.1_chan-layer4_mcsamples500_norm-spec_seed7_bounds.json
cnn-9,cifar10,10.0,bec,outage 0.1,spec,channel_grad,0.001,1.0,0.01,0.1186150312423706,0.3002972,0.11745691299438477,0.5271946465535216,✓,✗,0.17302648104045434,0.29700000000000004,0.33928874989441205,✓,✗,0.36093237769956377,0.15635627508163452,0.1468297839164734,0.1468297839164734,8192.0,0.12042348086833954,0.11745691299438477,0.12657846212387086,0.2921313131313136,0.29700000000000004,0.30100000000000005,cnn-9_cifar10_learnt_gaussian_sig0.03_bounded-pmin1e-05_epoch10_bs250_lr0.001_mon0.95_dp0.2_objective-channel_gradient-chan0.01-bec-outage0.1-spec-kl1.0_perc-pri0.5_epoch-pri70_bs-pri250_lr-pri0.005_mom-pri0.99_dp-pri0.2_seed7,bec-outage0.1_chan-layer4_mcsamples500_norm-spec_seed7_bounds.json
cnn-9,cifar10,10.0,bec,outage 0.1,spec,channel_grad,0.001,1.0,0.1,0.11846605688333511,0.3001632,0.11731120347976684,0.5270399400385979,✓,✗,0.17284144560939907,0.29690000000000005,0.3390942715386165,✓,✗,0.36078711410938036,0.2172362506389618,0.1465480774641037,0.1465480774641037,8192.0,0.12026236951351166,0.11731120347976684,0.1264352560043335,0.29199434343434394,0.29690000000000005,0.30089999999999995,cnn-9_cifar10_learnt_gaussian_sig0.03_bounded-pmin1e-05_epoch10_bs250_lr0.001_mon0.95_dp0.2_objective-channel_gradient-chan0.1-bec-outage0.1-spec-kl1.0_perc-pri0.5_epoch-pri70_bs-pri250_lr-pri0.005_mom-pri0.99_dp-pri0.2_seed7,bec-outage0.1_chan-layer4_mcsamples500_norm-spec_seed7_bounds.json
cnn-9,cifar10,10.0,bec,outage 0.1,spec,channel_grad,0.001,1.0,1.0,0.11706830561161041,0.2992208000000001,0.11598061323165894,0.5306677827550571,✓,✗,0.17110953036743137,0.2963,0.3420766762069001,✓,✗,0.3597006369155884,1.7637133598327637,0.14434634149074554,0.14434634149074554,8192.0,0.11876359581947327,0.11598061323165894,0.1250404953956604,0.2909587070707074,0.2963,0.30000000000000004,cnn-9_cifar10_learnt_gaussian_sig0.03_bounded-pmin1e-05_epoch10_bs250_lr0.001_mon0.95_dp0.2_objective-channel_gradient-chan1.0-bec-outage0.1-spec-kl1.0_perc-pri0.5_epoch-pri70_bs-pri250_lr-pri0.005_mom-pri0.99_dp-pri0.2_seed7,bec-outage0.1_chan-layer4_mcsamples500_norm-spec_seed7_bounds.json
cnn-9,cifar10,20.0,bec,outage 0.1,spec,vanilla,0.001,1.0,0.0,0.07634871453046799,0.2793592000000001,0.07642717957496643,3.7126367755810574,✓,-,0.1148897754081969,0.28290000000000004,3.4992725405585388,✓,-,0.3282540104307153,748.391845703125,0.018739445134997368,0.018739445134997368,8192.0,0.07136441022157669,0.07642717957496643,0.07680779099464416,0.2612414545454548,0.28290000000000004,0.2753,cnn-9_cifar10_learnt_gaussian_sig0.03_bounded-pmin1e-05_epoch20_bs250_lr0.001_mon0.95_dp0.2_objective-vanilla_perc-pri0.5_epoch-pri70_bs-pri250_lr-pri0.005_mom-pri0.99_dp-pri0.2_seed7,bec-outage0.1_chan-layer4_mcsamples500_norm-spec_seed7_bounds.json
cnn-9,cifar10,20.0,bec,outage 0.1,spec,channel_grad,0.0005,0.001,1.0,0.07296939939260483,0.2808572,0.07273721694946289,6.669625282287598,✓,✓,0.11166208370095816,0.27769999999999995,6.450061798095703,✓,✗,0.33122561639385284,1399.5098876953125,0.060867790132761,0.060867790132761,8192.0,0.06873461604118347,0.07273721694946289,0.07258282899856568,0.2640340202020204,0.27769999999999995,0.27569999999999995,cnn-9_cifar10_learnt_gaussian_sig0.03_bounded-pmin1e-05_epoch20_bs250_lr0.0005_mon0.95_dp0.2_objective-channel_gradient-chan1.0-bec-outage0.1-spec-kl0.001_perc-pri0.5_epoch-pri70_bs-pri250_lr-pri0.005_mom-pri0.99_dp-pri0.2_seed7,bec-outage0.1_chan-layer4_mcsamples500_norm-spec_seed7_bounds.json
cnn-9,cifar10,20.0,bec,outage 0.1,spec,channel_grad,0.0005,0.005,1.0,0.07575492560863495,0.28369839999999996,0.0755682110786438,4.309575080871582,✓,✓,0.11599104017861818,0.2811,4.0893731117248535,✓,✗,0.33619329906581275,868.8389282226562,0.06908295303583145,0.06908295303583145,8192.0,0.07226362824440002,0.0755682110786438,0.07620500326156616,0.26871490909090934,0.2811,0.28069999999999995,cnn-9_cifar10_learnt_gaussian_sig0.03_bounded-pmin1e-05_epoch20_bs250_lr0.0005_mon0.95_dp0.2_objective-channel_gradient-chan1.0-bec-outage0.1-spec-kl0.005_perc-pri0.5_epoch-pri70_bs-pri250_lr-pri0.005_mom-pri0.99_dp-pri0.2_seed7,bec-outage0.1_chan-layer4_mcsamples500_norm-spec_seed7_bounds.json
cnn-9,cifar10,20.0,bec,outage 0.1,spec,channel_grad,0.0005,0.02,1.0,0.08535119146108627,0.28954979999999997,0.08505291342735291,1.7779910564422607,✓,✗,0.12978402017663182,0.2883,1.56224524974823,✓,✗,0.3455298135062988,295.7677917480469,0.09101412445306778,0.09101412445306778,8192.0,0.08364447206258774,0.08505291342735291,0.08760676980018615,0.2775249292929296,0.2883,0.28669999999999995,cnn-9_cifar10_learnt_gaussian_sig0.03_bounded-pmin1e-05_epoch20_bs250_lr0.0005_mon0.95_dp0.2_objective-channel_gradient-chan1.0-bec-outage0.1-spec-kl0.02_perc-pri0.5_epoch-pri70_bs-pri250_lr-pri0.005_mom-pri0.99_dp-pri0.2_seed7,bec-outage0.1_chan-layer4_mcsamples500_norm-spec_seed7_bounds.json
cnn-9,cifar10,20.0,bec,outage 0.1,spec,channel_grad,0.0005,0.03,1.0,0.08989905565977097,0.29087219999999997,0.08950778245925903,1.3109569549560547,✓,✗,0.13600574552561173,0.2915,1.0990118980407715,✓,✗,0.3479508035723169,188.80223083496094,0.09992366284132004,0.09992366284132004,8192.0,0.08884001523256302,0.08950778245925903,0.09300624132156372,0.279815353535354,0.2915,0.28790000000000004,cnn-9_cifar10_learnt_gaussian_sig0.03_bounded-pmin1e-05_epoch20_bs250_lr0.0005_mon0.95_dp0.2_objective-channel_gradient-chan1.0-bec-outage0.1-spec-kl0.03_perc-pri0.5_epoch-pri70_bs-pri250_lr-pri0.005_mom-pri0.99_dp-pri0.2_seed7,bec-outage0.1_chan-layer4_mcsamples500_norm-spec_seed7_bounds.json
cnn-9,cifar10,20.0,bec,outage 0.1,spec,channel_grad,0.0005,0.04,1.0,0.0933942198753357,0.2915928,0.09290481805801391,1.0726680755615234,✓,✗,0.14068517878584233,0.2915,0.8640639781951904,✓,✗,0.34928931229631016,133.81271362304688,0.1062169149518013,0.1062169149518013,8192.0,0.09277122467756271,0.09290481805801391,0.09701505899429322,0.2810816969696974,0.2915,0.28969999999999996,cnn-9_cifar10_learnt_gaussian_sig0.03_bounded-pmin1e-05_epoch20_bs250_lr0.0005_mon0.95_dp0.2_objective-channel_gradient-chan1.0-bec-outage0.1-spec-kl0.04_perc-pri0.5_epoch-pri70_bs-pri250_lr-pri0.005_mom-pri0.99_dp-pri0.2_seed7,bec-outage0.1_chan-layer4_mcsamples500_norm-spec_seed7_bounds.json
cnn-9,cifar10,20.0,bec,outage 0.1,spec,channel_grad,0.0005,0.05,1.0,0.09615394473075867,0.2920531999999999,0.0955621838569641,0.929100513458252,✓,✗,0.14434207191103554,0.2921,0.723250150680542,✓,✗,0.3501924418335475,100.42952728271484,0.1110403835773468,0.1110403835773468,8192.0,0.09585641324520111,0.0955621838569641,0.10014255046844482,0.28194028282828326,0.2921,0.28979999999999995,cnn-9_cifar10_learnt_gaussian_sig0.03_bounded-pmin1e-05_epoch20_bs250_lr0.0005_mon0.95_dp0.2_objective-channel_gradient-chan1.0-bec-outage0.1-spec-kl0.05_perc-pri0.5_epoch-pri70_bs-pri250_lr-pri0.005_mom-pri0.99_dp-pri0.2_seed7,bec-outage0.1_chan-layer4_mcsamples500_norm-spec_seed7_bounds.json
cnn-9,cifar10,20.0,bec,outage 0.1,spec,channel_grad,0.0005,0.06,1.0,0.09841743111610413,0.2926399999999999,0.09774478673934936,0.8330388069152832,✓,✗,0.14731702316586176,0.2932,0.6292531490325928,✓,✗,0.351102715893711,77.86980438232422,0.11495853215456009,0.11495853215456009,8192.0,0.09837483614683151,0.09774478673934936,0.10266637802124023,0.2828010505050509,0.2932,0.2903,cnn-9_cifar10_learnt_gaussian_sig0.03_bounded-pmin1e-05_epoch20_bs250_lr0.0005_mon0.95_dp0.2_objective-channel_gradient-chan1.0-bec-outage0.1-spec-kl0.06_perc-pri0.5_epoch-pri70_bs-pri250_lr-pri0.005_mom-pri0.99_dp-pri0.2_seed7,bec-outage0.1_chan-layer4_mcsamples500_norm-spec_seed7_bounds.json
cnn-9,cifar10,20.0,bec,outage 0.1,spec,channel_grad,0.0005,0.07,1.0,0.10022306442260742,0.29327819999999993,0.09949777126312256,0.7678335309028625,✓,✗,0.149690438237142,0.2921,0.5655355453491211,✓,✗,0.3519884232594037,62.4615364074707,0.11777538061141968,0.11777538061141968,8192.0,0.10038916021585464,0.09949777126312256,0.10469522476196289,0.28364105050505084,0.2921,0.29079999999999995,cnn-9_cifar10_learnt_gaussian_sig0.03_bounded-pmin1e-05_epoch20_bs250_lr0.0005_mon0.95_dp0.2_objective-channel_gradient-chan1.0-bec-outage0.1-spec-kl0.07_perc-pri0.5_epoch-pri70_bs-pri250_lr-pri0.005_mom-pri0.99_dp-pri0.2_seed7,bec-outage0.1_chan-layer4_mcsamples500_norm-spec_seed7_bounds.json
cnn-9,cifar10,20.0,bec,outage 0.1,spec,channel_grad,0.0005,0.08,1.0,0.10173338651657104,0.293634,0.10098134279251099,0.7233437895774841,✓,✗,0.15162334298360344,0.29200000000000004,0.5224913954734802,✓,✗,0.35247572204590405,51.87704086303711,0.1201336607336998,0.1201336607336998,8192.0,0.10203367471694946,0.10098134279251099,0.10643107891082763,0.28410125252525303,0.29200000000000004,0.29090000000000005,cnn-9_cifar10_learnt_gaussian_sig0.03_bounded-pmin1e-05_epoch20_bs250_lr0.0005_mon0.95_dp0.2_objective-channel_gradient-chan1.0-bec-outage0.1-spec-kl0.08_perc-pri0.5_epoch-pri70_bs-pri250_lr-pri0.005_mom-pri0.99_dp-pri0.2_seed7,bec-outage0.1_chan-layer4_mcsamples500_norm-spec_seed7_bounds.json
cnn-9,cifar10,20.0,bec,outage 0.1,spec,channel_grad,0.0005,0.09,1.0,0.10299541056156158,0.2939674,0.10222433805465699,0.6908125877380371,✓,✗,0.15325004318302715,0.29169999999999996,0.49104437232017517,✓,✗,0.3530182295485936,43.95778274536133,0.12247589975595474,0.12247589975595474,8192.0,0.10341878980398178,0.10222433805465699,0.10786405801773072,0.284616565656566,0.29169999999999996,0.2913,cnn-9_cifar10_learnt_gaussian_sig0.03_bounded-pmin1e-05_epoch20_bs250_lr0.0005_mon0.95_dp0.2_objective-channel_gradient-chan1.0-bec-outage0.1-spec-kl0.09_perc-pri0.5_epoch-pri70_bs-pri250_lr-pri0.005_mom-pri0.99_dp-pri0.2_seed7,bec-outage0.1_chan-layer4_mcsamples500_norm-spec_seed7_bounds.json
cnn-9,cifar10,20.0,bec,outage 0.1,spec,channel_grad,0.001,0.0001,0.0001,0.07659559696912766,0.27961980000000003,0.07645670175552369,3.681422710418701,✓,✗,0.11526777345417896,0.27590000000000003,3.4679760932922363,✓,✗,0.3287143461897245,728.77099609375,0.07481200993061066,0.07481200993061066,8192.0,0.071673683822155,0.07645670175552369,0.07757683396339417,0.26167337373737387,0.27590000000000003,0.2751,cnn-9_cifar10_learnt_gaussian_sig0.03_bounded-pmin1e-05_epoch20_bs250_lr0.001_mon0.95_dp0.2_objective-channel_gradient-chan0.0001-bec-outage0.1-spec-kl0.0001_perc-pri0.5_epoch-pri70_bs-pri250_lr-pri0.005_mom-pri0.99_dp-pri0.2_seed7,bec-outage0.1_chan-layer4_mcsamples500_norm-spec_seed7_bounds.json
cnn-9,cifar10,20.0,bec,outage 0.1,spec,channel_grad,0.001,0.0001,0.001,0.07656951993703842,0.27959739999999994,0.07643454670906066,3.6884207725524902,✓,✗,0.11523480151881106,0.27569999999999995,3.47497296333313,✓,✗,0.32868270439149394,730.3749389648438,0.074668750166893,0.074668750166893,8192.0,0.07164651900529861,0.07643454670906066,0.07754075527191162,0.2616447676767678,0.27569999999999995,0.2754,cnn-9_cifar10_learnt_gaussian_sig0.03_bounded-pmin1e-05_epoch20_bs250_lr0.001_mon0.95_dp0.2_objective-channel_gradient-chan0.001-bec-outage0.1-spec-kl0.0001_perc-pri0.5_epoch-pri70_bs-pri250_lr-pri0.005_mom-pri0.99_dp-pri0.2_seed7,bec-outage0.1_chan-layer4_mcsamples500_norm-spec_seed7_bounds.json
cnn-9,cifar10,20.0,bec,outage 0.1,spec,channel_grad,0.001,0.0001,0.01,0.07635912299156189,0.279474,0.07621070146560668,3.758214235305786,✓,✗,0.11496637110941131,0.27569999999999995,3.5446860790252686,✓,✗,0.3284947317589836,746.1319580078125,0.07418268918991089,0.07418268918991089,8192.0,0.07142619043588638,0.07621070146560668,0.07728891372680664,0.2614690101010103,0.27569999999999995,0.27490000000000003,cnn-9_cifar10_learnt_gaussian_sig0.03_bounded-pmin1e-05_epoch20_bs250_lr0.001_mon0.95_dp0.2_objective-channel_gradient-chan0.01-bec-outage0.1-spec-kl0.0001_perc-pri0.5_epoch-pri70_bs-pri250_lr-pri0.005_mom-pri0.99_dp-pri0.2_seed7,bec-outage0.1_chan-layer4_mcsamples500_norm-spec_seed7_bounds.json
cnn-9,cifar10,20.0,bec,outage 0.1,spec,channel_grad,0.001,0.001,0.0001,0.07869213819503784,0.2814798,0.07855629920959473,2.983621597290039,✓,✗,0.11846981651590047,0.278,2.7700557708740234,✓,✗,0.3320357118707004,570.981689453125,0.07934481650590897,0.07934481650590897,8192.0,0.07429429888725281,0.07855629920959473,0.0799955427646637,0.2647958787878791,0.278,0.2791,cnn-9_cifar10_learnt_gaussian_sig0.03_bounded-pmin1e-05_epoch20_bs250_lr0.001_mon0.95_dp0.2_objective-channel_gradient-chan0.0001-bec-outage0.1-spec-kl0.001_perc-pri0.5_epoch-pri70_bs-pri250_lr-pri0.005_mom-pri0.99_dp-pri0.2_seed7,bec-outage0.1_chan-layer4_mcsamples500_norm-spec_seed7_bounds.json
cnn-9,cifar10,20.0,bec,outage 0.1,spec,channel_grad,0.001,0.001,0.001,0.0786626860499382,0.28146579999999993,0.07852422595024108,2.988687753677368,✓,✗,0.1184340340014353,0.27890000000000004,2.775111198425293,✓,✗,0.3320105000481913,572.124755859375,0.07932402193546295,0.07932402193546295,8192.0,0.0742659941315651,0.07852422595024108,0.07996440529823304,0.26477430303030336,0.27890000000000004,0.2791,cnn-9_cifar10_learnt_gaussian_sig0.03_bounded-pmin1e-05_epoch20_bs250_lr0.001_mon0.95_dp0.2_objective-channel_gradient-chan0.001-bec-outage0.1-spec-kl0.001_perc-pri0.5_epoch-pri70_bs-pri250_lr-pri0.005_mom-pri0.99_dp-pri0.2_seed7,bec-outage0.1_chan-layer4_mcsamples500_norm-spec_seed7_bounds.json
cnn-9,cifar10,20.0,bec,outage 0.1,spec,channel_grad,0.001,0.001,0.01,0.07843384146690369,0.28137660000000003,0.07829739451408387,3.0412240028381348,✓,✗,0.11814245840701067,0.27859999999999996,2.827505350112915,✓,✗,0.33186104498301605,584.0376586914062,0.07873357832431793,0.07873357832431793,8192.0,0.07402657717466354,0.07829739451408387,0.07968838810920716,0.2646345050505052,0.27859999999999996,0.27769999999999995,cnn-9_cifar10_learnt_gaussian_sig0.03_bounded-pmin1e-05_epoch20_bs250_lr0.001_mon0.95_dp0.2_objective-channel_gradient-chan0.01-bec-outage0.1-spec-kl0.001_perc-pri0.5_epoch-pri70_bs-pri250_lr-pri0.005_mom-pri0.99_dp-pri0.2_seed7,bec-outage0.1_chan-layer4_mcsamples500_norm-spec_seed7_bounds.json
cnn-9,cifar10,20.0,bec,outage 0.1,spec,channel_grad,0.001,0.001,1.0,0.07081452757120132,0.2748352,0.07049605250358582,10.043956756591797,✓,✓,0.10792756570799619,0.2743,9.830245971679688,✓,✓,0.3216388519280935,2157.152099609375,0.05650721490383148,0.05650721490383148,8192.0,0.0657069981098175,0.07049605250358582,0.07023618817329406,0.25503523232323233,0.2743,0.2694,cnn-9_cifar10_learnt_gaussian_sig0.03_bounded-pmin1e-05_epoch20_bs250_lr0.001_mon0.95_dp0.2_objective-channel_gradient-chan1.0-bec-outage0.1-spec-kl0.001_perc-pri0.5_epoch-pri70_bs-pri250_lr-pri0.005_mom-pri0.99_dp-pri0.2_seed7,bec-outage0.1_chan-layer4_mcsamples500_norm-spec_seed7_bounds.json
cnn-9,cifar10,20.0,bec,outage 0.1,spec,channel_grad,0.001,0.005,1.0,0.07480771094560623,0.2816084,0.07460510730743408,5.01149845123291,✓,✓,0.11435580168275662,0.27859999999999996,4.792969226837158,✓,✗,0.3328852994422611,1026.9385986328125,0.06727111339569092,0.06727111339569092,8192.0,0.07092874497175217,0.07460510730743408,0.07517079114913941,0.26559531313131335,0.27859999999999996,0.27759999999999996,cnn-9_cifar10_learnt_gaussian_sig0.03_bounded-pmin1e-05_epoch20_bs250_lr0.001_mon0.95_dp0.2_objective-channel_gradient-chan1.0-bec-outage0.1-spec-kl0.005_perc-pri0.5_epoch-pri70_bs-pri250_lr-pri0.005_mom-pri0.99_dp-pri0.2_seed7,bec-outage0.1_chan-layer4_mcsamples500_norm-spec_seed7_bounds.json
cnn-9,cifar10,20.0,bec,outage 0.1,spec,channel_grad,0.001,0.01,0.0001,0.09385451674461365,0.29027500000000006,0.09333725571632386,1.0165706872940063,✓,✗,0.1403694440912468,0.2892,0.8099942803382874,✓,✗,0.34694582294483356,121.47126770019531,0.1076555997133255,0.1076555997133255,8192.0,0.09250549972057343,0.09333725571632386,0.09759489297866822,0.27886335353535396,0.2892,0.2884,cnn-9_cifar10_learnt_gaussian_sig0.03_bounded-pmin1e-05_epoch20_bs250_lr0.001_mon0.95_dp0.2_objective-channel_gradient-chan0.0001-bec-outage0.1-spec-kl0.01_perc-pri0.5_epoch-pri70_bs-pri250_lr-pri0.005_mom-pri0.99_dp-pri0.2_seed7,bec-outage0.1_chan-layer4_mcsamples500_norm-spec_seed7_bounds.json
cnn-9,cifar10,20.0,bec,outage 0.1,spec,channel_grad,0.001,0.01,0.001,0.09382084012031555,0.29026939999999996,0.09330427050590515,1.0179917812347412,✓,✗,0.1403287476548758,0.2894,0.8113906383514404,✓,✗,0.34693000278368896,121.80925750732422,0.10758104920387268,0.10758104920387268,8192.0,0.09247167408466339,0.09330427050590515,0.09755590558052063,0.2788519595959598,0.2894,0.28879999999999995,cnn-9_cifar10_learnt_gaussian_sig0.03_bounded-pmin1e-05_epoch20_bs250_lr0.001_mon0.95_dp0.2_objective-channel_gradient-chan0.001-bec-outage0.1-spec-kl0.01_perc-pri0.5_epoch-pri70_bs-pri250_lr-pri0.005_mom-pri0.99_dp-pri0.2_seed7,bec-outage0.1_chan-layer4_mcsamples500_norm-spec_seed7_bounds.json
cnn-9,cifar10,20.0,bec,outage 0.1,spec,channel_grad,0.001,0.01,0.01,0.09349452704191208,0.29019659999999997,0.09298753142356872,1.0338795815433972,✓,✗,0.13991474348291982,0.2893,0.8269774275393676,✓,✗,0.3468168974869493,125.54314422607422,0.10688343644142151,0.10688343644142151,8192.0,0.09212236851453781,0.09298753142356872,0.0971785843372345,0.2787452929292931,0.2893,0.28869999999999996,cnn-9_cifar10_learnt_gaussian_sig0.03_bounded-pmin1e-05_epoch20_bs250_lr0.001_mon0.95_dp0.2_objective-channel_gradient-chan0.01-bec-outage0.1-spec-kl0.01_perc-pri0.5_epoch-pri70_bs-pri250_lr-pri0.005_mom-pri0.99_dp-pri0.2_seed7,bec-outage0.1_chan-layer4_mcsamples500_norm-spec_seed7_bounds.json
cnn-9,cifar10,20.0,bec,outage 0.1,spec,channel_grad,0.001,0.01,0.1,0.09070136398077011,0.28939400000000004,0.09033412933349609,1.2052991076060258,✓,✗,0.13630289058413,0.28769999999999996,0.9960141873838926,✓,✗,0.3455878108062632,165.31349182128906,0.10167364776134491,0.10167364776134491,8192.0,0.08908925205469131,0.09033412933349609,0.09399009943008423,0.2775828686868691,0.28769999999999996,0.2873,cnn-9_cifar10_learnt_gaussian_sig0.03_bounded-pmin1e-05_epoch20_bs250_lr0.001_mon0.95_dp0.2_objective-channel_gradient-chan0.1-bec-outage0.1-spec-kl0.01_perc-pri0.5_epoch-pri70_bs-pri250_lr-pri0.005_mom-pri0.99_dp-pri0.2_seed7,bec-outage0.1_chan-layer4_mcsamples500_norm-spec_seed7_bounds.json
cnn-9,cifar10,20.0,bec,outage 0.1,spec,channel_grad,0.001,0.01,1.0,0.07900793850421906,0.28596380000000005,0.07872082591056824,3.060328380927131,✓,✗,0.12079009959083258,0.2842,2.841239903212675,✓,✗,0.3398785773052884,586.7247314453125,0.07780379801988602,0.07780379801988602,8192.0,0.0762016698718071,0.07872082591056824,0.08018254041671753,0.27218755555555585,0.2842,0.2813,cnn-9_cifar10_learnt_gaussian_sig0.03_bounded-pmin1e-05_epoch20_bs250_lr0.001_mon0.95_dp0.2_objective-channel_gradient-chan1.0-bec-outage0.1-spec-kl0.01_perc-pri0.5_epoch-pri70_bs-pri250_lr-pri0.005_mom-pri0.99_dp-pri0.2_seed7,bec-outage0.1_chan-layer4_mcsamples500_norm-spec_seed7_bounds.json
cnn-9,cifar10,20.0,bec,outage 0.1,spec,channel_grad,0.001,0.02,1.0,0.08530205488204956,0.28949799999999987,0.08498538732528686,1.819807767868042,✓,✗,0.12971956780965563,0.28879999999999995,1.6040921211242676,✓,✗,0.345435169064138,305.1019592285156,0.09118183702230453,0.09118183702230453,8192.0,0.08359132707118988,0.08498538732528686,0.08755509257316589,0.27743870707070756,0.28879999999999995,0.28659999999999997,cnn-9_cifar10_learnt_gaussian_sig0.03_bounded-pmin1e-05_epoch20_bs250_lr0.001_mon0.95_dp0.2_objective-channel_gradient-chan1.0-bec-outage0.1-spec-kl0.02_perc-pri0.5_epoch-pri70_bs-pri250_lr-pri0.005_mom-pri0.99_dp-pri0.2_seed7,bec-outage0.1_chan-layer4_mcsamples500_norm-spec_seed7_bounds.json
cnn-9,cifar10,20.0,bec,outage 0.1,spec,channel_grad,0.001,0.03,1.0,0.08996372669935226,0.2907038,0.08959088921546936,1.3436946868896484,✓,✗,0.13610063891835145,0.28990000000000005,1.1321452856063843,✓,✗,0.3476500276706055,196.12025451660156,0.1002349853515625,0.1002349853515625,8192.0,0.08891993016004562,0.08959088921546936,0.09305052757263184,0.27953171717171754,0.28990000000000005,0.28769999999999996,cnn-9_cifar10_learnt_gaussian_sig0.03_bounded-pmin1e-05_epoch20_bs250_lr0.001_mon0.95_dp0.2_objective-channel_gradient-chan1.0-bec-outage0.1-spec-kl0.03_perc-pri0.5_epoch-pri70_bs-pri250_lr-pri0.005_mom-pri0.99_dp-pri0.2_seed7,bec-outage0.1_chan-layer4_mcsamples500_norm-spec_seed7_bounds.json
cnn-9,cifar10,20.0,bec,outage 0.1,spec,channel_grad,0.001,0.04,1.0,0.09348107874393463,0.2914284,0.09299495816230774,1.098066806793213,✓,✗,0.14080784096890642,0.29079999999999995,0.8898179531097412,✓,✗,0.3490566435979171,139.51541137695312,0.10634507238864899,0.10634507238864899,8192.0,0.0928751528263092,0.09299495816230774,0.09711861610412598,0.2808610101010105,0.29079999999999995,0.2893,cnn-9_cifar10_learnt_gaussian_sig0.03_bounded-pmin1e-05_epoch20_bs250_lr0.001_mon0.95_dp0.2_objective-channel_gradient-chan1.0-bec-outage0.1-spec-kl0.04_perc-pri0.5_epoch-pri70_bs-pri250_lr-pri0.005_mom-pri0.99_dp-pri0.2_seed7,bec-outage0.1_chan-layer4_mcsamples500_norm-spec_seed7_bounds.json
cnn-9,cifar10,20.0,bec,outage 0.1,spec,channel_grad,0.001,0.05,1.0,0.09620591253042221,0.2919774,0.09559614062309266,0.9529865980148315,✓,✗,0.144462459065813,0.2912,0.7473055124282837,✓,✗,0.3501435986732465,105.72932434082031,0.111273854970932,0.111273854970932,8192.0,0.09595811367034912,0.09559614062309266,0.10023242235183716,0.28189236363636416,0.2912,0.2902,cnn-9_cifar10_learnt_gaussian_sig0.03_bounded-pmin1e-05_epoch20_bs250_lr0.001_mon0.95_dp0.2_objective-channel_gradient-chan1.0-bec-outage0.1-spec-kl0.05_perc-pri0.5_epoch-pri70_bs-pri250_lr-pri0.005_mom-pri0.99_dp-pri0.2_seed7,bec-outage0.1_chan-layer4_mcsamples500_norm-spec_seed7_bounds.json
cnn-9,cifar10,20.0,bec,outage 0.1,spec,channel_grad,0.001,0.06,1.0,0.09841936081647873,0.29270679999999993,0.09772654771804809,0.8526068925857544,✓,✗,0.14739617546018596,0.29259999999999997,0.6488113403320312,✓,✗,0.3511917422189739,82.25370788574219,0.11483217775821686,0.11483217775821686,8192.0,0.09844216704368591,0.09772654771804809,0.10270270109176635,0.2828873535353541,0.29259999999999997,0.28959999999999997,cnn-9_cifar10_learnt_gaussian_sig0.03_bounded-pmin1e-05_epoch20_bs250_lr0.001_mon0.95_dp0.2_objective-channel_gradient-chan1.0-bec-outage0.1-spec-kl0.06_perc-pri0.5_epoch-pri70_bs-pri250_lr-pri0.005_mom-pri0.99_dp-pri0.2_seed7,bec-outage0.1_chan-layer4_mcsamples500_norm-spec_seed7_bounds.json
cnn-9,cifar10,20.0,bec,outage 0.1,spec,channel_grad,0.001,0.07,1.0,0.10028290003538132,0.29320360000000006,0.09956677556037903,0.7879233360290527,✓,✗,0.14981487328955967,0.2913,0.5858337879180908,✓,✗,0.3519044661248888,66.95305633544922,0.11786247044801712,0.11786247044801712,8192.0,0.10049539804458618,0.09956677556037903,0.10481841564178467,0.2835603232323238,0.2913,0.28900000000000003,cnn-9_cifar10_learnt_gaussian_sig0.03_bounded-pmin1e-05_epoch20_bs250_lr0.001_mon0.95_dp0.2_objective-channel_gradient-chan1.0-bec-outage0.1-spec-kl0.07_perc-pri0.5_epoch-pri70_bs-pri250_lr-pri0.005_mom-pri0.99_dp-pri0.2_seed7,bec-outage0.1_chan-layer4_mcsamples500_norm-spec_seed7_bounds.json
cnn-9,cifar10,20.0,bec,outage 0.1,spec,channel_grad,0.001,0.08,1.0,0.10178893059492111,0.29366239999999993,0.10104416608810425,0.740044116973877,✓,✗,0.15176643310234067,0.29159999999999997,0.539203941822052,✓,✗,0.35260663713829293,55.526851654052734,0.12038064002990723,0.12038064002990723,8192.0,0.10215431451797485,0.10104416608810425,0.10652745962142944,0.28422787878787925,0.29159999999999997,0.2901,cnn-9_cifar10_learnt_gaussian_sig0.03_bounded-pmin1e-05_epoch20_bs250_lr0.001_mon0.95_dp0.2_objective-channel_gradient-chan1.0-bec-outage0.1-spec-kl0.08_perc-pri0.5_epoch-pri70_bs-pri250_lr-pri0.005_mom-pri0.99_dp-pri0.2_seed7,bec-outage0.1_chan-layer4_mcsamples500_norm-spec_seed7_bounds.json
cnn-9,cifar10,20.0,bec,outage 0.1,spec,channel_grad,0.001,0.09,1.0,0.10300836712121964,0.29396880000000003,0.10223598480224609,0.7086082696914673,✓,✗,0.15332234392263605,0.2913,0.5089064240455627,✓,✗,0.3530242222385549,47.939414978027344,0.12245921790599823,0.12245921790599823,8192.0,0.10348086059093475,0.10223598480224609,0.10788934230804444,0.2846231919191924,0.2913,0.2901,cnn-9_cifar10_learnt_gaussian_sig0.03_bounded-pmin1e-05_epoch20_bs250_lr0.001_mon0.95_dp0.2_objective-channel_gradient-chan1.0-bec-outage0.1-spec-kl0.09_perc-pri0.5_epoch-pri70_bs-pri250_lr-pri0.005_mom-pri0.99_dp-pri0.2_seed7,bec-outage0.1_chan-layer4_mcsamples500_norm-spec_seed7_bounds.json
cnn-9,cifar10,20.0,bec,outage 0.1,spec,channel_grad,0.001,0.1,0.01,0.11395925283432007,0.2977229999999999,0.11336034536361694,0.5354542338833763,✓,✗,0.16703534555100769,0.2966,0.34457785378412326,✓,✗,0.3579117256502608,4.247807025909424,0.13981249928474426,0.13981249928474426,8192.0,0.11524216085672379,0.11336034536361694,0.11973423957824707,0.28925995959596007,0.2966,0.2956,cnn-9_cifar10_learnt_gaussian_sig0.03_bounded-pmin1e-05_epoch20_bs250_lr0.001_mon0.95_dp0.2_objective-channel_gradient-chan0.01-bec-outage0.1-spec-kl0.1_perc-pri0.5_epoch-pri70_bs-pri250_lr-pri0.005_mom-pri0.99_dp-pri0.2_seed7,bec-outage0.1_chan-layer4_mcsamples500_norm-spec_seed7_bounds.json
cnn-9,cifar10,20.0,bec,outage 0.1,spec,channel_grad,0.001,0.1,0.1,0.1127869263291359,0.2972032,0.11217185258865356,0.5415537179193659,✓,✗,0.1655627014790791,0.29700000000000004,0.3498940756294221,✓,✗,0.35722234376902295,6.213657855987549,0.13780981302261353,0.13780981302261353,8192.0,0.11397233605384827,0.11217185258865356,0.11846648454666138,0.28860501010101053,0.29700000000000004,0.2945,cnn-9_cifar10_learnt_gaussian_sig0.03_bounded-pmin1e-05_epoch20_bs250_lr0.001_mon0.95_dp0.2_objective-channel_gradient-chan0.1-bec-outage0.1-spec-kl0.1_perc-pri0.5_epoch-pri70_bs-pri250_lr-pri0.005_mom-pri0.99_dp-pri0.2_seed7,bec-outage0.1_chan-layer4_mcsamples500_norm-spec_seed7_bounds.json
cnn-9,cifar10,20.0,bec,outage 0.1,spec,channel_grad,0.001,0.1,1.0,0.10409778356552124,0.29421920000000007,0.10332028865814209,0.6840387306155984,✓,✗,0.15471106526104236,0.2921,0.4853193084095146,✓,✗,0.35343048746712613,41.9224853515625,0.12439195066690445,0.12439195066690445,8192.0,0.10466562956571579,0.10332028865814209,0.10912116765975952,0.28500606060606104,0.2921,0.2911,cnn-9_cifar10_learnt_gaussian_sig0.03_bounded-pmin1e-05_epoch20_bs250_lr0.001_mon0.95_dp0.2_objective-channel_gradient-chan1.0-bec-outage0.1-spec-kl0.1_perc-pri0.5_epoch-pri70_bs-pri250_lr-pri0.005_mom-pri0.99_dp-pri0.2_seed7,bec-outage0.1_chan-layer4_mcsamples500_norm-spec_seed7_bounds.json
cnn-9,cifar10,20.0,bec,outage 0.1,spec,channel_grad,0.001,1.0,0.01,0.11857191473245621,0.3001690000000001,0.1179705262184143,0.5273543499699102,✓,✗,0.17295972283800534,0.29869999999999997,0.33934434093182153,✓,✗,0.36096973187609394,0.16446542739868164,0.14691586792469025,0.14691586792469025,8192.0,0.12036675214767456,0.1179705262184143,0.12460675239562988,0.2921667070707076,0.29869999999999997,0.29910000000000003,cnn-9_cifar10_learnt_gaussian_sig0.03_bounded-pmin1e-05_epoch20_bs250_lr0.001_mon0.95_dp0.2_objective-channel_gradient-chan0.01-bec-outage0.1-spec-kl1.0_perc-pri0.5_epoch-pri70_bs-pri250_lr-pri0.005_mom-pri0.99_dp-pri0.2_seed7,bec-outage0.1_chan-layer4_mcsamples500_norm-spec_seed7_bounds.json
cnn-9,cifar10,20.0,bec,outage 0.1,spec,channel_grad,0.001,1.0,0.1,0.11841428279876709,0.30004719999999996,0.11780637502670288,0.5272937393021173,✓,✗,0.17276500833109107,0.29869999999999997,0.33921961052744737,✓,✗,0.36083913710576104,0.23005437850952148,0.14669252932071686,0.14669252932071686,8192.0,0.12019535154104233,0.11780637502670288,0.12444562911987304,0.29204000000000047,0.29869999999999997,0.29879999999999995,cnn-9_cifar10_learnt_gaussian_sig0.03_bounded-pmin1e-05_epoch20_bs250_lr0.001_mon0.95_dp0.2_objective-channel_gradient-chan0.1-bec-outage0.1-spec-kl1.0_perc-pri0.5_epoch-pri70_bs-pri250_lr-pri0.005_mom-pri0.99_dp-pri0.2_seed7,bec-outage0.1_chan-layer4_mcsamples500_norm-spec_seed7_bounds.json
cnn-9,cifar10,20.0,bec,outage 0.1,spec,channel_grad,0.001,1.0,1.0,0.11690735071897507,0.2991283999999999,0.11625229120254517,0.5315005887369149,✓,✗,0.17087494863947025,0.29769999999999996,0.34264592060085775,✓,✗,0.3597296167755274,1.9296698570251465,0.1444079875946045,0.1444079875946045,8192.0,0.11856067180633545,0.11625229120254517,0.12287448644638062,0.29098480808080845,0.29769999999999996,0.2972,cnn-9_cifar10_learnt_gaussian_sig0.03_bounded-pmin1e-05_epoch20_bs250_lr0.001_mon0.95_dp0.2_objective-channel_gradient-chan1.0-bec-outage0.1-spec-kl1.0_perc-pri0.5_epoch-pri70_bs-pri250_lr-pri0.005_mom-pri0.99_dp-pri0.2_seed7,bec-outage0.1_chan-layer4_mcsamples500_norm-spec_seed7_bounds.json
cnn-9,cifar10,30.0,bec,outage 0.1,spec,channel_grad,0.001,0.0001,0.0001,0.07441634684801102,0.274548,0.07436941266059875,4.903911590576172,✓,?,0.11127738560079035,0.27480000000000004,4.694722652435303,✓,?,0.32046640001919535,1004.9698486328125,0.07035018503665924,0.07035018503665924,8192.0,0.0684226006269455,0.07436941266059875,0.07538118958473206,0.2539351919191918,0.27480000000000004,0.27190000000000003,cnn-9_cifar10_learnt_gaussian_sig0.03_bounded-pmin1e-05_epoch30_bs250_lr0.001_mon0.95_dp0.2_objective-channel_gradient-chan0.0001-bec-outage0.1-spec-kl0.0001_perc-pri0.5_epoch-pri70_bs-pri250_lr-pri0.005_mom-pri0.99_dp-pri0.2_seed7,bec-outage0.1_chan-layer4_mcsamples500_norm-spec_seed7_bounds.json
cnn-9,cifar10,30.0,bec,outage 0.1,spec,channel_grad,0.001,0.0001,0.001,0.0743977427482605,0.27451980000000004,0.07435354590415955,4.9125823974609375,✓,?,0.11125753358169013,0.27480000000000004,4.703367710113525,✓,?,0.32047184656164635,1006.92431640625,0.07027430087327957,0.07027430087327957,8192.0,0.06840551644563675,0.07435354590415955,0.07535897493362427,0.2539411717171716,0.27480000000000004,0.27180000000000004,cnn-9_cifar10_learnt_gaussian_sig0.03_bounded-pmin1e-05_epoch30_bs250_lr0.001_mon0.95_dp0.2_objective-channel_gradient-chan0.001-bec-outage0.1-spec-kl0.0001_perc-pri0.5_epoch-pri70_bs-pri250_lr-pri0.005_mom-pri0.99_dp-pri0.2_seed7,bec-outage0.1_chan-layer4_mcsamples500_norm-spec_seed7_bounds.json
cnn-9,cifar10,30.0,bec,outage 0.1,spec,channel_grad,0.001,0.0001,0.01,0.07419957965612411,0.2743534,0.07415051460266113,4.998498439788818,✓,?,0.11101411589984496,0.2743,4.789279460906982,✓,?,0.3202332918806243,1026.3104248046875,0.0697321966290474,0.0697321966290474,8192.0,0.06820811331272125,0.07415051460266113,0.07512086033821105,0.2537167676767676,0.2743,0.27149999999999996,cnn-9_cifar10_learnt_gaussian_sig0.03_bounded-pmin1e-05_epoch30_bs250_lr0.001_mon0.95_dp0.2_objective-channel_gradient-chan0.01-bec-outage0.1-spec-kl0.0001_perc-pri0.5_epoch-pri70_bs-pri250_lr-pri0.005_mom-pri0.99_dp-pri0.2_seed7,bec-outage0.1_chan-layer4_mcsamples500_norm-spec_seed7_bounds.json
cnn-9,cifar10,30.0,bec,outage 0.1,spec,channel_grad,0.001,0.001,0.0001,0.07714536041021347,0.27796040000000005,0.07700237035751342,3.5939996242523193,✓,?,0.1156652048898064,0.2773,3.3830535411834717,✓,?,0.32661130407643246,709.2982177734375,0.07657663524150848,0.07657663524150848,8192.0,0.07199783623218536,0.07700237035751342,0.07846364974975586,0.25969575757575764,0.2773,0.2752,cnn-9_cifar10_learnt_gaussian_sig0.03_bounded-pmin1e-05_epoch30_bs250_lr0.001_mon0.95_dp0.2_objective-channel_gradient-chan0.0001-bec-outage0.1-spec-kl0.001_perc-pri0.5_epoch-pri70_bs-pri250_lr-pri0.005_mom-pri0.99_dp-pri0.2_seed7,bec-outage0.1_chan-layer4_mcsamples500_norm-spec_seed7_bounds.json
cnn-9,cifar10,30.0,bec,outage 0.1,spec,channel_grad,0.001,0.001,0.001,0.07712315768003464,0.2779746,0.0769831657409668,3.5996220111846924,✓,?,0.11563517743826325,0.27749999999999997,3.3886635303497314,✓,?,0.3265936012627743,710.5864868164062,0.07645560801029205,0.07645560801029205,8192.0,0.0719737559556961,0.0769831657409668,0.07843534350395202,0.25968250505050516,0.27749999999999997,0.2754,cnn-9_cifar10_learnt_gaussian_sig0.03_bounded-pmin1e-05_epoch30_bs250_lr0.001_mon0.95_dp0.2_objective-channel_gradient-chan0.001-bec-outage0.1-spec-kl0.001_perc-pri0.5_epoch-pri70_bs-pri250_lr-pri0.005_mom-pri0.99_dp-pri0.2_seed7,bec-outage0.1_chan-layer4_mcsamples500_norm-spec_seed7_bounds.json
cnn-9,cifar10,30.0,bec,outage 0.1,spec,channel_grad,0.001,0.001,0.01,0.07689785957336426,0.27776919999999994,0.07676052451133727,3.6643857955932617,✓,?,0.11535455659026754,0.27790000000000004,3.453341245651245,✓,?,0.32639915971257144,725.2421264648438,0.07587189227342606,0.07587189227342606,8192.0,0.07174430787563324,0.07676052451133727,0.07817295789718628,0.25949979797979805,0.27790000000000004,0.27549999999999997,cnn-9_cifar10_learnt_gaussian_sig0.03_bounded-pmin1e-05_epoch30_bs250_lr0.001_mon0.95_dp0.2_objective-channel_gradient-chan0.01-bec-outage0.1-spec-kl0.001_perc-pri0.5_epoch-pri70_bs-pri250_lr-pri0.005_mom-pri0.99_dp-pri0.2_seed7,bec-outage0.1_chan-layer4_mcsamples500_norm-spec_seed7_bounds.json
cnn-9,cifar10,30.0,bec,outage 0.1,spec,channel_grad,0.001,0.01,0.0001,0.09389742463827133,0.2902218,0.09335649013519287,1.0178393125534058,✓,?,0.1404844829250988,0.28959999999999997,0.81141597032547,✓,?,0.34690790254115156,121.681884765625,0.10802023857831955,0.10802023857831955,8192.0,0.09260319173336029,0.09335649013519287,0.09731484055519105,0.27882755555555594,0.28959999999999997,0.2854,cnn-9_cifar10_learnt_gaussian_sig0.03_bounded-pmin1e-05_epoch30_bs250_lr0.001_mon0.95_dp0.2_objective-channel_gradient-chan0.0001-bec-outage0.1-spec-kl0.01_perc-pri0.5_epoch-pri70_bs-pri250_lr-pri0.005_mom-pri0.99_dp-pri0.2_seed7,bec-outage0.1_chan-layer4_mcsamples500_norm-spec_seed7_bounds.json
cnn-9,cifar10,30.0,bec,outage 0.1,spec,channel_grad,0.001,0.01,0.001,0.09387141466140747,0.2902036,0.0933327853679657,1.0192711353302002,✓,?,0.1404531287071396,0.2893,0.8128442168235779,✓,?,0.3468800804626401,122.00810241699219,0.10802095383405685,0.10802095383405685,8192.0,0.0925755724310875,0.0933327853679657,0.0972873330116272,0.27880290909090955,0.2893,0.2855,cnn-9_cifar10_learnt_gaussian_sig0.03_bounded-pmin1e-05_epoch30_bs250_lr0.001_mon0.95_dp0.2_objective-channel_gradient-chan0.001-bec-outage0.1-spec-kl0.01_perc-pri0.5_epoch-pri70_bs-pri250_lr-pri0.005_mom-pri0.99_dp-pri0.2_seed7,bec-outage0.1_chan-layer4_mcsamples500_norm-spec_seed7_bounds.json
cnn-9,cifar10,30.0,bec,outage 0.1,spec,channel_grad,0.001,0.01,0.01,0.09354591369628906,0.29005099999999995,0.0930018663406372,1.0353410389421247,✓,?,0.140036565619786,0.2892,0.8286590926845959,✓,?,0.3467185118773148,125.78422546386719,0.10736513137817383,0.10736513137817383,8192.0,0.09222537279129028,0.0930018663406372,0.09690529704093934,0.27864880808080855,0.2892,0.28480000000000005,cnn-9_cifar10_learnt_gaussian_sig0.03_bounded-pmin1e-05_epoch30_bs250_lr0.001_mon0.95_dp0.2_objective-channel_gradient-chan0.01-bec-outage0.1-spec-kl0.01_perc-pri0.5_epoch-pri70_bs-pri250_lr-pri0.005_mom-pri0.99_dp-pri0.2_seed7,bec-outage0.1_chan-layer4_mcsamples500_norm-spec_seed7_bounds.json
cnn-9,cifar10,30.0,bec,outage 0.1,spec,channel_grad,0.001,0.01,0.1,0.0906791090965271,0.28921339999999995,0.09016233682632446,1.2063045088791877,✓,?,0.13634467412328216,0.2892,0.9970633486283135,✓,?,0.34558583437415646,165.5004119873047,0.10184509307146072,0.10184509307146072,8192.0,0.0891241580247879,0.09016233682632446,0.09363973736763001,0.2775806868686873,0.2892,0.2842,cnn-9_cifar10_learnt_gaussian_sig0.03_bounded-pmin1e-05_epoch30_bs250_lr0.001_mon0.95_dp0.2_objective-channel_gradient-chan0.1-bec-outage0.1-spec-kl0.01_perc-pri0.5_epoch-pri70_bs-pri250_lr-pri0.005_mom-pri0.99_dp-pri0.2_seed7,bec-outage0.1_chan-layer4_mcsamples500_norm-spec_seed7_bounds.json
cnn-9,cifar10,30.0,bec,outage 0.1,spec,channel_grad,0.001,0.01,1.0,0.07903210073709488,0.2858204,0.07868078351020813,3.085661712976729,✓,?,0.12077184048969346,0.28659999999999997,2.8664663285343552,✓,?,0.3399672249320674,592.601806640625,0.07676540315151215,0.07676540315151215,8192.0,0.07618618756532669,0.07868078351020813,0.0801370084285736,0.2722730505050508,0.28659999999999997,0.28049999999999997,cnn-9_cifar10_learnt_gaussian_sig0.03_bounded-pmin1e-05_epoch30_bs250_lr0.001_mon0.95_dp0.2_objective-channel_gradient-chan1.0-bec-outage0.1-spec-kl0.01_perc-pri0.5_epoch-pri70_bs-pri250_lr-pri0.005_mom-pri0.99_dp-pri0.2_seed7,bec-outage0.1_chan-layer4_mcsamples500_norm-spec_seed7_bounds.json
cnn-9,cifar10,30.0,bec,outage 0.1,spec,channel_grad,0.001,0.1,0.01,0.114009790122509,0.2974860000000001,0.11325660943984986,0.5345823707476096,✓,?,0.1671403002258729,0.29779999999999995,0.34407456753132026,✓,?,0.35764810344216214,4.282108783721924,0.13905085623264313,0.13905085623264313,8192.0,0.11533213406801224,0.11325660943984986,0.11891220808029175,0.28901018181818233,0.29779999999999995,0.29290000000000005,cnn-9_cifar10_learnt_gaussian_sig0.03_bounded-pmin1e-05_epoch30_bs250_lr0.001_mon0.95_dp0.2_objective-channel_gradient-chan0.01-bec-outage0.1-spec-kl0.1_perc-pri0.5_epoch-pri70_bs-pri250_lr-pri0.005_mom-pri0.99_dp-pri0.2_seed7,bec-outage0.1_chan-layer4_mcsamples500_norm-spec_seed7_bounds.json
cnn-9,cifar10,30.0,bec,outage 0.1,spec,channel_grad,0.001,0.1,0.1,0.11291000992059708,0.2968527999999999,0.1121371030807495,0.5405484985759841,✓,?,0.16575344393289249,0.29710000000000003,0.3493735460045475,✓,?,0.35692839650432895,6.170642852783203,0.13729090988636017,0.13729090988636017,8192.0,0.1141371950507164,0.1121371030807495,0.1177213430404663,0.2883277575757581,0.29710000000000003,0.29159999999999997,cnn-9_cifar10_learnt_gaussian_sig0.03_bounded-pmin1e-05_epoch30_bs250_lr0.001_mon0.95_dp0.2_objective-channel_gradient-chan0.1-bec-outage0.1-spec-kl0.1_perc-pri0.5_epoch-pri70_bs-pri250_lr-pri0.005_mom-pri0.99_dp-pri0.2_seed7,bec-outage0.1_chan-layer4_mcsamples500_norm-spec_seed7_bounds.json
cnn-9,cifar10,30.0,bec,outage 0.1,spec,channel_grad,0.001,0.1,1.0,0.1044904813170433,0.2935301999999999,0.10369033813476562,0.6777175254649266,✓,?,0.1550514126887868,0.2924,0.4802012366775835,✓,?,0.3525677014761299,40.70340347290039,0.12438543140888214,0.12438543140888214,8192.0,0.10495560616254807,0.10369033813476562,0.10851531028747559,0.2841908686868691,0.2924,0.28859999999999997,cnn-9_cifar10_learnt_gaussian_sig0.03_bounded-pmin1e-05_epoch30_bs250_lr0.001_mon0.95_dp0.2_objective-channel_gradient-chan1.0-bec-outage0.1-spec-kl0.1_perc-pri0.5_epoch-pri70_bs-pri250_lr-pri0.005_mom-pri0.99_dp-pri0.2_seed7,bec-outage0.1_chan-layer4_mcsamples500_norm-spec_seed7_bounds.json
cnn-9,cifar10,30.0,bec,outage 0.1,spec,channel_grad,0.001,1.0,0.01,0.11859577894210815,0.3000672,0.11789873838424683,0.5265159392132339,✓,?,0.17304001458120602,0.2985,0.3387907995710904,✓,?,0.36076515422334954,0.1533171534538269,0.14633189141750336,0.14633189141750336,8192.0,0.12043430656194687,0.11789873838424683,0.1237834095954895,0.29197002020202073,0.2985,0.2962,cnn-9_cifar10_learnt_gaussian_sig0.03_bounded-pmin1e-05_epoch30_bs250_lr0.001_mon0.95_dp0.2_objective-channel_gradient-chan0.01-bec-outage0.1-spec-kl1.0_perc-pri0.5_epoch-pri70_bs-pri250_lr-pri0.005_mom-pri0.99_dp-pri0.2_seed7,bec-outage0.1_chan-layer4_mcsamples500_norm-spec_seed7_bounds.json
cnn-9,cifar10,30.0,bec,outage 0.1,spec,channel_grad,0.001,1.0,0.1,0.11839296668767929,0.2999728,0.11917271614074706,0.5266071830206376,✓,?,0.17288512405574433,0.3087,0.3387678659045674,✓,?,0.3607244411718145,0.21929901838302612,0.1461687684059143,0.1461687684059143,8192.0,0.12030168622732162,0.11917271614074706,0.12364408969879151,0.29193090909090963,0.3087,0.29579999999999995,cnn-9_cifar10_learnt_gaussian_sig0.03_bounded-pmin1e-05_epoch30_bs250_lr0.001_mon0.95_dp0.2_objective-channel_gradient-chan0.1-bec-outage0.1-spec-kl1.0_perc-pri0.5_epoch-pri70_bs-pri250_lr-pri0.005_mom-pri0.99_dp-pri0.2_seed7,bec-outage0.1_chan-layer4_mcsamples500_norm-spec_seed7_bounds.json
cnn-9,cifar10,30.0,bec,outage 0.1,spec,channel_grad,0.001,1.0,1.0,0.11703035980463028,0.29867639999999995,0.11631797552108765,0.5313062850051024,✓,?,0.17110174446615656,0.29790000000000005,0.34320451381587014,✓,?,0.35920351565538877,2.092186689376831,0.14401298761367798,0.14401298761367798,8192.0,0.11875531822443008,0.11631797552108765,0.12210981845855713,0.2904861414141418,0.29790000000000005,0.2933,cnn-9_cifar10_learnt_gaussian_sig0.03_bounded-pmin1e-05_epoch30_bs250_lr0.001_mon0.95_dp0.2_objective-channel_gradient-chan1.0-bec-outage0.1-spec-kl1.0_perc-pri0.5_epoch-pri70_bs-pri250_lr-pri0.005_mom-pri0.99_dp-pri0.2_seed7,bec-outage0.1_chan-layer4_mcsamples500_norm-spec_seed7_bounds.json
cnn-9,cifar10,50.0,bec,outage 0.1,spec,vanilla,0.001,1.0,0.0,0.07190541923046112,0.2669012000000001,0.0720065176486969,7.640780198534869,✓,-,0.1053844420140904,0.26680000000000004,7.440345765562522,✓,-,0.30581887498643767,1631.76806640625,0.018739445134997368,0.018739445134997368,8192.0,0.06365515291690826,0.0720065176486969,0.07216920256614685,0.24025276767676754,0.26680000000000004,0.2612,cnn-9_cifar10_learnt_gaussian_sig0.03_bounded-pmin1e-05_epoch50_bs250_lr0.001_mon0.95_dp0.2_objective-vanilla_perc-pri0.5_epoch-pri70_bs-pri250_lr-pri0.005_mom-pri0.99_dp-pri0.2_seed7,bec-outage0.1_chan-layer4_mcsamples500_norm-spec_seed7_bounds.json
cnn-9,cifar10,50.0,bec,outage 0.1,spec,channel_grad,0.0005,0.001,1.0,0.07031581550836563,0.2731624000000001,0.0706190288066864,11.140052795410156,✓,✓,0.10674563041324411,0.27490000000000003,10.928581237792969,✓,✗,0.31821755923098627,2403.240234375,0.05548448488116264,0.05548448488116264,8192.0,0.06475310027599335,0.0706190288066864,0.07018409967422486,0.25182965656565665,0.27490000000000003,0.271,cnn-9_cifar10_learnt_gaussian_sig0.03_bounded-pmin1e-05_epoch50_bs250_lr0.0005_mon0.95_dp0.2_objective-channel_gradient-chan1.0-bec-outage0.1-spec-kl0.001_perc-pri0.5_epoch-pri70_bs-pri250_lr-pri0.005_mom-pri0.99_dp-pri0.2_seed7,bec-outage0.1_chan-layer4_mcsamples500_norm-spec_seed7_bounds.json
cnn-9,cifar10,50.0,bec,outage 0.1,spec,channel_grad,0.0005,0.005,1.0,0.07479947060346603,0.2813772,0.07515568137168885,5.034511089324951,✓,✗,0.11420225493708124,0.2825,4.816132545471191,✓,✗,0.33258104768951,1032.3021240234375,0.06660198420286179,0.06660198420286179,8192.0,0.07080299407243729,0.07515568137168885,0.07567472457885742,0.2653097373737374,0.2825,0.278,cnn-9_cifar10_learnt_gaussian_sig0.03_bounded-pmin1e-05_epoch50_bs250_lr0.0005_mon0.95_dp0.2_objective-channel_gradient-chan1.0-bec-outage0.1-spec-kl0.005_perc-pri0.5_epoch-pri70_bs-pri250_lr-pri0.005_mom-pri0.99_dp-pri0.2_seed7,bec-outage0.1_chan-layer4_mcsamples500_norm-spec_seed7_bounds.json
cnn-9,cifar10,50.0,bec,outage 0.1,spec,channel_grad,0.0005,0.02,1.0,0.0853598341345787,0.28954839999999993,0.08537580370903015,1.7792481184005737,✓,✗,0.1297127113421625,0.28700000000000003,1.5631791353225708,✓,✗,0.3457816749309043,296.04302978515625,0.09078853577375412,0.09078853577375412,8192.0,0.0835859477519989,0.08537580370903015,0.0882180392742157,0.277766464646465,0.28700000000000003,0.2842,cnn-9_cifar10_learnt_gaussian_sig0.03_bounded-pmin1e-05_epoch50_bs250_lr0.0005_mon0.95_dp0.2_objective-channel_gradient-chan1.0-bec-outage0.1-spec-kl0.02_perc-pri0.5_epoch-pri70_bs-pri250_lr-pri0.005_mom-pri0.99_dp-pri0.2_seed7,bec-outage0.1_chan-layer4_mcsamples500_norm-spec_seed7_bounds.json
cnn-9,cifar10,50.0,bec,outage 0.1,spec,channel_grad,0.0005,0.03,1.0,0.0900542363524437,0.29082199999999997,0.09003182649612426,1.304020881652832,✓,✗,0.13610834636639285,0.2901,1.0921010971069336,✓,✗,0.3480282235706383,187.2875213623047,0.09968426823616028,0.09968426823616028,8192.0,0.08892622590065002,0.09003182649612426,0.09363583922386169,0.2798887272727276,0.2901,0.28500000000000003,cnn-9_cifar10_learnt_gaussian_sig0.03_bounded-pmin1e-05_epoch50_bs250_lr0.0005_mon0.95_dp0.2_objective-channel_gradient-chan1.0-bec-outage0.1-spec-kl0.03_perc-pri0.5_epoch-pri70_bs-pri250_lr-pri0.005_mom-pri0.99_dp-pri0.2_seed7,bec-outage0.1_chan-layer4_mcsamples500_norm-spec_seed7_bounds.json
cnn-9,cifar10,50.0,bec,outage 0.1,spec,channel_grad,0.0005,0.04,1.0,0.09367912262678146,0.29154120000000006,0.09356462955474854,1.060465931892395,✓,✗,0.14094367463651675,0.28969999999999996,0.8521509766578674,✓,✗,0.34925859339372284,131.12677001953125,0.10605736821889877,0.10605736821889877,8192.0,0.09298934042453766,0.09356462955474854,0.09780992269515991,0.28105381818181846,0.28969999999999996,0.2862,cnn-9_cifar10_learnt_gaussian_sig0.03_bounded-pmin1e-05_epoch50_bs250_lr0.0005_mon0.95_dp0.2_objective-channel_gradient-chan1.0-bec-outage0.1-spec-kl0.04_perc-pri0.5_epoch-pri70_bs-pri250_lr-pri0.005_mom-pri0.99_dp-pri0.2_seed7,bec-outage0.1_chan-layer4_mcsamples500_norm-spec_seed7_bounds.json
cnn-9,cifar10,50.0,bec,outage 0.1,spec,channel_grad,0.0005,0.05,1.0,0.0964382141828537,0.2921136,0.09626753926277161,0.9204993844032288,✓,✗,0.144585752702451,0.2923,0.7148873209953308,✓,✗,0.3501977801196679,98.4970703125,0.11107606440782547,0.11107606440782547,8192.0,0.09606289118528366,0.09626753926277161,0.10092650651931763,0.2819461818181822,0.2923,0.2871,cnn-9_cifar10_learnt_gaussian_sig0.03_bounded-pmin1e-05_epoch50_bs250_lr0.0005_mon0.95_dp0.2_objective-channel_gradient-chan1.0-bec-outage0.1-spec-kl0.05_perc-pri0.5_epoch-pri70_bs-pri250_lr-pri0.005_mom-pri0.99_dp-pri0.2_seed7,bec-outage0.1_chan-layer4_mcsamples500_norm-spec_seed7_bounds.json
cnn-9,cifar10,50.0,bec,outage 0.1,spec,channel_grad,0.0005,0.06,1.0,0.0986848995089531,0.2924959999999999,0.09849805235862732,0.8297969102859497,✓,✗,0.1475083855892511,0.2925,0.6264584064483643,✓,✗,0.3508468910766369,77.2203598022461,0.1148768961429596,0.1148768961429596,8192.0,0.09853718429803848,0.09849805235862732,0.10344222784042359,0.28256064646464696,0.2925,0.28759999999999997,cnn-9_cifar10_learnt_gaussian_sig0.03_bounded-pmin1e-05_epoch50_bs250_lr0.0005_mon0.95_dp0.2_objective-channel_gradient-chan1.0-bec-outage0.1-spec-kl0.06_perc-pri0.5_epoch-pri70_bs-pri250_lr-pri0.005_mom-pri0.99_dp-pri0.2_seed7,bec-outage0.1_chan-layer4_mcsamples500_norm-spec_seed7_bounds.json
cnn-9,cifar10,50.0,bec,outage 0.1,spec,channel_grad,0.0005,0.07,1.0,0.10056698322296143,0.29285479999999986,0.10036268234252929,0.7646728754043579,✓,✗,0.14996771247937246,0.2933,0.5631504058837891,✓,✗,0.3514902134609283,61.89934539794922,0.11762715876102448,0.11762715876102448,8192.0,0.1006244346499443,0.10036268234252929,0.10553827285766601,0.28316888888888925,0.2933,0.28759999999999997,cnn-9_cifar10_learnt_gaussian_sig0.03_bounded-pmin1e-05_epoch50_bs250_lr0.0005_mon0.95_dp0.2_objective-channel_gradient-chan1.0-bec-outage0.1-spec-kl0.07_perc-pri0.5_epoch-pri70_bs-pri250_lr-pri0.005_mom-pri0.99_dp-pri0.2_seed7,bec-outage0.1_chan-layer4_mcsamples500_norm-spec_seed7_bounds.json
cnn-9,cifar10,50.0,bec,outage 0.1,spec,channel_grad,0.0005,0.08,1.0,0.10206732898950577,0.293195,0.10186923742294311,0.7203286290168762,✓,✗,0.1519151463123612,0.29369999999999996,0.5202317237854004,✓,✗,0.3520120168528077,51.36365509033203,0.11987809091806412,0.11987809091806412,8192.0,0.10228091478347778,0.10186923742294311,0.10718960762023926,0.2836610909090913,0.29369999999999996,0.28859999999999997,cnn-9_cifar10_learnt_gaussian_sig0.03_bounded-pmin1e-05_epoch50_bs250_lr0.0005_mon0.95_dp0.2_objective-channel_gradient-chan1.0-bec-outage0.1-spec-kl0.08_perc-pri0.5_epoch-pri70_bs-pri250_lr-pri0.005_mom-pri0.99_dp-pri0.2_seed7,bec-outage0.1_chan-layer4_mcsamples500_norm-spec_seed7_bounds.json
cnn-9,cifar10,50.0,bec,outage 0.1,spec,channel_grad,0.0005,0.09,1.0,0.10331258922815323,0.2935754,0.10306798219680786,0.6872894167900085,✓,✗,0.15350455441843291,0.29369999999999996,0.4882809519767761,✓,✗,0.35251297789572233,43.38893127441406,0.12200193107128143,0.12200193107128143,8192.0,0.10363578051328659,0.10306798219680786,0.10856502056121826,0.2841364040404046,0.29369999999999996,0.28969999999999996,cnn-9_cifar10_learnt_gaussian_sig0.03_bounded-pmin1e-05_epoch50_bs250_lr0.0005_mon0.95_dp0.2_objective-channel_gradient-chan1.0-bec-outage0.1-spec-kl0.09_perc-pri0.5_epoch-pri70_bs-pri250_lr-pri0.005_mom-pri0.99_dp-pri0.2_seed7,bec-outage0.1_chan-layer4_mcsamples500_norm-spec_seed7_bounds.json
cnn-9,cifar10,50.0,bec,outage 0.1,spec,channel_grad,0.001,0.0001,0.0001,0.07241736352443695,0.26789959999999996,0.07271409630775452,7.17184591293335,✓,✗,0.10626337895965858,0.2681,6.970308780670166,✓,✗,0.3078008146451322,1515.6268310546875,0.06722288578748703,0.06722288578748703,8192.0,0.06436402350664139,0.07271409630775452,0.0739371657371521,0.2420991515151514,0.2681,0.2631,cnn-9_cifar10_learnt_gaussian_sig0.03_bounded-pmin1e-05_epoch50_bs250_lr0.001_mon0.95_dp0.2_objective-channel_gradient-chan0.0001-bec-outage0.1-spec-kl0.0001_perc-pri0.5_epoch-pri70_bs-pri250_lr-pri0.005_mom-pri0.99_dp-pri0.2_seed7,bec-outage0.1_chan-layer4_mcsamples500_norm-spec_seed7_bounds.json
cnn-9,cifar10,50.0,bec,outage 0.1,spec,channel_grad,0.001,0.0001,0.001,0.07239467650651932,0.26788419999999996,0.07269183397293091,7.1855788230896,✓,✗,0.10623485407505386,0.26849999999999996,6.984036445617676,✓,✗,0.307777345319922,1518.7384033203125,0.06706375628709793,0.06706375628709793,8192.0,0.06434163451194763,0.07269183397293091,0.0739059567451477,0.2420734545454544,0.26849999999999996,0.26370000000000005,cnn-9_cifar10_learnt_gaussian_sig0.03_bounded-pmin1e-05_epoch50_bs250_lr0.001_mon0.95_dp0.2_objective-channel_gradient-chan0.001-bec-outage0.1-spec-kl0.0001_perc-pri0.5_epoch-pri70_bs-pri250_lr-pri0.005_mom-pri0.99_dp-pri0.2_seed7,bec-outage0.1_chan-layer4_mcsamples500_norm-spec_seed7_bounds.json
cnn-9,cifar10,50.0,bec,outage 0.1,spec,channel_grad,0.001,0.0001,0.01,0.07219027727842331,0.2676996,0.07249661684036254,7.302061557769775,✓,✗,0.10600626809757076,0.26859999999999995,7.100508213043213,✓,✗,0.30755968361344527,1544.94189453125,0.06657823175191879,0.06657823175191879,8192.0,0.06415652483701706,0.07249661684036254,0.07364490032196044,0.24187313131313107,0.26859999999999995,0.26370000000000005,cnn-9_cifar10_learnt_gaussian_sig0.03_bounded-pmin1e-05_epoch50_bs250_lr0.001_mon0.95_dp0.2_objective-channel_gradient-chan0.01-bec-outage0.1-spec-kl0.0001_perc-pri0.5_epoch-pri70_bs-pri250_lr-pri0.005_mom-pri0.99_dp-pri0.2_seed7,bec-outage0.1_chan-layer4_mcsamples500_norm-spec_seed7_bounds.json
cnn-9,cifar10,50.0,bec,outage 0.1,spec,channel_grad,0.001,0.001,0.0001,0.07608788460493088,0.27437520000000004,0.07623559832572938,4.357585430145264,✓,✗,0.11288106751427394,0.2721,4.150463581085205,✓,✗,0.3200028872896754,881.8870849609375,0.07493012398481369,0.07493012398481369,8192.0,0.06972604990005493,0.07623559832572938,0.07815886735916137,0.25350133333333325,0.2721,0.27,cnn-9_cifar10_learnt_gaussian_sig0.03_bounded-pmin1e-05_epoch50_bs250_lr0.001_mon0.95_dp0.2_objective-channel_gradient-chan0.0001-bec-outage0.1-spec-kl0.001_perc-pri0.5_epoch-pri70_bs-pri250_lr-pri0.005_mom-pri0.99_dp-pri0.2_seed7,bec-outage0.1_chan-layer4_mcsamples500_norm-spec_seed7_bounds.json
cnn-9,cifar10,50.0,bec,outage 0.1,spec,channel_grad,0.001,0.001,0.001,0.07606487721204758,0.27436259999999996,0.07622072696685792,4.364335060119629,✓,✗,0.11285298899825756,0.2723,4.157198429107666,✓,✗,0.3199894903928509,883.4307861328125,0.07478974759578705,0.07478974759578705,8192.0,0.06970404833555222,0.07622072696685792,0.07813052535057068,0.2534866262626263,0.2723,0.26959999999999995,cnn-9_cifar10_learnt_gaussian_sig0.03_bounded-pmin1e-05_epoch50_bs250_lr0.001_mon0.95_dp0.2_objective-channel_gradient-chan0.001-bec-outage0.1-spec-kl0.001_perc-pri0.5_epoch-pri70_bs-pri250_lr-pri0.005_mom-pri0.99_dp-pri0.2_seed7,bec-outage0.1_chan-layer4_mcsamples500_norm-spec_seed7_bounds.json
cnn-9,cifar10,50.0,bec,outage 0.1,spec,channel_grad,0.001,0.001,0.01,0.07583735883235931,0.2742222,0.07601407170295715,4.43775749206543,✓,✗,0.11257799544421335,0.27270000000000005,4.230565547943115,✓,✗,0.31977025458445407,900.0357666015625,0.0741715356707573,0.0741715356707573,8192.0,0.06947895884513855,0.07601407170295715,0.07784295678138733,0.25328347474747487,0.27270000000000005,0.26949999999999996,cnn-9_cifar10_learnt_gaussian_sig0.03_bounded-pmin1e-05_epoch50_bs250_lr0.001_mon0.95_dp0.2_objective-channel_gradient-chan0.01-bec-outage0.1-spec-kl0.001_perc-pri0.5_epoch-pri70_bs-pri250_lr-pri0.005_mom-pri0.99_dp-pri0.2_seed7,bec-outage0.1_chan-layer4_mcsamples500_norm-spec_seed7_bounds.json
cnn-9,cifar10,50.0,bec,outage 0.1,spec,channel_grad,0.001,0.001,1.0,0.06890830397605896,0.2681096000000001,0.06919260621070862,15.786428451538086,✓,✓,0.10368749900318756,0.27059999999999995,15.581314086914062,✓,✗,0.30880243431933263,3444.7216796875,0.053628623485565186,0.053628623485565186,8192.0,0.06229088827967644,0.06919260621070862,0.06885204315185547,0.2430314343434342,0.27059999999999995,0.2661,cnn-9_cifar10_learnt_gaussian_sig0.03_bounded-pmin1e-05_epoch50_bs250_lr0.001_mon0.95_dp0.2_objective-channel_gradient-chan1.0-bec-outage0.1-spec-kl0.001_perc-pri0.5_epoch-pri70_bs-pri250_lr-pri0.005_mom-pri0.99_dp-pri0.2_seed7,bec-outage0.1_chan-layer4_mcsamples500_norm-spec_seed7_bounds.json
cnn-9,cifar10,50.0,bec,outage 0.1,spec,channel_grad,0.001,0.005,1.0,0.07476102560758591,0.2813448,0.07513054609298705,5.244536399841309,✓,✗,0.11400186009840739,0.28080000000000005,5.0263495445251465,✓,✗,0.33218890084941255,1079.4168701171875,0.06631512939929962,0.06631512939929962,8192.0,0.07063926756381989,0.07513054609298705,0.07571504712104797,0.2649397979797981,0.28080000000000005,0.2792,cnn-9_cifar10_learnt_gaussian_sig0.03_bounded-pmin1e-05_epoch50_bs250_lr0.001_mon0.95_dp0.2_objective-channel_gradient-chan1.0-bec-outage0.1-spec-kl0.005_perc-pri0.5_epoch-pri70_bs-pri250_lr-pri0.005_mom-pri0.99_dp-pri0.2_seed7,bec-outage0.1_chan-layer4_mcsamples500_norm-spec_seed7_bounds.json
cnn-9,cifar10,50.0,bec,outage 0.1,spec,channel_grad,0.001,0.01,0.0001,0.09398180991411209,0.2904454000000001,0.09382151365280152,1.0118982791900635,✓,✗,0.14048320553023336,0.2902,0.8052042126655579,✓,✗,0.34717735853726467,120.48357391357422,0.10716885328292847,0.10716885328292847,8192.0,0.09260184317827225,0.09382151365280152,0.09843106269836426,0.2790825858585864,0.2902,0.28500000000000003,cnn-9_cifar10_learnt_gaussian_sig0.03_bounded-pmin1e-05_epoch50_bs250_lr0.001_mon0.95_dp0.2_objective-channel_gradient-chan0.0001-bec-outage0.1-spec-kl0.01_perc-pri0.5_epoch-pri70_bs-pri250_lr-pri0.005_mom-pri0.99_dp-pri0.2_seed7,bec-outage0.1_chan-layer4_mcsamples500_norm-spec_seed7_bounds.json
cnn-9,cifar10,50.0,bec,outage 0.1,spec,channel_grad,0.001,0.01,0.001,0.09394820779561996,0.29045299999999996,0.09378814697265625,1.0137333869934082,✓,✗,0.14043593326022474,0.2903,0.8070145845413208,✓,✗,0.3471548083864038,120.89155578613281,0.10720190405845642,0.10720190405845642,8192.0,0.09256107360124588,0.09378814697265625,0.09838948249816895,0.279063757575758,0.2903,0.2851,cnn-9_cifar10_learnt_gaussian_sig0.03_bounded-pmin1e-05_epoch50_bs250_lr0.001_mon0.95_dp0.2_objective-channel_gradient-chan0.001-bec-outage0.1-spec-kl0.01_perc-pri0.5_epoch-pri70_bs-pri250_lr-pri0.005_mom-pri0.99_dp-pri0.2_seed7,bec-outage0.1_chan-layer4_mcsamples500_norm-spec_seed7_bounds.json
cnn-9,cifar10,50.0,bec,outage 0.1,spec,channel_grad,0.001,0.01,0.01,0.09363050758838654,0.29034379999999993,0.09348063468933106,1.0296226765415795,✓,✗,0.14002779716827107,0.2903,0.8226281529965008,✓,✗,0.3470223207133497,124.58566284179688,0.10670309513807297,0.10670309513807297,8192.0,0.09221794456243515,0.09348063468933106,0.09801854491233826,0.2789356767676771,0.2903,0.2852,cnn-9_cifar10_learnt_gaussian_sig0.03_bounded-pmin1e-05_epoch50_bs250_lr0.001_mon0.95_dp0.2_objective-channel_gradient-chan0.01-bec-outage0.1-spec-kl0.01_perc-pri0.5_epoch-pri70_bs-pri250_lr-pri0.005_mom-pri0.99_dp-pri0.2_seed7,bec-outage0.1_chan-layer4_mcsamples500_norm-spec_seed7_bounds.json
cnn-9,cifar10,50.0,bec,outage 0.1,spec,channel_grad,0.001,0.01,0.1,0.09080373495817184,0.28954579999999996,0.09073745012283325,1.1995264614320387,✓,✗,0.13635336277437476,0.2874,0.9900659219870616,✓,✗,0.34581390221935193,163.93032836914062,0.10186060518026352,0.10186060518026352,8192.0,0.08913148939609528,0.09073745012283325,0.09471930861473084,0.27779595959596,0.2874,0.28400000000000003,cnn-9_cifar10_learnt_gaussian_sig0.03_bounded-pmin1e-05_epoch50_bs250_lr0.001_mon0.95_dp0.2_objective-channel_gradient-chan0.1-bec-outage0.1-spec-kl0.01_perc-pri0.5_epoch-pri70_bs-pri250_lr-pri0.005_mom-pri0.99_dp-pri0.2_seed7,bec-outage0.1_chan-layer4_mcsamples500_norm-spec_seed7_bounds.json
cnn-9,cifar10,50.0,bec,outage 0.1,spec,channel_grad,0.001,0.01,1.0,0.07915748655796051,0.2863106,0.07944276928901672,3.0752617829274613,✓,✗,0.12082297271051064,0.2863,2.855728049639449,✓,✗,0.34035670599852264,590.2322387695312,0.07657302170991898,0.07657302170991898,8192.0,0.0762288048863411,0.07944276928901672,0.08086023926734924,0.2726412929292932,0.2863,0.2812,cnn-9_cifar10_learnt_gaussian_sig0.03_bounded-pmin1e-05_epoch50_bs250_lr0.001_mon0.95_dp0.2_objective-channel_gradient-chan1.0-bec-outage0.1-spec-kl0.01_perc-pri0.5_epoch-pri70_bs-pri250_lr-pri0.005_mom-pri0.99_dp-pri0.2_seed7,bec-outage0.1_chan-layer4_mcsamples500_norm-spec_seed7_bounds.json
cnn-9,cifar10,50.0,bec,outage 0.1,spec,channel_grad,0.001,0.02,1.0,0.08540816605091095,0.28990440000000006,0.08537777066230774,1.8125979900360107,✓,✗,0.12974657579983892,0.28669999999999995,1.5963016748428345,✓,✗,0.3460429018750228,303.43426513671875,0.09082262963056564,0.09082262963056564,8192.0,0.08361424505710602,0.08537777066230774,0.08822686672210693,0.27801228282828333,0.28669999999999995,0.28459999999999996,cnn-9_cifar10_learnt_gaussian_sig0.03_bounded-pmin1e-05_epoch50_bs250_lr0.001_mon0.95_dp0.2_objective-channel_gradient-chan1.0-bec-outage0.1-spec-kl0.02_perc-pri0.5_epoch-pri70_bs-pri250_lr-pri0.005_mom-pri0.99_dp-pri0.2_seed7,bec-outage0.1_chan-layer4_mcsamples500_norm-spec_seed7_bounds.json
cnn-9,cifar10,50.0,bec,outage 0.1,spec,channel_grad,0.001,0.03,1.0,0.09002713859081268,0.29093660000000005,0.0900124728679657,1.34013831615448,✓,✗,0.1360687067763443,0.2901,1.1281405687332153,✓,✗,0.34806642060229454,195.31927490234375,0.0998443141579628,0.0998443141579628,8192.0,0.0888935849070549,0.0900124728679657,0.09355171918869018,0.27992484848484894,0.2901,0.28480000000000005,cnn-9_cifar10_learnt_gaussian_sig0.03_bounded-pmin1e-05_epoch50_bs250_lr0.001_mon0.95_dp0.2_objective-channel_gradient-chan1.0-bec-outage0.1-spec-kl0.03_perc-pri0.5_epoch-pri70_bs-pri250_lr-pri0.005_mom-pri0.99_dp-pri0.2_seed7,bec-outage0.1_chan-layer4_mcsamples500_norm-spec_seed7_bounds.json
cnn-9,cifar10,50.0,bec,outage 0.1,spec,channel_grad,0.001,0.04,1.0,0.09375327080488205,0.29175840000000003,0.09370504021644592,1.0905829668045044,✓,✗,0.1410220547236397,0.29079999999999995,0.8822383880615234,✓,✗,0.3493666933788627,137.79104614257812,0.10626282542943954,0.10626282542943954,8192.0,0.09305565804243088,0.09370504021644592,0.09784972667694092,0.2811550707070712,0.29079999999999995,0.2871,cnn-9_cifar10_learnt_gaussian_sig0.03_bounded-pmin1e-05_epoch50_bs250_lr0.001_mon0.95_dp0.2_objective-channel_gradient-chan1.0-bec-outage0.1-spec-kl0.04_perc-pri0.5_epoch-pri70_bs-pri250_lr-pri0.005_mom-pri0.99_dp-pri0.2_seed7,bec-outage0.1_chan-layer4_mcsamples500_norm-spec_seed7_bounds.json
cnn-9,cifar10,50.0,bec,outage 0.1,spec,channel_grad,0.001,0.05,1.0,0.09647303074598312,0.292279,0.09632195830345154,0.9443885087966919,✓,✗,0.14462697513730938,0.29179999999999995,0.7386424541473389,✓,✗,0.3503730286788644,103.82698059082031,0.11095385998487473,0.11095385998487473,8192.0,0.09609734266996384,0.09632195830345154,0.10097308158874511,0.28210957575757606,0.29179999999999995,0.28759999999999997,cnn-9_cifar10_learnt_gaussian_sig0.03_bounded-pmin1e-05_epoch50_bs250_lr0.001_mon0.95_dp0.2_objective-channel_gradient-chan1.0-bec-outage0.1-spec-kl0.05_perc-pri0.5_epoch-pri70_bs-pri250_lr-pri0.005_mom-pri0.99_dp-pri0.2_seed7,bec-outage0.1_chan-layer4_mcsamples500_norm-spec_seed7_bounds.json
cnn-9,cifar10,50.0,bec,outage 0.1,spec,channel_grad,0.001,0.06,1.0,0.0987291932106018,0.2926394000000001,0.0985085427761078,0.8512983322143555,✓,✗,0.1475775624572737,0.29200000000000004,0.6478859186172485,✓,✗,0.35099000903169697,82.04400634765625,0.11466309428215027,0.11466309428215027,8192.0,0.09859579056501389,0.0985085427761078,0.10349427461624146,0.2826946262626265,0.29200000000000004,0.28800000000000003,cnn-9_cifar10_learnt_gaussian_sig0.03_bounded-pmin1e-05_epoch50_bs250_lr0.001_mon0.95_dp0.2_objective-channel_gradient-chan1.0-bec-outage0.1-spec-kl0.06_perc-pri0.5_epoch-pri70_bs-pri250_lr-pri0.005_mom-pri0.99_dp-pri0.2_seed7,bec-outage0.1_chan-layer4_mcsamples500_norm-spec_seed7_bounds.json
cnn-9,cifar10,50.0,bec,outage 0.1,spec,channel_grad,0.001,0.07,1.0,0.1006096825003624,0.2929573999999999,0.1003923773765564,0.7850314378738403,✓,✗,0.1500301391036677,0.2935,0.5834352374076843,✓,✗,0.3516263506177105,66.37540435791016,0.11783198267221451,0.11783198267221451,8192.0,0.10067778080701828,0.1003923773765564,0.10565156936645508,0.2832951919191925,0.2935,0.28859999999999997,cnn-9_cifar10_learnt_gaussian_sig0.03_bounded-pmin1e-05_epoch50_bs250_lr0.001_mon0.95_dp0.2_objective-channel_gradient-chan1.0-bec-outage0.1-spec-kl0.07_perc-pri0.5_epoch-pri70_bs-pri250_lr-pri0.005_mom-pri0.99_dp-pri0.2_seed7,bec-outage0.1_chan-layer4_mcsamples500_norm-spec_seed7_bounds.json
cnn-9,cifar10,50.0,bec,outage 0.1,spec,channel_grad,0.001,0.08,1.0,0.10209108889102936,0.29328139999999997,0.1018858790397644,0.7394888997077942,✓,✗,0.15195406316600052,0.2934,0.5392947793006897,✓,✗,0.3521482165077412,55.54804992675781,0.12018903344869614,0.12018903344869614,8192.0,0.10231485962867737,0.1018858790397644,0.10727514028549194,0.28379353535353585,0.2934,0.28790000000000004,cnn-9_cifar10_learnt_gaussian_sig0.03_bounded-pmin1e-05_epoch50_bs250_lr0.001_mon0.95_dp0.2_objective-channel_gradient-chan1.0-bec-outage0.1-spec-kl0.08_perc-pri0.5_epoch-pri70_bs-pri250_lr-pri0.005_mom-pri0.99_dp-pri0.2_seed7,bec-outage0.1_chan-layer4_mcsamples500_norm-spec_seed7_bounds.json
cnn-9,cifar10,50.0,bec,outage 0.1,spec,channel_grad,0.001,0.09,1.0,0.10334189236164093,0.29370559999999996,0.10312172174453735,0.7046893835067749,✓,✗,0.15357301381680916,0.29369999999999996,0.5054965615272522,✓,✗,0.352765809176975,47.19236755371094,0.12213962525129318,0.12213962525129318,8192.0,0.10369379073381424,0.10312172174453735,0.10867294073104858,0.2843797171717176,0.29369999999999996,0.28890000000000005,cnn-9_cifar10_learnt_gaussian_sig0.03_bounded-pmin1e-05_epoch50_bs250_lr0.001_mon0.95_dp0.2_objective-channel_gradient-chan1.0-bec-outage0.1-spec-kl0.09_perc-pri0.5_epoch-pri70_bs-pri250_lr-pri0.005_mom-pri0.99_dp-pri0.2_seed7,bec-outage0.1_chan-layer4_mcsamples500_norm-spec_seed7_bounds.json
cnn-9,cifar10,50.0,bec,outage 0.1,spec,channel_grad,0.001,0.1,0.01,0.11397504061460495,0.297556,0.11381840705871582,0.5335716501239359,✓,✗,0.16704202034097265,0.2993,0.34286913411703135,✓,✗,0.3577445363478772,4.296017169952393,0.13788150250911713,0.13788150250911713,8192.0,0.1152474582195282,0.11381840705871582,0.12033580541610718,0.2890989090909095,0.2993,0.2965,cnn-9_cifar10_learnt_gaussian_sig0.03_bounded-pmin1e-05_epoch50_bs250_lr0.001_mon0.95_dp0.2_objective-channel_gradient-chan0.01-bec-outage0.1-spec-kl0.1_perc-pri0.5_epoch-pri70_bs-pri250_lr-pri0.005_mom-pri0.99_dp-pri0.2_seed7,bec-outage0.1_chan-layer4_mcsamples500_norm-spec_seed7_bounds.json
cnn-9,cifar10,50.0,bec,outage 0.1,spec,channel_grad,0.001,0.1,0.1,0.11286524683237076,0.2969568000000001,0.11268603801727295,0.5397709722526256,✓,✗,0.16564223260679467,0.29779999999999995,0.348344876558799,✓,✗,0.35706832830062135,6.182572841644287,0.136320099234581,0.136320099234581,8192.0,0.11404063552618027,0.11268603801727295,0.11911604404449463,0.28845858585858636,0.29779999999999995,0.29600000000000004,cnn-9_cifar10_learnt_gaussian_sig0.03_bounded-pmin1e-05_epoch50_bs250_lr0.001_mon0.95_dp0.2_objective-channel_gradient-chan0.1-bec-outage0.1-spec-kl0.1_perc-pri0.5_epoch-pri70_bs-pri250_lr-pri0.005_mom-pri0.99_dp-pri0.2_seed7,bec-outage0.1_chan-layer4_mcsamples500_norm-spec_seed7_bounds.json
cnn-9,cifar10,50.0,bec,outage 0.1,spec,channel_grad,0.001,0.1,1.0,0.10448234528303146,0.2940874,0.10426697731018067,0.6767175177115354,✓,✗,0.15505921794350475,0.29469999999999996,0.47846623579407593,✓,✗,0.3533104998609642,40.521400451660156,0.12345656752586365,0.12345656752586365,8192.0,0.1049620658159256,0.10426697731018067,0.1099431037902832,0.28489147474747517,0.29469999999999996,0.28979999999999995,cnn-9_cifar10_learnt_gaussian_sig0.03_bounded-pmin1e-05_epoch50_bs250_lr0.001_mon0.95_dp0.2_objective-channel_gradient-chan1.0-bec-outage0.1-spec-kl0.1_perc-pri0.5_epoch-pri70_bs-pri250_lr-pri0.005_mom-pri0.99_dp-pri0.2_seed7,bec-outage0.1_chan-layer4_mcsamples500_norm-spec_seed7_bounds.json
cnn-9,cifar10,50.0,bec,outage 0.1,spec,channel_grad,0.001,1.0,0.01,0.11859500408172607,0.3000874,0.11854573488235473,0.5250524075471903,✓,✗,0.172972479195966,0.3014,0.3371031603226182,✓,✗,0.360921726420538,0.15986010432243347,0.14468252658843994,0.14468252658843994,8192.0,0.12037675082683563,0.11854573488235473,0.12530651092529296,0.2921195151515156,0.3014,0.29790000000000005,cnn-9_cifar10_learnt_gaussian_sig0.03_bounded-pmin1e-05_epoch50_bs250_lr0.001_mon0.95_dp0.2_objective-channel_gradient-chan0.01-bec-outage0.1-spec-kl1.0_perc-pri0.5_epoch-pri70_bs-pri250_lr-pri0.005_mom-pri0.99_dp-pri0.2_seed7,bec-outage0.1_chan-layer4_mcsamples500_norm-spec_seed7_bounds.json
cnn-9,cifar10,50.0,bec,outage 0.1,spec,channel_grad,0.001,1.0,0.1,0.11843764036893845,0.2999704000000001,0.11838338375091553,0.524823087396372,✓,✗,0.17277494198425156,0.3014,0.33682178577961064,✓,✗,0.3607762436010129,0.22230437397956848,0.14431942999362946,0.14431942999362946,8192.0,0.12020591646432877,0.11838338375091553,0.12514228820800782,0.29198230303030354,0.3014,0.29800000000000004,cnn-9_cifar10_learnt_gaussian_sig0.03_bounded-pmin1e-05_epoch50_bs250_lr0.001_mon0.95_dp0.2_objective-channel_gradient-chan0.1-bec-outage0.1-spec-kl1.0_perc-pri0.5_epoch-pri70_bs-pri250_lr-pri0.005_mom-pri0.99_dp-pri0.2_seed7,bec-outage0.1_chan-layer4_mcsamples500_norm-spec_seed7_bounds.json
cnn-9,cifar10,50.0,bec,outage 0.1,spec,channel_grad,0.001,1.0,1.0,0.11692913621664047,0.2988554,0.11680721044540406,0.5281785717510561,✓,✗,0.17088492694890547,0.29979999999999996,0.33955512898641893,✓,✗,0.35950836971354255,1.7675708532333374,0.14203214645385742,0.14203214645385742,8192.0,0.11856770515441895,0.11680721044540406,0.12353615760803223,0.29077575757575813,0.29979999999999996,0.29769999999999996,cnn-9_cifar10_learnt_gaussian_sig0.03_bounded-pmin1e-05_epoch50_bs250_lr0.001_mon0.95_dp0.2_objective-channel_gradient-chan1.0-bec-outage0.1-spec-kl1.0_perc-pri0.5_epoch-pri70_bs-pri250_lr-pri0.005_mom-pri0.99_dp-pri0.2_seed7,bec-outage0.1_chan-layer4_mcsamples500_norm-spec_seed7_bounds.json
cnn-9,cifar10,10.0,bec,outage 0.2,spec,vanilla,0.001,1.0,0.0,0.07594668120145798,0.28475400000000006,0.07659792304039001,3.6886483833840726,✓,-,0.1149377342538159,0.2883,3.475140738002126,✓,-,0.3284453796357626,747.1753540039062,0.0,0.0,8192.0,0.07140357792377472,0.07659792304039001,0.07695496678352357,0.26142092929292954,0.2883,0.27590000000000003,cnn-9_cifar10_learnt_gaussian_sig0.03_bounded-pmin1e-05_epoch10_bs250_lr0.001_mon0.95_dp0.2_objective-vanilla_perc-pri0.5_epoch-pri70_bs-pri250_lr-pri0.005_mom-pri0.99_dp-pri0.2_seed7,bec-outage0.2_chan-layer4_mcsamples500_norm-spec_seed7_bounds.json
cnn-9,cifar10,10.0,bec,outage 0.2,spec,channel_grad,0.001,0.001,1.0,0.07416408509016037,0.2879207999999999,0.0735784649848938,6.815586566925049,✓,✓,0.11165371912146531,0.2862,6.595813274383545,✓,✗,0.3314270534792416,1432.2227783203125,0.060331348329782486,0.060331348329782486,8192.0,0.06872770935297012,0.0735784649848938,0.0735137939453125,0.2642248080808083,0.2862,0.2791,cnn-9_cifar10_learnt_gaussian_sig0.03_bounded-pmin1e-05_epoch10_bs250_lr0.001_mon0.95_dp0.2_objective-channel_gradient-chan1.0-bec-outage0.2-spec-kl0.001_perc-pri0.5_epoch-pri70_bs-pri250_lr-pri0.005_mom-pri0.99_dp-pri0.2_seed7,bec-outage0.2_chan-layer4_mcsamples500_norm-spec_seed7_bounds.json
cnn-9,cifar10,10.0,bec,outage 0.2,spec,channel_grad,0.001,0.005,1.0,0.07603491842746735,0.29015680000000005,0.07535879611968994,4.393520355224609,✓,✗,0.11595108977273434,0.2905,4.172957420349121,✓,✗,0.3365136460059719,887.6563110351562,0.0685536116361618,0.0685536116361618,8192.0,0.0722309872508049,0.07535879611968994,0.07696881294250488,0.26901252525252556,0.2905,0.2833,cnn-9_cifar10_learnt_gaussian_sig0.03_bounded-pmin1e-05_epoch10_bs250_lr0.001_mon0.95_dp0.2_objective-channel_gradient-chan1.0-bec-outage0.2-spec-kl0.005_perc-pri0.5_epoch-pri70_bs-pri250_lr-pri0.005_mom-pri0.99_dp-pri0.2_seed7,bec-outage0.2_chan-layer4_mcsamples500_norm-spec_seed7_bounds.json
cnn-9,cifar10,10.0,bec,outage 0.2,spec,channel_grad,0.001,0.01,1.0,0.07878096401691437,0.2924715999999999,0.07823818325996398,2.9641165733337402,✓,✗,0.12129200002444694,0.2915,2.7443435192108154,✓,✗,0.34106488916624533,565.047119140625,0.07735051214694977,0.07735051214694977,8192.0,0.07661429047584534,0.07823818325996398,0.08138279318809509,0.2733060202020206,0.2915,0.28890000000000005,cnn-9_cifar10_learnt_gaussian_sig0.03_bounded-pmin1e-05_epoch10_bs250_lr0.001_mon0.95_dp0.2_objective-channel_gradient-chan1.0-bec-outage0.2-spec-kl0.01_perc-pri0.5_epoch-pri70_bs-pri250_lr-pri0.005_mom-pri0.99_dp-pri0.2_seed7,bec-outage0.2_chan-layer4_mcsamples500_norm-spec_seed7_bounds.json
cnn-9,cifar10,10.0,bec,outage 0.2,spec,channel_grad,0.001,0.02,1.0,0.0836428627371788,0.2948224000000001,0.08322422504425049,1.7985132932662964,✓,✗,0.12985345902352322,0.29400000000000004,1.582375168800354,✓,✗,0.34599157384681667,300.3410949707031,0.09062229841947556,0.09062229841947556,8192.0,0.08370286971330643,0.08322422504425049,0.08864018917083741,0.27796169696969736,0.29400000000000004,0.29090000000000005,cnn-9_cifar10_learnt_gaussian_sig0.03_bounded-pmin1e-05_epoch10_bs250_lr0.001_mon0.95_dp0.2_objective-channel_gradient-chan1.0-bec-outage0.2-spec-kl0.02_perc-pri0.5_epoch-pri70_bs-pri250_lr-pri0.005_mom-pri0.99_dp-pri0.2_seed7,bec-outage0.2_chan-layer4_mcsamples500_norm-spec_seed7_bounds.json
cnn-9,cifar10,10.0,bec,outage 0.2,spec,channel_grad,0.001,0.03,1.0,0.087412528693676,0.295604,0.08708929419517517,1.338564395904541,✓,✗,0.13612407203749732,0.29500000000000004,1.1266142129898071,✓,✗,0.3480741756805428,195.03329467773438,0.09954153001308441,0.09954153001308441,8192.0,0.08893914520740509,0.08708929419517517,0.09407119154930114,0.27993341414141454,0.29500000000000004,0.2915,cnn-9_cifar10_learnt_gaussian_sig0.03_bounded-pmin1e-05_epoch10_bs250_lr0.001_mon0.95_dp0.2_objective-channel_gradient-chan1.0-bec-outage0.2-spec-kl0.03_perc-pri0.5_epoch-pri70_bs-pri250_lr-pri0.005_mom-pri0.99_dp-pri0.2_seed7,bec-outage0.2_chan-layer4_mcsamples500_norm-spec_seed7_bounds.json
cnn-9,cifar10,10.0,bec,outage 0.2,spec,channel_grad,0.001,0.04,1.0,0.09034078568220139,0.29621119999999995,0.09009438157081603,1.0966780185699463,✓,✗,0.14072893240159762,0.2966,0.8880695700645447,✓,✗,0.34933743827687924,139.23614501953125,0.10592441260814667,0.10592441260814667,8192.0,0.09280828386545181,0.09009438157081603,0.09818637371063232,0.28112880808080853,0.2966,0.29179999999999995,cnn-9_cifar10_learnt_gaussian_sig0.03_bounded-pmin1e-05_epoch10_bs250_lr0.001_mon0.95_dp0.2_objective-channel_gradient-chan1.0-bec-outage0.2-spec-kl0.04_perc-pri0.5_epoch-pri70_bs-pri250_lr-pri0.005_mom-pri0.99_dp-pri0.2_seed7,bec-outage0.2_chan-layer4_mcsamples500_norm-spec_seed7_bounds.json
cnn-9,cifar10,10.0,bec,outage 0.2,spec,channel_grad,0.001,0.05,1.0,0.09266462177038193,0.2971122,0.09248868227005005,0.9495758414268494,✓,✗,0.1442543643247415,0.2976,0.7431545853614807,✓,✗,0.35067561405501996,104.95327758789062,0.11080162972211838,0.11080162972211838,8192.0,0.09578195959329605,0.09248868227005005,0.10132507085800171,0.28239555555555607,0.2976,0.29179999999999995,cnn-9_cifar10_learnt_gaussian_sig0.03_bounded-pmin1e-05_epoch10_bs250_lr0.001_mon0.95_dp0.2_objective-channel_gradient-chan1.0-bec-outage0.2-spec-kl0.05_perc-pri0.5_epoch-pri70_bs-pri250_lr-pri0.005_mom-pri0.99_dp-pri0.2_seed7,bec-outage0.2_chan-layer4_mcsamples500_norm-spec_seed7_bounds.json
cnn-9,cifar10,10.0,bec,outage 0.2,spec,channel_grad,0.001,0.06,1.0,0.09455373883247375,0.2976602,0.09436221122741699,0.854840874671936,✓,✗,0.14713760562573422,0.29679999999999995,0.6503767967224121,✓,✗,0.351601729242213,82.66937255859375,0.11479724943637848,0.11479724943637848,8192.0,0.09822331368923187,0.09436221122741699,0.10385980606079101,0.2832740202020205,0.29679999999999995,0.2924,cnn-9_cifar10_learnt_gaussian_sig0.03_bounded-pmin1e-05_epoch10_bs250_lr0.001_mon0.95_dp0.2_objective-channel_gradient-chan1.0-bec-outage0.2-spec-kl0.06_perc-pri0.5_epoch-pri70_bs-pri250_lr-pri0.005_mom-pri0.99_dp-pri0.2_seed7,bec-outage0.2_chan-layer4_mcsamples500_norm-spec_seed7_bounds.json
cnn-9,cifar10,10.0,bec,outage 0.2,spec,channel_grad,0.001,0.07,1.0,0.09616497904062271,0.298234,0.095976060628891,0.7889134883880615,✓,✗,0.14953235049945734,0.29790000000000005,0.5860263109207153,✓,✗,0.35241948159944875,67.05610656738281,0.11787670850753784,0.11787670850753784,8192.0,0.100254587829113,0.095976060628891,0.1059954285621643,0.28405115151515187,0.29790000000000005,0.29400000000000004,cnn-9_cifar10_learnt_gaussian_sig0.03_bounded-pmin1e-05_epoch10_bs250_lr0.001_mon0.95_dp0.2_objective-channel_gradient-chan1.0-bec-outage0.2-spec-kl0.07_perc-pri0.5_epoch-pri70_bs-pri250_lr-pri0.005_mom-pri0.99_dp-pri0.2_seed7,bec-outage0.2_chan-layer4_mcsamples500_norm-spec_seed7_bounds.json
cnn-9,cifar10,10.0,bec,outage 0.2,spec,channel_grad,0.001,0.08,1.0,0.09756047278642654,0.29844479999999995,0.09737401008605957,0.739793062210083,✓,✗,0.1516115290816758,0.2996,0.5385234951972961,✓,✗,0.35288107114633677,55.39604949951172,0.12044007331132889,0.12044007331132889,8192.0,0.10202298313379288,0.09737401008605957,0.10784884691238403,0.2844890505050509,0.2996,0.2945,cnn-9_cifar10_learnt_gaussian_sig0.03_bounded-pmin1e-05_epoch10_bs250_lr0.001_mon0.95_dp0.2_objective-channel_gradient-chan1.0-bec-outage0.2-spec-kl0.08_perc-pri0.5_epoch-pri70_bs-pri250_lr-pri0.005_mom-pri0.99_dp-pri0.2_seed7,bec-outage0.2_chan-layer4_mcsamples500_norm-spec_seed7_bounds.json
cnn-9,cifar10,10.0,bec,outage 0.2,spec,channel_grad,0.001,0.09,1.0,0.09870517998933792,0.2985284,0.09847077131271362,0.7040925621986389,✓,✗,0.15330452750295107,0.2984,0.5041555166244507,✓,✗,0.35324163740738956,46.8683967590332,0.12251586467027664,0.12251586467027664,8192.0,0.10346561670303345,0.09847077131271362,0.10938378572463989,0.28482739393939444,0.2984,0.2945,cnn-9_cifar10_learnt_gaussian_sig0.03_bounded-pmin1e-05_epoch10_bs250_lr0.001_mon0.95_dp0.2_objective-channel_gradient-chan1.0-bec-outage0.2-spec-kl0.09_perc-pri0.5_epoch-pri70_bs-pri250_lr-pri0.005_mom-pri0.99_dp-pri0.2_seed7,bec-outage0.2_chan-layer4_mcsamples500_norm-spec_seed7_bounds.json
cnn-9,cifar10,10.0,bec,outage 0.2,spec,channel_grad,0.001,0.1,1.0,0.09965921193361282,0.2987198000000001,0.09938523173332214,0.6774448752403259,✓,✗,0.1546996293325646,0.29969999999999997,0.4785533845424652,✓,✗,0.35359107171875803,40.41800308227539,0.12436572462320328,0.12436572462320328,8192.0,0.10465532541275024,0.09938523173332214,0.11064585447311401,0.2851595151515155,0.29969999999999997,0.2944,cnn-9_cifar10_learnt_gaussian_sig0.03_bounded-pmin1e-05_epoch10_bs250_lr0.001_mon0.95_dp0.2_objective-channel_gradient-chan1.0-bec-outage0.2-spec-kl0.1_perc-pri0.5_epoch-pri70_bs-pri250_lr-pri0.005_mom-pri0.99_dp-pri0.2_seed7,bec-outage0.2_chan-layer4_mcsamples500_norm-spec_seed7_bounds.json
cnn-9,cifar10,10.0,bec,outage 0.2,spec,channel_grad,0.001,0.5,1.0,0.10941704362630844,0.30160119999999996,0.10887255668640136,0.5376216173171997,✓,✗,0.16863474426568362,0.30089999999999995,0.34801024198532104,✓,✗,0.3582460930375051,4.2564215660095215,0.14160695672035217,0.14160695672035217,8192.0,0.11662334203720093,0.10887255668640136,0.12297611236572266,0.28957608080808117,0.30089999999999995,0.29890000000000005,cnn-9_cifar10_learnt_gaussian_sig0.03_bounded-pmin1e-05_epoch10_bs250_lr0.001_mon0.95_dp0.2_objective-channel_gradient-chan1.0-bec-outage0.2-spec-kl0.5_perc-pri0.5_epoch-pri70_bs-pri250_lr-pri0.005_mom-pri0.99_dp-pri0.2_seed7,bec-outage0.2_chan-layer4_mcsamples500_norm-spec_seed7_bounds.json
cnn-9,cifar10,10.0,bec,outage 0.2,spec,channel_grad,0.001,1.0,1.0,0.1111762672662735,0.30286460000000004,0.11057021617889404,0.530667781829834,✓,✗,0.17110953036743137,0.30210000000000004,0.3420766592025757,✓,✗,0.3597006369155884,1.7637133598327637,0.14434634149074554,0.14434634149074554,8192.0,0.11876359581947327,0.11057021617889404,0.1250404953956604,0.2909587070707074,0.30210000000000004,0.30000000000000004,cnn-9_cifar10_learnt_gaussian_sig0.03_bounded-pmin1e-05_epoch10_bs250_lr0.001_mon0.95_dp0.2_objective-channel_gradient-chan1.0-bec-outage0.2-spec-kl1.0_perc-pri0.5_epoch-pri70_bs-pri250_lr-pri0.005_mom-pri0.99_dp-pri0.2_seed7,bec-outage0.2_chan-layer4_mcsamples500_norm-spec_seed7_bounds.json
cnn-9,cifar10,20.0,bec,outage 0.2,spec,vanilla,0.001,1.0,0.0,0.0727396234869957,0.27536279999999996,0.07330573797225952,6.279202048708998,✓,-,0.10786960108998915,0.2773,6.074689964886328,✓,-,0.31238168491265966,1330.03271484375,0.0,0.0,8192.0,0.06566122174263,0.07330573797225952,0.07315043807029724,0.24637195959595948,0.2773,0.26380000000000003,cnn-9_cifar10_learnt_gaussian_sig0.03_bounded-pmin1e-05_epoch20_bs250_lr0.001_mon0.95_dp0.2_objective-vanilla_perc-pri0.5_epoch-pri70_bs-pri250_lr-pri0.005_mom-pri0.99_dp-pri0.2_seed7,bec-outage0.2_chan-layer4_mcsamples500_norm-spec_seed7_bounds.json
cnn-9,cifar10,20.0,bec,outage 0.2,spec,channel_grad,0.001,0.001,1.0,0.0720984935760498,0.281268,0.0716301143169403,10.043956756591797,✓,✓,0.10792756570799619,0.2794,9.830245971679688,✓,✗,0.3216388519280935,2157.152099609375,0.05650721490383148,0.05650721490383148,8192.0,0.0657069981098175,0.0716301143169403,0.07023618817329406,0.25503523232323233,0.2794,0.2694,cnn-9_cifar10_learnt_gaussian_sig0.03_bounded-pmin1e-05_epoch20_bs250_lr0.001_mon0.95_dp0.2_objective-channel_gradient-chan1.0-bec-outage0.2-spec-kl0.001_perc-pri0.5_epoch-pri70_bs-pri250_lr-pri0.005_mom-pri0.99_dp-pri0.2_seed7,bec-outage0.2_chan-layer4_mcsamples500_norm-spec_seed7_bounds.json
cnn-9,cifar10,20.0,bec,outage 0.2,spec,channel_grad,0.001,0.005,1.0,0.07517652213573456,0.2878257999999999,0.07461792230606079,5.01149845123291,✓,✗,0.11435580168275662,0.2862,4.792969226837158,✓,✗,0.3328852994422611,1026.9385986328125,0.06727111339569092,0.06727111339569092,8192.0,0.07092874497175217,0.07461792230606079,0.07517079114913941,0.26559531313131335,0.2862,0.27759999999999996,cnn-9_cifar10_learnt_gaussian_sig0.03_bounded-pmin1e-05_epoch20_bs250_lr0.001_mon0.95_dp0.2_objective-channel_gradient-chan1.0-bec-outage0.2-spec-kl0.005_perc-pri0.5_epoch-pri70_bs-pri250_lr-pri0.005_mom-pri0.99_dp-pri0.2_seed7,bec-outage0.2_chan-layer4_mcsamples500_norm-spec_seed7_bounds.json
cnn-9,cifar10,20.0,bec,outage 0.2,spec,channel_grad,0.001,0.01,1.0,0.07846780866384506,0.291658,0.0776232659816742,3.060328722000122,✓,✗,0.12079009959083258,0.2895,2.841240167617798,✓,✗,0.3398785773052884,586.7247314453125,0.07780379801988602,0.07780379801988602,8192.0,0.0762016698718071,0.0776232659816742,0.08018254041671753,0.27218755555555585,0.2895,0.2813,cnn-9_cifar10_learnt_gaussian_sig0.03_bounded-pmin1e-05_epoch20_bs250_lr0.001_mon0.95_dp0.2_objective-channel_gradient-chan1.0-bec-outage0.2-spec-kl0.01_perc-pri0.5_epoch-pri70_bs-pri250_lr-pri0.005_mom-pri0.99_dp-pri0.2_seed7,bec-outage0.2_chan-layer4_mcsamples500_norm-spec_seed7_bounds.json
cnn-9,cifar10,20.0,bec,outage 0.2,spec,channel_grad,0.001,0.02,1.0,0.0835907906293869,0.2948001999999999,0.08264420628547668,1.819807767868042,✓,✗,0.12971956780965563,0.2934,1.6040921211242676,✓,✗,0.345435169064138,305.1019592285156,0.09118183702230453,0.09118183702230453,8192.0,0.08359132707118988,0.08264420628547668,0.08755509257316589,0.27743870707070756,0.2934,0.28659999999999997,cnn-9_cifar10_learnt_gaussian_sig0.03_bounded-pmin1e-05_epoch20_bs250_lr0.001_mon0.95_dp0.2_objective-channel_gradient-chan1.0-bec-outage0.2-spec-kl0.02_perc-pri0.5_epoch-pri70_bs-pri250_lr-pri0.005_mom-pri0.99_dp-pri0.2_seed7,bec-outage0.2_chan-layer4_mcsamples500_norm-spec_seed7_bounds.json
cnn-9,cifar10,20.0,bec,outage 0.2,spec,channel_grad,0.001,0.03,1.0,0.08741312474012375,0.29557440000000007,0.08635910153388977,1.3436946868896484,✓,✗,0.13610063891835145,0.2925,1.1321452856063843,✓,✗,0.3476500276706055,196.12025451660156,0.1002349853515625,0.1002349853515625,8192.0,0.08891993016004562,0.08635910153388977,0.09305052757263184,0.27953171717171754,0.2925,0.28769999999999996,cnn-9_cifar10_learnt_gaussian_sig0.03_bounded-pmin1e-05_epoch20_bs250_lr0.001_mon0.95_dp0.2_objective-channel_gradient-chan1.0-bec-outage0.2-spec-kl0.03_perc-pri0.5_epoch-pri70_bs-pri250_lr-pri0.005_mom-pri0.99_dp-pri0.2_seed7,bec-outage0.2_chan-layer4_mcsamples500_norm-spec_seed7_bounds.json
cnn-9,cifar10,20.0,bec,outage 0.2,spec,channel_grad,0.001,0.04,1.0,0.09036386758089066,0.2961296,0.08919681906700135,1.098066806793213,✓,✗,0.14080784096890642,0.2943,0.8898179531097412,✓,✗,0.3490566435979171,139.51541137695312,0.10634507238864899,0.10634507238864899,8192.0,0.0928751528263092,0.08919681906700135,0.09711861610412598,0.2808610101010105,0.2943,0.2893,cnn-9_cifar10_learnt_gaussian_sig0.03_bounded-pmin1e-05_epoch20_bs250_lr0.001_mon0.95_dp0.2_objective-channel_gradient-chan1.0-bec-outage0.2-spec-kl0.04_perc-pri0.5_epoch-pri70_bs-pri250_lr-pri0.005_mom-pri0.99_dp-pri0.2_seed7,bec-outage0.2_chan-layer4_mcsamples500_norm-spec_seed7_bounds.json
cnn-9,cifar10,20.0,bec,outage 0.2,spec,channel_grad,0.001,0.05,1.0,0.09269281476736069,0.2966561999999999,0.09144567251205445,0.9529865980148315,✓,✗,0.144462459065813,0.2952,0.7473055124282837,✓,✗,0.3501435986732465,105.72932434082031,0.111273854970932,0.111273854970932,8192.0,0.09595811367034912,0.09144567251205445,0.10023242235183716,0.28189236363636416,0.2952,0.2902,cnn-9_cifar10_learnt_gaussian_sig0.03_bounded-pmin1e-05_epoch20_bs250_lr0.001_mon0.95_dp0.2_objective-channel_gradient-chan1.0-bec-outage0.2-spec-kl0.05_perc-pri0.5_epoch-pri70_bs-pri250_lr-pri0.005_mom-pri0.99_dp-pri0.2_seed7,bec-outage0.2_chan-layer4_mcsamples500_norm-spec_seed7_bounds.json
cnn-9,cifar10,20.0,bec,outage 0.2,spec,channel_grad,0.001,0.06,1.0,0.09458940476179123,0.2972431999999999,0.09324591755867004,0.8526068925857544,✓,✗,0.14739617546018596,0.2946,0.6488113403320312,✓,✗,0.3511917422189739,82.25370788574219,0.11483217775821686,0.11483217775821686,8192.0,0.09844216704368591,0.09324591755867004,0.10270270109176635,0.2828873535353541,0.2946,0.28959999999999997,cnn-9_cifar10_learnt_gaussian_sig0.03_bounded-pmin1e-05_epoch20_bs250_lr0.001_mon0.95_dp0.2_objective-channel_gradient-chan1.0-bec-outage0.2-spec-kl0.06_perc-pri0.5_epoch-pri70_bs-pri250_lr-pri0.005_mom-pri0.99_dp-pri0.2_seed7,bec-outage0.2_chan-layer4_mcsamples500_norm-spec_seed7_bounds.json
cnn-9,cifar10,20.0,bec,outage 0.2,spec,channel_grad,0.001,0.07,1.0,0.0962134376168251,0.29769700000000004,0.09485903978347779,0.7879233360290527,✓,✗,0.14981487328955967,0.2956,0.5858337879180908,✓,✗,0.3519044661248888,66.95305633544922,0.11786247044801712,0.11786247044801712,8192.0,0.10049539804458618,0.09485903978347779,0.10481841564178467,0.2835603232323238,0.2956,0.28900000000000003,cnn-9_cifar10_learnt_gaussian_sig0.03_bounded-pmin1e-05_epoch20_bs250_lr0.001_mon0.95_dp0.2_objective-channel_gradient-chan1.0-bec-outage0.2-spec-kl0.07_perc-pri0.5_epoch-pri70_bs-pri250_lr-pri0.005_mom-pri0.99_dp-pri0.2_seed7,bec-outage0.2_chan-layer4_mcsamples500_norm-spec_seed7_bounds.json
cnn-9,cifar10,20.0,bec,outage 0.2,spec,channel_grad,0.001,0.08,1.0,0.09753533452749252,0.2981383999999999,0.09616111516952515,0.740044116973877,✓,✗,0.15176643310234067,0.2963,0.539203941822052,✓,✗,0.35260663713829293,55.526851654052734,0.12038064002990723,0.12038064002990723,8192.0,0.10215431451797485,0.09616111516952515,0.10652745962142944,0.28422787878787925,0.2963,0.2901,cnn-9_cifar10_learnt_gaussian_sig0.03_bounded-pmin1e-05_epoch20_bs250_lr0.001_mon0.95_dp0.2_objective-channel_gradient-chan1.0-bec-outage0.2-spec-kl0.08_perc-pri0.5_epoch-pri70_bs-pri250_lr-pri0.005_mom-pri0.99_dp-pri0.2_seed7,bec-outage0.2_chan-layer4_mcsamples500_norm-spec_seed7_bounds.json
cnn-9,cifar10,20.0,bec,outage 0.2,spec,channel_grad,0.001,0.09,1.0,0.0985931009054184,0.2983888000000001,0.09719683527946472,0.7086082696914673,✓,✗,0.15332234392263605,0.29679999999999995,0.5089064240455627,✓,✗,0.3530242222385549,47.939414978027344,0.12245921790599823,0.12245921790599823,8192.0,0.10348086059093475,0.09719683527946472,0.10788934230804444,0.2846231919191924,0.29679999999999995,0.2901,cnn-9_cifar10_learnt_gaussian_sig0.03_bounded-pmin1e-05_epoch20_bs250_lr0.001_mon0.95_dp0.2_objective-channel_gradient-chan1.0-bec-outage0.2-spec-kl0.09_perc-pri0.5_epoch-pri70_bs-pri250_lr-pri0.005_mom-pri0.99_dp-pri0.2_seed7,bec-outage0.2_chan-layer4_mcsamples500_norm-spec_seed7_bounds.json
cnn-9,cifar10,20.0,bec,outage 0.2,spec,channel_grad,0.001,0.1,1.0,0.09956241399049759,0.29861879999999985,0.09816559553146362,0.6840387582778931,✓,✗,0.15471106526104236,0.29679999999999995,0.4853193163871765,✓,✗,0.35343048746712613,41.9224853515625,0.12439195066690445,0.12439195066690445,8192.0,0.10466562956571579,0.09816559553146362,0.10912116765975952,0.28500606060606104,0.29679999999999995,0.2911,cnn-9_cifar10_learnt_gaussian_sig0.03_bounded-pmin1e-05_epoch20_bs250_lr0.001_mon0.95_dp0.2_objective-channel_gradient-chan1.0-bec-outage0.2-spec-kl0.1_perc-pri0.5_epoch-pri70_bs-pri250_lr-pri0.005_mom-pri0.99_dp-pri0.2_seed7,bec-outage0.2_chan-layer4_mcsamples500_norm-spec_seed7_bounds.json
cnn-9,cifar10,20.0,bec,outage 0.2,spec,channel_grad,0.001,0.5,1.0,0.10937682539224625,0.3022717999999999,0.10803762674331666,0.5384964346885681,✓,✗,0.16853950049832375,0.30079999999999996,0.34829142689704895,✓,✗,0.35874448953080984,4.391369819641113,0.14137989282608032,0.14137989282608032,8192.0,0.11654004454612732,0.10803762674331666,0.12091089487075805,0.290049858585859,0.30079999999999996,0.2962,cnn-9_cifar10_learnt_gaussian_sig0.03_bounded-pmin1e-05_epoch20_bs250_lr0.001_mon0.95_dp0.2_objective-channel_gradient-chan1.0-bec-outage0.2-spec-kl0.5_perc-pri0.5_epoch-pri70_bs-pri250_lr-pri0.005_mom-pri0.99_dp-pri0.2_seed7,bec-outage0.2_chan-layer4_mcsamples500_norm-spec_seed7_bounds.json
cnn-9,cifar10,20.0,bec,outage 0.2,spec,channel_grad,0.001,1.0,1.0,0.11110126227140427,0.3030584,0.1098164439201355,0.5315005779266357,✓,✗,0.17087494863947025,0.3022,0.34264594316482544,✓,✗,0.3597296167755274,1.9296698570251465,0.1444079875946045,0.1444079875946045,8192.0,0.11856067180633545,0.1098164439201355,0.12287448644638062,0.29098480808080845,0.3022,0.2972,cnn-9_cifar10_learnt_gaussian_sig0.03_bounded-pmin1e-05_epoch20_bs250_lr0.001_mon0.95_dp0.2_objective-channel_gradient-chan1.0-bec-outage0.2-spec-kl1.0_perc-pri0.5_epoch-pri70_bs-pri250_lr-pri0.005_mom-pri0.99_dp-pri0.2_seed7,bec-outage0.2_chan-layer4_mcsamples500_norm-spec_seed7_bounds.json
cnn-9,cifar10,50.0,bec,outage 0.2,spec,vanilla,0.001,1.0,0.0,0.06930354982614517,0.2615873999999999,0.0698225438594818,14.944753981778542,✓,-,0.09683970775371553,0.2633,14.759908588007816,✓,-,0.2816851015244408,3274.572998046875,0.0,0.0,8192.0,0.05682443827390671,0.0698225438594818,0.06968896389007569,0.21788040404040385,0.2633,0.25070000000000003,cnn-9_cifar10_learnt_gaussian_sig0.03_bounded-pmin1e-05_epoch50_bs250_lr0.001_mon0.95_dp0.2_objective-vanilla_perc-pri0.5_epoch-pri70_bs-pri250_lr-pri0.005_mom-pri0.99_dp-pri0.2_seed7,bec-outage0.2_chan-layer4_mcsamples500_norm-spec_seed7_bounds.json
cnn-9,cifar10,50.0,bec,outage 0.2,spec,channel_grad,0.001,0.01,1.0,0.07876252382993698,0.29254240000000004,0.07876272797584534,3.0752620697021484,✓,✗,0.12082297271051064,0.2901,2.8557283878326416,✓,✗,0.34035670599852264,590.2322387695312,0.07657302170991898,0.07657302170991898,8192.0,0.0762288048863411,0.07876272797584534,0.08086023926734924,0.2726412929292932,0.2901,0.2812,cnn-9_cifar10_learnt_gaussian_sig0.03_bounded-pmin1e-05_epoch50_bs250_lr0.001_mon0.95_dp0.2_objective-channel_gradient-chan1.0-bec-outage0.2-spec-kl0.01_perc-pri0.5_epoch-pri70_bs-pri250_lr-pri0.005_mom-pri0.99_dp-pri0.2_seed7,bec-outage0.2_chan-layer4_mcsamples500_norm-spec_seed7_bounds.json
cnn-9,cifar10,50.0,bec,outage 0.2,spec,channel_grad,0.001,0.02,1.0,0.08382876962423325,0.2955092000000001,0.08356732130050659,1.8125979900360107,✓,✗,0.12974657579983892,0.2942,1.5963016748428345,✓,✗,0.3460429018750228,303.43426513671875,0.09082262963056564,0.09082262963056564,8192.0,0.08361424505710602,0.08356732130050659,0.08822686672210693,0.27801228282828333,0.2942,0.28459999999999996,cnn-9_cifar10_learnt_gaussian_sig0.03_bounded-pmin1e-05_epoch50_bs250_lr0.001_mon0.95_dp0.2_objective-channel_gradient-chan1.0-bec-outage0.2-spec-kl0.02_perc-pri0.5_epoch-pri70_bs-pri250_lr-pri0.005_mom-pri0.99_dp-pri0.2_seed7,bec-outage0.2_chan-layer4_mcsamples500_norm-spec_seed7_bounds.json
cnn-9,cifar10,50.0,bec,outage 0.2,spec,channel_grad,0.001,0.03,1.0,0.08763822168111801,0.29627780000000004,0.08740270733833314,1.34013831615448,✓,✗,0.1360687067763443,0.29369999999999996,1.1281405687332153,✓,✗,0.34806642060229454,195.31927490234375,0.0998443141579628,0.0998443141579628,8192.0,0.0888935849070549,0.08740270733833314,0.09355171918869018,0.27992484848484894,0.29369999999999996,0.28480000000000005,cnn-9_cifar10_learnt_gaussian_sig0.03_bounded-pmin1e-05_epoch50_bs250_lr0.001_mon0.95_dp0.2_objective-channel_gradient-chan1.0-bec-outage0.2-spec-kl0.03_perc-pri0.5_epoch-pri70_bs-pri250_lr-pri0.005_mom-pri0.99_dp-pri0.2_seed7,bec-outage0.2_chan-layer4_mcsamples500_norm-spec_seed7_bounds.json
cnn-9,cifar10,50.0,bec,outage 0.2,spec,channel_grad,0.001,0.04,1.0,0.09078672528266907,0.2968371999999999,0.09050472378730774,1.0905829668045044,✓,✗,0.1410220547236397,0.29410000000000003,0.8822383880615234,✓,✗,0.3493666933788627,137.79104614257812,0.10626282542943954,0.10626282542943954,8192.0,0.09305565804243088,0.09050472378730774,0.09784972667694092,0.2811550707070712,0.29410000000000003,0.2871,cnn-9_cifar10_learnt_gaussian_sig0.03_bounded-pmin1e-05_epoch50_bs250_lr0.001_mon0.95_dp0.2_objective-channel_gradient-chan1.0-bec-outage0.2-spec-kl0.04_perc-pri0.5_epoch-pri70_bs-pri250_lr-pri0.005_mom-pri0.99_dp-pri0.2_seed7,bec-outage0.2_chan-layer4_mcsamples500_norm-spec_seed7_bounds.json
cnn-9,cifar10,50.0,bec,outage 0.2,spec,channel_grad,0.001,0.05,1.0,0.09306268393993378,0.2970034,0.0938075304031372,0.9443381975453444,✓,✗,0.14466521088206924,0.3023,0.7386806822840969,✓,✗,0.35032272614331683,103.82698059082031,0.11095385998487473,0.11095385998487473,8192.0,0.09613046050071716,0.0938075304031372,0.09962563514709473,0.2820600404040408,0.3023,0.28700000000000003,cnn-9_cifar10_learnt_gaussian_sig0.03_bounded-pmin1e-05_epoch50_bs250_lr0.001_mon0.95_dp0.2_objective-channel_gradient-chan1.0-bec-outage0.2-spec-kl0.05_perc-pri0.5_epoch-pri70_bs-pri250_lr-pri0.005_mom-pri0.99_dp-pri0.2_seed7,bec-outage0.2_chan-layer4_mcsamples500_norm-spec_seed7_bounds.json
cnn-9,cifar10,50.0,bec,outage 0.2,spec,channel_grad,0.001,0.06,1.0,0.09505020827054977,0.29744840000000006,0.09475749731063843,0.8512983322143555,✓,✗,0.1475775624572737,0.29490000000000005,0.6478859186172485,✓,✗,0.35099000903169697,82.04400634765625,0.11466309428215027,0.11466309428215027,8192.0,0.09859579056501389,0.09475749731063843,0.10349427461624146,0.2826946262626265,0.29490000000000005,0.28800000000000003,cnn-9_cifar10_learnt_gaussian_sig0.03_bounded-pmin1e-05_epoch50_bs250_lr0.001_mon0.95_dp0.2_objective-channel_gradient-chan1.0-bec-outage0.2-spec-kl0.06_perc-pri0.5_epoch-pri70_bs-pri250_lr-pri0.005_mom-pri0.99_dp-pri0.2_seed7,bec-outage0.2_chan-layer4_mcsamples500_norm-spec_seed7_bounds.json
cnn-9,cifar10,50.0,bec,outage 0.2,spec,channel_grad,0.001,0.07,1.0,0.09665392339229584,0.2975885999999999,0.09634712338447571,0.7850314378738403,✓,✗,0.1500301391036677,0.29469999999999996,0.5834352374076843,✓,✗,0.3516263506177105,66.37540435791016,0.11783198267221451,0.11783198267221451,8192.0,0.10067778080701828,0.09634712338447571,0.10565156936645508,0.2832951919191925,0.29469999999999996,0.28859999999999997,cnn-9_cifar10_learnt_gaussian_sig0.03_bounded-pmin1e-05_epoch50_bs250_lr0.001_mon0.95_dp0.2_objective-channel_gradient-chan1.0-bec-outage0.2-spec-kl0.07_perc-pri0.5_epoch-pri70_bs-pri250_lr-pri0.005_mom-pri0.99_dp-pri0.2_seed7,bec-outage0.2_chan-layer4_mcsamples500_norm-spec_seed7_bounds.json
cnn-9,cifar10,50.0,bec,outage 0.2,spec,channel_grad,0.001,0.08,1.0,0.09793774783611298,0.2978954,0.09765486121177673,0.7394888997077942,✓,✗,0.15195406316600052,0.29400000000000004,0.5392947793006897,✓,✗,0.3521482165077412,55.54804992675781,0.12018903344869614,0.12018903344869614,8192.0,0.10231485962867737,0.09765486121177673,0.10727514028549194,0.28379353535353585,0.29400000000000004,0.28790000000000004,cnn-9_cifar10_learnt_gaussian_sig0.03_bounded-pmin1e-05_epoch50_bs250_lr0.001_mon0.95_dp0.2_objective-channel_gradient-chan1.0-bec-outage0.2-spec-kl0.08_perc-pri0.5_epoch-pri70_bs-pri250_lr-pri0.005_mom-pri0.99_dp-pri0.2_seed7,bec-outage0.2_chan-layer4_mcsamples500_norm-spec_seed7_bounds.json
cnn-9,cifar10,50.0,bec,outage 0.2,spec,channel_grad,0.001,0.09,1.0,0.09905824065208435,0.298321,0.09880926012992859,0.7046893835067749,✓,✗,0.15357301381680916,0.29359999999999997,0.5054965615272522,✓,✗,0.352765809176975,47.19236755371094,0.12213962525129318,0.12213962525129318,8192.0,0.10369379073381424,0.09880926012992859,0.10867294073104858,0.2843797171717176,0.29359999999999997,0.28890000000000005,cnn-9_cifar10_learnt_gaussian_sig0.03_bounded-pmin1e-05_epoch50_bs250_lr0.001_mon0.95_dp0.2_objective-channel_gradient-chan1.0-bec-outage0.2-spec-kl0.09_perc-pri0.5_epoch-pri70_bs-pri250_lr-pri0.005_mom-pri0.99_dp-pri0.2_seed7,bec-outage0.2_chan-layer4_mcsamples500_norm-spec_seed7_bounds.json
cnn-9,cifar10,50.0,bec,outage 0.2,spec,channel_grad,0.001,0.5,1.0,0.10950706154108047,0.3022664,0.10926556587219238,0.5374763607978821,✓,✗,0.16856370334026552,0.2986,0.3474377691745758,✓,✗,0.3586023144841425,4.6095452308654785,0.13952630758285522,0.13952630758285522,8192.0,0.11656218022108078,0.10926556587219238,0.12168452739715577,0.2899164444444448,0.2986,0.2973,cnn-9_cifar10_learnt_gaussian_sig0.03_bounded-pmin1e-05_epoch50_bs250_lr0.001_mon0.95_dp0.2_objective-channel_gradient-chan1.0-bec-outage0.2-spec-kl0.5_perc-pri0.5_epoch-pri70_bs-pri250_lr-pri0.005_mom-pri0.99_dp-pri0.2_seed7,bec-outage0.2_chan-layer4_mcsamples500_norm-spec_seed7_bounds.json
cnn-9,cifar10,50.0,bec,outage 0.2,spec,channel_grad,0.001,1.0,1.0,0.11118192970752716,0.3030628,0.11095689535140991,0.528104305267334,✓,✗,0.17089480872664822,0.29879999999999995,0.3394758105278015,✓,✗,0.3595232569760602,1.7594754695892334,0.1419791579246521,0.1419791579246521,8192.0,0.11857821047306061,0.11095689535140991,0.12354739904403686,0.29079224242424284,0.29879999999999995,0.29769999999999996,cnn-9_cifar10_learnt_gaussian_sig0.03_bounded-pmin1e-05_epoch50_bs250_lr0.001_mon0.95_dp0.2_objective-channel_gradient-chan1.0-bec-outage0.2-spec-kl1.0_perc-pri0.5_epoch-pri70_bs-pri250_lr-pri0.005_mom-pri0.99_dp-pri0.2_seed7,bec-outage0.2_chan-layer4_mcsamples500_norm-spec_seed7_bounds.json
cnn-9,cifar10,5.0,bec,outage 0.5,frob,vanilla,0.001,1.0,0.0,0.08803408592939377,0.33235419999999993,0.08864082098007202,1.2321237184607146,✓,-,0.13587178551409745,0.33720000000000006,1.0221231506218105,✓,-,0.3458723533530013,176.48338317871094,0.07826044331633007,0.0012209281558170915,8192.0,0.08872807025909424,0.08864082098007202,0.09326362013816833,0.27784832323232356,0.33720000000000006,0.28459999999999996,cnn-9_cifar10_learnt_gaussian_sig0.03_bounded-pmin1e-05_epoch5_bs250_lr0.001_mon0.95_dp0.2_objective-vanilla_perc-pri0.5_epoch-pri70_bs-pri250_lr-pri0.005_mom-pri0.99_dp-pri0.2_seed7,bec-outage0.5_chan-layer4_mcsamples500_norm-frob_seed7_bounds.json
cnn-9,cifar10,5.0,bec,outage 0.5,frob,channel_grad,0.001,0.01,0.01,0.08992945402860641,0.34831739999999994,0.08966496586799622,14.016511917114258,✓,✗,0.11970887272653585,0.3457,13.793102264404297,✓,✗,0.34311804718776573,687.87060546875,10.578409031640362,0.16503199934959412,8192.0,0.07531207799911499,0.08966496586799622,0.07867666482925414,0.27524711111111166,0.3457,0.2853,cnn-9_cifar10_learnt_gaussian_sig0.03_bounded-pmin1e-05_epoch5_bs250_lr0.001_mon0.95_dp0.2_objective-channel_gradient-chan0.01-bec-outage0.5-frob-kl0.01_perc-pri0.5_epoch-pri70_bs-pri250_lr-pri0.005_mom-pri0.99_dp-pri0.2_seed7,bec-outage0.5_chan-layer4_mcsamples500_norm-frob_seed7_bounds.json
cnn-9,cifar10,5.0,bec,outage 0.5,frob,channel_grad,0.001,0.01,0.1,0.09455464780330658,0.3609066,0.09439491629600524,30.271711349487305,✓,✗,0.10998795901226507,0.3549,30.053327560424805,✓,✗,0.3283719489858812,5191.814453125,6.706103620406295,0.1046208068728447,8192.0,0.06737492978572845,0.09439491629600524,0.07032610774040222,0.2613525656565657,0.3549,0.2742,cnn-9_cifar10_learnt_gaussian_sig0.03_bounded-pmin1e-05_epoch5_bs250_lr0.001_mon0.95_dp0.2_objective-channel_gradient-chan0.1-bec-outage0.5-frob-kl0.01_perc-pri0.5_epoch-pri70_bs-pri250_lr-pri0.005_mom-pri0.99_dp-pri0.2_seed7,bec-outage0.5_chan-layer4_mcsamples500_norm-frob_seed7_bounds.json
cnn-9,cifar10,5.0,bec,outage 0.5,frob,channel_grad,0.001,0.01,1.0,0.15104056894779205,0.6318779999999999,0.15127737522125245,225.74783325195312,✓,✗,0.1905521067542896,0.6376,225.2568817138672,✓,✗,0.6815117458971585,49402.796875,4.1115689766169705,0.06414390355348587,8192.0,0.13571499288082123,0.15127737522125245,0.13614859580993652,0.6125332525252535,0.6376,0.615,cnn-9_cifar10_learnt_gaussian_sig0.03_bounded-pmin1e-05_epoch5_bs250_lr0.001_mon0.95_dp0.2_objective-channel_gradient-chan1.0-bec-outage0.5-frob-kl0.01_perc-pri0.5_epoch-pri70_bs-pri250_lr-pri0.005_mom-pri0.99_dp-pri0.2_seed7,bec-outage0.5_chan-layer4_mcsamples500_norm-frob_seed7_bounds.json
cnn-9,cifar10,5.0,bec,outage 0.5,frob,channel_grad,0.001,0.1,0.01,0.09283791482448578,0.33504599999999995,0.09260573983192444,17.899311065673828,✓,✗,0.15079221032076856,0.33730000000000004,17.696474075317383,✓,✗,0.3536287501476383,61.519195556640625,17.251827841886016,0.26914289593696594,8192.0,0.10132631659507751,0.09260573983192444,0.10480971336364746,0.28519515151515185,0.33730000000000004,0.2945,cnn-9_cifar10_learnt_gaussian_sig0.03_bounded-pmin1e-05_epoch5_bs250_lr0.001_mon0.95_dp0.2_objective-channel_gradient-chan0.01-bec-outage0.5-frob-kl0.1_perc-pri0.5_epoch-pri70_bs-pri250_lr-pri0.005_mom-pri0.99_dp-pri0.2_seed7,bec-outage0.5_chan-layer4_mcsamples500_norm-frob_seed7_bounds.json
cnn-9,cifar10,5.0,bec,outage 0.5,frob,channel_grad,0.001,0.1,0.1,0.09192541241645813,0.35577240000000004,0.09162684082984925,14.579931259155273,✓,✗,0.11963442552998432,0.35350000000000004,14.352808952331543,✓,✗,0.34675702046693335,884.8186645507812,10.257412188732767,0.16002418100833893,8192.0,0.0752505511045456,0.09162684082984925,0.07815463542938232,0.278685252525253,0.35350000000000004,0.2872,cnn-9_cifar10_learnt_gaussian_sig0.03_bounded-pmin1e-05_epoch5_bs250_lr0.001_mon0.95_dp0.2_objective-channel_gradient-chan0.1-bec-outage0.5-frob-kl0.1_perc-pri0.5_epoch-pri70_bs-pri250_lr-pri0.005_mom-pri0.99_dp-pri0.2_seed7,bec-outage0.5_chan-layer4_mcsamples500_norm-frob_seed7_bounds.json
cnn-9,cifar10,5.0,bec,outage 0.5,frob,channel_grad,0.001,0.1,1.0,0.10140442103147507,0.3862386000000001,0.10137447118759155,56.03962707519531,✓,✗,0.11454515044753687,0.3822,55.809661865234375,✓,✗,0.3445031722114741,10793.6630859375,7.405660472519686,0.1155344769358635,8192.0,0.07108277082443237,0.10137447118759155,0.07332132458686828,0.2765561212121216,0.3822,0.2865,cnn-9_cifar10_learnt_gaussian_sig0.03_bounded-pmin1e-05_epoch5_bs250_lr0.001_mon0.95_dp0.2_objective-channel_gradient-chan1.0-bec-outage0.5-frob-kl0.1_perc-pri0.5_epoch-pri70_bs-pri250_lr-pri0.005_mom-pri0.99_dp-pri0.2_seed7,bec-outage0.5_chan-layer4_mcsamples500_norm-frob_seed7_bounds.json
cnn-9,cifar10,5.0,bec,outage 0.5,frob,channel_grad,0.001,1.0,0.01,0.09883607178926468,0.33347220000000005,0.09873591065406799,21.18880844116211,✓,✗,0.17036298370682498,0.33530000000000004,20.99903678894043,✓,✗,0.3601361405305261,2.460803985595703,20.79893422075029,0.32448071241378784,8192.0,0.11811654269695282,0.09873591065406799,0.12117387056350708,0.29137511111111175,0.33530000000000004,0.2955,cnn-9_cifar10_learnt_gaussian_sig0.03_bounded-pmin1e-05_epoch5_bs250_lr0.001_mon0.95_dp0.2_objective-channel_gradient-chan0.01-bec-outage0.5-frob-kl1.0_perc-pri0.5_epoch-pri70_bs-pri250_lr-pri0.005_mom-pri0.99_dp-pri0.2_seed7,bec-outage0.5_chan-layer4_mcsamples500_norm-frob_seed7_bounds.json
cnn-9,cifar10,5.0,bec,outage 0.5,frob,channel_grad,0.001,1.0,0.1,0.09468603134155273,0.33691299999999996,0.09458543658256531,18.607027053833008,✓,✗,0.15435569195931303,0.3375,18.405906677246094,✓,✗,0.35547633713842086,108.63993072509766,17.746965058967916,0.27686744928359985,8192.0,0.10436159372329712,0.09458543658256531,0.10749282836914062,0.28694957575757635,0.3375,0.29510000000000003,cnn-9_cifar10_learnt_gaussian_sig0.03_bounded-pmin1e-05_epoch5_bs250_lr0.001_mon0.95_dp0.2_objective-channel_gradient-chan0.1-bec-outage0.5-frob-kl1.0_perc-pri0.5_epoch-pri70_bs-pri250_lr-pri0.005_mom-pri0.99_dp-pri0.2_seed7,bec-outage0.5_chan-layer4_mcsamples500_norm-frob_seed7_bounds.json
cnn-9,cifar10,5.0,bec,outage 0.5,frob,channel_grad,0.001,1.0,1.0,0.09380285441875458,0.3631454,0.09371422529220581,19.591550827026367,✓,✗,0.12372790447332739,0.3631,19.35681915283203,✓,✗,0.3584589633898901,1908.4742431640625,10.679401986018288,0.1666075736284256,8192.0,0.07862371951341629,0.09371422529220581,0.08053482174873353,0.28978173737373786,0.3631,0.3006,cnn-9_cifar10_learnt_gaussian_sig0.03_bounded-pmin1e-05_epoch5_bs250_lr0.001_mon0.95_dp0.2_objective-channel_gradient-chan1.0-bec-outage0.5-frob-kl1.0_perc-pri0.5_epoch-pri70_bs-pri250_lr-pri0.005_mom-pri0.99_dp-pri0.2_seed7,bec-outage0.5_chan-layer4_mcsamples500_norm-frob_seed7_bounds.json
cnn-9,cifar10,10.0,bec,outage 0.5,frob,vanilla,0.001,1.0,0.0,0.08649998158216476,0.33465100000000003,0.08701789975166321,2.2398157770168416,✓,-,0.12353750562684003,0.3418,2.0240799643194882,✓,-,0.3392733183241933,403.2857666015625,0.07826044331633007,0.0012209281558170915,8192.0,0.0784660279750824,0.08701789975166321,0.08321919441223144,0.27161826262626304,0.3418,0.28090000000000004,cnn-9_cifar10_learnt_gaussian_sig0.03_bounded-pmin1e-05_epoch10_bs250_lr0.001_mon0.95_dp0.2_objective-vanilla_perc-pri0.5_epoch-pri70_bs-pri250_lr-pri0.005_mom-pri0.99_dp-pri0.2_seed7,bec-outage0.5_chan-layer4_mcsamples500_norm-frob_seed7_bounds.json
cnn-9,cifar10,10.0,bec,outage 0.5,frob,channel_grad,0.001,0.01,0.01,0.09016721695661545,0.34929140000000003,0.08997297883033753,14.090885162353516,✓,✗,0.11802498286796395,0.35640000000000005,13.868192672729492,✓,✗,0.3407172590007667,795.6658325195312,10.173108598253698,0.15870897471904755,8192.0,0.07392919063568115,0.08997297883033753,0.07829009294509888,0.27297769696969737,0.35640000000000005,0.28659999999999997,cnn-9_cifar10_learnt_gaussian_sig0.03_bounded-pmin1e-05_epoch10_bs250_lr0.001_mon0.95_dp0.2_objective-channel_gradient-chan0.01-bec-outage0.5-frob-kl0.01_perc-pri0.5_epoch-pri70_bs-pri250_lr-pri0.005_mom-pri0.99_dp-pri0.2_seed7,bec-outage0.5_chan-layer4_mcsamples500_norm-frob_seed7_bounds.json
cnn-9,cifar10,10.0,bec,outage 0.5,frob,channel_grad,0.001,0.01,0.1,0.0952744409441948,0.365884,0.09486215710639953,36.114288330078125,✓,✗,0.10892937967002733,0.3701,35.89797592163086,✓,✗,0.3252451582754939,6502.576171875,6.689907114732805,0.10436812788248062,8192.0,0.06651753932237625,0.09486215710639953,0.07049330472946166,0.2584177777777778,0.3701,0.27470000000000006,cnn-9_cifar10_learnt_gaussian_sig0.03_bounded-pmin1e-05_epoch10_bs250_lr0.001_mon0.95_dp0.2_objective-channel_gradient-chan0.1-bec-outage0.5-frob-kl0.01_perc-pri0.5_epoch-pri70_bs-pri250_lr-pri0.005_mom-pri0.99_dp-pri0.2_seed7,bec-outage0.5_chan-layer4_mcsamples500_norm-frob_seed7_bounds.json
cnn-9,cifar10,10.0,bec,outage 0.5,frob,channel_grad,0.001,0.01,1.0,0.16605322062969208,0.69606,0.16576061248779297,227.7830047607422,✓,✗,0.21245097584912567,0.6915,227.24256896972656,✓,✗,0.752892028305792,50067.03125,3.104816744633615,0.048437729477882385,8192.0,0.15508124232292175,0.16576061248779297,0.15523748397827147,0.6884421010101018,0.6915,0.6885,cnn-9_cifar10_learnt_gaussian_sig0.03_bounded-pmin1e-05_epoch10_bs250_lr0.001_mon0.95_dp0.2_objective-channel_gradient-chan1.0-bec-outage0.5-frob-kl0.01_perc-pri0.5_epoch-pri70_bs-pri250_lr-pri0.005_mom-pri0.99_dp-pri0.2_seed7,bec-outage0.5_chan-layer4_mcsamples500_norm-frob_seed7_bounds.json
cnn-9,cifar10,10.0,bec,outage 0.5,frob,channel_grad,0.001,0.1,0.01,0.09282294660806656,0.3352436000000001,0.09275930523872375,17.749624252319336,✓,✗,0.15041545629269487,0.34040000000000004,17.54654884338379,✓,✗,0.35349016348450124,64.21593475341797,17.09021810154615,0.2666216492652893,8192.0,0.10100564360618591,0.09275930523872375,0.1065466046333313,0.2850660202020206,0.34040000000000004,0.29369999999999996,cnn-9_cifar10_learnt_gaussian_sig0.03_bounded-pmin1e-05_epoch10_bs250_lr0.001_mon0.95_dp0.2_objective-channel_gradient-chan0.01-bec-outage0.5-frob-kl0.1_perc-pri0.5_epoch-pri70_bs-pri250_lr-pri0.005_mom-pri0.99_dp-pri0.2_seed7,bec-outage0.5_chan-layer4_mcsamples500_norm-frob_seed7_bounds.json
cnn-9,cifar10,10.0,bec,outage 0.5,frob,channel_grad,0.001,0.1,0.1,0.09015430510044098,0.3497422,0.09003535509109498,14.588709831237793,✓,✗,0.1202508176037148,0.3558,14.36143684387207,✓,✗,0.3475234901611134,878.2794189453125,10.294667876873032,0.16060540080070496,8192.0,0.07575728744268417,0.09003535509109498,0.07997863292694092,0.2794101818181822,0.3558,0.29379999999999995,cnn-9_cifar10_learnt_gaussian_sig0.03_bounded-pmin1e-05_epoch10_bs250_lr0.001_mon0.95_dp0.2_objective-channel_gradient-chan0.1-bec-outage0.5-frob-kl0.1_perc-pri0.5_epoch-pri70_bs-pri250_lr-pri0.005_mom-pri0.99_dp-pri0.2_seed7,bec-outage0.5_chan-layer4_mcsamples500_norm-frob_seed7_bounds.json
cnn-9,cifar10,10.0,bec,outage 0.5,frob,channel_grad,0.001,0.1,1.0,0.08995350450277328,0.3462576000000001,0.0899035632610321,55.41819763183594,✓,✗,0.11374191091342016,0.34809999999999997,55.189353942871094,✓,✗,0.34258692920312006,10597.7734375,7.662196521852967,0.11953665316104889,8192.0,0.07042796909809113,0.0899035632610321,0.07405992150306702,0.27474658585858613,0.34809999999999997,0.28800000000000003,cnn-9_cifar10_learnt_gaussian_sig0.03_bounded-pmin1e-05_epoch10_bs250_lr0.001_mon0.95_dp0.2_objective-channel_gradient-chan1.0-bec-outage0.5-frob-kl0.1_perc-pri0.5_epoch-pri70_bs-pri250_lr-pri0.005_mom-pri0.99_dp-pri0.2_seed7,bec-outage0.5_chan-layer4_mcsamples500_norm-frob_seed7_bounds.json
cnn-9,cifar10,10.0,bec,outage 0.5,frob,channel_grad,0.001,1.0,0.01,0.09838270395994186,0.33237439999999996,0.09806703329086304,21.151151657104492,✓,✗,0.1702610279452766,0.3348,20.961767196655273,✓,✓,0.35964574094785606,2.5283119678497314,20.761465533803324,0.3238961696624756,8192.0,0.1180296242237091,0.09806703329086304,0.12421275377273559,0.2909098989898995,0.3348,0.30010000000000003,cnn-9_cifar10_learnt_gaussian_sig0.03_bounded-pmin1e-05_epoch10_bs250_lr0.001_mon0.95_dp0.2_objective-channel_gradient-chan0.01-bec-outage0.5-frob-kl1.0_perc-pri0.5_epoch-pri70_bs-pri250_lr-pri0.005_mom-pri0.99_dp-pri0.2_seed7,bec-outage0.5_chan-layer4_mcsamples500_norm-frob_seed7_bounds.json
cnn-9,cifar10,10.0,bec,outage 0.5,frob,channel_grad,0.001,1.0,0.1,0.09280778467655182,0.3307718,0.09260187149047852,18.625125885009766,✓,✗,0.15435596631233334,0.33299999999999996,18.42562484741211,✓,✓,0.35385729361452933,108.25320434570312,17.76841203298411,0.2772020399570465,8192.0,0.1043618842959404,0.09260187149047852,0.11023812294006348,0.28541171717171754,0.33299999999999996,0.2955,cnn-9_cifar10_learnt_gaussian_sig0.03_bounded-pmin1e-05_epoch10_bs250_lr0.001_mon0.95_dp0.2_objective-channel_gradient-chan0.1-bec-outage0.5-frob-kl1.0_perc-pri0.5_epoch-pri70_bs-pri250_lr-pri0.005_mom-pri0.99_dp-pri0.2_seed7,bec-outage0.5_chan-layer4_mcsamples500_norm-frob_seed7_bounds.json
cnn-9,cifar10,10.0,bec,outage 0.5,frob,channel_grad,0.001,1.0,1.0,0.09192519634962082,0.35613659999999997,0.0922121286392212,20.388328552246094,✓,✗,0.12400850653364967,0.36129999999999995,20.155319213867188,✓,✗,0.3570185784421127,1983.329345703125,11.142859689998067,0.17383790016174316,8192.0,0.0788559541106224,0.0922121286392212,0.08314295411109925,0.288409535353536,0.36129999999999995,0.3046,cnn-9_cifar10_learnt_gaussian_sig0.03_bounded-pmin1e-05_epoch10_bs250_lr0.001_mon0.95_dp0.2_objective-channel_gradient-chan1.0-bec-outage0.5-frob-kl1.0_perc-pri0.5_epoch-pri70_bs-pri250_lr-pri0.005_mom-pri0.99_dp-pri0.2_seed7,bec-outage0.5_chan-layer4_mcsamples500_norm-frob_seed7_bounds.json
cnn-9,cifar10,20.0,bec,outage 0.5,frob,vanilla,0.001,1.0,0.0,0.0855119526386261,0.3324040000000001,0.08599846363067627,3.77215777376239,✓,-,0.1148897754081969,0.33620000000000005,3.5587935387398715,✓,-,0.3282540104307153,748.391845703125,0.07826044331633007,0.0012209281558170915,8192.0,0.07136441022157669,0.08599846363067627,0.07680779099464416,0.2612414545454548,0.33620000000000005,0.2753,cnn-9_cifar10_learnt_gaussian_sig0.03_bounded-pmin1e-05_epoch20_bs250_lr0.001_mon0.95_dp0.2_objective-vanilla_perc-pri0.5_epoch-pri70_bs-pri250_lr-pri0.005_mom-pri0.99_dp-pri0.2_seed7,bec-outage0.5_chan-layer4_mcsamples500_norm-frob_seed7_bounds.json
cnn-9,cifar10,20.0,bec,outage 0.5,frob,channel_grad,0.001,0.01,0.01,0.08992661535739899,0.3484034,0.0899493396282196,14.275951385498047,✓,✗,0.11753810307143554,0.35019999999999996,14.054056167602539,✓,✗,0.3394333504545759,829.4572143554688,10.208339365002926,0.15925860404968262,8192.0,0.0735311508178711,0.0899493396282196,0.07735697031021119,0.271770181818182,0.35019999999999996,0.28169999999999995,cnn-9_cifar10_learnt_gaussian_sig0.03_bounded-pmin1e-05_epoch20_bs250_lr0.001_mon0.95_dp0.2_objective-channel_gradient-chan0.01-bec-outage0.5-frob-kl0.01_perc-pri0.5_epoch-pri70_bs-pri250_lr-pri0.005_mom-pri0.99_dp-pri0.2_seed7,bec-outage0.5_chan-layer4_mcsamples500_norm-frob_seed7_bounds.json
cnn-9,cifar10,20.0,bec,outage 0.5,frob,channel_grad,0.001,0.01,0.1,0.09772806614637375,0.37487660000000006,0.09760143160820008,45.081077575683594,✓,✗,0.10828780854307336,0.37050000000000005,44.865333557128906,✓,✗,0.32403064554352223,8390.837890625,7.213348816739831,0.11253425478935242,8192.0,0.06599846482276917,0.09760143160820008,0.06974532604217529,0.2572760404040405,0.37050000000000005,0.2722,cnn-9_cifar10_learnt_gaussian_sig0.03_bounded-pmin1e-05_epoch20_bs250_lr0.001_mon0.95_dp0.2_objective-channel_gradient-chan0.1-bec-outage0.5-frob-kl0.01_perc-pri0.5_epoch-pri70_bs-pri250_lr-pri0.005_mom-pri0.99_dp-pri0.2_seed7,bec-outage0.5_chan-layer4_mcsamples500_norm-frob_seed7_bounds.json
cnn-9,cifar10,20.0,bec,outage 0.5,frob,channel_grad,0.001,0.01,1.0,0.15563826262950897,0.6484979999999999,0.15562282800674437,240.89854431152344,✓,✗,0.19483193368292503,0.646,240.40342712402344,✓,✗,0.6899410590010426,52883.375,3.6882240579995957,0.05753936991095543,8192.0,0.13947860896587372,0.15562282800674437,0.14000710248947143,0.6213966060606069,0.646,0.6207,cnn-9_cifar10_learnt_gaussian_sig0.03_bounded-pmin1e-05_epoch20_bs250_lr0.001_mon0.95_dp0.2_objective-channel_gradient-chan1.0-bec-outage0.5-frob-kl0.01_perc-pri0.5_epoch-pri70_bs-pri250_lr-pri0.005_mom-pri0.99_dp-pri0.2_seed7,bec-outage0.5_chan-layer4_mcsamples500_norm-frob_seed7_bounds.json
cnn-9,cifar10,20.0,bec,outage 0.5,frob,channel_grad,0.001,0.1,0.01,0.09251872450113297,0.3347998,0.09180307984352112,17.79462432861328,✓,✗,0.15019139450318297,0.3328,17.591400146484375,✓,✗,0.3534170672755256,65.05152893066406,17.13155515247127,0.26726654171943665,8192.0,0.10081573575735092,0.09180307984352112,0.10493807792663574,0.28499725252525276,0.3328,0.2923,cnn-9_cifar10_learnt_gaussian_sig0.03_bounded-pmin1e-05_epoch20_bs250_lr0.001_mon0.95_dp0.2_objective-channel_gradient-chan0.01-bec-outage0.5-frob-kl0.1_perc-pri0.5_epoch-pri70_bs-pri250_lr-pri0.005_mom-pri0.99_dp-pri0.2_seed7,bec-outage0.5_chan-layer4_mcsamples500_norm-frob_seed7_bounds.json
cnn-9,cifar10,20.0,bec,outage 0.5,frob,channel_grad,0.001,0.1,0.1,0.09180428832769394,0.3557662,0.09183082580566407,14.623275756835938,✓,✗,0.11989894843176546,0.35940000000000005,14.396053314208984,✓,✗,0.3471211351159188,872.856689453125,10.353887276044842,0.1615292727947235,8192.0,0.07546913623809814,0.09183082580566407,0.07856574058532714,0.27903264646464687,0.35940000000000005,0.2882,cnn-9_cifar10_learnt_gaussian_sig0.03_bounded-pmin1e-05_epoch20_bs250_lr0.001_mon0.95_dp0.2_objective-channel_gradient-chan0.1-bec-outage0.5-frob-kl0.1_perc-pri0.5_epoch-pri70_bs-pri250_lr-pri0.005_mom-pri0.99_dp-pri0.2_seed7,bec-outage0.5_chan-layer4_mcsamples500_norm-frob_seed7_bounds.json
cnn-9,cifar10,20.0,bec,outage 0.5,frob,channel_grad,0.001,0.1,1.0,0.10138344764709473,0.3939947999999999,0.10122909545898437,56.88290023803711,✓,✗,0.114711594020228,0.39339999999999997,56.65148162841797,✓,✗,0.3461279894019013,10896.763671875,7.786229165539323,0.12147166579961777,8192.0,0.07121835649013519,0.10122909545898437,0.07363389730453491,0.278094060606061,0.39339999999999997,0.2905,cnn-9_cifar10_learnt_gaussian_sig0.03_bounded-pmin1e-05_epoch20_bs250_lr0.001_mon0.95_dp0.2_objective-channel_gradient-chan1.0-bec-outage0.5-frob-kl0.1_perc-pri0.5_epoch-pri70_bs-pri250_lr-pri0.005_mom-pri0.99_dp-pri0.2_seed7,bec-outage0.5_chan-layer4_mcsamples500_norm-frob_seed7_bounds.json
cnn-9,cifar10,20.0,bec,outage 0.5,frob,channel_grad,0.001,1.0,0.01,0.09853242337703705,0.33302279999999995,0.09785442948341369,21.13343620300293,✓,✗,0.17004515997597866,0.3286,20.943817138671875,✓,✗,0.35966450517490356,2.767951726913452,20.742660509111477,0.3236027956008911,8192.0,0.11784309148788452,0.09785442948341369,0.12215988636016846,0.29092468686868733,0.3286,0.2982,cnn-9_cifar10_learnt_gaussian_sig0.03_bounded-pmin1e-05_epoch20_bs250_lr0.001_mon0.95_dp0.2_objective-channel_gradient-chan0.01-bec-outage0.5-frob-kl1.0_perc-pri0.5_epoch-pri70_bs-pri250_lr-pri0.005_mom-pri0.99_dp-pri0.2_seed7,bec-outage0.5_chan-layer4_mcsamples500_norm-frob_seed7_bounds.json
cnn-9,cifar10,20.0,bec,outage 0.5,frob,channel_grad,0.001,1.0,0.1,0.09453021734952927,0.3383604,0.09364041090011596,18.438764572143555,✓,✗,0.15277814404304912,0.3335,18.23648452758789,✓,✗,0.35505877505550254,112.61306762695312,17.561352358931476,0.2739717364311218,8192.0,0.1030169427394867,0.09364041090011596,0.10711874961853027,0.28655385858585897,0.3335,0.29579999999999995,cnn-9_cifar10_learnt_gaussian_sig0.03_bounded-pmin1e-05_epoch20_bs250_lr0.001_mon0.95_dp0.2_objective-channel_gradient-chan0.1-bec-outage0.5-frob-kl1.0_perc-pri0.5_epoch-pri70_bs-pri250_lr-pri0.005_mom-pri0.99_dp-pri0.2_seed7,bec-outage0.5_chan-layer4_mcsamples500_norm-frob_seed7_bounds.json
cnn-9,cifar10,20.0,bec,outage 0.5,frob,channel_grad,0.001,1.0,1.0,0.09287860244512558,0.3609508,0.0932408630847931,19.159751892089844,✓,✗,0.12456272716848325,0.35829999999999995,18.926467895507812,✓,✗,0.35784766077204905,1735.7637939453125,11.020600285256267,0.17193055152893066,8192.0,0.07931317389011383,0.0932408630847931,0.0819766640663147,0.289201050505051,0.35829999999999995,0.2983,cnn-9_cifar10_learnt_gaussian_sig0.03_bounded-pmin1e-05_epoch20_bs250_lr0.001_mon0.95_dp0.2_objective-channel_gradient-chan1.0-bec-outage0.5-frob-kl1.0_perc-pri0.5_epoch-pri70_bs-pri250_lr-pri0.005_mom-pri0.99_dp-pri0.2_seed7,bec-outage0.5_chan-layer4_mcsamples500_norm-frob_seed7_bounds.json
cnn-9,cifar10,30.0,bec,outage 0.5,frob,channel_grad,0.001,0.01,0.01,0.08976101130247116,0.3476906,0.08898106813430787,14.232415199279785,✓,?,0.11740432685236564,0.3459,14.010427474975586,✓,?,0.3393915107800606,843.5776977539062,10.101695733762092,0.15759487450122833,8192.0,0.07342039048671722,0.08898106813430787,0.07669777870178222,0.2717301818181821,0.3459,0.27859999999999996,cnn-9_cifar10_learnt_gaussian_sig0.03_bounded-pmin1e-05_epoch30_bs250_lr0.001_mon0.95_dp0.2_objective-channel_gradient-chan0.01-bec-outage0.5-frob-kl0.01_perc-pri0.5_epoch-pri70_bs-pri250_lr-pri0.005_mom-pri0.99_dp-pri0.2_seed7,bec-outage0.5_chan-layer4_mcsamples500_norm-frob_seed7_bounds.json
cnn-9,cifar10,30.0,bec,outage 0.5,frob,channel_grad,0.001,0.01,0.1,0.09772193431854248,0.3760599999999999,0.09779411554336548,47.085609436035156,✓,?,0.10799871422471179,0.376,46.87064743041992,✓,?,0.3229577482367353,8846.1279296875,7.182830767982759,0.11205814778804779,8192.0,0.06576471775770187,0.09779411554336548,0.06995376348495483,0.2562717575757576,0.376,0.27549999999999997,cnn-9_cifar10_learnt_gaussian_sig0.03_bounded-pmin1e-05_epoch30_bs250_lr0.001_mon0.95_dp0.2_objective-channel_gradient-chan0.1-bec-outage0.5-frob-kl0.01_perc-pri0.5_epoch-pri70_bs-pri250_lr-pri0.005_mom-pri0.99_dp-pri0.2_seed7,bec-outage0.5_chan-layer4_mcsamples500_norm-frob_seed7_bounds.json
cnn-9,cifar10,30.0,bec,outage 0.5,frob,channel_grad,0.001,0.01,1.0,0.15806744992733002,0.6568354,0.15787205696105958,241.58203125,✓,?,0.1948875825777814,0.6593,241.08578491210938,✓,?,0.6911362436452946,53053.4921875,3.60973280379166,0.05631484091281891,8192.0,0.1395275592803955,0.15787205696105958,0.1398019790649414,0.6226591515151525,0.6593,0.6206,cnn-9_cifar10_learnt_gaussian_sig0.03_bounded-pmin1e-05_epoch30_bs250_lr0.001_mon0.95_dp0.2_objective-channel_gradient-chan1.0-bec-outage0.5-frob-kl0.01_perc-pri0.5_epoch-pri70_bs-pri250_lr-pri0.005_mom-pri0.99_dp-pri0.2_seed7,bec-outage0.5_chan-layer4_mcsamples500_norm-frob_seed7_bounds.json
cnn-9,cifar10,30.0,bec,outage 0.5,frob,channel_grad,0.001,0.1,0.01,0.09310934692621231,0.33521059999999997,0.09224511981010437,17.750720977783203,✓,?,0.15068555531948857,0.33819999999999995,17.548603057861328,✓,?,0.3528029148544152,62.419742584228516,17.100035149686274,0.2667748034000397,8192.0,0.10123521834611893,0.09224511981010437,0.10463534593582154,0.2844147070707075,0.33819999999999995,0.2901,cnn-9_cifar10_learnt_gaussian_sig0.03_bounded-pmin1e-05_epoch30_bs250_lr0.001_mon0.95_dp0.2_objective-channel_gradient-chan0.01-bec-outage0.5-frob-kl0.1_perc-pri0.5_epoch-pri70_bs-pri250_lr-pri0.005_mom-pri0.99_dp-pri0.2_seed7,bec-outage0.5_chan-layer4_mcsamples500_norm-frob_seed7_bounds.json
cnn-9,cifar10,30.0,bec,outage 0.5,frob,channel_grad,0.001,0.1,0.1,0.0919167622923851,0.35566739999999997,0.09107404351234435,14.561788558959961,✓,?,0.12013674168117104,0.3527,14.334837913513184,✓,?,0.34708782725644094,858.9219970703125,10.35475168824243,0.16154275834560394,8192.0,0.07566337287425995,0.09107404351234435,0.07807747721672058,0.27900193939393975,0.3527,0.28600000000000003,cnn-9_cifar10_learnt_gaussian_sig0.03_bounded-pmin1e-05_epoch30_bs250_lr0.001_mon0.95_dp0.2_objective-channel_gradient-chan0.1-bec-outage0.5-frob-kl0.1_perc-pri0.5_epoch-pri70_bs-pri250_lr-pri0.005_mom-pri0.99_dp-pri0.2_seed7,bec-outage0.5_chan-layer4_mcsamples500_norm-frob_seed7_bounds.json
cnn-9,cifar10,30.0,bec,outage 0.5,frob,channel_grad,0.001,0.1,1.0,0.10863031446933746,0.42282300000000006,0.10869888067245484,58.732540130615234,✓,?,0.11643505346381873,0.4252,58.49498748779297,✓,?,0.35398858233085284,11292.6875,7.85738748212965,0.12258179485797882,8192.0,0.07262750715017319,0.10869888067245484,0.07559013366699219,0.2855388282828286,0.4252,0.29890000000000005,cnn-9_cifar10_learnt_gaussian_sig0.03_bounded-pmin1e-05_epoch30_bs250_lr0.001_mon0.95_dp0.2_objective-channel_gradient-chan1.0-bec-outage0.5-frob-kl0.1_perc-pri0.5_epoch-pri70_bs-pri250_lr-pri0.005_mom-pri0.99_dp-pri0.2_seed7,bec-outage0.5_chan-layer4_mcsamples500_norm-frob_seed7_bounds.json
cnn-9,cifar10,30.0,bec,outage 0.5,frob,channel_grad,0.001,1.0,0.01,0.09877659380435944,0.33310819999999997,0.09795821905136108,21.07583999633789,✓,?,0.17037964418054347,0.33709999999999996,20.886714935302734,✓,?,0.3595039181301426,2.456883668899536,20.68661412355336,0.3227284252643585,8192.0,0.11813067644834518,0.09795821905136108,0.12143044471740723,0.29077082828282874,0.33709999999999996,0.29490000000000005,cnn-9_cifar10_learnt_gaussian_sig0.03_bounded-pmin1e-05_epoch30_bs250_lr0.001_mon0.95_dp0.2_objective-channel_gradient-chan0.01-bec-outage0.5-frob-kl1.0_perc-pri0.5_epoch-pri70_bs-pri250_lr-pri0.005_mom-pri0.99_dp-pri0.2_seed7,bec-outage0.5_chan-layer4_mcsamples500_norm-frob_seed7_bounds.json
cnn-9,cifar10,30.0,bec,outage 0.5,frob,channel_grad,0.001,1.0,0.1,0.0947280153632164,0.3368074,0.09397836923599243,18.513967514038086,✓,?,0.15451130252105777,0.33799999999999997,18.313308715820312,✓,?,0.35516823954321197,92.52511596679688,17.726280295928163,0.2765447497367859,8192.0,0.10449384152889252,0.09397836923599243,0.1075559377670288,0.2866568888888894,0.33799999999999997,0.29100000000000004,cnn-9_cifar10_learnt_gaussian_sig0.03_bounded-pmin1e-05_epoch30_bs250_lr0.001_mon0.95_dp0.2_objective-channel_gradient-chan0.1-bec-outage0.5-frob-kl1.0_perc-pri0.5_epoch-pri70_bs-pri250_lr-pri0.005_mom-pri0.99_dp-pri0.2_seed7,bec-outage0.5_chan-layer4_mcsamples500_norm-frob_seed7_bounds.json
cnn-9,cifar10,30.0,bec,outage 0.5,frob,channel_grad,0.001,1.0,1.0,0.09440629929304123,0.3655544,0.09372982978820801,19.460437774658203,✓,?,0.12411918854623678,0.364,19.228073120117188,✓,?,0.3564834611760173,1803.3670654296875,11.020316605231201,0.1719261258840561,8192.0,0.07894647866487503,0.09372982978820801,0.08092614412307739,0.2879014949494953,0.364,0.29390000000000005,cnn-9_cifar10_learnt_gaussian_sig0.03_bounded-pmin1e-05_epoch30_bs250_lr0.001_mon0.95_dp0.2_objective-channel_gradient-chan1.0-bec-outage0.5-frob-kl1.0_perc-pri0.5_epoch-pri70_bs-pri250_lr-pri0.005_mom-pri0.99_dp-pri0.2_seed7,bec-outage0.5_chan-layer4_mcsamples500_norm-frob_seed7_bounds.json
cnn-9,cifar10,50.0,bec,outage 0.5,frob,vanilla,0.001,1.0,0.0,0.08203155547380447,0.3190267999999999,0.08234166502952575,7.700301196716201,✓,-,0.1053844420140904,0.3238,7.499866763743854,✓,-,0.30581887498643767,1631.76806640625,0.07826044331633007,0.0012209281558170915,8192.0,0.06365515291690826,0.08234166502952575,0.07216920256614685,0.24025276767676754,0.3238,0.2612,cnn-9_cifar10_learnt_gaussian_sig0.03_bounded-pmin1e-05_epoch50_bs250_lr0.001_mon0.95_dp0.2_objective-vanilla_perc-pri0.5_epoch-pri70_bs-pri250_lr-pri0.005_mom-pri0.99_dp-pri0.2_seed7,bec-outage0.5_chan-layer4_mcsamples500_norm-frob_seed7_bounds.json
cnn-9,cifar10,50.0,bec,outage 0.5,frob,channel_grad,0.001,0.01,0.01,0.0907508060336113,0.3511398,0.09099050760269164,14.224113464355469,✓,✗,0.11753571149008125,0.3569,14.00172233581543,✓,✗,0.33992707907838976,837.1791381835938,10.121474057933877,0.15790343284606934,8192.0,0.07352863997220993,0.09099050760269164,0.07776328921318054,0.2722349090909093,0.3569,0.28159999999999996,cnn-9_cifar10_learnt_gaussian_sig0.03_bounded-pmin1e-05_epoch50_bs250_lr0.001_mon0.95_dp0.2_objective-channel_gradient-chan0.01-bec-outage0.5-frob-kl0.01_perc-pri0.5_epoch-pri70_bs-pri250_lr-pri0.005_mom-pri0.99_dp-pri0.2_seed7,bec-outage0.5_chan-layer4_mcsamples500_norm-frob_seed7_bounds.json
cnn-9,cifar10,50.0,bec,outage 0.5,frob,channel_grad,0.001,0.01,0.1,0.1005200669169426,0.3861752000000001,0.10078595876693726,47.65040588378906,✓,✗,0.10834936254034176,0.39,47.43453598022461,✓,✗,0.32421643189920146,8975.27734375,7.16879624795484,0.11183919757604599,8192.0,0.06604801118373871,0.10078595876693726,0.07017211318016052,0.25744905050505046,0.39,0.2782,cnn-9_cifar10_learnt_gaussian_sig0.03_bounded-pmin1e-05_epoch50_bs250_lr0.001_mon0.95_dp0.2_objective-channel_gradient-chan0.1-bec-outage0.5-frob-kl0.01_perc-pri0.5_epoch-pri70_bs-pri250_lr-pri0.005_mom-pri0.99_dp-pri0.2_seed7,bec-outage0.5_chan-layer4_mcsamples500_norm-frob_seed7_bounds.json
cnn-9,cifar10,50.0,bec,outage 0.5,frob,channel_grad,0.001,0.01,1.0,0.17083267867565155,0.7346518000000001,0.17098631858825683,225.5561065673828,✓,✗,0.21514822546993725,0.7348,224.99159240722656,✓,✗,0.7796534003106654,49597.578125,2.9506089516144223,0.04603195935487747,8192.0,0.15748535096645355,0.17098631858825683,0.1578432321548462,0.7174762828282838,0.7348,0.7153,cnn-9_cifar10_learnt_gaussian_sig0.03_bounded-pmin1e-05_epoch50_bs250_lr0.001_mon0.95_dp0.2_objective-channel_gradient-chan1.0-bec-outage0.5-frob-kl0.01_perc-pri0.5_epoch-pri70_bs-pri250_lr-pri0.005_mom-pri0.99_dp-pri0.2_seed7,bec-outage0.5_chan-layer4_mcsamples500_norm-frob_seed7_bounds.json
cnn-9,cifar10,50.0,bec,outage 0.5,frob,channel_grad,0.001,0.1,0.01,0.09314379096031189,0.33567520000000006,0.0934438407421112,17.811330795288086,✓,✗,0.15053559832702573,0.33730000000000004,17.60865592956543,✓,✗,0.35321053051911055,63.826900482177734,17.153943905964613,0.26761582493782043,8192.0,0.10110737383365631,0.0934438407421112,0.10596036911010742,0.2847990303030307,0.33730000000000004,0.2891,cnn-9_cifar10_learnt_gaussian_sig0.03_bounded-pmin1e-05_epoch50_bs250_lr0.001_mon0.95_dp0.2_objective-channel_gradient-chan0.01-bec-outage0.5-frob-kl0.1_perc-pri0.5_epoch-pri70_bs-pri250_lr-pri0.005_mom-pri0.99_dp-pri0.2_seed7,bec-outage0.5_chan-layer4_mcsamples500_norm-frob_seed7_bounds.json
cnn-9,cifar10,50.0,bec,outage 0.5,frob,channel_grad,0.001,0.1,0.1,0.09252729266881943,0.3575232000000001,0.0927786409854889,14.616419792175293,✓,✗,0.11992288479173811,0.36029999999999995,14.389668464660645,✓,✗,0.34667436761671633,879.2041015625,10.319092058425005,0.16098643839359283,8192.0,0.07548872381448746,0.0927786409854889,0.0794545829296112,0.27860614141414175,0.36029999999999995,0.28859999999999997,cnn-9_cifar10_learnt_gaussian_sig0.03_bounded-pmin1e-05_epoch50_bs250_lr0.001_mon0.95_dp0.2_objective-channel_gradient-chan0.1-bec-outage0.5-frob-kl0.1_perc-pri0.5_epoch-pri70_bs-pri250_lr-pri0.005_mom-pri0.99_dp-pri0.2_seed7,bec-outage0.5_chan-layer4_mcsamples500_norm-frob_seed7_bounds.json
cnn-9,cifar10,50.0,bec,outage 0.5,frob,channel_grad,0.001,0.1,1.0,0.09852809458971024,0.37768559999999995,0.09859392046928406,54.78235626220703,✓,✗,0.11465023760120492,0.3832,54.55144119262695,✓,✗,0.3455634348102804,10523.044921875,7.3575695446341784,0.11478421837091446,8192.0,0.07116885483264923,0.09859392046928406,0.0747218370437622,0.2775559595959601,0.3832,0.29510000000000003,cnn-9_cifar10_learnt_gaussian_sig0.03_bounded-pmin1e-05_epoch50_bs250_lr0.001_mon0.95_dp0.2_objective-channel_gradient-chan1.0-bec-outage0.5-frob-kl0.1_perc-pri0.5_epoch-pri70_bs-pri250_lr-pri0.005_mom-pri0.99_dp-pri0.2_seed7,bec-outage0.5_chan-layer4_mcsamples500_norm-frob_seed7_bounds.json
cnn-9,cifar10,50.0,bec,outage 0.5,frob,channel_grad,0.001,1.0,0.01,0.09861960262060165,0.3332112,0.0990092396736145,20.97749137878418,✓,✗,0.17000234348216234,0.33240000000000003,20.787900924682617,✓,✗,0.35959187525849234,2.5390303134918213,20.58781133179319,0.32118701934814453,8192.0,0.11780473589897156,0.0990092396736145,0.12278149127960206,0.2908562424242428,0.33240000000000003,0.2973,cnn-9_cifar10_learnt_gaussian_sig0.03_bounded-pmin1e-05_epoch50_bs250_lr0.001_mon0.95_dp0.2_objective-channel_gradient-chan0.01-bec-outage0.5-frob-kl1.0_perc-pri0.5_epoch-pri70_bs-pri250_lr-pri0.005_mom-pri0.99_dp-pri0.2_seed7,bec-outage0.5_chan-layer4_mcsamples500_norm-frob_seed7_bounds.json
cnn-9,cifar10,50.0,bec,outage 0.5,frob,channel_grad,0.001,1.0,0.1,0.09415503591299057,0.33716779999999996,0.09459425210952759,18.37122344970703,✓,✗,0.1532003285848728,0.33609999999999995,18.169126510620117,✓,✗,0.3552976767787233,104.80537414550781,17.52848750269432,0.2734590172767639,8192.0,0.10337701439857483,0.09459425210952759,0.10829312801361084,0.28677600000000053,0.33609999999999995,0.29500000000000004,cnn-9_cifar10_learnt_gaussian_sig0.03_bounded-pmin1e-05_epoch50_bs250_lr0.001_mon0.95_dp0.2_objective-channel_gradient-chan0.1-bec-outage0.5-frob-kl1.0_perc-pri0.5_epoch-pri70_bs-pri250_lr-pri0.005_mom-pri0.99_dp-pri0.2_seed7,bec-outage0.5_chan-layer4_mcsamples500_norm-frob_seed7_bounds.json
cnn-9,cifar10,50.0,bec,outage 0.5,frob,channel_grad,0.001,1.0,1.0,0.09225710481405258,0.3589344,0.09274140596389771,20.076431274414062,✓,✗,0.12312430394562336,0.36019999999999996,19.845279693603516,✓,✗,0.3542749720800848,2042.36962890625,10.569668439352924,0.16489563882350922,8192.0,0.07812586426734924,0.09274140596389771,0.08129754066467285,0.285807353535354,0.36019999999999996,0.2963,cnn-9_cifar10_learnt_gaussian_sig0.03_bounded-pmin1e-05_epoch50_bs250_lr0.001_mon0.95_dp0.2_objective-channel_gradient-chan1.0-bec-outage0.5-frob-kl1.0_perc-pri0.5_epoch-pri70_bs-pri250_lr-pri0.005_mom-pri0.99_dp-pri0.2_seed7,bec-outage0.5_chan-layer4_mcsamples500_norm-frob_seed7_bounds.json
cnn-9,cifar10,5.0,bec,outage 0.5,spec,vanilla,0.001,1.0,0.0,0.08803408592939377,0.33235419999999993,0.08864082098007202,1.1710660547950726,✓,-,0.13587178551409745,0.33720000000000006,0.9610654869561687,✓,-,0.3458723533530013,176.48338317871094,0.01720277965068817,0.01720277965068817,8192.0,0.08872807025909424,0.08864082098007202,0.09326362013816833,0.27784832323232356,0.33720000000000006,0.28459999999999996,cnn-9_cifar10_learnt_gaussian_sig0.03_bounded-pmin1e-05_epoch5_bs250_lr0.001_mon0.95_dp0.2_objective-vanilla_perc-pri0.5_epoch-pri70_bs-pri250_lr-pri0.005_mom-pri0.99_dp-pri0.2_seed7,bec-outage0.5_chan-layer4_mcsamples500_norm-spec_seed7_bounds.json
cnn-9,cifar10,5.0,bec,outage 0.5,spec,channel_grad,0.001,0.01,0.01,0.09012287855148315,0.33104539999999993,0.08976985216140747,0.8608689308166504,✓,✗,0.1452160055281309,0.33099999999999996,0.6568496227264404,✓,✓,0.3492352614703641,84.70845031738281,0.11407267302274704,0.11407267302274704,8192.0,0.09659597277641296,0.08976985216140747,0.10096892118453979,0.2810341010101014,0.33099999999999996,0.2911,cnn-9_cifar10_learnt_gaussian_sig0.03_bounded-pmin1e-05_epoch5_bs250_lr0.001_mon0.95_dp0.2_objective-channel_gradient-chan0.01-bec-outage0.5-spec-kl0.01_perc-pri0.5_epoch-pri70_bs-pri250_lr-pri0.005_mom-pri0.99_dp-pri0.2_seed7,bec-outage0.5_chan-layer4_mcsamples500_norm-spec_seed7_bounds.json
cnn-9,cifar10,5.0,bec,outage 0.5,spec,channel_grad,0.001,0.01,0.1,0.08923652023077011,0.3315738000000001,0.08884713053703308,0.9959807991981506,✓,✗,0.14133375365231643,0.33309999999999995,0.7893335223197937,✓,✓,0.3479810270189405,116.42084503173828,0.1086166724562645,0.1086166724562645,8192.0,0.09331720322370529,0.08884713053703308,0.09767187237739564,0.2798426666666671,0.33309999999999995,0.2903,cnn-9_cifar10_learnt_gaussian_sig0.03_bounded-pmin1e-05_epoch5_bs250_lr0.001_mon0.95_dp0.2_objective-channel_gradient-chan0.1-bec-outage0.5-spec-kl0.01_perc-pri0.5_epoch-pri70_bs-pri250_lr-pri0.005_mom-pri0.99_dp-pri0.2_seed7,bec-outage0.5_chan-layer4_mcsamples500_norm-spec_seed7_bounds.json
cnn-9,cifar10,5.0,bec,outage 0.5,spec,channel_grad,0.001,0.01,1.0,0.08792883157730103,0.3399608000000001,0.08752250671386719,2.6027121543884277,✓,✓,0.12343177359409209,0.3368,2.3830008506774902,✓,✗,0.34314305846138976,482.95159912109375,0.08101055026054382,0.08101055026054382,8192.0,0.07837888598442078,0.08752250671386719,0.08212705850601196,0.2752686060606064,0.3368,0.28680000000000005,cnn-9_cifar10_learnt_gaussian_sig0.03_bounded-pmin1e-05_epoch5_bs250_lr0.001_mon0.95_dp0.2_objective-channel_gradient-chan1.0-bec-outage0.5-spec-kl0.01_perc-pri0.5_epoch-pri70_bs-pri250_lr-pri0.005_mom-pri0.99_dp-pri0.2_seed7,bec-outage0.5_chan-layer4_mcsamples500_norm-spec_seed7_bounds.json
cnn-9,cifar10,5.0,bec,outage 0.5,spec,channel_grad,0.001,0.1,0.01,0.09720566868782043,0.33180960000000004,0.0969916820526123,0.5354230403900146,✓,✗,0.1670729449226302,0.3315,0.3445938527584076,✓,✓,0.3579021623003925,4.217618942260742,0.13992589712142944,0.13992589712142944,8192.0,0.11527492851018906,0.0969916820526123,0.11873120069503784,0.28924937373737425,0.3315,0.29410000000000003,cnn-9_cifar10_learnt_gaussian_sig0.03_bounded-pmin1e-05_epoch5_bs250_lr0.001_mon0.95_dp0.2_objective-channel_gradient-chan0.01-bec-outage0.5-spec-kl0.1_perc-pri0.5_epoch-pri70_bs-pri250_lr-pri0.005_mom-pri0.99_dp-pri0.2_seed7,bec-outage0.5_chan-layer4_mcsamples500_norm-spec_seed7_bounds.json
cnn-9,cifar10,5.0,bec,outage 0.5,spec,channel_grad,0.001,0.1,0.1,0.09664155542850494,0.331552,0.09639741778373719,0.5411699414253235,✓,✗,0.1656467653503121,0.33020000000000005,0.3495539724826813,✓,✓,0.35726274458165297,6.1636271476745605,0.13760939240455627,0.13760939240455627,8192.0,0.11404544860124588,0.09639741778373719,0.11756953001022338,0.2886437171717177,0.33020000000000005,0.2944,cnn-9_cifar10_learnt_gaussian_sig0.03_bounded-pmin1e-05_epoch5_bs250_lr0.001_mon0.95_dp0.2_objective-channel_gradient-chan0.1-bec-outage0.5-spec-kl0.1_perc-pri0.5_epoch-pri70_bs-pri250_lr-pri0.005_mom-pri0.99_dp-pri0.2_seed7,bec-outage0.5_chan-layer4_mcsamples500_norm-spec_seed7_bounds.json
cnn-9,cifar10,5.0,bec,outage 0.5,spec,channel_grad,0.001,0.1,1.0,0.09297648072242737,0.3307124,0.09265165328979492,0.6762306690216064,✓,✗,0.1552002682901505,0.32799999999999996,0.4781465530395508,✓,✓,0.3532843631486884,40.132808685302734,0.12473365664482117,0.12473365664482117,8192.0,0.10508254915475845,0.09265165328979492,0.10883967876434326,0.2848686060606065,0.32799999999999996,0.2935,cnn-9_cifar10_learnt_gaussian_sig0.03_bounded-pmin1e-05_epoch5_bs250_lr0.001_mon0.95_dp0.2_objective-channel_gradient-chan1.0-bec-outage0.5-spec-kl0.1_perc-pri0.5_epoch-pri70_bs-pri250_lr-pri0.005_mom-pri0.99_dp-pri0.2_seed7,bec-outage0.5_chan-layer4_mcsamples500_norm-spec_seed7_bounds.json
cnn-9,cifar10,5.0,bec,outage 0.5,spec,channel_grad,0.001,1.0,0.01,0.09963023662567139,0.33306959999999997,0.09951080679893494,0.5275359153747559,✓,✗,0.17302520613059133,0.3335,0.3395228385925293,✓,✗,0.3610383106311726,0.14916741847991943,0.14709730446338654,0.14709730446338654,8192.0,0.1204221248626709,0.09951080679893494,0.12349035739898681,0.2922307070707076,0.3335,0.29590000000000005,cnn-9_cifar10_learnt_gaussian_sig0.03_bounded-pmin1e-05_epoch5_bs250_lr0.001_mon0.95_dp0.2_objective-channel_gradient-chan0.01-bec-outage0.5-spec-kl1.0_perc-pri0.5_epoch-pri70_bs-pri250_lr-pri0.005_mom-pri0.99_dp-pri0.2_seed7,bec-outage0.5_chan-layer4_mcsamples500_norm-spec_seed7_bounds.json
cnn-9,cifar10,5.0,bec,outage 0.5,spec,channel_grad,0.001,1.0,0.1,0.09954673796892166,0.33297940000000004,0.09942415952682496,0.5273496508598328,✓,✗,0.17283092324260643,0.3336,0.3392624855041504,✓,✗,0.3609180787222417,0.2090906798839569,0.14676325023174286,0.14676325023174286,8192.0,0.120254747569561,0.09942415952682496,0.12333453893661499,0.29211547474747523,0.3336,0.2952,cnn-9_cifar10_learnt_gaussian_sig0.03_bounded-pmin1e-05_epoch5_bs250_lr0.001_mon0.95_dp0.2_objective-channel_gradient-chan0.1-bec-outage0.5-spec-kl1.0_perc-pri0.5_epoch-pri70_bs-pri250_lr-pri0.005_mom-pri0.99_dp-pri0.2_seed7,bec-outage0.5_chan-layer4_mcsamples500_norm-spec_seed7_bounds.json
cnn-9,cifar10,5.0,bec,outage 0.5,spec,channel_grad,0.001,1.0,1.0,0.09899222105741501,0.33311379999999996,0.09887911081314087,0.5314574837684631,✓,✗,0.17104624695117945,0.3338,0.3424282670021057,✓,✗,0.3600754977319971,1.7911639213562012,0.14463843405246735,0.14463843405246735,8192.0,0.11870703846216202,0.09887911081314087,0.12180128097534179,0.29131393939393996,0.3338,0.29490000000000005,cnn-9_cifar10_learnt_gaussian_sig0.03_bounded-pmin1e-05_epoch5_bs250_lr0.001_mon0.95_dp0.2_objective-channel_gradient-chan1.0-bec-outage0.5-spec-kl1.0_perc-pri0.5_epoch-pri70_bs-pri250_lr-pri0.005_mom-pri0.99_dp-pri0.2_seed7,bec-outage0.5_chan-layer4_mcsamples500_norm-spec_seed7_bounds.json
cnn-9,cifar10,10.0,bec,outage 0.5,spec,vanilla,0.001,1.0,0.0,0.08649998158216476,0.33465100000000003,0.08701789975166321,2.1787581133511997,✓,-,0.12353750562684003,0.3418,1.9630223006538463,✓,-,0.3392733183241933,403.2857666015625,0.01720277965068817,0.01720277965068817,8192.0,0.0784660279750824,0.08701789975166321,0.08321919441223144,0.27161826262626304,0.3418,0.28090000000000004,cnn-9_cifar10_learnt_gaussian_sig0.03_bounded-pmin1e-05_epoch10_bs250_lr0.001_mon0.95_dp0.2_objective-vanilla_perc-pri0.5_epoch-pri70_bs-pri250_lr-pri0.005_mom-pri0.99_dp-pri0.2_seed7,bec-outage0.5_chan-layer4_mcsamples500_norm-spec_seed7_bounds.json
cnn-9,cifar10,10.0,bec,outage 0.5,spec,channel_grad,0.001,0.0001,0.0001,0.08684273809194565,0.3354313999999998,0.08662779927253723,2.218930244445801,✓,✗,0.12369658443498223,0.3385,2.003469228744507,✓,✗,0.33915783299852653,397.0321350097656,0.08545759320259094,0.08545759320259094,8192.0,0.07859817892313004,0.08662779927253723,0.0846688687801361,0.2715093333333336,0.3385,0.28790000000000004,cnn-9_cifar10_learnt_gaussian_sig0.03_bounded-pmin1e-05_epoch10_bs250_lr0.001_mon0.95_dp0.2_objective-channel_gradient-chan0.0001-bec-outage0.5-spec-kl0.0001_perc-pri0.5_epoch-pri70_bs-pri250_lr-pri0.005_mom-pri0.99_dp-pri0.2_seed7,bec-outage0.5_chan-layer4_mcsamples500_norm-spec_seed7_bounds.json
cnn-9,cifar10,10.0,bec,outage 0.5,spec,channel_grad,0.001,0.0001,0.001,0.0868508592247963,0.33546180000000003,0.08663487434387207,2.2234206199645996,✓,✗,0.12365625048038205,0.33899999999999997,2.0079195499420166,✓,✗,0.33915709995705234,398.03240966796875,0.08547511696815491,0.08547511696815491,8192.0,0.07856500893831253,0.08663487434387207,0.08462892174720764,0.2715085252525255,0.33899999999999997,0.2873,cnn-9_cifar10_learnt_gaussian_sig0.03_bounded-pmin1e-05_epoch10_bs250_lr0.001_mon0.95_dp0.2_objective-channel_gradient-chan0.001-bec-outage0.5-spec-kl0.0001_perc-pri0.5_epoch-pri70_bs-pri250_lr-pri0.005_mom-pri0.99_dp-pri0.2_seed7,bec-outage0.5_chan-layer4_mcsamples500_norm-spec_seed7_bounds.json
cnn-9,cifar10,10.0,bec,outage 0.5,spec,channel_grad,0.001,0.0001,0.01,0.0868825912475586,0.33573860000000005,0.08666240572929382,2.268439769744873,✓,✗,0.123284237672312,0.33999999999999997,2.052694320678711,✓,✗,0.3390298073609891,408.2994384765625,0.08470617234706879,0.08470617234706879,8192.0,0.07825703918933868,0.08666240572929382,0.08426330089569092,0.27138658585858627,0.33999999999999997,0.28800000000000003,cnn-9_cifar10_learnt_gaussian_sig0.03_bounded-pmin1e-05_epoch10_bs250_lr0.001_mon0.95_dp0.2_objective-channel_gradient-chan0.01-bec-outage0.5-spec-kl0.0001_perc-pri0.5_epoch-pri70_bs-pri250_lr-pri0.005_mom-pri0.99_dp-pri0.2_seed7,bec-outage0.5_chan-layer4_mcsamples500_norm-spec_seed7_bounds.json
cnn-9,cifar10,10.0,bec,outage 0.5,spec,channel_grad,0.001,0.001,0.0001,0.08691151440143585,0.3346808,0.08672565221786499,1.995129942893982,✓,✗,0.125645807814044,0.3379,1.7805529832839966,✓,✗,0.3402227257760736,346.1212463378906,0.08827266842126846,0.08827266842126846,8192.0,0.08021053671836853,0.08672565221786499,0.08633692264556884,0.2725119191919196,0.3379,0.2884,cnn-9_cifar10_learnt_gaussian_sig0.03_bounded-pmin1e-05_epoch10_bs250_lr0.001_mon0.95_dp0.2_objective-channel_gradient-chan0.0001-bec-outage0.5-spec-kl0.001_perc-pri0.5_epoch-pri70_bs-pri250_lr-pri0.005_mom-pri0.99_dp-pri0.2_seed7,bec-outage0.5_chan-layer4_mcsamples500_norm-spec_seed7_bounds.json
cnn-9,cifar10,10.0,bec,outage 0.5,spec,channel_grad,0.001,0.001,0.001,0.08691326528787613,0.334707,0.086721533536911,1.999925971031189,✓,✗,0.1255948894426805,0.33799999999999997,1.7853307723999023,✓,✗,0.3401900591069415,347.2098693847656,0.08823290467262268,0.08823290467262268,8192.0,0.08016804605722427,0.086721533536911,0.0862866222858429,0.2724820202020205,0.33799999999999997,0.2881,cnn-9_cifar10_learnt_gaussian_sig0.03_bounded-pmin1e-05_epoch10_bs250_lr0.001_mon0.95_dp0.2_objective-channel_gradient-chan0.001-bec-outage0.5-spec-kl0.001_perc-pri0.5_epoch-pri70_bs-pri250_lr-pri0.005_mom-pri0.99_dp-pri0.2_seed7,bec-outage0.5_chan-layer4_mcsamples500_norm-spec_seed7_bounds.json
cnn-9,cifar10,10.0,bec,outage 0.5,spec,channel_grad,0.001,0.001,0.01,0.0869528278708458,0.33506400000000014,0.08674100041389465,2.0392355918884277,✓,✗,0.12520995993404838,0.3386,1.8243499994277954,✓,✗,0.34009562877240873,356.17645263671875,0.0875372514128685,0.0875372514128685,8192.0,0.07984989136457443,0.08674100041389465,0.08592205047607422,0.27239014141414175,0.3386,0.2883,cnn-9_cifar10_learnt_gaussian_sig0.03_bounded-pmin1e-05_epoch10_bs250_lr0.001_mon0.95_dp0.2_objective-channel_gradient-chan0.01-bec-outage0.5-spec-kl0.001_perc-pri0.5_epoch-pri70_bs-pri250_lr-pri0.005_mom-pri0.99_dp-pri0.2_seed7,bec-outage0.5_chan-layer4_mcsamples500_norm-spec_seed7_bounds.json
cnn-9,cifar10,10.0,bec,outage 0.5,spec,channel_grad,0.001,0.01,0.0001,0.08934421092271805,0.33179919999999996,0.08923614621162415,0.9802054762840271,✓,✗,0.14137670642410816,0.33540000000000003,0.7738074660301208,✓,✓,0.3477746572994107,112.84601593017578,0.10903484374284744,0.10903484374284744,8192.0,0.09335342794656754,0.08923614621162415,0.09979749321937562,0.2796511515151519,0.33540000000000003,0.2923,cnn-9_cifar10_learnt_gaussian_sig0.03_bounded-pmin1e-05_epoch10_bs250_lr0.001_mon0.95_dp0.2_objective-channel_gradient-chan0.0001-bec-outage0.5-spec-kl0.01_perc-pri0.5_epoch-pri70_bs-pri250_lr-pri0.005_mom-pri0.99_dp-pri0.2_seed7,bec-outage0.5_chan-layer4_mcsamples500_norm-spec_seed7_bounds.json
cnn-9,cifar10,10.0,bec,outage 0.5,spec,channel_grad,0.001,0.01,0.001,0.08933594077825546,0.3318112,0.08922351598739624,0.9818657636642456,✓,✗,0.14132899020209566,0.33530000000000004,0.7754300832748413,✓,✓,0.34776463355087817,113.21568298339844,0.109051913022995,0.109051913022995,8192.0,0.09331399947404861,0.08922351598739624,0.09975699782371521,0.2796400808080812,0.33530000000000004,0.2922,cnn-9_cifar10_learnt_gaussian_sig0.03_bounded-pmin1e-05_epoch10_bs250_lr0.001_mon0.95_dp0.2_objective-channel_gradient-chan0.001-bec-outage0.5-spec-kl0.01_perc-pri0.5_epoch-pri70_bs-pri250_lr-pri0.005_mom-pri0.99_dp-pri0.2_seed7,bec-outage0.5_chan-layer4_mcsamples500_norm-spec_seed7_bounds.json
cnn-9,cifar10,10.0,bec,outage 0.5,spec,channel_grad,0.001,0.01,0.01,0.08926545828580856,0.33192660000000007,0.0891518771648407,0.9971450545200651,✓,✗,0.14092372317802648,0.3356,0.7904567335843675,✓,✓,0.34761204411372393,116.78837585449219,0.10850627720355988,0.10850627720355988,8192.0,0.09297192841768265,0.0891518771648407,0.09937527179718017,0.27949583838383874,0.3356,0.2922,cnn-9_cifar10_learnt_gaussian_sig0.03_bounded-pmin1e-05_epoch10_bs250_lr0.001_mon0.95_dp0.2_objective-channel_gradient-chan0.01-bec-outage0.5-spec-kl0.01_perc-pri0.5_epoch-pri70_bs-pri250_lr-pri0.005_mom-pri0.99_dp-pri0.2_seed7,bec-outage0.5_chan-layer4_mcsamples500_norm-spec_seed7_bounds.json
cnn-9,cifar10,10.0,bec,outage 0.5,spec,channel_grad,0.001,0.01,0.1,0.08865504711866379,0.33291039999999994,0.08850358128547668,1.1605779088761181,✓,✗,0.13720942136901237,0.3357,0.9513709057189823,✓,✓,0.34641642452614807,154.82125854492188,0.10304652899503708,0.10304652899503708,8192.0,0.08984943479299545,0.08850358128547668,0.09591723680496216,0.27836387878787927,0.3357,0.28969999999999996,cnn-9_cifar10_learnt_gaussian_sig0.03_bounded-pmin1e-05_epoch10_bs250_lr0.001_mon0.95_dp0.2_objective-channel_gradient-chan0.1-bec-outage0.5-spec-kl0.01_perc-pri0.5_epoch-pri70_bs-pri250_lr-pri0.005_mom-pri0.99_dp-pri0.2_seed7,bec-outage0.5_chan-layer4_mcsamples500_norm-spec_seed7_bounds.json
cnn-9,cifar10,10.0,bec,outage 0.5,spec,channel_grad,0.001,0.01,1.0,0.08810167759656906,0.34126460000000003,0.08789770007133484,2.964116177508817,✓,✗,0.12129200002444694,0.34630000000000005,2.7443432883670185,✓,✗,0.34106488916624533,565.047119140625,0.07735051214694977,0.07735051214694977,8192.0,0.07661429047584534,0.08789770007133484,0.08138279318809509,0.2733060202020206,0.34630000000000005,0.28890000000000005,cnn-9_cifar10_learnt_gaussian_sig0.03_bounded-pmin1e-05_epoch10_bs250_lr0.001_mon0.95_dp0.2_objective-channel_gradient-chan1.0-bec-outage0.5-spec-kl0.01_perc-pri0.5_epoch-pri70_bs-pri250_lr-pri0.005_mom-pri0.99_dp-pri0.2_seed7,bec-outage0.5_chan-layer4_mcsamples500_norm-spec_seed7_bounds.json
cnn-9,cifar10,10.0,bec,outage 0.5,spec,channel_grad,0.001,0.1,0.01,0.09727400541305542,0.332068,0.0969901442527771,0.5357786199270402,✓,✗,0.1669826913062472,0.3348,0.34493343451916403,✓,✓,0.3578278767141234,4.290190696716309,0.14003118872642517,0.14003118872642517,8192.0,0.11519698798656464,0.0969901442527771,0.12143628597259522,0.28917915151515194,0.3348,0.2984,cnn-9_cifar10_learnt_gaussian_sig0.03_bounded-pmin1e-05_epoch10_bs250_lr0.001_mon0.95_dp0.2_objective-channel_gradient-chan0.01-bec-outage0.5-spec-kl0.1_perc-pri0.5_epoch-pri70_bs-pri250_lr-pri0.005_mom-pri0.99_dp-pri0.2_seed7,bec-outage0.5_chan-layer4_mcsamples500_norm-spec_seed7_bounds.json
cnn-9,cifar10,10.0,bec,outage 0.5,spec,channel_grad,0.001,0.1,0.1,0.09675607830286026,0.3319576000000001,0.09648420810699462,0.5416336743674067,✓,✗,0.16555646464656038,0.3347,0.3499512941333645,✓,✓,0.35723884488060254,6.161839962005615,0.13810500502586365,0.13810500502586365,8192.0,0.11396750807762146,0.09648420810699462,0.12020732164382934,0.28862327272727306,0.3347,0.2975,cnn-9_cifar10_learnt_gaussian_sig0.03_bounded-pmin1e-05_epoch10_bs250_lr0.001_mon0.95_dp0.2_objective-channel_gradient-chan0.1-bec-outage0.5-spec-kl0.1_perc-pri0.5_epoch-pri70_bs-pri250_lr-pri0.005_mom-pri0.99_dp-pri0.2_seed7,bec-outage0.5_chan-layer4_mcsamples500_norm-spec_seed7_bounds.json
cnn-9,cifar10,10.0,bec,outage 0.5,spec,channel_grad,0.001,0.1,1.0,0.09334080666303635,0.33253699999999997,0.09318232536315918,0.6774448395733909,✓,✗,0.1546996293325646,0.3376,0.4785533971871974,✓,✓,0.35359107171875803,40.41800308227539,0.12436572462320328,0.12436572462320328,8192.0,0.10465532541275024,0.09318232536315918,0.11064585447311401,0.2851595151515155,0.3376,0.2944,cnn-9_cifar10_learnt_gaussian_sig0.03_bounded-pmin1e-05_epoch10_bs250_lr0.001_mon0.95_dp0.2_objective-channel_gradient-chan1.0-bec-outage0.5-spec-kl0.1_perc-pri0.5_epoch-pri70_bs-pri250_lr-pri0.005_mom-pri0.99_dp-pri0.2_seed7,bec-outage0.5_chan-layer4_mcsamples500_norm-spec_seed7_bounds.json
cnn-9,cifar10,10.0,bec,outage 0.5,spec,channel_grad,0.001,1.0,0.01,0.09957152605056763,0.3330612000000001,0.09922361969947815,0.5271946465535216,✓,✗,0.17302648104045434,0.3337,0.33928874989441205,✓,✓,0.36093237769956377,0.15635627508163452,0.1468297839164734,0.1468297839164734,8192.0,0.12042348086833954,0.09922361969947815,0.12657846212387086,0.2921313131313136,0.3337,0.30100000000000005,cnn-9_cifar10_learnt_gaussian_sig0.03_bounded-pmin1e-05_epoch10_bs250_lr0.001_mon0.95_dp0.2_objective-channel_gradient-chan0.01-bec-outage0.5-spec-kl1.0_perc-pri0.5_epoch-pri70_bs-pri250_lr-pri0.005_mom-pri0.99_dp-pri0.2_seed7,bec-outage0.5_chan-layer4_mcsamples500_norm-spec_seed7_bounds.json
cnn-9,cifar10,10.0,bec,outage 0.5,spec,channel_grad,0.001,1.0,0.1,0.09945867210626602,0.3328821999999999,0.09911001324653626,0.5270399400385979,✓,✗,0.17284144560939907,0.33409999999999995,0.3390942715386165,✓,✓,0.36078711410938036,0.2172362506389618,0.1465480774641037,0.1465480774641037,8192.0,0.12026236951351166,0.09911001324653626,0.1264352560043335,0.29199434343434394,0.33409999999999995,0.30089999999999995,cnn-9_cifar10_learnt_gaussian_sig0.03_bounded-pmin1e-05_epoch10_bs250_lr0.001_mon0.95_dp0.2_objective-channel_gradient-chan0.1-bec-outage0.5-spec-kl1.0_perc-pri0.5_epoch-pri70_bs-pri250_lr-pri0.005_mom-pri0.99_dp-pri0.2_seed7,bec-outage0.5_chan-layer4_mcsamples500_norm-spec_seed7_bounds.json
cnn-9,cifar10,10.0,bec,outage 0.5,spec,channel_grad,0.001,1.0,1.0,0.09846024960279465,0.3316923999999999,0.09811090230941773,0.5306677827550571,✓,✗,0.17110953036743137,0.3336,0.3420766762069001,✓,✓,0.3597006369155884,1.7637133598327637,0.14434634149074554,0.14434634149074554,8192.0,0.11876359581947327,0.09811090230941773,0.1250404953956604,0.2909587070707074,0.3336,0.30000000000000004,cnn-9_cifar10_learnt_gaussian_sig0.03_bounded-pmin1e-05_epoch10_bs250_lr0.001_mon0.95_dp0.2_objective-channel_gradient-chan1.0-bec-outage0.5-spec-kl1.0_perc-pri0.5_epoch-pri70_bs-pri250_lr-pri0.005_mom-pri0.99_dp-pri0.2_seed7,bec-outage0.5_chan-layer4_mcsamples500_norm-spec_seed7_bounds.json
cnn-9,cifar10,20.0,bec,outage 0.5,spec,vanilla,0.001,1.0,0.0,0.0855119526386261,0.3324040000000001,0.08599846363067627,3.7111001100967482,✓,-,0.1148897754081969,0.33620000000000005,3.4977358750742296,✓,-,0.3282540104307153,748.391845703125,0.01720277965068817,0.01720277965068817,8192.0,0.07136441022157669,0.08599846363067627,0.07680779099464416,0.2612414545454548,0.33620000000000005,0.2753,cnn-9_cifar10_learnt_gaussian_sig0.03_bounded-pmin1e-05_epoch20_bs250_lr0.001_mon0.95_dp0.2_objective-vanilla_perc-pri0.5_epoch-pri70_bs-pri250_lr-pri0.005_mom-pri0.99_dp-pri0.2_seed7,bec-outage0.5_chan-layer4_mcsamples500_norm-spec_seed7_bounds.json
cnn-9,cifar10,20.0,bec,outage 0.5,spec,channel_grad,0.001,0.0001,0.0001,0.08541546016931534,0.33166599999999996,0.08533756732940674,3.681422710418701,✓,✓,0.11526777345417896,0.32989999999999997,3.4679760932922363,✓,✓,0.3287143461897245,728.77099609375,0.07481200993061066,0.07481200993061066,8192.0,0.071673683822155,0.08533756732940674,0.07757683396339417,0.26167337373737387,0.32989999999999997,0.2751,cnn-9_cifar10_learnt_gaussian_sig0.03_bounded-pmin1e-05_epoch20_bs250_lr0.001_mon0.95_dp0.2_objective-channel_gradient-chan0.0001-bec-outage0.5-spec-kl0.0001_perc-pri0.5_epoch-pri70_bs-pri250_lr-pri0.005_mom-pri0.99_dp-pri0.2_seed7,bec-outage0.5_chan-layer4_mcsamples500_norm-spec_seed7_bounds.json
cnn-9,cifar10,20.0,bec,outage 0.5,spec,channel_grad,0.001,0.0001,0.001,0.08543302863836288,0.33172640000000003,0.08536170721054077,3.6884207725524902,✓,✓,0.11523480151881106,0.3296,3.47497296333313,✓,✓,0.32868270439149394,730.3749389648438,0.074668750166893,0.074668750166893,8192.0,0.07164651900529861,0.08536170721054077,0.07754075527191162,0.2616447676767678,0.3296,0.2754,cnn-9_cifar10_learnt_gaussian_sig0.03_bounded-pmin1e-05_epoch20_bs250_lr0.001_mon0.95_dp0.2_objective-channel_gradient-chan0.001-bec-outage0.5-spec-kl0.0001_perc-pri0.5_epoch-pri70_bs-pri250_lr-pri0.005_mom-pri0.99_dp-pri0.2_seed7,bec-outage0.5_chan-layer4_mcsamples500_norm-spec_seed7_bounds.json
cnn-9,cifar10,20.0,bec,outage 0.5,spec,channel_grad,0.001,0.0001,0.01,0.08549337834119797,0.33195,0.08543795347213745,3.758214235305786,✓,✓,0.11496637110941131,0.3308,3.5446860790252686,✓,✓,0.3284947317589836,746.1319580078125,0.07418268918991089,0.07418268918991089,8192.0,0.07142619043588638,0.08543795347213745,0.07728891372680664,0.2614690101010103,0.3308,0.27490000000000003,cnn-9_cifar10_learnt_gaussian_sig0.03_bounded-pmin1e-05_epoch20_bs250_lr0.001_mon0.95_dp0.2_objective-channel_gradient-chan0.01-bec-outage0.5-spec-kl0.0001_perc-pri0.5_epoch-pri70_bs-pri250_lr-pri0.005_mom-pri0.99_dp-pri0.2_seed7,bec-outage0.5_chan-layer4_mcsamples500_norm-spec_seed7_bounds.json
cnn-9,cifar10,20.0,bec,outage 0.5,spec,channel_grad,0.001,0.001,0.0001,0.08551710844039917,0.33153800000000005,0.08536670804023742,2.983621597290039,✓,✗,0.11846981651590047,0.32709999999999995,2.7700557708740234,✓,✓,0.3320357118707004,570.981689453125,0.07934481650590897,0.07934481650590897,8192.0,0.07429429888725281,0.08536670804023742,0.0799955427646637,0.2647958787878791,0.32709999999999995,0.2791,cnn-9_cifar10_learnt_gaussian_sig0.03_bounded-pmin1e-05_epoch20_bs250_lr0.001_mon0.95_dp0.2_objective-channel_gradient-chan0.0001-bec-outage0.5-spec-kl0.001_perc-pri0.5_epoch-pri70_bs-pri250_lr-pri0.005_mom-pri0.99_dp-pri0.2_seed7,bec-outage0.5_chan-layer4_mcsamples500_norm-spec_seed7_bounds.json
cnn-9,cifar10,20.0,bec,outage 0.5,spec,channel_grad,0.001,0.001,0.001,0.0855192020535469,0.33152820000000005,0.08537392020225525,2.988687753677368,✓,✗,0.1184340340014353,0.32720000000000005,2.775111198425293,✓,✓,0.3320105000481913,572.124755859375,0.07932402193546295,0.07932402193546295,8192.0,0.0742659941315651,0.08537392020225525,0.07996440529823304,0.26477430303030336,0.32720000000000005,0.2791,cnn-9_cifar10_learnt_gaussian_sig0.03_bounded-pmin1e-05_epoch20_bs250_lr0.001_mon0.95_dp0.2_objective-channel_gradient-chan0.001-bec-outage0.5-spec-kl0.001_perc-pri0.5_epoch-pri70_bs-pri250_lr-pri0.005_mom-pri0.99_dp-pri0.2_seed7,bec-outage0.5_chan-layer4_mcsamples500_norm-spec_seed7_bounds.json
cnn-9,cifar10,20.0,bec,outage 0.5,spec,channel_grad,0.001,0.001,0.01,0.08556731790304184,0.3318084,0.08543309569358826,3.0412240028381348,✓,✗,0.11814245840701067,0.32699999999999996,2.827505350112915,✓,✓,0.33186104498301605,584.0376586914062,0.07873357832431793,0.07873357832431793,8192.0,0.07402657717466354,0.08543309569358826,0.07968838810920716,0.2646345050505052,0.32699999999999996,0.27769999999999995,cnn-9_cifar10_learnt_gaussian_sig0.03_bounded-pmin1e-05_epoch20_bs250_lr0.001_mon0.95_dp0.2_objective-channel_gradient-chan0.01-bec-outage0.5-spec-kl0.001_perc-pri0.5_epoch-pri70_bs-pri250_lr-pri0.005_mom-pri0.99_dp-pri0.2_seed7,bec-outage0.5_chan-layer4_mcsamples500_norm-spec_seed7_bounds.json
cnn-9,cifar10,20.0,bec,outage 0.5,spec,channel_grad,0.001,0.01,0.0001,0.08896257728338242,0.3312482,0.08843549489974975,1.0165706872940063,✓,✗,0.1403694440912468,0.3286,0.8099942803382874,✓,✓,0.34694582294483356,121.47126770019531,0.1076555997133255,0.1076555997133255,8192.0,0.09250549972057343,0.08843549489974975,0.09759489297866822,0.27886335353535396,0.3286,0.2884,cnn-9_cifar10_learnt_gaussian_sig0.03_bounded-pmin1e-05_epoch20_bs250_lr0.001_mon0.95_dp0.2_objective-channel_gradient-chan0.0001-bec-outage0.5-spec-kl0.01_perc-pri0.5_epoch-pri70_bs-pri250_lr-pri0.005_mom-pri0.99_dp-pri0.2_seed7,bec-outage0.5_chan-layer4_mcsamples500_norm-spec_seed7_bounds.json
cnn-9,cifar10,20.0,bec,outage 0.5,spec,channel_grad,0.001,0.01,0.001,0.08895809203386307,0.3312799999999999,0.08843064904212952,1.0179917812347412,✓,✗,0.1403287476548758,0.3286,0.8113906383514404,✓,✓,0.34693000278368896,121.80925750732422,0.10758104920387268,0.10758104920387268,8192.0,0.09247167408466339,0.08843064904212952,0.09755590558052063,0.2788519595959598,0.3286,0.28879999999999995,cnn-9_cifar10_learnt_gaussian_sig0.03_bounded-pmin1e-05_epoch20_bs250_lr0.001_mon0.95_dp0.2_objective-channel_gradient-chan0.001-bec-outage0.5-spec-kl0.01_perc-pri0.5_epoch-pri70_bs-pri250_lr-pri0.005_mom-pri0.99_dp-pri0.2_seed7,bec-outage0.5_chan-layer4_mcsamples500_norm-spec_seed7_bounds.json
cnn-9,cifar10,20.0,bec,outage 0.5,spec,channel_grad,0.001,0.01,0.01,0.08888594806194305,0.33137600000000006,0.08836073875427246,1.0338795815433972,✓,✗,0.13991474348291982,0.3284,0.8269774275393676,✓,✓,0.3468168974869493,125.54314422607422,0.10688343644142151,0.10688343644142151,8192.0,0.09212236851453781,0.08836073875427246,0.0971785843372345,0.2787452929292931,0.3284,0.28869999999999996,cnn-9_cifar10_learnt_gaussian_sig0.03_bounded-pmin1e-05_epoch20_bs250_lr0.001_mon0.95_dp0.2_objective-channel_gradient-chan0.01-bec-outage0.5-spec-kl0.01_perc-pri0.5_epoch-pri70_bs-pri250_lr-pri0.005_mom-pri0.99_dp-pri0.2_seed7,bec-outage0.5_chan-layer4_mcsamples500_norm-spec_seed7_bounds.json
cnn-9,cifar10,20.0,bec,outage 0.5,spec,channel_grad,0.001,0.01,0.1,0.0883069708943367,0.332376,0.08787941336631774,1.2052991076060258,✓,✗,0.13630289058413,0.33020000000000005,0.9960141873838926,✓,✓,0.3455878108062632,165.31349182128906,0.10167364776134491,0.10167364776134491,8192.0,0.08908925205469131,0.08787941336631774,0.09399009943008423,0.2775828686868691,0.33020000000000005,0.2873,cnn-9_cifar10_learnt_gaussian_sig0.03_bounded-pmin1e-05_epoch20_bs250_lr0.001_mon0.95_dp0.2_objective-channel_gradient-chan0.1-bec-outage0.5-spec-kl0.01_perc-pri0.5_epoch-pri70_bs-pri250_lr-pri0.005_mom-pri0.99_dp-pri0.2_seed7,bec-outage0.5_chan-layer4_mcsamples500_norm-spec_seed7_bounds.json
cnn-9,cifar10,20.0,bec,outage 0.5,spec,channel_grad,0.001,0.01,1.0,0.0878155454993248,0.3400058,0.08774942755699158,3.060328380927131,✓,✗,0.12079009959083258,0.3387,2.841239903212675,✓,✗,0.3398785773052884,586.7247314453125,0.07780379801988602,0.07780379801988602,8192.0,0.0762016698718071,0.08774942755699158,0.08018254041671753,0.27218755555555585,0.3387,0.2813,cnn-9_cifar10_learnt_gaussian_sig0.03_bounded-pmin1e-05_epoch20_bs250_lr0.001_mon0.95_dp0.2_objective-channel_gradient-chan1.0-bec-outage0.5-spec-kl0.01_perc-pri0.5_epoch-pri70_bs-pri250_lr-pri0.005_mom-pri0.99_dp-pri0.2_seed7,bec-outage0.5_chan-layer4_mcsamples500_norm-spec_seed7_bounds.json
cnn-9,cifar10,20.0,bec,outage 0.5,spec,channel_grad,0.001,0.1,0.01,0.09715040773153305,0.3318576,0.09647731184959411,0.5354542338833763,✓,✗,0.16703534555100769,0.32799999999999996,0.34457785378412326,✓,✓,0.3579117256502608,4.247807025909424,0.13981249928474426,0.13981249928474426,8192.0,0.11524216085672379,0.09647731184959411,0.11973423957824707,0.28925995959596007,0.32799999999999996,0.2956,cnn-9_cifar10_learnt_gaussian_sig0.03_bounded-pmin1e-05_epoch20_bs250_lr0.001_mon0.95_dp0.2_objective-channel_gradient-chan0.01-bec-outage0.5-spec-kl0.1_perc-pri0.5_epoch-pri70_bs-pri250_lr-pri0.005_mom-pri0.99_dp-pri0.2_seed7,bec-outage0.5_chan-layer4_mcsamples500_norm-spec_seed7_bounds.json
cnn-9,cifar10,20.0,bec,outage 0.5,spec,channel_grad,0.001,0.1,0.1,0.09658437222242355,0.3316508,0.09588175415992736,0.5415537179193659,✓,✗,0.1655627014790791,0.3274,0.3498940756294221,✓,✓,0.35722234376902295,6.213657855987549,0.13780981302261353,0.13780981302261353,8192.0,0.11397233605384827,0.09588175415992736,0.11846648454666138,0.28860501010101053,0.3274,0.2945,cnn-9_cifar10_learnt_gaussian_sig0.03_bounded-pmin1e-05_epoch20_bs250_lr0.001_mon0.95_dp0.2_objective-channel_gradient-chan0.1-bec-outage0.5-spec-kl0.1_perc-pri0.5_epoch-pri70_bs-pri250_lr-pri0.005_mom-pri0.99_dp-pri0.2_seed7,bec-outage0.5_chan-layer4_mcsamples500_norm-spec_seed7_bounds.json
cnn-9,cifar10,20.0,bec,outage 0.5,spec,channel_grad,0.001,0.1,1.0,0.0928807258605957,0.3314769999999999,0.09215273261070252,0.6840387306155984,✓,✗,0.15471106526104236,0.3286,0.4853193084095146,✓,✓,0.35343048746712613,41.9224853515625,0.12439195066690445,0.12439195066690445,8192.0,0.10466562956571579,0.09215273261070252,0.10912116765975952,0.28500606060606104,0.3286,0.2911,cnn-9_cifar10_learnt_gaussian_sig0.03_bounded-pmin1e-05_epoch20_bs250_lr0.001_mon0.95_dp0.2_objective-channel_gradient-chan1.0-bec-outage0.5-spec-kl0.1_perc-pri0.5_epoch-pri70_bs-pri250_lr-pri0.005_mom-pri0.99_dp-pri0.2_seed7,bec-outage0.5_chan-layer4_mcsamples500_norm-spec_seed7_bounds.json
cnn-9,cifar10,20.0,bec,outage 0.5,spec,channel_grad,0.001,1.0,0.01,0.09956418722867966,0.333214,0.0989416241645813,0.5273543499699102,✓,✗,0.17295972283800534,0.3278,0.33934434093182153,✓,✗,0.36096973187609394,0.16446542739868164,0.14691586792469025,0.14691586792469025,8192.0,0.12036675214767456,0.0989416241645813,0.12460675239562988,0.2921667070707076,0.3278,0.29910000000000003,cnn-9_cifar10_learnt_gaussian_sig0.03_bounded-pmin1e-05_epoch20_bs250_lr0.001_mon0.95_dp0.2_objective-channel_gradient-chan0.01-bec-outage0.5-spec-kl1.0_perc-pri0.5_epoch-pri70_bs-pri250_lr-pri0.005_mom-pri0.99_dp-pri0.2_seed7,bec-outage0.5_chan-layer4_mcsamples500_norm-spec_seed7_bounds.json
cnn-9,cifar10,20.0,bec,outage 0.5,spec,channel_grad,0.001,1.0,0.1,0.09947245568037033,0.3331235999999999,0.09884755611419678,0.5272937393021173,✓,✗,0.17276500833109107,0.3275,0.33921961052744737,✓,✗,0.36083913710576104,0.23005437850952148,0.14669252932071686,0.14669252932071686,8192.0,0.12019535154104233,0.09884755611419678,0.12444562911987304,0.29204000000000047,0.3275,0.29879999999999995,cnn-9_cifar10_learnt_gaussian_sig0.03_bounded-pmin1e-05_epoch20_bs250_lr0.001_mon0.95_dp0.2_objective-channel_gradient-chan0.1-bec-outage0.5-spec-kl1.0_perc-pri0.5_epoch-pri70_bs-pri250_lr-pri0.005_mom-pri0.99_dp-pri0.2_seed7,bec-outage0.5_chan-layer4_mcsamples500_norm-spec_seed7_bounds.json
cnn-9,cifar10,20.0,bec,outage 0.5,spec,channel_grad,0.001,1.0,1.0,0.09866505861282349,0.33251780000000014,0.09800233244895935,0.5315005887369149,✓,✗,0.17087494863947025,0.3276,0.34264592060085775,✓,✗,0.3597296167755274,1.9296698570251465,0.1444079875946045,0.1444079875946045,8192.0,0.11856067180633545,0.09800233244895935,0.12287448644638062,0.29098480808080845,0.3276,0.2972,cnn-9_cifar10_learnt_gaussian_sig0.03_bounded-pmin1e-05_epoch20_bs250_lr0.001_mon0.95_dp0.2_objective-channel_gradient-chan1.0-bec-outage0.5-spec-kl1.0_perc-pri0.5_epoch-pri70_bs-pri250_lr-pri0.005_mom-pri0.99_dp-pri0.2_seed7,bec-outage0.5_chan-layer4_mcsamples500_norm-spec_seed7_bounds.json
cnn-9,cifar10,30.0,bec,outage 0.5,spec,channel_grad,0.001,0.0001,0.0001,0.08402402698993683,0.3266076,0.08351193070411682,4.903911590576172,✓,?,0.11127738560079035,0.32820000000000005,4.694722652435303,✓,?,0.32046640001919535,1004.9698486328125,0.07035018503665924,0.07035018503665924,8192.0,0.0684226006269455,0.08351193070411682,0.07538118958473206,0.2539351919191918,0.32820000000000005,0.27190000000000003,cnn-9_cifar10_learnt_gaussian_sig0.03_bounded-pmin1e-05_epoch30_bs250_lr0.001_mon0.95_dp0.2_objective-channel_gradient-chan0.0001-bec-outage0.5-spec-kl0.0001_perc-pri0.5_epoch-pri70_bs-pri250_lr-pri0.005_mom-pri0.99_dp-pri0.2_seed7,bec-outage0.5_chan-layer4_mcsamples500_norm-spec_seed7_bounds.json
cnn-9,cifar10,30.0,bec,outage 0.5,spec,channel_grad,0.001,0.0001,0.001,0.08403241634368896,0.32662379999999996,0.08352454900741577,4.9125823974609375,✓,?,0.11125753358169013,0.3278,4.703367710113525,✓,?,0.32047184656164635,1006.92431640625,0.07027430087327957,0.07027430087327957,8192.0,0.06840551644563675,0.08352454900741577,0.07535897493362427,0.2539411717171716,0.3278,0.27180000000000004,cnn-9_cifar10_learnt_gaussian_sig0.03_bounded-pmin1e-05_epoch30_bs250_lr0.001_mon0.95_dp0.2_objective-channel_gradient-chan0.001-bec-outage0.5-spec-kl0.0001_perc-pri0.5_epoch-pri70_bs-pri250_lr-pri0.005_mom-pri0.99_dp-pri0.2_seed7,bec-outage0.5_chan-layer4_mcsamples500_norm-spec_seed7_bounds.json
cnn-9,cifar10,30.0,bec,outage 0.5,spec,channel_grad,0.001,0.0001,0.01,0.08410272002220154,0.32685099999999995,0.08359352350234986,4.998498439788818,✓,?,0.11101411589984496,0.3286,4.789279460906982,✓,?,0.3202332918806243,1026.3104248046875,0.0697321966290474,0.0697321966290474,8192.0,0.06820811331272125,0.08359352350234986,0.07512086033821105,0.2537167676767676,0.3286,0.27149999999999996,cnn-9_cifar10_learnt_gaussian_sig0.03_bounded-pmin1e-05_epoch30_bs250_lr0.001_mon0.95_dp0.2_objective-channel_gradient-chan0.01-bec-outage0.5-spec-kl0.0001_perc-pri0.5_epoch-pri70_bs-pri250_lr-pri0.005_mom-pri0.99_dp-pri0.2_seed7,bec-outage0.5_chan-layer4_mcsamples500_norm-spec_seed7_bounds.json
cnn-9,cifar10,30.0,bec,outage 0.5,spec,channel_grad,0.001,0.001,0.0001,0.08445221930742264,0.32786440000000006,0.08392084240913392,3.5939996242523193,✓,?,0.1156652048898064,0.3274,3.3830535411834717,✓,?,0.32661130407643246,709.2982177734375,0.07657663524150848,0.07657663524150848,8192.0,0.07199783623218536,0.08392084240913392,0.07846364974975586,0.25969575757575764,0.3274,0.2752,cnn-9_cifar10_learnt_gaussian_sig0.03_bounded-pmin1e-05_epoch30_bs250_lr0.001_mon0.95_dp0.2_objective-channel_gradient-chan0.0001-bec-outage0.5-spec-kl0.001_perc-pri0.5_epoch-pri70_bs-pri250_lr-pri0.005_mom-pri0.99_dp-pri0.2_seed7,bec-outage0.5_chan-layer4_mcsamples500_norm-spec_seed7_bounds.json
cnn-9,cifar10,30.0,bec,outage 0.5,spec,channel_grad,0.001,0.001,0.001,0.08444694429636002,0.3278334,0.08391914367675782,3.5996220111846924,✓,?,0.11563517743826325,0.3276,3.3886635303497314,✓,?,0.3265936012627743,710.5864868164062,0.07645560801029205,0.07645560801029205,8192.0,0.0719737559556961,0.08391914367675782,0.07843534350395202,0.25968250505050516,0.3276,0.2754,cnn-9_cifar10_learnt_gaussian_sig0.03_bounded-pmin1e-05_epoch30_bs250_lr0.001_mon0.95_dp0.2_objective-channel_gradient-chan0.001-bec-outage0.5-spec-kl0.001_perc-pri0.5_epoch-pri70_bs-pri250_lr-pri0.005_mom-pri0.99_dp-pri0.2_seed7,bec-outage0.5_chan-layer4_mcsamples500_norm-spec_seed7_bounds.json
cnn-9,cifar10,30.0,bec,outage 0.5,spec,channel_grad,0.001,0.001,0.01,0.08448108285665512,0.32801079999999994,0.08394665122032166,3.6643857955932617,✓,?,0.11535455659026754,0.3275,3.453341245651245,✓,?,0.32639915971257144,725.2421264648438,0.07587189227342606,0.07587189227342606,8192.0,0.07174430787563324,0.08394665122032166,0.07817295789718628,0.25949979797979805,0.3275,0.27549999999999997,cnn-9_cifar10_learnt_gaussian_sig0.03_bounded-pmin1e-05_epoch30_bs250_lr0.001_mon0.95_dp0.2_objective-channel_gradient-chan0.01-bec-outage0.5-spec-kl0.001_perc-pri0.5_epoch-pri70_bs-pri250_lr-pri0.005_mom-pri0.99_dp-pri0.2_seed7,bec-outage0.5_chan-layer4_mcsamples500_norm-spec_seed7_bounds.json
cnn-9,cifar10,30.0,bec,outage 0.5,spec,channel_grad,0.001,0.01,0.0001,0.08885302394628525,0.330739,0.08830819129943848,1.0178393125534058,✓,?,0.1404844829250988,0.3329,0.81141597032547,✓,?,0.34690790254115156,121.681884765625,0.10802023857831955,0.10802023857831955,8192.0,0.09260319173336029,0.08830819129943848,0.09731484055519105,0.27882755555555594,0.3329,0.2854,cnn-9_cifar10_learnt_gaussian_sig0.03_bounded-pmin1e-05_epoch30_bs250_lr0.001_mon0.95_dp0.2_objective-channel_gradient-chan0.0001-bec-outage0.5-spec-kl0.01_perc-pri0.5_epoch-pri70_bs-pri250_lr-pri0.005_mom-pri0.99_dp-pri0.2_seed7,bec-outage0.5_chan-layer4_mcsamples500_norm-spec_seed7_bounds.json
cnn-9,cifar10,30.0,bec,outage 0.5,spec,channel_grad,0.001,0.01,0.001,0.08884694427251816,0.3307473999999999,0.08830217123031617,1.0192711353302002,✓,?,0.1404531287071396,0.3327,0.8128442168235779,✓,?,0.3468800804626401,122.00810241699219,0.10802095383405685,0.10802095383405685,8192.0,0.0925755724310875,0.08830217123031617,0.0972873330116272,0.27880290909090955,0.3327,0.2855,cnn-9_cifar10_learnt_gaussian_sig0.03_bounded-pmin1e-05_epoch30_bs250_lr0.001_mon0.95_dp0.2_objective-channel_gradient-chan0.001-bec-outage0.5-spec-kl0.01_perc-pri0.5_epoch-pri70_bs-pri250_lr-pri0.005_mom-pri0.99_dp-pri0.2_seed7,bec-outage0.5_chan-layer4_mcsamples500_norm-spec_seed7_bounds.json
cnn-9,cifar10,30.0,bec,outage 0.5,spec,channel_grad,0.001,0.01,0.01,0.08874314278364182,0.3307214,0.08819870352745056,1.0353410389421247,✓,?,0.140036565619786,0.33299999999999996,0.8286590926845959,✓,?,0.3467185118773148,125.78422546386719,0.10736513137817383,0.10736513137817383,8192.0,0.09222537279129028,0.08819870352745056,0.09690529704093934,0.27864880808080855,0.33299999999999996,0.28480000000000005,cnn-9_cifar10_learnt_gaussian_sig0.03_bounded-pmin1e-05_epoch30_bs250_lr0.001_mon0.95_dp0.2_objective-channel_gradient-chan0.01-bec-outage0.5-spec-kl0.01_perc-pri0.5_epoch-pri70_bs-pri250_lr-pri0.005_mom-pri0.99_dp-pri0.2_seed7,bec-outage0.5_chan-layer4_mcsamples500_norm-spec_seed7_bounds.json
cnn-9,cifar10,30.0,bec,outage 0.5,spec,channel_grad,0.001,0.01,0.1,0.08815298229455948,0.3316636000000001,0.08758674263954162,1.2063045088791877,✓,?,0.13634467412328216,0.3338,0.9970633486283135,✓,?,0.34558583437415646,165.5004119873047,0.10184509307146072,0.10184509307146072,8192.0,0.0891241580247879,0.08758674263954162,0.09363973736763001,0.2775806868686873,0.3338,0.2842,cnn-9_cifar10_learnt_gaussian_sig0.03_bounded-pmin1e-05_epoch30_bs250_lr0.001_mon0.95_dp0.2_objective-channel_gradient-chan0.1-bec-outage0.5-spec-kl0.01_perc-pri0.5_epoch-pri70_bs-pri250_lr-pri0.005_mom-pri0.99_dp-pri0.2_seed7,bec-outage0.5_chan-layer4_mcsamples500_norm-spec_seed7_bounds.json
cnn-9,cifar10,30.0,bec,outage 0.5,spec,channel_grad,0.001,0.01,1.0,0.08775902539491653,0.3400068,0.08718137145042419,3.085661712976729,✓,?,0.12077184048969346,0.34119999999999995,2.8664663285343552,✓,?,0.3399672249320674,592.601806640625,0.07676540315151215,0.07676540315151215,8192.0,0.07618618756532669,0.08718137145042419,0.0801370084285736,0.2722730505050508,0.34119999999999995,0.28049999999999997,cnn-9_cifar10_learnt_gaussian_sig0.03_bounded-pmin1e-05_epoch30_bs250_lr0.001_mon0.95_dp0.2_objective-channel_gradient-chan1.0-bec-outage0.5-spec-kl0.01_perc-pri0.5_epoch-pri70_bs-pri250_lr-pri0.005_mom-pri0.99_dp-pri0.2_seed7,bec-outage0.5_chan-layer4_mcsamples500_norm-spec_seed7_bounds.json
cnn-9,cifar10,30.0,bec,outage 0.5,spec,channel_grad,0.001,0.1,0.01,0.09713702648878098,0.3313835999999999,0.09792141914367676,0.5346936967012352,✓,?,0.1671623889294605,0.33799999999999997,0.3440966562349079,✓,?,0.35775942939578786,4.282108783721924,0.13905085623264313,0.13905085623264313,8192.0,0.11535201221704483,0.09792141914367676,0.11890600919723511,0.28911539393939445,0.33799999999999997,0.2931,cnn-9_cifar10_learnt_gaussian_sig0.03_bounded-pmin1e-05_epoch30_bs250_lr0.001_mon0.95_dp0.2_objective-channel_gradient-chan0.01-bec-outage0.5-spec-kl0.1_perc-pri0.5_epoch-pri70_bs-pri250_lr-pri0.005_mom-pri0.99_dp-pri0.2_seed7,bec-outage0.5_chan-layer4_mcsamples500_norm-spec_seed7_bounds.json
cnn-9,cifar10,30.0,bec,outage 0.5,spec,channel_grad,0.001,0.1,0.1,0.09659266471862793,0.33108280000000007,0.09734629988670349,0.5406287974438728,✓,?,0.16577181734623933,0.33809999999999996,0.3493919194178944,✓,?,0.3570086953722177,6.170642852783203,0.13729090988636017,0.13729090988636017,8192.0,0.11415311694145203,0.09734629988670349,0.11773468255996704,0.2884046060606065,0.33809999999999996,0.29269999999999996,cnn-9_cifar10_learnt_gaussian_sig0.03_bounded-pmin1e-05_epoch30_bs250_lr0.001_mon0.95_dp0.2_objective-channel_gradient-chan0.1-bec-outage0.5-spec-kl0.1_perc-pri0.5_epoch-pri70_bs-pri250_lr-pri0.005_mom-pri0.99_dp-pri0.2_seed7,bec-outage0.5_chan-layer4_mcsamples500_norm-spec_seed7_bounds.json
cnn-9,cifar10,30.0,bec,outage 0.5,spec,channel_grad,0.001,0.1,1.0,0.09333599358797073,0.33131779999999994,0.0939861536026001,0.6778155473639071,✓,?,0.15504464837991577,0.3359,0.4801944723687125,✓,?,0.3526657233751104,40.70340347290039,0.12438543140888214,0.12438543140888214,8192.0,0.10495024919509888,0.0939861536026001,0.10869967937469482,0.2842811313131319,0.3359,0.28890000000000005,cnn-9_cifar10_learnt_gaussian_sig0.03_bounded-pmin1e-05_epoch30_bs250_lr0.001_mon0.95_dp0.2_objective-channel_gradient-chan1.0-bec-outage0.5-spec-kl0.1_perc-pri0.5_epoch-pri70_bs-pri250_lr-pri0.005_mom-pri0.99_dp-pri0.2_seed7,bec-outage0.5_chan-layer4_mcsamples500_norm-spec_seed7_bounds.json
cnn-9,cifar10,30.0,bec,outage 0.5,spec,channel_grad,0.001,1.0,0.01,0.09956225752830505,0.3329097999999999,0.10042843818664551,0.5266463186549264,✓,?,0.1730789267244728,0.34019999999999995,0.33882971171435716,✗,?,0.360895533665042,0.1533171534538269,0.14633189141750336,0.14633189141750336,8192.0,0.12046855688095093,0.10042843818664551,0.12380173206329345,0.2920964848484854,0.34019999999999995,0.29579999999999995,cnn-9_cifar10_learnt_gaussian_sig0.03_bounded-pmin1e-05_epoch30_bs250_lr0.001_mon0.95_dp0.2_objective-channel_gradient-chan0.01-bec-outage0.5-spec-kl1.0_perc-pri0.5_epoch-pri70_bs-pri250_lr-pri0.005_mom-pri0.99_dp-pri0.2_seed7,bec-outage0.5_chan-layer4_mcsamples500_norm-spec_seed7_bounds.json
cnn-9,cifar10,30.0,bec,outage 0.5,spec,channel_grad,0.001,1.0,0.1,0.09953873604536057,0.33303900000000003,0.09870138764381409,0.5265265591744677,✓,?,0.17284670657728085,0.33640000000000003,0.338774473401521,✓,?,0.3605987923502274,0.21922096610069275,0.14621414244174957,0.14621414244174957,8192.0,0.12026796489953995,0.09870138764381409,0.12361619472503663,0.29181567676767706,0.33640000000000003,0.2962,cnn-9_cifar10_learnt_gaussian_sig0.03_bounded-pmin1e-05_epoch30_bs250_lr0.001_mon0.95_dp0.2_objective-channel_gradient-chan0.1-bec-outage0.5-spec-kl1.0_perc-pri0.5_epoch-pri70_bs-pri250_lr-pri0.005_mom-pri0.99_dp-pri0.2_seed7,bec-outage0.5_chan-layer4_mcsamples500_norm-spec_seed7_bounds.json
cnn-9,cifar10,30.0,bec,outage 0.5,spec,channel_grad,0.001,1.0,1.0,0.0987185388803482,0.33187799999999995,0.09954648613929748,0.5314646277720634,✓,?,0.17112969015404617,0.3395,0.34323245950375975,✓,?,0.3593618584223498,2.092186689376831,0.14401298761367798,0.14401298761367798,8192.0,0.11878145486116409,0.09954648613929748,0.12217857837677001,0.29063749494949537,0.3395,0.2943,cnn-9_cifar10_learnt_gaussian_sig0.03_bounded-pmin1e-05_epoch30_bs250_lr0.001_mon0.95_dp0.2_objective-channel_gradient-chan1.0-bec-outage0.5-spec-kl1.0_perc-pri0.5_epoch-pri70_bs-pri250_lr-pri0.005_mom-pri0.99_dp-pri0.2_seed7,bec-outage0.5_chan-layer4_mcsamples500_norm-spec_seed7_bounds.json
cnn-9,cifar10,50.0,bec,outage 0.5,spec,vanilla,0.001,1.0,0.0,0.08203155547380447,0.3190267999999999,0.08234166502952575,7.63924353305056,✓,-,0.1053844420140904,0.3238,7.438809100078212,✓,-,0.30581887498643767,1631.76806640625,0.01720277965068817,0.01720277965068817,8192.0,0.06365515291690826,0.08234166502952575,0.07216920256614685,0.24025276767676754,0.3238,0.2612,cnn-9_cifar10_learnt_gaussian_sig0.03_bounded-pmin1e-05_epoch50_bs250_lr0.001_mon0.95_dp0.2_objective-vanilla_perc-pri0.5_epoch-pri70_bs-pri250_lr-pri0.005_mom-pri0.99_dp-pri0.2_seed7,bec-outage0.5_chan-layer4_mcsamples500_norm-spec_seed7_bounds.json
cnn-9,cifar10,50.0,bec,outage 0.5,spec,channel_grad,0.001,0.0001,0.0001,0.08224954456090927,0.31963759999999997,0.08271076679229736,7.17184591293335,✓,✗,0.10626337895965858,0.3214,6.970308780670166,✓,✗,0.3078008146451322,1515.6268310546875,0.06722288578748703,0.06722288578748703,8192.0,0.06436402350664139,0.08271076679229736,0.0739371657371521,0.2420991515151514,0.3214,0.2631,cnn-9_cifar10_learnt_gaussian_sig0.03_bounded-pmin1e-05_epoch50_bs250_lr0.001_mon0.95_dp0.2_objective-channel_gradient-chan0.0001-bec-outage0.5-spec-kl0.0001_perc-pri0.5_epoch-pri70_bs-pri250_lr-pri0.005_mom-pri0.99_dp-pri0.2_seed7,bec-outage0.5_chan-layer4_mcsamples500_norm-spec_seed7_bounds.json
cnn-9,cifar10,50.0,bec,outage 0.5,spec,channel_grad,0.001,0.0001,0.001,0.08226331323385239,0.3196728,0.08272407054901124,7.1855788230896,✓,✗,0.10623485407505386,0.32130000000000003,6.984036445617676,✓,✗,0.307777345319922,1518.7384033203125,0.06706375628709793,0.06706375628709793,8192.0,0.06434163451194763,0.08272407054901124,0.0739059567451477,0.2420734545454544,0.32130000000000003,0.26370000000000005,cnn-9_cifar10_learnt_gaussian_sig0.03_bounded-pmin1e-05_epoch50_bs250_lr0.001_mon0.95_dp0.2_objective-channel_gradient-chan0.001-bec-outage0.5-spec-kl0.0001_perc-pri0.5_epoch-pri70_bs-pri250_lr-pri0.005_mom-pri0.99_dp-pri0.2_seed7,bec-outage0.5_chan-layer4_mcsamples500_norm-spec_seed7_bounds.json
cnn-9,cifar10,50.0,bec,outage 0.5,spec,channel_grad,0.001,0.0001,0.01,0.08234807103872299,0.3199562000000001,0.08279180526733398,7.302061557769775,✓,✗,0.10600626809757076,0.32210000000000005,7.100508213043213,✓,✗,0.30755968361344527,1544.94189453125,0.06657823175191879,0.06657823175191879,8192.0,0.06415652483701706,0.08279180526733398,0.07364490032196044,0.24187313131313107,0.32210000000000005,0.26370000000000005,cnn-9_cifar10_learnt_gaussian_sig0.03_bounded-pmin1e-05_epoch50_bs250_lr0.001_mon0.95_dp0.2_objective-channel_gradient-chan0.01-bec-outage0.5-spec-kl0.0001_perc-pri0.5_epoch-pri70_bs-pri250_lr-pri0.005_mom-pri0.99_dp-pri0.2_seed7,bec-outage0.5_chan-layer4_mcsamples500_norm-spec_seed7_bounds.json
cnn-9,cifar10,50.0,bec,outage 0.5,spec,channel_grad,0.001,0.001,0.0001,0.08355342596769333,0.3243712,0.08407819867134095,4.357585430145264,✓,✗,0.11288106751427394,0.3254,4.150463581085205,✓,✗,0.3200028872896754,881.8870849609375,0.07493012398481369,0.07493012398481369,8192.0,0.06972604990005493,0.08407819867134095,0.07815886735916137,0.25350133333333325,0.3254,0.27,cnn-9_cifar10_learnt_gaussian_sig0.03_bounded-pmin1e-05_epoch50_bs250_lr0.001_mon0.95_dp0.2_objective-channel_gradient-chan0.0001-bec-outage0.5-spec-kl0.001_perc-pri0.5_epoch-pri70_bs-pri250_lr-pri0.005_mom-pri0.99_dp-pri0.2_seed7,bec-outage0.5_chan-layer4_mcsamples500_norm-spec_seed7_bounds.json
cnn-9,cifar10,50.0,bec,outage 0.5,spec,channel_grad,0.001,0.001,0.001,0.0835580825805664,0.32439759999999995,0.08408308029174805,4.364335060119629,✓,✗,0.11285298899825756,0.32520000000000004,4.157198429107666,✓,✗,0.3199894903928509,883.4307861328125,0.07478974759578705,0.07478974759578705,8192.0,0.06970404833555222,0.08408308029174805,0.07813052535057068,0.2534866262626263,0.32520000000000004,0.26959999999999995,cnn-9_cifar10_learnt_gaussian_sig0.03_bounded-pmin1e-05_epoch50_bs250_lr0.001_mon0.95_dp0.2_objective-channel_gradient-chan0.001-bec-outage0.5-spec-kl0.001_perc-pri0.5_epoch-pri70_bs-pri250_lr-pri0.005_mom-pri0.99_dp-pri0.2_seed7,bec-outage0.5_chan-layer4_mcsamples500_norm-spec_seed7_bounds.json
cnn-9,cifar10,50.0,bec,outage 0.5,spec,channel_grad,0.001,0.001,0.01,0.08360832184553146,0.324662,0.08412507176399231,4.43775749206543,✓,✗,0.11257799544421335,0.3258,4.230565547943115,✓,✗,0.31977025458445407,900.0357666015625,0.0741715356707573,0.0741715356707573,8192.0,0.06947895884513855,0.08412507176399231,0.07784295678138733,0.25328347474747487,0.3258,0.26949999999999996,cnn-9_cifar10_learnt_gaussian_sig0.03_bounded-pmin1e-05_epoch50_bs250_lr0.001_mon0.95_dp0.2_objective-channel_gradient-chan0.01-bec-outage0.5-spec-kl0.001_perc-pri0.5_epoch-pri70_bs-pri250_lr-pri0.005_mom-pri0.99_dp-pri0.2_seed7,bec-outage0.5_chan-layer4_mcsamples500_norm-spec_seed7_bounds.json
cnn-9,cifar10,50.0,bec,outage 0.5,spec,channel_grad,0.001,0.01,0.0001,0.08906110376119614,0.3315018,0.08959187269210815,1.0118982791900635,✓,✗,0.14048320553023336,0.33109999999999995,0.8052042126655579,✓,✗,0.34717735853726467,120.48357391357422,0.10716885328292847,0.10716885328292847,8192.0,0.09260184317827225,0.08959187269210815,0.09843106269836426,0.2790825858585864,0.33109999999999995,0.28500000000000003,cnn-9_cifar10_learnt_gaussian_sig0.03_bounded-pmin1e-05_epoch50_bs250_lr0.001_mon0.95_dp0.2_objective-channel_gradient-chan0.0001-bec-outage0.5-spec-kl0.01_perc-pri0.5_epoch-pri70_bs-pri250_lr-pri0.005_mom-pri0.99_dp-pri0.2_seed7,bec-outage0.5_chan-layer4_mcsamples500_norm-spec_seed7_bounds.json
cnn-9,cifar10,50.0,bec,outage 0.5,spec,channel_grad,0.001,0.01,0.001,0.08905854821205139,0.33153020000000005,0.0895900309085846,1.0137333869934082,✓,✗,0.14043593326022474,0.33109999999999995,0.8070145845413208,✓,✗,0.3471548083864038,120.89155578613281,0.10720190405845642,0.10720190405845642,8192.0,0.09256107360124588,0.0895900309085846,0.09838948249816895,0.279063757575758,0.33109999999999995,0.2851,cnn-9_cifar10_learnt_gaussian_sig0.03_bounded-pmin1e-05_epoch50_bs250_lr0.001_mon0.95_dp0.2_objective-channel_gradient-chan0.001-bec-outage0.5-spec-kl0.01_perc-pri0.5_epoch-pri70_bs-pri250_lr-pri0.005_mom-pri0.99_dp-pri0.2_seed7,bec-outage0.5_chan-layer4_mcsamples500_norm-spec_seed7_bounds.json
cnn-9,cifar10,50.0,bec,outage 0.5,spec,channel_grad,0.001,0.01,0.01,0.08899810910224915,0.33163760000000003,0.08952350020408631,1.0296226765415795,✓,✗,0.14002779716827107,0.3306,0.8226281529965008,✓,✗,0.3470223207133497,124.58566284179688,0.10670309513807297,0.10670309513807297,8192.0,0.09221794456243515,0.08952350020408631,0.09801854491233826,0.2789356767676771,0.3306,0.2852,cnn-9_cifar10_learnt_gaussian_sig0.03_bounded-pmin1e-05_epoch50_bs250_lr0.001_mon0.95_dp0.2_objective-channel_gradient-chan0.01-bec-outage0.5-spec-kl0.01_perc-pri0.5_epoch-pri70_bs-pri250_lr-pri0.005_mom-pri0.99_dp-pri0.2_seed7,bec-outage0.5_chan-layer4_mcsamples500_norm-spec_seed7_bounds.json
cnn-9,cifar10,50.0,bec,outage 0.5,spec,channel_grad,0.001,0.01,0.1,0.08859390765428543,0.3331756,0.08908055424690246,1.1995264614320387,✓,✗,0.13635336277437476,0.3347,0.9900659219870616,✓,✗,0.34581390221935193,163.93032836914062,0.10186060518026352,0.10186060518026352,8192.0,0.08913148939609528,0.08908055424690246,0.09471930861473084,0.27779595959596,0.3347,0.28400000000000003,cnn-9_cifar10_learnt_gaussian_sig0.03_bounded-pmin1e-05_epoch50_bs250_lr0.001_mon0.95_dp0.2_objective-channel_gradient-chan0.1-bec-outage0.5-spec-kl0.01_perc-pri0.5_epoch-pri70_bs-pri250_lr-pri0.005_mom-pri0.99_dp-pri0.2_seed7,bec-outage0.5_chan-layer4_mcsamples500_norm-spec_seed7_bounds.json
cnn-9,cifar10,50.0,bec,outage 0.5,spec,channel_grad,0.001,0.01,1.0,0.08860250562429428,0.34271160000000006,0.08897339701652526,3.0752617829274613,✓,✗,0.12082297271051064,0.3486,2.855728049639449,✓,✗,0.34035670599852264,590.2322387695312,0.07657302170991898,0.07657302170991898,8192.0,0.0762288048863411,0.08897339701652526,0.08086023926734924,0.2726412929292932,0.3486,0.2812,cnn-9_cifar10_learnt_gaussian_sig0.03_bounded-pmin1e-05_epoch50_bs250_lr0.001_mon0.95_dp0.2_objective-channel_gradient-chan1.0-bec-outage0.5-spec-kl0.01_perc-pri0.5_epoch-pri70_bs-pri250_lr-pri0.005_mom-pri0.99_dp-pri0.2_seed7,bec-outage0.5_chan-layer4_mcsamples500_norm-spec_seed7_bounds.json
cnn-9,cifar10,50.0,bec,outage 0.5,spec,channel_grad,0.001,0.1,0.01,0.09732719510793686,0.3320686,0.09771891832351684,0.5335716501239359,✓,✗,0.16704202034097265,0.3308,0.34286913411703135,✓,✗,0.3577445363478772,4.296017169952393,0.13788150250911713,0.13788150250911713,8192.0,0.1152474582195282,0.09771891832351684,0.12033580541610718,0.2890989090909095,0.3308,0.2965,cnn-9_cifar10_learnt_gaussian_sig0.03_bounded-pmin1e-05_epoch50_bs250_lr0.001_mon0.95_dp0.2_objective-channel_gradient-chan0.01-bec-outage0.5-spec-kl0.1_perc-pri0.5_epoch-pri70_bs-pri250_lr-pri0.005_mom-pri0.99_dp-pri0.2_seed7,bec-outage0.5_chan-layer4_mcsamples500_norm-spec_seed7_bounds.json
cnn-9,cifar10,50.0,bec,outage 0.5,spec,channel_grad,0.001,0.1,0.1,0.09685306251049042,0.3319288000000001,0.09725537896156311,0.5397709722526256,✓,✗,0.16564223260679467,0.3317,0.348344876558799,✓,✗,0.35706832830062135,6.182572841644287,0.136320099234581,0.136320099234581,8192.0,0.11404063552618027,0.09725537896156311,0.11911604404449463,0.28845858585858636,0.3317,0.29600000000000004,cnn-9_cifar10_learnt_gaussian_sig0.03_bounded-pmin1e-05_epoch50_bs250_lr0.001_mon0.95_dp0.2_objective-channel_gradient-chan0.1-bec-outage0.5-spec-kl0.1_perc-pri0.5_epoch-pri70_bs-pri250_lr-pri0.005_mom-pri0.99_dp-pri0.2_seed7,bec-outage0.5_chan-layer4_mcsamples500_norm-spec_seed7_bounds.json
cnn-9,cifar10,50.0,bec,outage 0.5,spec,channel_grad,0.001,0.1,1.0,0.09361263364553452,0.3323758,0.09403496384620666,0.6767175177115354,✓,✗,0.15505921794350475,0.33199999999999996,0.47846623579407593,✓,✗,0.3533104998609642,40.521400451660156,0.12345656752586365,0.12345656752586365,8192.0,0.1049620658159256,0.09403496384620666,0.1099431037902832,0.28489147474747517,0.33199999999999996,0.28979999999999995,cnn-9_cifar10_learnt_gaussian_sig0.03_bounded-pmin1e-05_epoch50_bs250_lr0.001_mon0.95_dp0.2_objective-channel_gradient-chan1.0-bec-outage0.5-spec-kl0.1_perc-pri0.5_epoch-pri70_bs-pri250_lr-pri0.005_mom-pri0.99_dp-pri0.2_seed7,bec-outage0.5_chan-layer4_mcsamples500_norm-spec_seed7_bounds.json
cnn-9,cifar10,50.0,bec,outage 0.5,spec,channel_grad,0.001,1.0,0.01,0.09959906339645386,0.3332224,0.09994905591011047,0.5250524075471903,✓,✗,0.172972479195966,0.33089999999999997,0.3371031603226182,✓,✗,0.360921726420538,0.15986010432243347,0.14468252658843994,0.14468252658843994,8192.0,0.12037675082683563,0.09994905591011047,0.12530651092529296,0.2921195151515156,0.33089999999999997,0.29790000000000005,cnn-9_cifar10_learnt_gaussian_sig0.03_bounded-pmin1e-05_epoch50_bs250_lr0.001_mon0.95_dp0.2_objective-channel_gradient-chan0.01-bec-outage0.5-spec-kl1.0_perc-pri0.5_epoch-pri70_bs-pri250_lr-pri0.005_mom-pri0.99_dp-pri0.2_seed7,bec-outage0.5_chan-layer4_mcsamples500_norm-spec_seed7_bounds.json
cnn-9,cifar10,50.0,bec,outage 0.5,spec,channel_grad,0.001,1.0,0.1,0.09951133280992508,0.33313740000000003,0.09986454248428345,0.524823087396372,✓,✗,0.17277494198425156,0.33089999999999997,0.33682178577961064,✓,✗,0.3607762436010129,0.22230437397956848,0.14431942999362946,0.14431942999362946,8192.0,0.12020591646432877,0.09986454248428345,0.12514228820800782,0.29198230303030354,0.33089999999999997,0.29800000000000004,cnn-9_cifar10_learnt_gaussian_sig0.03_bounded-pmin1e-05_epoch50_bs250_lr0.001_mon0.95_dp0.2_objective-channel_gradient-chan0.1-bec-outage0.5-spec-kl1.0_perc-pri0.5_epoch-pri70_bs-pri250_lr-pri0.005_mom-pri0.99_dp-pri0.2_seed7,bec-outage0.5_chan-layer4_mcsamples500_norm-spec_seed7_bounds.json
cnn-9,cifar10,50.0,bec,outage 0.5,spec,channel_grad,0.001,1.0,1.0,0.09874264150857925,0.332451,0.09913480281829834,0.5281785726547241,✓,✗,0.17088492694890547,0.3315,0.33955514430999756,✓,✗,0.35950836971354255,1.7675708532333374,0.14203214645385742,0.14203214645385742,8192.0,0.11856770515441895,0.09913480281829834,0.12353615760803223,0.29077575757575813,0.3315,0.29769999999999996,cnn-9_cifar10_learnt_gaussian_sig0.03_bounded-pmin1e-05_epoch50_bs250_lr0.001_mon0.95_dp0.2_objective-channel_gradient-chan1.0-bec-outage0.5-spec-kl1.0_perc-pri0.5_epoch-pri70_bs-pri250_lr-pri0.005_mom-pri0.99_dp-pri0.2_seed7,bec-outage0.5_chan-layer4_mcsamples500_norm-spec_seed7_bounds.json
cnn-9,cifar10,10.0,bec,outage 0.75,spec,vanilla,0.001,1.0,0.0,0.13915447890758514,0.5462866000000001,0.1393878221511841,3.6886483833840726,✓,-,0.1149377342538159,0.5462,3.475140738002126,✓,-,0.3284453796357626,747.1753540039062,0.0,0.0,8192.0,0.07140357792377472,0.1393878221511841,0.07695496678352357,0.26142092929292954,0.5462,0.27590000000000003,cnn-9_cifar10_learnt_gaussian_sig0.03_bounded-pmin1e-05_epoch10_bs250_lr0.001_mon0.95_dp0.2_objective-vanilla_perc-pri0.5_epoch-pri70_bs-pri250_lr-pri0.005_mom-pri0.99_dp-pri0.2_seed7,bec-outage0.75_chan-layer4_mcsamples500_norm-spec_seed7_bounds.json
cnn-9,cifar10,10.0,bec,outage 0.75,spec,channel_grad,0.001,0.05,1.0,0.1316283941268921,0.5050393999999998,0.13145458698272705,0.9495758414268494,✓,✓,0.1442543643247415,0.5031,0.7431545853614807,✓,✓,0.35067561405501996,104.95327758789062,0.11080162972211838,0.11080162972211838,8192.0,0.09578195959329605,0.13145458698272705,0.10132507085800171,0.28239555555555607,0.5031,0.29179999999999995,cnn-9_cifar10_learnt_gaussian_sig0.03_bounded-pmin1e-05_epoch10_bs250_lr0.001_mon0.95_dp0.2_objective-channel_gradient-chan1.0-bec-outage0.75-spec-kl0.05_perc-pri0.5_epoch-pri70_bs-pri250_lr-pri0.005_mom-pri0.99_dp-pri0.2_seed7,bec-outage0.75_chan-layer4_mcsamples500_norm-spec_seed7_bounds.json
cnn-9,cifar10,10.0,bec,outage 0.75,spec,channel_grad,0.001,0.25,1.0,0.12443780153989792,0.47276960000000007,0.12474342584609985,0.5598200559616089,✓,✓,0.16435085368362334,0.47419999999999995,0.3674197793006897,✗,✓,0.35675114290695675,10.765789031982422,0.13618959486484528,0.13618959486484528,8192.0,0.11292809993028641,0.12474342584609985,0.11915180683135987,0.2881556363636368,0.47419999999999995,0.29710000000000003,cnn-9_cifar10_learnt_gaussian_sig0.03_bounded-pmin1e-05_epoch10_bs250_lr0.001_mon0.95_dp0.2_objective-channel_gradient-chan1.0-bec-outage0.75-spec-kl0.25_perc-pri0.5_epoch-pri70_bs-pri250_lr-pri0.005_mom-pri0.99_dp-pri0.2_seed7,bec-outage0.75_chan-layer4_mcsamples500_norm-spec_seed7_bounds.json
cnn-9,cifar10,10.0,bec,outage 0.75,spec,channel_grad,0.001,0.5,1.0,0.12267227470874786,0.46543359999999995,0.12308849096298217,0.5376216173171997,✓,✓,0.16863474426568362,0.46809999999999996,0.34801024198532104,✗,✓,0.3582460930375051,4.2564215660095215,0.14160695672035217,0.14160695672035217,8192.0,0.11662334203720093,0.12308849096298217,0.12297611236572266,0.28957608080808117,0.46809999999999996,0.29890000000000005,cnn-9_cifar10_learnt_gaussian_sig0.03_bounded-pmin1e-05_epoch10_bs250_lr0.001_mon0.95_dp0.2_objective-channel_gradient-chan1.0-bec-outage0.75-spec-kl0.5_perc-pri0.5_epoch-pri70_bs-pri250_lr-pri0.005_mom-pri0.99_dp-pri0.2_seed7,bec-outage0.75_chan-layer4_mcsamples500_norm-spec_seed7_bounds.json
cnn-9,cifar10,10.0,bec,outage 0.75,spec,channel_grad,0.001,1.0,1.0,0.12234536558389664,0.4635224,0.1228129506111145,0.530667781829834,✓,✓,0.17110953036743137,0.4677,0.3420766592025757,✗,✓,0.3597006369155884,1.7637133598327637,0.14434634149074554,0.14434634149074554,8192.0,0.11876359581947327,0.1228129506111145,0.1250404953956604,0.2909587070707074,0.4677,0.30000000000000004,cnn-9_cifar10_learnt_gaussian_sig0.03_bounded-pmin1e-05_epoch10_bs250_lr0.001_mon0.95_dp0.2_objective-channel_gradient-chan1.0-bec-outage0.75-spec-kl1.0_perc-pri0.5_epoch-pri70_bs-pri250_lr-pri0.005_mom-pri0.99_dp-pri0.2_seed7,bec-outage0.75_chan-layer4_mcsamples500_norm-spec_seed7_bounds.json
cnn-9,cifar10,20.0,bec,outage 0.75,spec,vanilla,0.001,1.0,0.0,0.13865694403648376,0.5416131999999999,0.13891087770462035,6.279202048708998,✓,-,0.10786960108998915,0.5397000000000001,6.074689964886328,✓,-,0.31238168491265966,1330.03271484375,0.0,0.0,8192.0,0.06566122174263,0.13891087770462035,0.07315043807029724,0.24637195959595948,0.5397000000000001,0.26380000000000003,cnn-9_cifar10_learnt_gaussian_sig0.03_bounded-pmin1e-05_epoch20_bs250_lr0.001_mon0.95_dp0.2_objective-vanilla_perc-pri0.5_epoch-pri70_bs-pri250_lr-pri0.005_mom-pri0.99_dp-pri0.2_seed7,bec-outage0.75_chan-layer4_mcsamples500_norm-spec_seed7_bounds.json
cnn-9,cifar10,20.0,bec,outage 0.75,spec,channel_grad,0.001,0.05,1.0,0.1301809698343277,0.5001987999999999,0.13018040657043456,0.9529865980148315,✓,✓,0.144462459065813,0.49639999999999995,0.7473055124282837,✓,✓,0.3501435986732465,105.72932434082031,0.111273854970932,0.111273854970932,8192.0,0.09595811367034912,0.13018040657043456,0.10023242235183716,0.28189236363636416,0.49639999999999995,0.2902,cnn-9_cifar10_learnt_gaussian_sig0.03_bounded-pmin1e-05_epoch20_bs250_lr0.001_mon0.95_dp0.2_objective-channel_gradient-chan1.0-bec-outage0.75-spec-kl0.05_perc-pri0.5_epoch-pri70_bs-pri250_lr-pri0.005_mom-pri0.99_dp-pri0.2_seed7,bec-outage0.75_chan-layer4_mcsamples500_norm-spec_seed7_bounds.json
cnn-9,cifar10,20.0,bec,outage 0.75,spec,channel_grad,0.001,0.25,1.0,0.12362223863601685,0.4702781999999999,0.12342467308044433,0.5641198754310608,✓,✓,0.16421205547468948,0.46709999999999996,0.371589720249176,✗,✓,0.35674220691988967,11.801068305969238,0.13586844503879547,0.13586844503879547,8192.0,0.11280950158834457,0.12342467308044433,0.117248272895813,0.2881517575757581,0.46709999999999996,0.2945,cnn-9_cifar10_learnt_gaussian_sig0.03_bounded-pmin1e-05_epoch20_bs250_lr0.001_mon0.95_dp0.2_objective-channel_gradient-chan1.0-bec-outage0.75-spec-kl0.25_perc-pri0.5_epoch-pri70_bs-pri250_lr-pri0.005_mom-pri0.99_dp-pri0.2_seed7,bec-outage0.75_chan-layer4_mcsamples500_norm-spec_seed7_bounds.json
cnn-9,cifar10,20.0,bec,outage 0.75,spec,channel_grad,0.001,0.5,1.0,0.12319417297840118,0.46716660000000004,0.12295132875442505,0.5384964346885681,✓,✓,0.16853950049832375,0.4656,0.34829142689704895,✗,✓,0.35874448953080984,4.391369819641113,0.14137989282608032,0.14137989282608032,8192.0,0.11654004454612732,0.12295132875442505,0.12091089487075805,0.290049858585859,0.4656,0.2962,cnn-9_cifar10_learnt_gaussian_sig0.03_bounded-pmin1e-05_epoch20_bs250_lr0.001_mon0.95_dp0.2_objective-channel_gradient-chan1.0-bec-outage0.75-spec-kl0.5_perc-pri0.5_epoch-pri70_bs-pri250_lr-pri0.005_mom-pri0.99_dp-pri0.2_seed7,bec-outage0.75_chan-layer4_mcsamples500_norm-spec_seed7_bounds.json
cnn-9,cifar10,20.0,bec,outage 0.75,spec,channel_grad,0.001,1.0,1.0,0.12308138608932495,0.465847,0.12283596992492676,0.5315005779266357,✓,✓,0.17087494863947025,0.46419999999999995,0.34264594316482544,✗,✓,0.3597296167755274,1.9296698570251465,0.1444079875946045,0.1444079875946045,8192.0,0.11856067180633545,0.12283596992492676,0.12287448644638062,0.29098480808080845,0.46419999999999995,0.2972,cnn-9_cifar10_learnt_gaussian_sig0.03_bounded-pmin1e-05_epoch20_bs250_lr0.001_mon0.95_dp0.2_objective-channel_gradient-chan1.0-bec-outage0.75-spec-kl1.0_perc-pri0.5_epoch-pri70_bs-pri250_lr-pri0.005_mom-pri0.99_dp-pri0.2_seed7,bec-outage0.75_chan-layer4_mcsamples500_norm-spec_seed7_bounds.json
cnn-9,cifar10,50.0,bec,outage 0.75,spec,vanilla,0.001,1.0,0.0,0.13657131791114807,0.5263526,0.13684337139129638,14.944753981778542,✓,-,0.09683970775371553,0.5259,14.759908588007816,✓,-,0.2816851015244408,3274.572998046875,0.0,0.0,8192.0,0.05682443827390671,0.13684337139129638,0.06968896389007569,0.21788040404040385,0.5259,0.25070000000000003,cnn-9_cifar10_learnt_gaussian_sig0.03_bounded-pmin1e-05_epoch50_bs250_lr0.001_mon0.95_dp0.2_objective-vanilla_perc-pri0.5_epoch-pri70_bs-pri250_lr-pri0.005_mom-pri0.99_dp-pri0.2_seed7,bec-outage0.75_chan-layer4_mcsamples500_norm-spec_seed7_bounds.json
cnn-9,cifar10,50.0,bec,outage 0.75,spec,channel_grad,0.001,0.05,1.0,0.13170097768306732,0.5051056,0.1303384780883789,0.9443885087966919,✓,✓,0.14462697513730938,0.49729999999999996,0.7386424541473389,✓,✓,0.3503730286788644,103.82698059082031,0.11095385998487473,0.11095385998487473,8192.0,0.09609734266996384,0.1303384780883789,0.10097308158874511,0.28210957575757606,0.49729999999999996,0.28759999999999997,cnn-9_cifar10_learnt_gaussian_sig0.03_bounded-pmin1e-05_epoch50_bs250_lr0.001_mon0.95_dp0.2_objective-channel_gradient-chan1.0-bec-outage0.75-spec-kl0.05_perc-pri0.5_epoch-pri70_bs-pri250_lr-pri0.005_mom-pri0.99_dp-pri0.2_seed7,bec-outage0.75_chan-layer4_mcsamples500_norm-spec_seed7_bounds.json
cnn-9,cifar10,50.0,bec,outage 0.75,spec,channel_grad,0.001,0.25,1.0,0.12484254688024521,0.47357439999999995,0.1234998106956482,0.5615381598472595,✓,✓,0.16451569761334406,0.46809999999999996,0.36939120292663574,✗,✓,0.3566626303198453,11.407855033874512,0.1351247876882553,0.1351247876882553,8192.0,0.1130707636475563,0.1234998106956482,0.11815154552459717,0.2880757171717177,0.46809999999999996,0.29500000000000004,cnn-9_cifar10_learnt_gaussian_sig0.03_bounded-pmin1e-05_epoch50_bs250_lr0.001_mon0.95_dp0.2_objective-channel_gradient-chan1.0-bec-outage0.75-spec-kl0.25_perc-pri0.5_epoch-pri70_bs-pri250_lr-pri0.005_mom-pri0.99_dp-pri0.2_seed7,bec-outage0.75_chan-layer4_mcsamples500_norm-spec_seed7_bounds.json
cnn-9,cifar10,50.0,bec,outage 0.75,spec,channel_grad,0.001,0.5,1.0,0.12358025461435318,0.46826040000000013,0.12227003574371338,0.5374764204025269,✓,✓,0.16856370334026552,0.4625,0.34743785858154297,✗,✓,0.3586023144841425,4.6095452308654785,0.1395263820886612,0.1395263820886612,8192.0,0.11656218022108078,0.12227003574371338,0.12168452739715577,0.2899164444444448,0.4625,0.2973,cnn-9_cifar10_learnt_gaussian_sig0.03_bounded-pmin1e-05_epoch50_bs250_lr0.001_mon0.95_dp0.2_objective-channel_gradient-chan1.0-bec-outage0.75-spec-kl0.5_perc-pri0.5_epoch-pri70_bs-pri250_lr-pri0.005_mom-pri0.99_dp-pri0.2_seed7,bec-outage0.75_chan-layer4_mcsamples500_norm-spec_seed7_bounds.json
cnn-9,cifar10,50.0,bec,outage 0.75,spec,channel_grad,0.001,1.0,1.0,0.12328962236642838,0.4664108000000001,0.12194669246673584,0.5281785726547241,✓,✓,0.17088492694890547,0.4625,0.33955514430999756,✗,✓,0.35950836971354255,1.7675708532333374,0.14203214645385742,0.14203214645385742,8192.0,0.11856770515441895,0.12194669246673584,0.12353615760803223,0.29077575757575813,0.4625,0.29769999999999996,cnn-9_cifar10_learnt_gaussian_sig0.03_bounded-pmin1e-05_epoch50_bs250_lr0.001_mon0.95_dp0.2_objective-channel_gradient-chan1.0-bec-outage0.75-spec-kl1.0_perc-pri0.5_epoch-pri70_bs-pri250_lr-pri0.005_mom-pri0.99_dp-pri0.2_seed7,bec-outage0.75_chan-layer4_mcsamples500_norm-spec_seed7_bounds.json
cnn-9,cifar10,10.0,bec,outage 0.8,spec,vanilla,0.001,1.0,0.0,0.1658128947019577,0.6473901999999999,0.16604118347167968,3.6886483833840726,✓,-,0.1149377342538159,0.644,3.475140738002126,✓,-,0.3284453796357626,747.1753540039062,0.0,0.0,8192.0,0.07140357792377472,0.16604118347167968,0.07695496678352357,0.26142092929292954,0.644,0.27590000000000003,cnn-9_cifar10_learnt_gaussian_sig0.03_bounded-pmin1e-05_epoch10_bs250_lr0.001_mon0.95_dp0.2_objective-vanilla_perc-pri0.5_epoch-pri70_bs-pri250_lr-pri0.005_mom-pri0.99_dp-pri0.2_seed7,bec-outage0.8_chan-layer4_mcsamples500_norm-spec_seed7_bounds.json
cnn-9,cifar10,10.0,bec,outage 0.8,spec,channel_grad,0.001,0.05,1.0,0.15643109381198883,0.5964894000000002,0.1558063268661499,0.9495758414268494,✓,✓,0.1442543643247415,0.5937,0.7431545853614807,✓,✓,0.35067561405501996,104.95327758789062,0.11080162972211838,0.11080162972211838,8192.0,0.09578195959329605,0.1558063268661499,0.10132507085800171,0.28239555555555607,0.5937,0.29179999999999995,cnn-9_cifar10_learnt_gaussian_sig0.03_bounded-pmin1e-05_epoch10_bs250_lr0.001_mon0.95_dp0.2_objective-channel_gradient-chan1.0-bec-outage0.8-spec-kl0.05_perc-pri0.5_epoch-pri70_bs-pri250_lr-pri0.005_mom-pri0.99_dp-pri0.2_seed7,bec-outage0.8_chan-layer4_mcsamples500_norm-spec_seed7_bounds.json
cnn-9,cifar10,10.0,bec,outage 0.8,spec,channel_grad,0.001,0.25,1.0,0.1458454430103302,0.5543971999999999,0.14552196264266967,0.5598200559616089,✓,✓,0.16435085368362334,0.5532,0.3674197793006897,✗,✓,0.35675114290695675,10.765789031982422,0.13618959486484528,0.13618959486484528,8192.0,0.11292809993028641,0.14552196264266967,0.11915180683135987,0.2881556363636368,0.5532,0.29710000000000003,cnn-9_cifar10_learnt_gaussian_sig0.03_bounded-pmin1e-05_epoch10_bs250_lr0.001_mon0.95_dp0.2_objective-channel_gradient-chan1.0-bec-outage0.8-spec-kl0.25_perc-pri0.5_epoch-pri70_bs-pri250_lr-pri0.005_mom-pri0.99_dp-pri0.2_seed7,bec-outage0.8_chan-layer4_mcsamples500_norm-spec_seed7_bounds.json
cnn-9,cifar10,10.0,bec,outage 0.8,spec,channel_grad,0.001,0.5,1.0,0.1432235985994339,0.5448747999999999,0.1429545521736145,0.5376216173171997,✓,✓,0.16863474426568362,0.542,0.34801024198532104,✗,✓,0.3582460930375051,4.2564215660095215,0.14160695672035217,0.14160695672035217,8192.0,0.11662334203720093,0.1429545521736145,0.12297611236572266,0.28957608080808117,0.542,0.29890000000000005,cnn-9_cifar10_learnt_gaussian_sig0.03_bounded-pmin1e-05_epoch10_bs250_lr0.001_mon0.95_dp0.2_objective-channel_gradient-chan1.0-bec-outage0.8-spec-kl0.5_perc-pri0.5_epoch-pri70_bs-pri250_lr-pri0.005_mom-pri0.99_dp-pri0.2_seed7,bec-outage0.8_chan-layer4_mcsamples500_norm-spec_seed7_bounds.json
cnn-9,cifar10,10.0,bec,outage 0.8,spec,channel_grad,0.001,1.0,1.0,0.1424907147884369,0.5416904,0.14223060607910157,0.530667781829834,✓,✓,0.17110953036743137,0.538,0.3420766592025757,✗,✓,0.3597006369155884,1.7637133598327637,0.14434634149074554,0.14434634149074554,8192.0,0.11876359581947327,0.14223060607910157,0.1250404953956604,0.2909587070707074,0.538,0.30000000000000004,cnn-9_cifar10_learnt_gaussian_sig0.03_bounded-pmin1e-05_epoch10_bs250_lr0.001_mon0.95_dp0.2_objective-channel_gradient-chan1.0-bec-outage0.8-spec-kl1.0_perc-pri0.5_epoch-pri70_bs-pri250_lr-pri0.005_mom-pri0.99_dp-pri0.2_seed7,bec-outage0.8_chan-layer4_mcsamples500_norm-spec_seed7_bounds.json
cnn-9,cifar10,20.0,bec,outage 0.8,spec,vanilla,0.001,1.0,0.0,0.16655482351779938,0.6454797999999999,0.1668435215950012,6.279202048708998,✓,-,0.10786960108998915,0.6438999999999999,6.074689964886328,✓,-,0.31238168491265966,1330.03271484375,0.0,0.0,8192.0,0.06566122174263,0.1668435215950012,0.07315043807029724,0.24637195959595948,0.6438999999999999,0.26380000000000003,cnn-9_cifar10_learnt_gaussian_sig0.03_bounded-pmin1e-05_epoch20_bs250_lr0.001_mon0.95_dp0.2_objective-vanilla_perc-pri0.5_epoch-pri70_bs-pri250_lr-pri0.005_mom-pri0.99_dp-pri0.2_seed7,bec-outage0.8_chan-layer4_mcsamples500_norm-spec_seed7_bounds.json
cnn-9,cifar10,20.0,bec,outage 0.8,spec,channel_grad,0.001,0.05,1.0,0.15488551557064056,0.5915564,0.15521836280822754,0.9529865980148315,✓,✓,0.144462459065813,0.5916,0.7473055124282837,✓,✓,0.3501435986732465,105.72932434082031,0.111273854970932,0.111273854970932,8192.0,0.09595811367034912,0.15521836280822754,0.10023242235183716,0.28189236363636416,0.5916,0.2902,cnn-9_cifar10_learnt_gaussian_sig0.03_bounded-pmin1e-05_epoch20_bs250_lr0.001_mon0.95_dp0.2_objective-channel_gradient-chan1.0-bec-outage0.8-spec-kl0.05_perc-pri0.5_epoch-pri70_bs-pri250_lr-pri0.005_mom-pri0.99_dp-pri0.2_seed7,bec-outage0.8_chan-layer4_mcsamples500_norm-spec_seed7_bounds.json
cnn-9,cifar10,20.0,bec,outage 0.8,spec,channel_grad,0.001,0.25,1.0,0.14498691260814667,0.5518443999999999,0.1452020525932312,0.5641198754310608,✓,✓,0.16421205547468948,0.5532,0.371589720249176,✗,✓,0.35674220691988967,11.801068305969238,0.13586844503879547,0.13586844503879547,8192.0,0.11280950158834457,0.1452020525932312,0.117248272895813,0.2881517575757581,0.5532,0.2945,cnn-9_cifar10_learnt_gaussian_sig0.03_bounded-pmin1e-05_epoch20_bs250_lr0.001_mon0.95_dp0.2_objective-channel_gradient-chan1.0-bec-outage0.8-spec-kl0.25_perc-pri0.5_epoch-pri70_bs-pri250_lr-pri0.005_mom-pri0.99_dp-pri0.2_seed7,bec-outage0.8_chan-layer4_mcsamples500_norm-spec_seed7_bounds.json
cnn-9,cifar10,20.0,bec,outage 0.8,spec,channel_grad,0.001,0.5,1.0,0.14389847218990326,0.5467302,0.14406343698501586,0.5384964346885681,✓,✓,0.16853950049832375,0.5459,0.34829142689704895,✗,✓,0.35874448953080984,4.391369819641113,0.14137989282608032,0.14137989282608032,8192.0,0.11654004454612732,0.14406343698501586,0.12091089487075805,0.290049858585859,0.5459,0.2962,cnn-9_cifar10_learnt_gaussian_sig0.03_bounded-pmin1e-05_epoch20_bs250_lr0.001_mon0.95_dp0.2_objective-channel_gradient-chan1.0-bec-outage0.8-spec-kl0.5_perc-pri0.5_epoch-pri70_bs-pri250_lr-pri0.005_mom-pri0.99_dp-pri0.2_seed7,bec-outage0.8_chan-layer4_mcsamples500_norm-spec_seed7_bounds.json
cnn-9,cifar10,20.0,bec,outage 0.8,spec,channel_grad,0.001,1.0,1.0,0.14341901242733002,0.5443504000000001,0.14356722831726074,0.5315005779266357,✓,✓,0.17087494863947025,0.5444,0.34264594316482544,✗,✓,0.3597296167755274,1.9296698570251465,0.1444079875946045,0.1444079875946045,8192.0,0.11856067180633545,0.14356722831726074,0.12287448644638062,0.29098480808080845,0.5444,0.2972,cnn-9_cifar10_learnt_gaussian_sig0.03_bounded-pmin1e-05_epoch20_bs250_lr0.001_mon0.95_dp0.2_objective-channel_gradient-chan1.0-bec-outage0.8-spec-kl1.0_perc-pri0.5_epoch-pri70_bs-pri250_lr-pri0.005_mom-pri0.99_dp-pri0.2_seed7,bec-outage0.8_chan-layer4_mcsamples500_norm-spec_seed7_bounds.json
cnn-9,cifar10,50.0,bec,outage 0.8,spec,vanilla,0.001,1.0,0.0,0.16706721484661102,0.6341363999999999,0.16747541427612306,14.944753981778542,✓,-,0.09683970775371553,0.6305000000000001,14.759908588007816,✓,-,0.2816851015244408,3274.572998046875,0.0,0.0,8192.0,0.05682443827390671,0.16747541427612306,0.06968896389007569,0.21788040404040385,0.6305000000000001,0.25070000000000003,cnn-9_cifar10_learnt_gaussian_sig0.03_bounded-pmin1e-05_epoch50_bs250_lr0.001_mon0.95_dp0.2_objective-vanilla_perc-pri0.5_epoch-pri70_bs-pri250_lr-pri0.005_mom-pri0.99_dp-pri0.2_seed7,bec-outage0.8_chan-layer4_mcsamples500_norm-spec_seed7_bounds.json
cnn-9,cifar10,50.0,bec,outage 0.8,spec,channel_grad,0.001,0.05,1.0,0.1564578413963318,0.5958040000000002,0.15482949018478392,0.9443885087966919,✓,✓,0.14462697513730938,0.5879,0.7386424541473389,✓,✓,0.3503730286788644,103.82698059082031,0.11095385998487473,0.11095385998487473,8192.0,0.09609734266996384,0.15482949018478392,0.10097308158874511,0.28210957575757606,0.5879,0.28759999999999997,cnn-9_cifar10_learnt_gaussian_sig0.03_bounded-pmin1e-05_epoch50_bs250_lr0.001_mon0.95_dp0.2_objective-channel_gradient-chan1.0-bec-outage0.8-spec-kl0.05_perc-pri0.5_epoch-pri70_bs-pri250_lr-pri0.005_mom-pri0.99_dp-pri0.2_seed7,bec-outage0.8_chan-layer4_mcsamples500_norm-spec_seed7_bounds.json
cnn-9,cifar10,50.0,bec,outage 0.8,spec,channel_grad,0.001,0.25,1.0,0.14630451798439026,0.5549129999999999,0.14429447650909424,0.5615381598472595,✓,✓,0.16451569761334406,0.546,0.36939120292663574,✗,✓,0.3566626303198453,11.407855033874512,0.1351247876882553,0.1351247876882553,8192.0,0.1130707636475563,0.14429447650909424,0.11815154552459717,0.2880757171717177,0.546,0.29500000000000004,cnn-9_cifar10_learnt_gaussian_sig0.03_bounded-pmin1e-05_epoch50_bs250_lr0.001_mon0.95_dp0.2_objective-channel_gradient-chan1.0-bec-outage0.8-spec-kl0.25_perc-pri0.5_epoch-pri70_bs-pri250_lr-pri0.005_mom-pri0.99_dp-pri0.2_seed7,bec-outage0.8_chan-layer4_mcsamples500_norm-spec_seed7_bounds.json
cnn-9,cifar10,50.0,bec,outage 0.8,spec,channel_grad,0.001,0.5,1.0,0.14432504773139954,0.5476707999999999,0.14229345321655273,0.5374764204025269,✓,✓,0.16856370334026552,0.5393,0.34743785858154297,✗,✓,0.3586023144841425,4.6095452308654785,0.1395263820886612,0.1395263820886612,8192.0,0.11656218022108078,0.14229345321655273,0.12168452739715577,0.2899164444444448,0.5393,0.2973,cnn-9_cifar10_learnt_gaussian_sig0.03_bounded-pmin1e-05_epoch50_bs250_lr0.001_mon0.95_dp0.2_objective-channel_gradient-chan1.0-bec-outage0.8-spec-kl0.5_perc-pri0.5_epoch-pri70_bs-pri250_lr-pri0.005_mom-pri0.99_dp-pri0.2_seed7,bec-outage0.8_chan-layer4_mcsamples500_norm-spec_seed7_bounds.json
cnn-9,cifar10,50.0,bec,outage 0.8,spec,channel_grad,0.001,1.0,1.0,0.14367996156215668,0.5448798,0.14161968231201172,0.5281785726547241,✓,✓,0.17088492694890547,0.5371,0.33955514430999756,✗,✓,0.35950836971354255,1.7675708532333374,0.14203214645385742,0.14203214645385742,8192.0,0.11856770515441895,0.14161968231201172,0.12353615760803223,0.29077575757575813,0.5371,0.29769999999999996,cnn-9_cifar10_learnt_gaussian_sig0.03_bounded-pmin1e-05_epoch50_bs250_lr0.001_mon0.95_dp0.2_objective-channel_gradient-chan1.0-bec-outage0.8-spec-kl1.0_perc-pri0.5_epoch-pri70_bs-pri250_lr-pri0.005_mom-pri0.99_dp-pri0.2_seed7,bec-outage0.8_chan-layer4_mcsamples500_norm-spec_seed7_bounds.json
cnn-9,cifar10,10.0,bec,outage 0.9,frob,vanilla,0.001,1.0,0.0,0.2502356767654419,0.8421753999999999,0.250331711769104,3.6886482364342275,✓,-,0.114937727152531,0.8427,3.4751407309008413,✓,-,0.3284452326859172,747.1753540039062,0.0,0.0,8192.0,0.07140357047319412,0.250331711769104,0.07695463299751282,0.2614207676767678,0.8427,0.276,cnn-9_cifar10_learnt_gaussian_sig0.03_bounded-pmin1e-05_epoch10_bs250_lr0.001_mon0.95_dp0.2_objective-vanilla_perc-pri0.5_epoch-pri70_bs-pri250_lr-pri0.005_mom-pri0.99_dp-pri0.2_seed7,bec-outage0.9_chan-layer4_mcsamples500_norm-frob_seed7_bounds.json
cnn-9,cifar10,10.0,bec,outage 0.9,frob,channel_grad,0.001,0.0001,1.0,0.20004256069660187,0.8999360000000003,0.20002007484436035,523.41259765625,✓,✓,0.2644668955369932,0.8924,522.7320556640625,✓,✗,0.9450217568110659,116723.1484375,0.4470167872408571,0.0051865242421627045,8192.0,0.20206259191036224,0.20002007484436035,0.20001211166381835,0.9088757171717153,0.8924,0.8986,cnn-9_cifar10_learnt_gaussian_sig0.03_bounded-pmin1e-05_epoch10_bs250_lr0.001_mon0.95_dp0.2_objective-channel_gradient-chan1.0-bec-outage0.9-frob-kl0.0001_perc-pri0.5_epoch-pri70_bs-pri250_lr-pri0.005_mom-pri0.99_dp-pri0.2_seed7,bec-outage0.9_chan-layer4_mcsamples500_norm-frob_seed7_bounds.json
cnn-9,cifar10,10.0,bec,outage 0.9,frob,channel_grad,0.001,0.001,1.0,0.20004241168498993,0.8999797999999999,0.2000200033187866,411.6530580489945,✓,✓,0.2644661675403436,0.8948,410.97262617791154,✓,✗,0.9448980386233656,91731.8046875,0.45232481198550784,0.005248110741376877,8192.0,0.20206180214881897,0.2000200033187866,0.2000102996826172,0.9087260606060582,0.8948,0.8992,cnn-9_cifar10_learnt_gaussian_sig0.03_bounded-pmin1e-05_epoch10_bs250_lr0.001_mon0.95_dp0.2_objective-channel_gradient-chan1.0-bec-outage0.9-frob-kl0.001_perc-pri0.5_epoch-pri70_bs-pri250_lr-pri0.005_mom-pri0.99_dp-pri0.2_seed7,bec-outage0.9_chan-layer4_mcsamples500_norm-frob_seed7_bounds.json
cnn-9,cifar10,10.0,bec,outage 0.9,frob,channel_grad,0.001,0.01,1.0,0.20020318031311035,0.8975797999999999,0.20012173652648926,203.52188970698788,✓,✓,0.25178435481241757,0.8944,202.83462565362555,✓,✗,0.9390484081747374,44779.9140625,2.3022443196976825,0.026711851358413696,8192.0,0.19049160182476044,0.20012173652648926,0.1891245126724243,0.9012917979797962,0.8944,0.8928,cnn-9_cifar10_learnt_gaussian_sig0.03_bounded-pmin1e-05_epoch10_bs250_lr0.001_mon0.95_dp0.2_objective-channel_gradient-chan1.0-bec-outage0.9-frob-kl0.01_perc-pri0.5_epoch-pri70_bs-pri250_lr-pri0.005_mom-pri0.99_dp-pri0.2_seed7,bec-outage0.9_chan-layer4_mcsamples500_norm-frob_seed7_bounds.json
cnn-9,cifar10,10.0,bec,outage 0.9,frob,channel_grad,0.001,0.1,1.0,0.26657482981681824,0.8808098,0.26641433238983153,90.37006175953158,✓,✗,0.11800982010291901,0.8799,90.1308379917452,✓,✗,0.35723358788930315,17723.609375,10.73170419491924,0.12451488524675369,8192.0,0.0739169791340828,0.26641433238983153,0.07709434032440185,0.28861745454545523,0.8799,0.2992,cnn-9_cifar10_learnt_gaussian_sig0.03_bounded-pmin1e-05_epoch10_bs250_lr0.001_mon0.95_dp0.2_objective-channel_gradient-chan1.0-bec-outage0.9-frob-kl0.1_perc-pri0.5_epoch-pri70_bs-pri250_lr-pri0.005_mom-pri0.99_dp-pri0.2_seed7,bec-outage0.9_chan-layer4_mcsamples500_norm-frob_seed7_bounds.json
cnn-9,cifar10,20.0,bec,outage 0.9,frob,vanilla,0.001,1.0,0.0,0.25486859679222107,0.8434014000000001,0.25549676418304446,6.279272556304932,✓,-,0.10784341060512977,0.8466,6.0746636390686035,✓,-,0.3124521675059251,1330.03271484375,0.0,0.0,8192.0,0.06563939154148102,0.25549676418304446,0.07285516262054444,0.2464366060606061,0.8466,0.2642,cnn-9_cifar10_learnt_gaussian_sig0.03_bounded-pmin1e-05_epoch20_bs250_lr0.001_mon0.95_dp0.2_objective-vanilla_perc-pri0.5_epoch-pri70_bs-pri250_lr-pri0.005_mom-pri0.99_dp-pri0.2_seed7,bec-outage0.9_chan-layer4_mcsamples500_norm-frob_seed7_bounds.json
cnn-9,cifar10,20.0,bec,outage 0.9,frob,channel_grad,0.001,0.0001,1.0,0.20003627240657806,0.8998183999999999,0.20002393722534179,505.0482399584216,✓,✓,0.2644538519538697,0.8998,504.367660645095,✓,✗,0.9450331652805257,112617.6015625,0.44324844125013074,0.005142801906913519,8192.0,0.20205174386501312,0.20002393722534179,0.1999824047088623,0.9088946262626236,0.8998,0.8961,cnn-9_cifar10_learnt_gaussian_sig0.03_bounded-pmin1e-05_epoch20_bs250_lr0.001_mon0.95_dp0.2_objective-channel_gradient-chan1.0-bec-outage0.9-frob-kl0.0001_perc-pri0.5_epoch-pri70_bs-pri250_lr-pri0.005_mom-pri0.99_dp-pri0.2_seed7,bec-outage0.9_chan-layer4_mcsamples500_norm-frob_seed7_bounds.json
cnn-9,cifar10,20.0,bec,outage 0.9,frob,channel_grad,0.001,0.001,1.0,0.2000356763601303,0.8998334000000001,0.2000232458114624,295.61474629580425,✓,✓,0.26445173663409616,0.9006,294.93420407648745,✓,✗,0.9449939559509137,65784.3125,0.4546298952572254,0.0052748555317521095,8192.0,0.20204944908618927,0.2000232458114624,0.19998151063919067,0.9088480808080783,0.9006,0.8952,cnn-9_cifar10_learnt_gaussian_sig0.03_bounded-pmin1e-05_epoch20_bs250_lr0.001_mon0.95_dp0.2_objective-channel_gradient-chan1.0-bec-outage0.9-frob-kl0.001_perc-pri0.5_epoch-pri70_bs-pri250_lr-pri0.005_mom-pri0.99_dp-pri0.2_seed7,bec-outage0.9_chan-layer4_mcsamples500_norm-frob_seed7_bounds.json
cnn-9,cifar10,20.0,bec,outage 0.9,frob,channel_grad,0.001,0.01,1.0,0.20018208026885986,0.8998447999999997,0.20015490055084229,160.85566335295084,✓,✓,0.264609211532267,0.8975,160.17562376045663,✓,✗,0.9446488040264807,35629.3671875,0.5529072574054524,0.006415121257305145,8192.0,0.20219387114048004,0.20015490055084229,0.200089168548584,0.9084058181818158,0.8975,0.8991,cnn-9_cifar10_learnt_gaussian_sig0.03_bounded-pmin1e-05_epoch20_bs250_lr0.001_mon0.95_dp0.2_objective-channel_gradient-chan1.0-bec-outage0.9-frob-kl0.01_perc-pri0.5_epoch-pri70_bs-pri250_lr-pri0.005_mom-pri0.99_dp-pri0.2_seed7,bec-outage0.9_chan-layer4_mcsamples500_norm-frob_seed7_bounds.json
cnn-9,cifar10,20.0,bec,outage 0.9,frob,channel_grad,0.001,0.1,1.0,0.2908901870250702,0.8914161999999999,0.2911421060562134,72.42854333257023,✓,✗,0.11516881379933196,0.8936,72.19587930611357,✓,✗,0.34783284025598915,13856.142578125,10.095423832662954,0.11713242530822754,8192.0,0.07159214466810226,0.2911421060562134,0.07483408451080323,0.27970327272727297,0.8936,0.2954,cnn-9_cifar10_learnt_gaussian_sig0.03_bounded-pmin1e-05_epoch20_bs250_lr0.001_mon0.95_dp0.2_objective-channel_gradient-chan1.0-bec-outage0.9-frob-kl0.1_perc-pri0.5_epoch-pri70_bs-pri250_lr-pri0.005_mom-pri0.99_dp-pri0.2_seed7,bec-outage0.9_chan-layer4_mcsamples500_norm-frob_seed7_bounds.json
cnn-9,cifar10,50.0,bec,outage 0.9,frob,vanilla,0.001,1.0,0.0,0.2665867209434509,0.8427646000000001,0.2658186912536621,14.9447660446167,✓,-,0.0968360977061018,0.8428,14.759905815124512,✓,-,0.2816967534084234,3274.572998046875,0.0,0.0,8192.0,0.056820668280124664,0.2658186912536621,0.07133187055587768,0.21789309090909054,0.8428,0.25570000000000004,cnn-9_cifar10_learnt_gaussian_sig0.03_bounded-pmin1e-05_epoch50_bs250_lr0.001_mon0.95_dp0.2_objective-vanilla_perc-pri0.5_epoch-pri70_bs-pri250_lr-pri0.005_mom-pri0.99_dp-pri0.2_seed7,bec-outage0.9_chan-layer4_mcsamples500_norm-frob_seed7_bounds.json
cnn-9,cifar10,50.0,bec,outage 0.9,frob,channel_grad,0.001,0.0001,1.0,0.20003382861614227,0.9000627999999998,0.20003085136413573,453.50326142272485,✓,✓,0.2644570111976874,0.8955,452.82253803558393,✓,✗,0.9451803983386097,101093.3671875,0.4360655747748846,0.005059462506324053,8192.0,0.2020551711320877,0.20003085136413573,0.2000429630279541,0.9090834747474725,0.8955,0.9048,cnn-9_cifar10_learnt_gaussian_sig0.03_bounded-pmin1e-05_epoch50_bs250_lr0.001_mon0.95_dp0.2_objective-channel_gradient-chan1.0-bec-outage0.9-frob-kl0.0001_perc-pri0.5_epoch-pri70_bs-pri250_lr-pri0.005_mom-pri0.99_dp-pri0.2_seed7,bec-outage0.9_chan-layer4_mcsamples500_norm-frob_seed7_bounds.json
cnn-9,cifar10,50.0,bec,outage 0.9,frob,channel_grad,0.001,0.001,1.0,0.2000379115343094,0.8997546000000001,0.20003464221954345,136.10483788785385,✓,✓,0.2644541816140942,0.8996999999999999,135.42447367889736,✓,✗,0.9448183905705843,30116.1953125,0.4575663740443286,0.005308926105499268,8192.0,0.20205210149288177,0.20003464221954345,0.2000441312789917,0.9086126060606039,0.8996999999999999,0.9052,cnn-9_cifar10_learnt_gaussian_sig0.03_bounded-pmin1e-05_epoch50_bs250_lr0.001_mon0.95_dp0.2_objective-channel_gradient-chan1.0-bec-outage0.9-frob-kl0.001_perc-pri0.5_epoch-pri70_bs-pri250_lr-pri0.005_mom-pri0.99_dp-pri0.2_seed7,bec-outage0.9_chan-layer4_mcsamples500_norm-frob_seed7_bounds.json
cnn-9,cifar10,50.0,bec,outage 0.9,frob,channel_grad,0.001,0.01,1.0,0.2003972828388214,0.9001628,0.20037548542022704,84.64274753384015,✓,✓,0.2644394072262304,0.8975,83.96519498597786,✓,✗,0.941991955088523,18539.439453125,0.7711285764756766,0.0089470399543643,8192.0,0.20203937590122223,0.20037548542022704,0.2000342607498169,0.9050261010100988,0.8975,0.8993,cnn-9_cifar10_learnt_gaussian_sig0.03_bounded-pmin1e-05_epoch50_bs250_lr0.001_mon0.95_dp0.2_objective-channel_gradient-chan1.0-bec-outage0.9-frob-kl0.01_perc-pri0.5_epoch-pri70_bs-pri250_lr-pri0.005_mom-pri0.99_dp-pri0.2_seed7,bec-outage0.9_chan-layer4_mcsamples500_norm-frob_seed7_bounds.json
cnn-9,cifar10,50.0,bec,outage 0.9,frob,channel_grad,0.001,0.1,1.0,0.2595609128475189,0.8656456,0.2596752166748047,81.30388764137018,✓,✓,0.1191395720263924,0.8696,81.06756679944203,✓,✗,0.35546041395455563,15882.2578125,9.902077779143518,0.11488912254571915,8192.0,0.07484381645917892,0.2596752166748047,0.07748139500617982,0.28693195959596013,0.8696,0.29990000000000006,cnn-9_cifar10_learnt_gaussian_sig0.03_bounded-pmin1e-05_epoch50_bs250_lr0.001_mon0.95_dp0.2_objective-channel_gradient-chan1.0-bec-outage0.9-frob-kl0.1_perc-pri0.5_epoch-pri70_bs-pri250_lr-pri0.005_mom-pri0.99_dp-pri0.2_seed7,bec-outage0.9_chan-layer4_mcsamples500_norm-frob_seed7_bounds.json
cnn-9,cifar10,10.0,bec,outage 0.9,spec,vanilla,0.001,1.0,0.0,0.2502356767654419,0.8421753999999999,0.250331711769104,3.6886482364342275,✓,-,0.114937727152531,0.8427,3.4751407309008413,✓,-,0.3284452326859172,747.1753540039062,0.0,0.0,8192.0,0.07140357047319412,0.250331711769104,0.07695463299751282,0.2614207676767678,0.8427,0.276,cnn-9_cifar10_learnt_gaussian_sig0.03_bounded-pmin1e-05_epoch10_bs250_lr0.001_mon0.95_dp0.2_objective-vanilla_perc-pri0.5_epoch-pri70_bs-pri250_lr-pri0.005_mom-pri0.99_dp-pri0.2_seed7,bec-outage0.9_chan-layer4_mcsamples500_norm-spec_seed7_bounds.json
cnn-9,cifar10,10.0,bec,outage 0.9,spec,channel_grad,0.001,0.0001,1.0,0.27004849910736084,0.8622698000000002,0.2700063943862915,7.686209831161227,✓,✗,0.11078615855837794,0.8607,7.466914005326585,✓,✗,0.33008198439302017,1627.583984375,0.05861775204539299,0.05861775204539299,8192.0,0.0680232122540474,0.2700063943862915,0.07281463146209717,0.2629611313131316,0.8607,0.277,cnn-9_cifar10_learnt_gaussian_sig0.03_bounded-pmin1e-05_epoch10_bs250_lr0.001_mon0.95_dp0.2_objective-channel_gradient-chan1.0-bec-outage0.9-spec-kl0.0001_perc-pri0.5_epoch-pri70_bs-pri250_lr-pri0.005_mom-pri0.99_dp-pri0.2_seed7,bec-outage0.9_chan-layer4_mcsamples500_norm-spec_seed7_bounds.json
cnn-9,cifar10,10.0,bec,outage 0.9,spec,channel_grad,0.001,0.001,1.0,0.26853036880493164,0.8602460000000003,0.268507719039917,6.815586622722588,✓,✗,0.11165371912146531,0.8598,6.595813288364812,✓,✗,0.3314270534792416,1432.2227783203125,0.060331348329782486,0.060331348329782486,8192.0,0.06872770935297012,0.268507719039917,0.0735137939453125,0.2642248080808083,0.8598,0.2791,cnn-9_cifar10_learnt_gaussian_sig0.03_bounded-pmin1e-05_epoch10_bs250_lr0.001_mon0.95_dp0.2_objective-channel_gradient-chan1.0-bec-outage0.9-spec-kl0.001_perc-pri0.5_epoch-pri70_bs-pri250_lr-pri0.005_mom-pri0.99_dp-pri0.2_seed7,bec-outage0.9_chan-layer4_mcsamples500_norm-spec_seed7_bounds.json
cnn-9,cifar10,10.0,bec,outage 0.9,spec,channel_grad,0.001,0.01,1.0,0.25971999764442444,0.8454340000000002,0.259790825843811,2.964116177508817,✓,✗,0.12129200002444694,0.847,2.7443432883670185,✓,✗,0.34106488916624533,565.047119140625,0.07735051214694977,0.07735051214694977,8192.0,0.07661429047584534,0.259790825843811,0.08138279318809509,0.2733060202020206,0.847,0.28890000000000005,cnn-9_cifar10_learnt_gaussian_sig0.03_bounded-pmin1e-05_epoch10_bs250_lr0.001_mon0.95_dp0.2_objective-channel_gradient-chan1.0-bec-outage0.9-spec-kl0.01_perc-pri0.5_epoch-pri70_bs-pri250_lr-pri0.005_mom-pri0.99_dp-pri0.2_seed7,bec-outage0.9_chan-layer4_mcsamples500_norm-spec_seed7_bounds.json
cnn-9,cifar10,10.0,bec,outage 0.9,spec,channel_grad,0.001,0.05,1.0,0.24414432048797607,0.8156895999999997,0.244291090965271,0.9495758414268494,✓,✓,0.1442543643247415,0.8182,0.7431545853614807,✗,✓,0.35067561405501996,104.95327758789062,0.11080162972211838,0.11080162972211838,8192.0,0.09578195959329605,0.244291090965271,0.10132507085800171,0.28239555555555607,0.8182,0.29179999999999995,cnn-9_cifar10_learnt_gaussian_sig0.03_bounded-pmin1e-05_epoch10_bs250_lr0.001_mon0.95_dp0.2_objective-channel_gradient-chan1.0-bec-outage0.9-spec-kl0.05_perc-pri0.5_epoch-pri70_bs-pri250_lr-pri0.005_mom-pri0.99_dp-pri0.2_seed7,bec-outage0.9_chan-layer4_mcsamples500_norm-spec_seed7_bounds.json
cnn-9,cifar10,10.0,bec,outage 0.9,spec,channel_grad,0.001,0.1,1.0,0.23604059219360352,0.8005253999999998,0.23626668453216554,0.6774448395733909,✓,✓,0.1546996293325646,0.8037,0.4785533971871974,✗,✓,0.35359107171875803,40.41800308227539,0.12436572462320328,0.12436572462320328,8192.0,0.10465532541275024,0.23626668453216554,0.11064585447311401,0.2851595151515155,0.8037,0.2944,cnn-9_cifar10_learnt_gaussian_sig0.03_bounded-pmin1e-05_epoch10_bs250_lr0.001_mon0.95_dp0.2_objective-channel_gradient-chan1.0-bec-outage0.9-spec-kl0.1_perc-pri0.5_epoch-pri70_bs-pri250_lr-pri0.005_mom-pri0.99_dp-pri0.2_seed7,bec-outage0.9_chan-layer4_mcsamples500_norm-spec_seed7_bounds.json
cnn-9,cifar10,10.0,bec,outage 0.9,spec,channel_grad,0.001,0.25,1.0,0.22911524772644043,0.7870798,0.22942852973937988,0.5598200559616089,✓,✓,0.16435085368362334,0.7876,0.3674197793006897,✗,✓,0.35675114290695675,10.765789031982422,0.13618959486484528,0.13618959486484528,8192.0,0.11292809993028641,0.22942852973937988,0.11915180683135987,0.2881556363636368,0.7876,0.29710000000000003,cnn-9_cifar10_learnt_gaussian_sig0.03_bounded-pmin1e-05_epoch10_bs250_lr0.001_mon0.95_dp0.2_objective-channel_gradient-chan1.0-bec-outage0.9-spec-kl0.25_perc-pri0.5_epoch-pri70_bs-pri250_lr-pri0.005_mom-pri0.99_dp-pri0.2_seed7,bec-outage0.9_chan-layer4_mcsamples500_norm-spec_seed7_bounds.json
cnn-9,cifar10,10.0,bec,outage 0.9,spec,channel_grad,0.001,0.5,1.0,0.2250289022922516,0.7794044,0.2254103183746338,0.5376216173171997,✓,✓,0.16863474426568362,0.7791,0.34801024198532104,✗,✓,0.3582460930375051,4.2564215660095215,0.14160695672035217,0.14160695672035217,8192.0,0.11662334203720093,0.2254103183746338,0.12297611236572266,0.28957608080808117,0.7791,0.29890000000000005,cnn-9_cifar10_learnt_gaussian_sig0.03_bounded-pmin1e-05_epoch10_bs250_lr0.001_mon0.95_dp0.2_objective-channel_gradient-chan1.0-bec-outage0.9-spec-kl0.5_perc-pri0.5_epoch-pri70_bs-pri250_lr-pri0.005_mom-pri0.99_dp-pri0.2_seed7,bec-outage0.9_chan-layer4_mcsamples500_norm-spec_seed7_bounds.json
cnn-9,cifar10,10.0,bec,outage 0.9,spec,channel_grad,0.001,1.0,1.0,0.22339510917663574,0.7755486,0.2238098382949829,0.530667781829834,✓,✓,0.17110953036743137,0.7751,0.3420766592025757,✗,✓,0.3597006369155884,1.7637133598327637,0.14434634149074554,0.14434634149074554,8192.0,0.11876359581947327,0.2238098382949829,0.1250404953956604,0.2909587070707074,0.7751,0.30000000000000004,cnn-9_cifar10_learnt_gaussian_sig0.03_bounded-pmin1e-05_epoch10_bs250_lr0.001_mon0.95_dp0.2_objective-channel_gradient-chan1.0-bec-outage0.9-spec-kl1.0_perc-pri0.5_epoch-pri70_bs-pri250_lr-pri0.005_mom-pri0.99_dp-pri0.2_seed7,bec-outage0.9_chan-layer4_mcsamples500_norm-spec_seed7_bounds.json
cnn-9,cifar10,20.0,bec,outage 0.9,spec,vanilla,0.001,1.0,0.0,0.25486859679222107,0.8434014000000001,0.25549676418304446,6.279272531302264,✓,-,0.10784341060512977,0.8466,6.074663774401468,✓,-,0.3124521675059251,1330.03271484375,0.0,0.0,8192.0,0.06563939154148102,0.25549676418304446,0.07285516262054444,0.2464366060606061,0.8466,0.2642,cnn-9_cifar10_learnt_gaussian_sig0.03_bounded-pmin1e-05_epoch20_bs250_lr0.001_mon0.95_dp0.2_objective-vanilla_perc-pri0.5_epoch-pri70_bs-pri250_lr-pri0.005_mom-pri0.99_dp-pri0.2_seed7,bec-outage0.9_chan-layer4_mcsamples500_norm-spec_seed7_bounds.json
cnn-9,cifar10,20.0,bec,outage 0.9,spec,channel_grad,0.001,0.0001,1.0,0.27666494250297546,0.8643757999999998,0.276617693901062,12.560991582120698,✓,✗,0.10646281980006518,0.8651,12.349402684206135,✓,✗,0.3180517177146295,2721.321533203125,0.054086752235889435,0.054086752235889435,8192.0,0.06452424824237823,0.276617693901062,0.06911612749099731,0.2516727272727273,0.8651,0.2673,cnn-9_cifar10_learnt_gaussian_sig0.03_bounded-pmin1e-05_epoch20_bs250_lr0.001_mon0.95_dp0.2_objective-channel_gradient-chan1.0-bec-outage0.9-spec-kl0.0001_perc-pri0.5_epoch-pri70_bs-pri250_lr-pri0.005_mom-pri0.99_dp-pri0.2_seed7,bec-outage0.9_chan-layer4_mcsamples500_norm-spec_seed7_bounds.json
cnn-9,cifar10,20.0,bec,outage 0.9,spec,channel_grad,0.001,0.001,1.0,0.27424153685569763,0.8628198,0.27421634197235106,10.043956770315749,✓,✗,0.10792756570799619,0.8633,9.83024548409565,✓,✗,0.3216388519280935,2157.152099609375,0.05650721490383148,0.05650721490383148,8192.0,0.0657069981098175,0.27421634197235106,0.07023618817329406,0.25503523232323233,0.8633,0.2694,cnn-9_cifar10_learnt_gaussian_sig0.03_bounded-pmin1e-05_epoch20_bs250_lr0.001_mon0.95_dp0.2_objective-channel_gradient-chan1.0-bec-outage0.9-spec-kl0.001_perc-pri0.5_epoch-pri70_bs-pri250_lr-pri0.005_mom-pri0.99_dp-pri0.2_seed7,bec-outage0.9_chan-layer4_mcsamples500_norm-spec_seed7_bounds.json
cnn-9,cifar10,20.0,bec,outage 0.9,spec,channel_grad,0.001,0.01,1.0,0.2606855630874634,0.84655,0.2606983184814453,3.060328380927131,✓,✗,0.12079009959083258,0.8451,2.841239903212675,✓,✗,0.3398785773052884,586.7247314453125,0.07780379801988602,0.07780379801988602,8192.0,0.0762016698718071,0.2606983184814453,0.08018254041671753,0.27218755555555585,0.8451,0.2813,cnn-9_cifar10_learnt_gaussian_sig0.03_bounded-pmin1e-05_epoch20_bs250_lr0.001_mon0.95_dp0.2_objective-channel_gradient-chan1.0-bec-outage0.9-spec-kl0.01_perc-pri0.5_epoch-pri70_bs-pri250_lr-pri0.005_mom-pri0.99_dp-pri0.2_seed7,bec-outage0.9_chan-layer4_mcsamples500_norm-spec_seed7_bounds.json
cnn-9,cifar10,20.0,bec,outage 0.9,spec,channel_grad,0.001,0.05,1.0,0.24291132390499115,0.8145422,0.24280829429626466,0.9529865980148315,✓,✓,0.144462459065813,0.8094,0.7473055124282837,✗,✓,0.3501435986732465,105.72932434082031,0.111273854970932,0.111273854970932,8192.0,0.09595811367034912,0.24280829429626466,0.10023242235183716,0.28189236363636416,0.8094,0.2902,cnn-9_cifar10_learnt_gaussian_sig0.03_bounded-pmin1e-05_epoch20_bs250_lr0.001_mon0.95_dp0.2_objective-channel_gradient-chan1.0-bec-outage0.9-spec-kl0.05_perc-pri0.5_epoch-pri70_bs-pri250_lr-pri0.005_mom-pri0.99_dp-pri0.2_seed7,bec-outage0.9_chan-layer4_mcsamples500_norm-spec_seed7_bounds.json
cnn-9,cifar10,20.0,bec,outage 0.9,spec,channel_grad,0.001,0.1,1.0,0.23525965213775635,0.8004864000000002,0.23514409065246583,0.6840387306155984,✓,✓,0.15471106526104236,0.7968,0.4853193084095146,✗,✓,0.35343048746712613,41.9224853515625,0.12439195066690445,0.12439195066690445,8192.0,0.10466562956571579,0.23514409065246583,0.10912116765975952,0.28500606060606104,0.7968,0.2911,cnn-9_cifar10_learnt_gaussian_sig0.03_bounded-pmin1e-05_epoch20_bs250_lr0.001_mon0.95_dp0.2_objective-channel_gradient-chan1.0-bec-outage0.9-spec-kl0.1_perc-pri0.5_epoch-pri70_bs-pri250_lr-pri0.005_mom-pri0.99_dp-pri0.2_seed7,bec-outage0.9_chan-layer4_mcsamples500_norm-spec_seed7_bounds.json
cnn-9,cifar10,20.0,bec,outage 0.9,spec,channel_grad,0.001,0.25,1.0,0.22840037941932678,0.7863136,0.22825124263763427,0.5641198754310608,✓,✓,0.16421205547468948,0.783,0.371589720249176,✗,✓,0.35674220691988967,11.801068305969238,0.13586844503879547,0.13586844503879547,8192.0,0.11280950158834457,0.22825124263763427,0.117248272895813,0.2881517575757581,0.783,0.2945,cnn-9_cifar10_learnt_gaussian_sig0.03_bounded-pmin1e-05_epoch20_bs250_lr0.001_mon0.95_dp0.2_objective-channel_gradient-chan1.0-bec-outage0.9-spec-kl0.25_perc-pri0.5_epoch-pri70_bs-pri250_lr-pri0.005_mom-pri0.99_dp-pri0.2_seed7,bec-outage0.9_chan-layer4_mcsamples500_norm-spec_seed7_bounds.json
cnn-9,cifar10,20.0,bec,outage 0.9,spec,channel_grad,0.001,0.5,1.0,0.22598813474178314,0.7805676000000001,0.2258366346359253,0.5384964346885681,✓,✓,0.16853950049832375,0.779,0.34829142689704895,✗,✓,0.35874448953080984,4.391369819641113,0.14137989282608032,0.14137989282608032,8192.0,0.11654004454612732,0.2258366346359253,0.12091089487075805,0.290049858585859,0.779,0.2962,cnn-9_cifar10_learnt_gaussian_sig0.03_bounded-pmin1e-05_epoch20_bs250_lr0.001_mon0.95_dp0.2_objective-channel_gradient-chan1.0-bec-outage0.9-spec-kl0.5_perc-pri0.5_epoch-pri70_bs-pri250_lr-pri0.005_mom-pri0.99_dp-pri0.2_seed7,bec-outage0.9_chan-layer4_mcsamples500_norm-spec_seed7_bounds.json
cnn-9,cifar10,20.0,bec,outage 0.9,spec,channel_grad,0.001,1.0,1.0,0.22468559443950653,0.7773762,0.22454020977020264,0.5315005779266357,✓,✓,0.17087494863947025,0.7751,0.34264594316482544,✗,✓,0.3597296167755274,1.9296698570251465,0.1444079875946045,0.1444079875946045,8192.0,0.11856067180633545,0.22454020977020264,0.12287448644638062,0.29098480808080845,0.7751,0.2972,cnn-9_cifar10_learnt_gaussian_sig0.03_bounded-pmin1e-05_epoch20_bs250_lr0.001_mon0.95_dp0.2_objective-channel_gradient-chan1.0-bec-outage0.9-spec-kl1.0_perc-pri0.5_epoch-pri70_bs-pri250_lr-pri0.005_mom-pri0.99_dp-pri0.2_seed7,bec-outage0.9_chan-layer4_mcsamples500_norm-spec_seed7_bounds.json
cnn-9,cifar10,50.0,bec,outage 0.9,spec,vanilla,0.001,1.0,0.0,0.2665867209434509,0.8427646000000001,0.2658186912536621,14.944765633662524,✓,-,0.0968360977061018,0.8428,14.759904977960202,✓,-,0.2816967534084234,3274.572998046875,0.0,0.0,8192.0,0.056820668280124664,0.2658186912536621,0.07133187055587768,0.21789309090909054,0.8428,0.25570000000000004,cnn-9_cifar10_learnt_gaussian_sig0.03_bounded-pmin1e-05_epoch50_bs250_lr0.001_mon0.95_dp0.2_objective-vanilla_perc-pri0.5_epoch-pri70_bs-pri250_lr-pri0.005_mom-pri0.99_dp-pri0.2_seed7,bec-outage0.9_chan-layer4_mcsamples500_norm-spec_seed7_bounds.json
cnn-9,cifar10,50.0,bec,outage 0.9,spec,channel_grad,0.001,0.0001,1.0,0.2920488715171814,0.8667989999999997,0.29210400581359863,26.831975438321464,✓,✗,0.0997883186408537,0.8681,26.634990251194626,✓,✗,0.2967735057676919,5918.1171875,0.049844034016132355,0.049844034016132355,8192.0,0.059170957654714584,0.29210400581359863,0.06665907502174377,0.231841131313131,0.8681,0.26170000000000004,cnn-9_cifar10_learnt_gaussian_sig0.03_bounded-pmin1e-05_epoch50_bs250_lr0.001_mon0.95_dp0.2_objective-channel_gradient-chan1.0-bec-outage0.9-spec-kl0.0001_perc-pri0.5_epoch-pri70_bs-pri250_lr-pri0.005_mom-pri0.99_dp-pri0.2_seed7,bec-outage0.9_chan-layer4_mcsamples500_norm-spec_seed7_bounds.json
cnn-9,cifar10,50.0,bec,outage 0.9,spec,channel_grad,0.001,0.001,1.0,0.28331342339515686,0.8638574000000002,0.2834052085876465,15.786427974919814,✓,✗,0.10368749900318756,0.8641,15.58131303960367,✓,✗,0.30880243431933263,3444.7216796875,0.053628623485565186,0.053628623485565186,8192.0,0.06229088827967644,0.2834052085876465,0.06885204315185547,0.2430314343434342,0.8641,0.2661,cnn-9_cifar10_learnt_gaussian_sig0.03_bounded-pmin1e-05_epoch50_bs250_lr0.001_mon0.95_dp0.2_objective-channel_gradient-chan1.0-bec-outage0.9-spec-kl0.001_perc-pri0.5_epoch-pri70_bs-pri250_lr-pri0.005_mom-pri0.99_dp-pri0.2_seed7,bec-outage0.9_chan-layer4_mcsamples500_norm-spec_seed7_bounds.json
cnn-9,cifar10,50.0,bec,outage 0.9,spec,channel_grad,0.001,0.01,1.0,0.26205044984817505,0.8467322000000002,0.2620404243469238,3.0752617829274613,✓,✓,0.12082297271051064,0.8479,2.855728049639449,✓,✗,0.34035670599852264,590.2322387695312,0.07657302170991898,0.07657302170991898,8192.0,0.0762288048863411,0.2620404243469238,0.08086023926734924,0.2726412929292932,0.8479,0.2812,cnn-9_cifar10_learnt_gaussian_sig0.03_bounded-pmin1e-05_epoch50_bs250_lr0.001_mon0.95_dp0.2_objective-channel_gradient-chan1.0-bec-outage0.9-spec-kl0.01_perc-pri0.5_epoch-pri70_bs-pri250_lr-pri0.005_mom-pri0.99_dp-pri0.2_seed7,bec-outage0.9_chan-layer4_mcsamples500_norm-spec_seed7_bounds.json
cnn-9,cifar10,50.0,bec,outage 0.9,spec,channel_grad,0.001,0.05,1.0,0.24414901435375214,0.8145454000000001,0.24377851486206054,0.9443885087966919,✓,✓,0.14462697513730938,0.8148,0.7386424541473389,✗,✓,0.3503730286788644,103.82698059082031,0.11095385998487473,0.11095385998487473,8192.0,0.09609734266996384,0.24377851486206054,0.10097308158874511,0.28210957575757606,0.8148,0.28759999999999997,cnn-9_cifar10_learnt_gaussian_sig0.03_bounded-pmin1e-05_epoch50_bs250_lr0.001_mon0.95_dp0.2_objective-channel_gradient-chan1.0-bec-outage0.9-spec-kl0.05_perc-pri0.5_epoch-pri70_bs-pri250_lr-pri0.005_mom-pri0.99_dp-pri0.2_seed7,bec-outage0.9_chan-layer4_mcsamples500_norm-spec_seed7_bounds.json
cnn-9,cifar10,50.0,bec,outage 0.9,spec,channel_grad,0.001,0.1,1.0,0.2359304279088974,0.7991022000000001,0.2355881929397583,0.6767175177115354,✓,✓,0.15505921794350475,0.7989999999999999,0.47846623579407593,✗,✓,0.3533104998609642,40.521400451660156,0.12345656752586365,0.12345656752586365,8192.0,0.1049620658159256,0.2355881929397583,0.1099431037902832,0.28489147474747517,0.7989999999999999,0.28979999999999995,cnn-9_cifar10_learnt_gaussian_sig0.03_bounded-pmin1e-05_epoch50_bs250_lr0.001_mon0.95_dp0.2_objective-channel_gradient-chan1.0-bec-outage0.9-spec-kl0.1_perc-pri0.5_epoch-pri70_bs-pri250_lr-pri0.005_mom-pri0.99_dp-pri0.2_seed7,bec-outage0.9_chan-layer4_mcsamples500_norm-spec_seed7_bounds.json
cnn-9,cifar10,50.0,bec,outage 0.9,spec,channel_grad,0.001,0.25,1.0,0.22969339787960052,0.7864612000000001,0.22940371036529542,0.5615381598472595,✓,✓,0.16451569761334406,0.788,0.36939120292663574,✗,✓,0.3566626303198453,11.407855033874512,0.1351247876882553,0.1351247876882553,8192.0,0.1130707636475563,0.22940371036529542,0.11815154552459717,0.2880757171717177,0.788,0.29500000000000004,cnn-9_cifar10_learnt_gaussian_sig0.03_bounded-pmin1e-05_epoch50_bs250_lr0.001_mon0.95_dp0.2_objective-channel_gradient-chan1.0-bec-outage0.9-spec-kl0.25_perc-pri0.5_epoch-pri70_bs-pri250_lr-pri0.005_mom-pri0.99_dp-pri0.2_seed7,bec-outage0.9_chan-layer4_mcsamples500_norm-spec_seed7_bounds.json
cnn-9,cifar10,50.0,bec,outage 0.9,spec,channel_grad,0.001,0.5,1.0,0.2263639271259308,0.7805277999999999,0.22607030868530273,0.5374764204025269,✓,✓,0.16856370334026552,0.7812,0.34743785858154297,✗,✓,0.3586023144841425,4.6095452308654785,0.1395263820886612,0.1395263820886612,8192.0,0.11656218022108078,0.22607030868530273,0.12168452739715577,0.2899164444444448,0.7812,0.2973,cnn-9_cifar10_learnt_gaussian_sig0.03_bounded-pmin1e-05_epoch50_bs250_lr0.001_mon0.95_dp0.2_objective-channel_gradient-chan1.0-bec-outage0.9-spec-kl0.5_perc-pri0.5_epoch-pri70_bs-pri250_lr-pri0.005_mom-pri0.99_dp-pri0.2_seed7,bec-outage0.9_chan-layer4_mcsamples500_norm-spec_seed7_bounds.json
cnn-9,cifar10,50.0,bec,outage 0.9,spec,channel_grad,0.001,1.0,1.0,0.2249629944562912,0.7776139999999999,0.2246697187423706,0.5281785726547241,✓,✓,0.17088492694890547,0.7785,0.33955514430999756,✗,✓,0.35950836971354255,1.7675708532333374,0.14203214645385742,0.14203214645385742,8192.0,0.11856770515441895,0.2246697187423706,0.12353615760803223,0.29077575757575813,0.7785,0.29769999999999996,cnn-9_cifar10_learnt_gaussian_sig0.03_bounded-pmin1e-05_epoch50_bs250_lr0.001_mon0.95_dp0.2_objective-channel_gradient-chan1.0-bec-outage0.9-spec-kl1.0_perc-pri0.5_epoch-pri70_bs-pri250_lr-pri0.005_mom-pri0.99_dp-pri0.2_seed7,bec-outage0.9_chan-layer4_mcsamples500_norm-spec_seed7_bounds.json
